ISO-10303-21;
HEADER;
FILE_DESCRIPTION (( 'STEP AP203' ),
    '1' );
FILE_NAME ('SwitchOnOff.STEP',
    '2025-06-28T17:47:47',
    ( '' ),
    ( '' ),
    'SwSTEP 2.0',
    'SolidWorks 2021',
    '' );
FILE_SCHEMA (( 'CONFIG_CONTROL_DESIGN' ));
ENDSEC;

DATA;
#1 = LINE ( 'NONE', #4086, #2909 ) ;
#2 = PLANE ( 'NONE',  #4074 ) ;
#3 = ORIENTED_EDGE ( 'NONE', *, *, #3396, .T. ) ;
#4 = DIRECTION ( 'NONE',  ( -0.000000000000000000, 1.000000000000000000, -0.000000000000000000 ) ) ;
#5 = FACE_OUTER_BOUND ( 'NONE', #2160, .T. ) ;
#6 = DIRECTION ( 'NONE',  ( 0.000000000000000000, 1.000000000000000000, -0.000000000000000000 ) ) ;
#7 = DIRECTION ( 'NONE',  ( -0.000000000000000000, 0.000000000000000000, 1.000000000000000000 ) ) ;
#8 = CARTESIAN_POINT ( 'NONE',  ( 0.2499999999999993061, -7.049999999999999822, 0.5000000000000008882 ) ) ;
#9 = DIRECTION ( 'NONE',  ( 0.000000000000000000, 0.5228016640499751899, 0.8524543507230031292 ) ) ;
#10 = CARTESIAN_POINT ( 'NONE',  ( -5.499999999999999112, -1.550000000000000044, -2.100000000000000533 ) ) ;
#11 = EDGE_CURVE ( 'NONE', #4038, #1436, #1327, .T. ) ;
#12 = CARTESIAN_POINT ( 'NONE',  ( 0.5000000000000013323, -0.3744267558732961021, 2.749999999999962697 ) ) ;
#13 = ORIENTED_EDGE ( 'NONE', *, *, #2184, .T. ) ;
#14 = ORIENTED_EDGE ( 'NONE', *, *, #4136, .T. ) ;
#15 = ORIENTED_EDGE ( 'NONE', *, *, #3128, .T. ) ;
#16 = CARTESIAN_POINT ( 'NONE',  ( -1.250000000000000222, -0.05000000000000000278, 3.500000000000036859 ) ) ;
#17 = AXIS2_PLACEMENT_3D ( 'NONE', #3494, #1281, #1305 ) ;
#18 = VECTOR ( 'NONE', #1781, 1000.000000000000000 ) ;
#19 = CARTESIAN_POINT ( 'NONE',  ( 5.810682198873153403, 32.25839033900579267, -3.524999999999999911 ) ) ;
#20 = VECTOR ( 'NONE', #157, 1000.000000000000000 ) ;
#21 = AXIS2_PLACEMENT_3D ( 'NONE', #1798, #2754, #816 ) ;
#22 = DIRECTION ( 'NONE',  ( 1.000000000000000000, 0.000000000000000000, -0.000000000000000000 ) ) ;
#23 = LINE ( 'NONE', #4145, #3390 ) ;
#24 = VERTEX_POINT ( 'NONE', #2951 ) ;
#25 = DIRECTION ( 'NONE',  ( 0.000000000000000000, -0.000000000000000000, -1.000000000000000000 ) ) ;
#26 = DIRECTION ( 'NONE',  ( 0.000000000000000000, 0.000000000000000000, 1.000000000000000000 ) ) ;
#27 = LINE ( 'NONE', #3239, #3317 ) ;
#28 = LINE ( 'NONE', #2219, #1237 ) ;
#29 = DIRECTION ( 'NONE',  ( -0.000000000000000000, -0.000000000000000000, -1.000000000000000000 ) ) ;
#30 = LINE ( 'NONE', #1304, #3903 ) ;
#31 = CARTESIAN_POINT ( 'NONE',  ( -1.250000000000000222, -0.5500000000000000444, 1.749999999999962030 ) ) ;
#32 = ORIENTED_EDGE ( 'NONE', *, *, #1141, .T. ) ;
#33 = EDGE_CURVE ( 'NONE', #579, #1837, #1986, .T. ) ;
#34 = VECTOR ( 'NONE', #2253, 1000.000000000000000 ) ;
#35 = EDGE_CURVE ( 'NONE', #1860, #1500, #328, .T. ) ;
#36 = LINE ( 'NONE', #1596, #639 ) ;
#37 = AXIS2_PLACEMENT_3D ( 'NONE', #3362, #4028, #2413 ) ;
#38 = ORIENTED_EDGE ( 'NONE', *, *, #1502, .F. ) ;
#39 = VECTOR ( 'NONE', #1493, 1000.000000000000000 ) ;
#40 = EDGE_LOOP ( 'NONE', ( #3959, #1867, #2802, #189 ) ) ;
#41 = LINE ( 'NONE', #16, #1097 ) ;
#42 = VECTOR ( 'NONE', #3434, 1000.000000000000000 ) ;
#43 = AXIS2_PLACEMENT_3D ( 'NONE', #936, #2273, #1583 ) ;
#44 = DIRECTION ( 'NONE',  ( -0.000000000000000000, 1.000000000000000000, -0.000000000000000000 ) ) ;
#45 = EDGE_CURVE ( 'NONE', #3079, #1557, #36, .T. ) ;
#46 = EDGE_CURVE ( 'NONE', #3928, #1949, #3247, .T. ) ;
#47 = EDGE_LOOP ( 'NONE', ( #2632, #857, #2654, #3126 ) ) ;
#48 = ORIENTED_EDGE ( 'NONE', *, *, #4083, .F. ) ;
#49 = EDGE_CURVE ( 'NONE', #2353, #1898, #1661, .T. ) ;
#50 = DIRECTION ( 'NONE',  ( -0.000000000000000000, 0.000000000000000000, 1.000000000000000000 ) ) ;
#51 = CARTESIAN_POINT ( 'NONE',  ( -6.500000000000000000, 2.000000000000000000, 2.000000000000000000 ) ) ;
#52 = CARTESIAN_POINT ( 'NONE',  ( 5.960135036185412183, 9.500000000000001776, 3.660135036185412361 ) ) ;
#53 = CARTESIAN_POINT ( 'NONE',  ( 0.5000000000000013323, -0.4954308153680547777, -2.675789429537148489 ) ) ;
#54 = DIRECTION ( 'NONE',  ( -1.000000000000000000, -0.000000000000000000, -0.000000000000000000 ) ) ;
#55 = DIRECTION ( 'NONE',  ( 0.000000000000000000, 0.5443120614198033724, 0.8388828164844742696 ) ) ;
#56 = DIRECTION ( 'NONE',  ( 0.000000000000000000, 0.000000000000000000, 1.000000000000000000 ) ) ;
#57 = VERTEX_POINT ( 'NONE', #699 ) ;
#58 = EDGE_LOOP ( 'NONE', ( #3670, #2161, #1367, #1212 ) ) ;
#59 = CARTESIAN_POINT ( 'NONE',  ( 7.499999999999999112, 9.000000000000001776, -5.199999999999999289 ) ) ;
#60 = ORIENTED_EDGE ( 'NONE', *, *, #3588, .F. ) ;
#61 = LINE ( 'NONE', #2637, #2107 ) ;
#62 = VERTEX_POINT ( 'NONE', #2609 ) ;
#63 = EDGE_LOOP ( 'NONE', ( #1374, #4159, #2536, #2550, #3495, #3987, #250, #3649 ) ) ;
#64 = DIRECTION ( 'NONE',  ( 0.000000000000000000, 0.000000000000000000, 1.000000000000000000 ) ) ;
#65 = CARTESIAN_POINT ( 'NONE',  ( 6.500000000000000000, 0.000000000000000000, -3.500000000000000444 ) ) ;
#66 = FACE_OUTER_BOUND ( 'NONE', #3104, .T. ) ;
#67 = CARTESIAN_POINT ( 'NONE',  ( -5.000000000000000000, -7.049999999999999822, 2.749999999999962697 ) ) ;
#68 = DIRECTION ( 'NONE',  ( -0.000000000000000000, 1.000000000000000000, -0.000000000000000000 ) ) ;
#69 = DIRECTION ( 'NONE',  ( -0.1961161351381839613, 0.9805806756909201116, 0.000000000000000000 ) ) ;
#70 = CARTESIAN_POINT ( 'NONE',  ( 0.2499999999999990286, -7.049999999999999822, 2.749999999999999556 ) ) ;
#71 = VERTEX_POINT ( 'NONE', #2568 ) ;
#72 = ADVANCED_FACE ( 'NONE', ( #2287 ), #970, .T. ) ;
#73 = ORIENTED_EDGE ( 'NONE', *, *, #2197, .F. ) ;
#74 = FACE_OUTER_BOUND ( 'NONE', #2373, .T. ) ;
#75 = ORIENTED_EDGE ( 'NONE', *, *, #1906, .F. ) ;
#76 = CARTESIAN_POINT ( 'NONE',  ( -0.2499999999999995837, -6.550000000000000711, 1.850000000000000533 ) ) ;
#77 = VECTOR ( 'NONE', #3218, 1000.000000000000000 ) ;
#78 = VECTOR ( 'NONE', #4090, 1000.000000000000000 ) ;
#79 = EDGE_LOOP ( 'NONE', ( #1389, #1764, #1580 ) ) ;
#80 = ORIENTED_EDGE ( 'NONE', *, *, #2946, .F. ) ;
#81 = PLANE ( 'NONE',  #1218 ) ;
#82 = CC_DESIGN_SECURITY_CLASSIFICATION ( #3847, ( #417 ) ) ;
#83 = CARTESIAN_POINT ( 'NONE',  ( -1.250000000000000222, -0.05000000000000000278, -3.499999999999963585 ) ) ;
#84 = LINE ( 'NONE', #1084, #2223 ) ;
#85 = ORIENTED_EDGE ( 'NONE', *, *, #49, .T. ) ;
#86 = AXIS2_PLACEMENT_3D ( 'NONE', #2124, #3024, #3990 ) ;
#87 = CARTESIAN_POINT ( 'NONE',  ( -7.099999999999998757, 5.000000000000000000, 2.000000000000000000 ) ) ;
#88 = CARTESIAN_POINT ( 'NONE',  ( 0.2499999999999995837, -1.550000000000000044, -1.850000000000000755 ) ) ;
#89 = DIRECTION ( 'NONE',  ( -1.000000000000000000, -0.000000000000000000, -0.000000000000000000 ) ) ;
#90 = LINE ( 'NONE', #462, #3592 ) ;
#91 = ADVANCED_FACE ( 'NONE', ( #3898, #1008 ), #388, .F. ) ;
#92 = EDGE_CURVE ( 'NONE', #62, #2181, #2068, .T. ) ;
#93 = DIRECTION ( 'NONE',  ( 0.000000000000000000, 0.000000000000000000, -1.000000000000000000 ) ) ;
#94 = ADVANCED_FACE ( 'NONE', ( #1696 ), #3617, .T. ) ;
#95 = DIRECTION ( 'NONE',  ( 0.000000000000000000, 1.000000000000000000, 0.000000000000000000 ) ) ;
#96 = ORIENTED_EDGE ( 'NONE', *, *, #3513, .T. ) ;
#97 = ADVANCED_FACE ( 'NONE', ( #1050 ), #182, .T. ) ;
#98 = ORIENTED_EDGE ( 'NONE', *, *, #2897, .F. ) ;
#99 = CARTESIAN_POINT ( 'NONE',  ( 7.099999999999998757, 5.000000000000000000, -2.000000000000000000 ) ) ;
#100 = ORIENTED_EDGE ( 'NONE', *, *, #1861, .T. ) ;
#101 = VECTOR ( 'NONE', #315, 1000.000000000000000 ) ;
#102 = ADVANCED_FACE ( 'NONE', ( #488 ), #758, .T. ) ;
#103 = VECTOR ( 'NONE', #1864, 1000.000000000000000 ) ;
#104 = EDGE_LOOP ( 'NONE', ( #4017, #760, #1741, #475 ) ) ;
#105 = CARTESIAN_POINT ( 'NONE',  ( -5.000000000000000000, -0.05000000000000000278, 2.749999999999962697 ) ) ;
#106 = AXIS2_PLACEMENT_3D ( 'NONE', #3911, #2316, #3609 ) ;
#107 = VERTEX_POINT ( 'NONE', #2095 ) ;
#108 = CARTESIAN_POINT ( 'NONE',  ( -4.499999999999999112, 0.8324856180992887822, -0.5105550415348896198 ) ) ;
#109 = VECTOR ( 'NONE', #1930, 1000.000000000000000 ) ;
#110 = EDGE_CURVE ( 'NONE', #3942, #257, #821, .T. ) ;
#111 = CARTESIAN_POINT ( 'NONE',  ( -6.500000000000000000, 2.000000000000000000, 2.000000000000000000 ) ) ;
#112 = PERSON_AND_ORGANIZATION ( #681, #555 ) ;
#113 = EDGE_CURVE ( 'NONE', #2795, #2461, #464, .T. ) ;
#114 = ORIENTED_EDGE ( 'NONE', *, *, #3429, .F. ) ;
#115 = DIRECTION ( 'NONE',  ( 1.668003342285391551E-16, 0.000000000000000000, 1.000000000000000000 ) ) ;
#116 = DIRECTION ( 'NONE',  ( 0.000000000000000000, 0.000000000000000000, 1.000000000000000000 ) ) ;
#117 = CARTESIAN_POINT ( 'NONE',  ( 0.000000000000000000, -0.5500000000000000444, 0.000000000000000000 ) ) ;
#118 = LINE ( 'NONE', #3957, #4117 ) ;
#119 = ORIENTED_EDGE ( 'NONE', *, *, #11, .F. ) ;
#120 = ORIENTED_EDGE ( 'NONE', *, *, #2533, .F. ) ;
#121 = LINE ( 'NONE', #680, #1361 ) ;
#122 = EDGE_LOOP ( 'NONE', ( #3496, #2548, #3939, #3557 ) ) ;
#123 = ADVANCED_FACE ( 'NONE', ( #2971 ), #2670, .T. ) ;
#124 = EDGE_CURVE ( 'NONE', #3646, #3121, #3663, .T. ) ;
#125 = ORIENTED_EDGE ( 'NONE', *, *, #708, .T. ) ;
#126 = LINE ( 'NONE', #3904, #2585 ) ;
#127 = ORIENTED_EDGE ( 'NONE', *, *, #2365, .T. ) ;
#128 = FACE_OUTER_BOUND ( 'NONE', #1388, .T. ) ;
#129 = EDGE_CURVE ( 'NONE', #2376, #1707, #449, .T. ) ;
#130 = DIRECTION ( 'NONE',  ( 0.000000000000000000, -0.8524543507230032402, -0.5228016640499753009 ) ) ;
#131 = COORDINATED_UNIVERSAL_TIME_OFFSET ( 4, 0, .BEHIND. ) ;
#132 = LINE ( 'NONE', #2000, #3906 ) ;
#133 = DIRECTION ( 'NONE',  ( -0.000000000000000000, 1.000000000000000000, 0.000000000000000000 ) ) ;
#134 = CARTESIAN_POINT ( 'NONE',  ( 0.5000000000000013323, -1.550000000000000044, 0.000000000000000000 ) ) ;
#135 = CARTESIAN_POINT ( 'NONE',  ( 6.303023128756144011, 2.000000000000000000, -2.000000000000000000 ) ) ;
#136 = CARTESIAN_POINT ( 'NONE',  ( 0.000000000000000000, 7.320785327544594878, 3.500000000000000000 ) ) ;
#137 = VERTEX_POINT ( 'NONE', #2324 ) ;
#138 = ORIENTED_EDGE ( 'NONE', *, *, #3966, .T. ) ;
#139 = DIRECTION ( 'NONE',  ( -1.000000000000000000, 0.000000000000000000, -0.000000000000000000 ) ) ;
#140 = ORIENTED_EDGE ( 'NONE', *, *, #3404, .F. ) ;
#141 = ORIENTED_EDGE ( 'NONE', *, *, #2820, .F. ) ;
#142 = DIRECTION ( 'NONE',  ( 0.000000000000000000, -1.000000000000000000, 0.000000000000000000 ) ) ;
#143 = APPROVAL ( #1062, 'UNSPECIFIED' ) ;
#144 = EDGE_CURVE ( 'NONE', #2480, #3338, #1676, .T. ) ;
#145 = VERTEX_POINT ( 'NONE', #2651 ) ;
#146 = DIRECTION ( 'NONE',  ( 0.000000000000000000, 0.000000000000000000, -1.000000000000000000 ) ) ;
#147 = CARTESIAN_POINT ( 'NONE',  ( -0.2499999999999997224, -2.381171566221965463, 2.749999999999999556 ) ) ;
#148 = CARTESIAN_POINT ( 'NONE',  ( -4.499999999999999112, -2.381171566221965019, 0.000000000000000000 ) ) ;
#149 = VECTOR ( 'NONE', #1297, 1000.000000000000000 ) ;
#150 = AXIS2_PLACEMENT_3D ( 'NONE', #3156, #3174, #25 ) ;
#151 = VERTEX_POINT ( 'NONE', #3937 ) ;
#152 = CARTESIAN_POINT ( 'NONE',  ( 0.5000000000000013323, 0.000000000000000000, -2.100000000000000533 ) ) ;
#153 = VECTOR ( 'NONE', #1699, 1000.000000000000000 ) ;
#154 = CARTESIAN_POINT ( 'NONE',  ( 4.000000000000000000, -0.05000000000000000278, -1.750000000000001110 ) ) ;
#155 = VECTOR ( 'NONE', #3742, 1000.000000000000000 ) ;
#156 = DIRECTION ( 'NONE',  ( 0.000000000000000000, 0.000000000000000000, 1.000000000000000000 ) ) ;
#157 = DIRECTION ( 'NONE',  ( -1.000000000000000000, -0.000000000000000000, -0.000000000000000000 ) ) ;
#158 = EDGE_LOOP ( 'NONE', ( #3120, #2914, #3483, #1171, #1350, #876 ) ) ;
#159 = ORIENTED_EDGE ( 'NONE', *, *, #1038, .F. ) ;
#160 = EDGE_CURVE ( 'NONE', #3799, #3731, #1453, .T. ) ;
#161 = LINE ( 'NONE', #2529, #3858 ) ;
#162 = ORIENTED_EDGE ( 'NONE', *, *, #962, .T. ) ;
#163 = EDGE_CURVE ( 'NONE', #704, #3079, #3013, .T. ) ;
#164 = ORIENTED_EDGE ( 'NONE', *, *, #1769, .T. ) ;
#165 = CARTESIAN_POINT ( 'NONE',  ( -0.2499999999999991951, -0.5500000000000000444, -1.750000000000037970 ) ) ;
#166 = VECTOR ( 'NONE', #2408, 1000.000000000000000 ) ;
#167 = AXIS2_PLACEMENT_3D ( 'NONE', #673, #3599, #1964 ) ;
#168 = ORIENTED_EDGE ( 'NONE', *, *, #4105, .T. ) ;
#169 = CARTESIAN_POINT ( 'NONE',  ( -1.249999999999999334, -0.5500000000000000444, -1.750000000000037970 ) ) ;
#170 = DIRECTION ( 'NONE',  ( -0.1961161351381837115, -0.9805806756909202226, 0.000000000000000000 ) ) ;
#171 = VECTOR ( 'NONE', #2737, 1000.000000000000000 ) ;
#172 = EDGE_CURVE ( 'NONE', #191, #3870, #781, .T. ) ;
#173 = PERSON_AND_ORGANIZATION_ROLE ( 'design_owner' ) ;
#174 = ADVANCED_FACE ( 'NONE', ( #2717 ), #4096, .F. ) ;
#175 = DIRECTION ( 'NONE',  ( -0.000000000000000000, 1.000000000000000000, 0.000000000000000000 ) ) ;
#176 = AXIS2_PLACEMENT_3D ( 'NONE', #3890, #1275, #1656 ) ;
#177 = EDGE_CURVE ( 'NONE', #3415, #1476, #2742, .T. ) ;
#178 = VECTOR ( 'NONE', #3274, 1000.000000000000000 ) ;
#179 = CARTESIAN_POINT ( 'NONE',  ( -1.250000000000000222, -0.05000000000000000278, 3.500000000000036859 ) ) ;
#180 = DIRECTION ( 'NONE',  ( -1.000000000000000000, 0.000000000000000000, -0.000000000000000000 ) ) ;
#181 = DIRECTION ( 'NONE',  ( 0.000000000000000000, -1.000000000000000000, 0.000000000000000000 ) ) ;
#182 = PLANE ( 'NONE',  #3796 ) ;
#183 = PLANE ( 'NONE',  #1019 ) ;
#184 = PLANE ( 'NONE',  #1077 ) ;
#185 = ORIENTED_EDGE ( 'NONE', *, *, #832, .T. ) ;
#186 = ORIENTED_EDGE ( 'NONE', *, *, #2199, .F. ) ;
#187 = CARTESIAN_POINT ( 'NONE',  ( -4.000000000000000888, -0.05000000000000000278, 1.749999999999925393 ) ) ;
#188 = DIRECTION ( 'NONE',  ( -0.000000000000000000, 1.000000000000000000, -0.000000000000000000 ) ) ;
#189 = ORIENTED_EDGE ( 'NONE', *, *, #2946, .T. ) ;
#190 = ORIENTED_EDGE ( 'NONE', *, *, #3326, .T. ) ;
#191 = VERTEX_POINT ( 'NONE', #2397 ) ;
#192 = LINE ( 'NONE', #2450, #3596 ) ;
#193 = ORIENTED_EDGE ( 'NONE', *, *, #3276, .T. ) ;
#194 = CARTESIAN_POINT ( 'NONE',  ( 4.000000000000000000, -0.5500000000000000444, 1.749999999999998668 ) ) ;
#195 = LINE ( 'NONE', #4103, #2448 ) ;
#196 = ORIENTED_EDGE ( 'NONE', *, *, #3354, .F. ) ;
#197 = FACE_OUTER_BOUND ( 'NONE', #2787, .T. ) ;
#198 = CARTESIAN_POINT ( 'NONE',  ( -0.2499999999999991396, -0.1423049598321009246, -2.100000000000000533 ) ) ;
#199 = DIRECTION ( 'NONE',  ( -0.000000000000000000, -0.000000000000000000, -1.000000000000000000 ) ) ;
#200 = LINE ( 'NONE', #1182, #4060 ) ;
#201 = CARTESIAN_POINT ( 'NONE',  ( -5.000000000000000888, -0.5500000000000000444, 1.749999999999925393 ) ) ;
#202 = VERTEX_POINT ( 'NONE', #1202 ) ;
#203 = ORIENTED_EDGE ( 'NONE', *, *, #2159, .T. ) ;
#204 = DIRECTION ( 'NONE',  ( -0.000000000000000000, 1.000000000000000000, 0.000000000000000000 ) ) ;
#205 = VERTEX_POINT ( 'NONE', #2789 ) ;
#206 = ORIENTED_EDGE ( 'NONE', *, *, #2082, .F. ) ;
#207 = DIRECTION ( 'NONE',  ( 1.000000000000000000, 0.000000000000000000, 0.000000000000000000 ) ) ;
#208 = VERTEX_POINT ( 'NONE', #187 ) ;
#209 = LINE ( 'NONE', #1080, #2501 ) ;
#210 = DIRECTION ( 'NONE',  ( 0.000000000000000000, 1.000000000000000000, 0.000000000000000000 ) ) ;
#211 = PLANE ( 'NONE',  #3455 ) ;
#212 = EDGE_LOOP ( 'NONE', ( #1053, #2935, #1667, #721 ) ) ;
#213 = DIRECTION ( 'NONE',  ( 0.000000000000000000, 0.000000000000000000, 1.000000000000000000 ) ) ;
#214 = FACE_OUTER_BOUND ( 'NONE', #1726, .T. ) ;
#215 = CARTESIAN_POINT ( 'NONE',  ( 5.500000000000000000, -0.5500000000000000444, 1.749999999999998668 ) ) ;
#216 = VECTOR ( 'NONE', #1885, 1000.000000000000000 ) ;
#217 = AXIS2_PLACEMENT_3D ( 'NONE', #1028, #755, #777 ) ;
#218 = CARTESIAN_POINT ( 'NONE',  ( 6.500000000000000000, 0.000000000000000000, 4.000000000000000000 ) ) ;
#219 = LINE ( 'NONE', #3793, #3975 ) ;
#220 = ORIENTED_EDGE ( 'NONE', *, *, #339, .T. ) ;
#221 = EDGE_LOOP ( 'NONE', ( #1720, #2238, #2209, #3045 ) ) ;
#222 = AXIS2_PLACEMENT_3D ( 'NONE', #3315, #3654, #443 ) ;
#223 = EDGE_CURVE ( 'NONE', #1949, #2039, #1186, .T. ) ;
#224 = LINE ( 'NONE', #2398, #3310 ) ;
#225 = ORIENTED_EDGE ( 'NONE', *, *, #3268, .T. ) ;
#226 = EDGE_CURVE ( 'NONE', #534, #1408, #2469, .T. ) ;
#227 = EDGE_CURVE ( 'NONE', #984, #2039, #1430, .T. ) ;
#228 = EDGE_CURVE ( 'NONE', #873, #1251, #1902, .T. ) ;
#229 = ORIENTED_EDGE ( 'NONE', *, *, #2579, .F. ) ;
#230 = EDGE_CURVE ( 'NONE', #2760, #4079, #1519, .T. ) ;
#231 = PLANE ( 'NONE',  #840 ) ;
#232 = ORIENTED_EDGE ( 'NONE', *, *, #3055, .F. ) ;
#233 = CARTESIAN_POINT ( 'NONE',  ( 0.000000000000000000, -7.049999999999999822, -1.249999999999998446 ) ) ;
#234 = CARTESIAN_POINT ( 'NONE',  ( -5.810682198873156956, 10.00000000000000178, -3.524999999999999911 ) ) ;
#235 = VECTOR ( 'NONE', #532, 1000.000000000000000 ) ;
#236 = CARTESIAN_POINT ( 'NONE',  ( -0.2499999999999993061, -2.381171566221964575, -0.5000000000000008882 ) ) ;
#237 = VERTEX_POINT ( 'NONE', #2724 ) ;
#238 = VECTOR ( 'NONE', #2870, 1000.000000000000000 ) ;
#239 = DIRECTION ( 'NONE',  ( 1.000000000000000000, 0.000000000000000000, -0.000000000000000000 ) ) ;
#240 = VECTOR ( 'NONE', #3572, 1000.000000000000000 ) ;
#241 = CARTESIAN_POINT ( 'NONE',  ( 0.5000000000000013323, 0.000000000000000000, -1.850000000000000755 ) ) ;
#242 = CARTESIAN_POINT ( 'NONE',  ( -5.000000000000000000, -0.05000000000000000278, 1.749999999999925393 ) ) ;
#243 = VECTOR ( 'NONE', #800, 1000.000000000000000 ) ;
#244 = VECTOR ( 'NONE', #1708, 1000.000000000000114 ) ;
#245 = LINE ( 'NONE', #3058, #820 ) ;
#246 = CYLINDRICAL_SURFACE ( 'NONE', #3033, 0.6500000000000002442 ) ;
#247 = ORIENTED_EDGE ( 'NONE', *, *, #656, .F. ) ;
#248 = ORIENTED_EDGE ( 'NONE', *, *, #1280, .F. ) ;
#249 = ORIENTED_EDGE ( 'NONE', *, *, #1695, .T. ) ;
#250 = ORIENTED_EDGE ( 'NONE', *, *, #1742, .T. ) ;
#251 = LINE ( 'NONE', #3084, #640 ) ;
#252 = EDGE_CURVE ( 'NONE', #2270, #1229, #4010, .T. ) ;
#253 = ORIENTED_EDGE ( 'NONE', *, *, #3893, .F. ) ;
#254 = DIRECTION ( 'NONE',  ( 1.000000000000000000, 0.000000000000000000, 0.000000000000000000 ) ) ;
#255 = LINE ( 'NONE', #839, #705 ) ;
#256 = APPROVAL_ROLE ( '' ) ;
#257 = VERTEX_POINT ( 'NONE', #65 ) ;
#258 = EDGE_CURVE ( 'NONE', #2006, #530, #2619, .T. ) ;
#259 = DIRECTION ( 'NONE',  ( 1.000000000000000000, 0.000000000000000000, 0.000000000000000000 ) ) ;
#260 = CARTESIAN_POINT ( 'NONE',  ( -0.6500000000000002442, 7.320785327544594878, 4.000000000000000000 ) ) ;
#261 = LINE ( 'NONE', #3790, #2236 ) ;
#262 = CARTESIAN_POINT ( 'NONE',  ( 6.303023128756144011, 8.000000000000000000, 4.000000000000000000 ) ) ;
#263 = DIRECTION ( 'NONE',  ( 0.000000000000000000, 0.5228016640499751899, -0.8524543507230031292 ) ) ;
#264 = EDGE_LOOP ( 'NONE', ( #2581, #1826, #1876, #3395, #990, #2404, #4101, #3522, #829, #763, #14, #1136, #2441, #739, #3334, #1755, #3602, #206, #2329, #3389 ) ) ;
#265 = EDGE_CURVE ( 'NONE', #3079, #151, #2944, .T. ) ;
#266 = LINE ( 'NONE', #1537, #1894 ) ;
#267 = LINE ( 'NONE', #3188, #1355 ) ;
#268 = EDGE_LOOP ( 'NONE', ( #2759, #1913, #1162, #2202 ) ) ;
#269 = DIRECTION ( 'NONE',  ( 0.000000000000000000, 0.000000000000000000, 1.000000000000000000 ) ) ;
#270 = FACE_OUTER_BOUND ( 'NONE', #2790, .T. ) ;
#271 = CALENDAR_DATE ( 2025, 28, 6 ) ;
#272 = EDGE_CURVE ( 'NONE', #3798, #2873, #340, .T. ) ;
#273 = DIRECTION ( 'NONE',  ( 1.000000000000000000, 0.000000000000000000, 0.000000000000000000 ) ) ;
#274 = EDGE_CURVE ( 'NONE', #2535, #2723, #27, .T. ) ;
#275 = EDGE_LOOP ( 'NONE', ( #389, #3369, #554, #127 ) ) ;
#276 = CARTESIAN_POINT ( 'NONE',  ( -6.500000000000000000, -0.5500000000000000444, -1.750000000000074607 ) ) ;
#277 = CARTESIAN_POINT ( 'NONE',  ( 0.2499999999999993616, -0.5500000000000000444, -1.750000000000037970 ) ) ;
#278 = DIRECTION ( 'NONE',  ( 1.000000000000000000, 0.000000000000000000, -0.000000000000000000 ) ) ;
#279 = CARTESIAN_POINT ( 'NONE',  ( 0.2499999999999995837, -6.550000000000000711, -1.850000000000000533 ) ) ;
#280 = CARTESIAN_POINT ( 'NONE',  ( -0.2499999999999996669, -0.4954308153680547777, 2.675789429537148489 ) ) ;
#281 = AXIS2_PLACEMENT_3D ( 'NONE', #817, #4046, #3677 ) ;
#282 = VECTOR ( 'NONE', #1512, 1000.000000000000000 ) ;
#283 = CARTESIAN_POINT ( 'NONE',  ( 0.2499999999999993616, -0.05000000000000000278, -1.750000000000037970 ) ) ;
#284 = APPROVAL_PERSON_ORGANIZATION ( #1467, #2553, #1796 ) ;
#285 = ORIENTED_EDGE ( 'NONE', *, *, #717, .F. ) ;
#286 = EDGE_CURVE ( 'NONE', #912, #3817, #1920, .T. ) ;
#287 = ORIENTED_EDGE ( 'NONE', *, *, #1157, .T. ) ;
#288 = VECTOR ( 'NONE', #2671, 1000.000000000000114 ) ;
#289 = VECTOR ( 'NONE', #3871, 1000.000000000000000 ) ;
#290 = LINE ( 'NONE', #1890, #900 ) ;
#291 = VERTEX_POINT ( 'NONE', #1024 ) ;
#292 = ADVANCED_FACE ( 'NONE', ( #2297 ), #3852, .F. ) ;
#293 = FACE_OUTER_BOUND ( 'NONE', #1703, .T. ) ;
#294 = CIRCLE ( 'NONE', #86, 0.6500000000000002442 ) ;
#295 = ORIENTED_EDGE ( 'NONE', *, *, #3966, .F. ) ;
#296 = FACE_OUTER_BOUND ( 'NONE', #3398, .T. ) ;
#297 = DIRECTION ( 'NONE',  ( 0.000000000000000000, 1.000000000000000000, 0.000000000000000000 ) ) ;
#298 = ORIENTED_EDGE ( 'NONE', *, *, #3626, .T. ) ;
#299 = DIRECTION ( 'NONE',  ( 1.000000000000000000, 0.000000000000000000, 0.000000000000000000 ) ) ;
#300 = CARTESIAN_POINT ( 'NONE',  ( 6.500000000000000000, 2.000000000000000000, -4.000000000000000000 ) ) ;
#301 = EDGE_CURVE ( 'NONE', #3419, #451, #3554, .T. ) ;
#302 = CARTESIAN_POINT ( 'NONE',  ( 0.000000000000000000, 7.320785327544594878, -4.000000000000000000 ) ) ;
#303 = VECTOR ( 'NONE', #1431, 1000.000000000000000 ) ;
#304 = EDGE_CURVE ( 'NONE', #2740, #3481, #3597, .T. ) ;
#305 = DIRECTION ( 'NONE',  ( -1.000000000000000000, -0.000000000000000000, -0.000000000000000000 ) ) ;
#306 = EDGE_CURVE ( 'NONE', #620, #2730, #1001, .T. ) ;
#307 = VECTOR ( 'NONE', #3004, 1000.000000000000000 ) ;
#308 = DIRECTION ( 'NONE',  ( 0.000000000000000000, 0.000000000000000000, 1.000000000000000000 ) ) ;
#309 = FACE_OUTER_BOUND ( 'NONE', #2314, .T. ) ;
#310 = AXIS2_PLACEMENT_3D ( 'NONE', #875, #2123, #3420 ) ;
#311 = EDGE_LOOP ( 'NONE', ( #4160, #2666, #1122, #1724, #4009, #514, #3440, #1647 ) ) ;
#312 = VECTOR ( 'NONE', #496, 1000.000000000000000 ) ;
#313 = VERTEX_POINT ( 'NONE', #323 ) ;
#314 = ORIENTED_EDGE ( 'NONE', *, *, #2707, .F. ) ;
#315 = DIRECTION ( 'NONE',  ( -0.000000000000000000, -0.000000000000000000, 1.000000000000000000 ) ) ;
#316 = ORIENTED_EDGE ( 'NONE', *, *, #3964, .F. ) ;
#317 = ORIENTED_EDGE ( 'NONE', *, *, #1058, .F. ) ;
#318 = CARTESIAN_POINT ( 'NONE',  ( 7.500000000000000888, 9.000000000000001776, -5.200000000000001066 ) ) ;
#319 = LINE ( 'NONE', #2878, #3466 ) ;
#320 = VERTEX_POINT ( 'NONE', #3574 ) ;
#321 = CARTESIAN_POINT ( 'NONE',  ( -6.303023128756144011, 2.000000000000000000, -2.000000000000000000 ) ) ;
#322 = CARTESIAN_POINT ( 'NONE',  ( -6.500000000000000000, 8.000000000000000000, -2.000000000000000000 ) ) ;
#323 = CARTESIAN_POINT ( 'NONE',  ( 0.2499999999999989730, -0.04999999999999995420, 2.249999999999943601 ) ) ;
#324 = PLANE ( 'NONE',  #3996 ) ;
#325 = PLANE ( 'NONE',  #3979 ) ;
#326 = DIRECTION ( 'NONE',  ( 0.000000000000000000, 0.000000000000000000, 1.000000000000000000 ) ) ;
#327 = LINE ( 'NONE', #2547, #1812 ) ;
#328 = LINE ( 'NONE', #989, #568 ) ;
#329 = VERTEX_POINT ( 'NONE', #52 ) ;
#330 = ORIENTED_EDGE ( 'NONE', *, *, #2130, .F. ) ;
#331 = LINE ( 'NONE', #1246, #101 ) ;
#332 = CARTESIAN_POINT ( 'NONE',  ( -5.000000000000000000, -7.676576815919423424, 1.728335056061255592 ) ) ;
#333 = CARTESIAN_POINT ( 'NONE',  ( -5.499999999999999112, -0.05000000000000000278, 2.749999999999962697 ) ) ;
#334 = DIRECTION ( 'NONE',  ( 0.000000000000000000, 0.000000000000000000, -1.000000000000000000 ) ) ;
#335 = ORIENTED_EDGE ( 'NONE', *, *, #688, .T. ) ;
#336 = VERTEX_POINT ( 'NONE', #1961 ) ;
#337 = CARTESIAN_POINT ( 'NONE',  ( 0.5000000000000013323, -4.881171566221965463, 0.000000000000000000 ) ) ;
#338 = LINE ( 'NONE', #277, #3103 ) ;
#339 = EDGE_CURVE ( 'NONE', #3820, #3050, #2882, .T. ) ;
#340 = LINE ( 'NONE', #1611, #1438 ) ;
#341 = PLANE ( 'NONE',  #3185 ) ;
#342 = DIRECTION ( 'NONE',  ( 0.000000000000000000, -0.5228016640499751899, 0.8524543507230031292 ) ) ;
#343 = DIRECTION ( 'NONE',  ( -1.000000000000000000, -0.000000000000000000, -0.000000000000000000 ) ) ;
#344 = LINE ( 'NONE', #31, #546 ) ;
#345 = ORIENTED_EDGE ( 'NONE', *, *, #3855, .T. ) ;
#346 = ADVANCED_FACE ( 'NONE', ( #3535 ), #3219, .T. ) ;
#347 = PLANE ( 'NONE',  #3851 ) ;
#348 = ORIENTED_EDGE ( 'NONE', *, *, #526, .T. ) ;
#349 = ADVANCED_FACE ( 'NONE', ( #3873 ), #2260, .T. ) ;
#350 = DIRECTION ( 'NONE',  ( -1.000000000000000000, -0.000000000000000000, -0.000000000000000000 ) ) ;
#351 = VECTOR ( 'NONE', #3223, 1000.000000000000000 ) ;
#352 = VECTOR ( 'NONE', #2433, 1000.000000000000000 ) ;
#353 = EDGE_CURVE ( 'NONE', #3080, #2272, #1549, .T. ) ;
#354 = EDGE_CURVE ( 'NONE', #1129, #2461, #4131, .T. ) ;
#355 = VECTOR ( 'NONE', #911, 1000.000000000000114 ) ;
#356 = VECTOR ( 'NONE', #1022, 1000.000000000000000 ) ;
#357 = DIRECTION ( 'NONE',  ( 1.000000000000000000, 0.000000000000000000, 1.281329840210141783E-16 ) ) ;
#358 = ORIENTED_EDGE ( 'NONE', *, *, #2052, .T. ) ;
#359 = DIRECTION ( 'NONE',  ( -0.000000000000000000, -1.000000000000000000, -0.000000000000000000 ) ) ;
#360 = CARTESIAN_POINT ( 'NONE',  ( -5.500000000000001776, -0.5500000000000000444, 1.749999999999925393 ) ) ;
#361 = DIRECTION ( 'NONE',  ( -0.000000000000000000, 1.000000000000000000, -0.000000000000000000 ) ) ;
#362 = CARTESIAN_POINT ( 'NONE',  ( -5.499999999999999112, 0.000000000000000000, -2.100000000000000533 ) ) ;
#363 = DIRECTION ( 'NONE',  ( 0.1961161351381837115, 0.9805806756909202226, 0.000000000000000000 ) ) ;
#364 = DIRECTION ( 'NONE',  ( 1.000000000000000000, 0.000000000000000000, 0.000000000000000000 ) ) ;
#365 = CARTESIAN_POINT ( 'NONE',  ( 5.500000000000000000, -0.05000000000000000278, 1.749999999999998668 ) ) ;
#366 = CARTESIAN_POINT ( 'NONE',  ( -6.303023128756144011, 2.000000000000000000, -4.000000000000000000 ) ) ;
#367 = CIRCLE ( 'NONE', #2712, 0.6500000000000002442 ) ;
#368 = DIRECTION ( 'NONE',  ( -1.000000000000000000, -0.000000000000000000, -0.000000000000000000 ) ) ;
#369 = VECTOR ( 'NONE', #1285, 1000.000000000000000 ) ;
#370 = VERTEX_POINT ( 'NONE', #2885 ) ;
#371 = VECTOR ( 'NONE', #3889, 1000.000000000000000 ) ;
#372 = ORIENTED_EDGE ( 'NONE', *, *, #3376, .T. ) ;
#373 = CARTESIAN_POINT ( 'NONE',  ( -5.000000000000000888, -0.5500000000000000444, -1.750000000000074607 ) ) ;
#374 = ORIENTED_EDGE ( 'NONE', *, *, #3224, .T. ) ;
#375 = VECTOR ( 'NONE', #986, 1000.000000000000000 ) ;
#376 = VECTOR ( 'NONE', #587, 1000.000000000000000 ) ;
#377 = EDGE_CURVE ( 'NONE', #1129, #329, #1942, .T. ) ;
#378 = DIRECTION ( 'NONE',  ( -0.1961161351381837115, 0.9805806756909202226, 0.000000000000000000 ) ) ;
#379 = ORIENTED_EDGE ( 'NONE', *, *, #286, .T. ) ;
#380 = ORIENTED_EDGE ( 'NONE', *, *, #3964, .T. ) ;
#381 = PLANE ( 'NONE',  #3779 ) ;
#382 = DIRECTION ( 'NONE',  ( 0.000000000000000000, 0.000000000000000000, 1.000000000000000000 ) ) ;
#383 = DIRECTION ( 'NONE',  ( -1.668003342285391551E-16, -0.000000000000000000, -1.000000000000000000 ) ) ;
#384 = CARTESIAN_POINT ( 'NONE',  ( 4.000000000000000888, -0.5500000000000000444, -1.750000000000001332 ) ) ;
#385 = ADVANCED_FACE ( 'NONE', ( #1324 ), #3316, .T. ) ;
#386 = CARTESIAN_POINT ( 'NONE',  ( -6.303023128756144011, 2.000000000000000000, 2.000000000000000000 ) ) ;
#387 = CARTESIAN_POINT ( 'NONE',  ( -1.249999999999999334, -0.05000000000000000278, -1.750000000000037970 ) ) ;
#388 = PLANE ( 'NONE',  #766 ) ;
#389 = ORIENTED_EDGE ( 'NONE', *, *, #915, .T. ) ;
#390 = VERTEX_POINT ( 'NONE', #2432 ) ;
#391 = CARTESIAN_POINT ( 'NONE',  ( -4.000000000000000888, -0.05000000000000000278, 3.500000000000073275 ) ) ;
#392 = VERTEX_POINT ( 'NONE', #541 ) ;
#393 = EDGE_CURVE ( 'NONE', #57, #1500, #2460, .T. ) ;
#394 = CARTESIAN_POINT ( 'NONE',  ( 0.2499999999999996392, -7.049999999999999822, -2.100000000000000533 ) ) ;
#395 = EDGE_LOOP ( 'NONE', ( #4116, #3920, #1185, #1146 ) ) ;
#396 = LINE ( 'NONE', #3292, #289 ) ;
#397 = CC_DESIGN_DATE_AND_TIME_ASSIGNMENT ( #3447, #2128, ( #1138 ) ) ;
#398 = DIRECTION ( 'NONE',  ( 0.000000000000000000, -0.000000000000000000, 1.000000000000000000 ) ) ;
#399 = ADVANCED_FACE ( 'NONE', ( #4044 ), #1151, .T. ) ;
#400 = LINE ( 'NONE', #3556, #4067 ) ;
#401 = EDGE_CURVE ( 'NONE', #3162, #984, #1797, .T. ) ;
#402 = ORIENTED_EDGE ( 'NONE', *, *, #124, .T. ) ;
#403 = LINE ( 'NONE', #1672, #547 ) ;
#404 = LINE ( 'NONE', #2989, #2220 ) ;
#405 = CARTESIAN_POINT ( 'NONE',  ( -5.000000000000000000, -0.5500000000000000444, 1.749999999999925393 ) ) ;
#406 = DIRECTION ( 'NONE',  ( 0.000000000000000000, 0.000000000000000000, -1.000000000000000000 ) ) ;
#407 = VERTEX_POINT ( 'NONE', #520 ) ;
#408 = ORIENTED_EDGE ( 'NONE', *, *, #2455, .F. ) ;
#409 = CARTESIAN_POINT ( 'NONE',  ( -7.499999999999999112, 8.000000000000000000, 5.200000000000001066 ) ) ;
#410 = ORIENTED_EDGE ( 'NONE', *, *, #3544, .T. ) ;
#411 = EDGE_CURVE ( 'NONE', #491, #1436, #588, .T. ) ;
#412 = ADVANCED_FACE ( 'NONE', ( #3090 ), #211, .F. ) ;
#413 = LINE ( 'NONE', #105, #1368 ) ;
#414 = VECTOR ( 'NONE', #115, 1000.000000000000000 ) ;
#415 = VERTEX_POINT ( 'NONE', #236 ) ;
#416 = DIRECTION ( 'NONE',  ( -0.6425946703262668258, -0.4173058582581277154, -0.6425946703262670479 ) ) ;
#417 = PRODUCT_DEFINITION_FORMATION_WITH_SPECIFIED_SOURCE ( 'ANY', '', #2933, .NOT_KNOWN. ) ;
#418 = CARTESIAN_POINT ( 'NONE',  ( 4.000000000000000000, -0.05000000000000000278, -3.500000000000000444 ) ) ;
#419 = ORIENTED_EDGE ( 'NONE', *, *, #659, .F. ) ;
#420 = AXIS2_PLACEMENT_3D ( 'NONE', #2688, #2388, #3616 ) ;
#421 = DIRECTION ( 'NONE',  ( 0.1961161351381837115, -0.9805806756909202226, 0.000000000000000000 ) ) ;
#422 = LINE ( 'NONE', #2607, #3363 ) ;
#423 = DIRECTION ( 'NONE',  ( 0.9805806756909202226, 0.1961161351381839890, -0.000000000000000000 ) ) ;
#424 = ADVANCED_FACE ( 'NONE', ( #566 ), #1843, .F. ) ;
#425 = LINE ( 'NONE', #1091, #701 ) ;
#426 = EDGE_CURVE ( 'NONE', #320, #4089, #3786, .T. ) ;
#427 = DIRECTION ( 'NONE',  ( -0.000000000000000000, -0.000000000000000000, 1.000000000000000000 ) ) ;
#428 = EDGE_LOOP ( 'NONE', ( #933, #2119, #1662, #1272, #1441, #3694, #3184, #531 ) ) ;
#429 = VECTOR ( 'NONE', #2152, 1000.000000000000114 ) ;
#430 = ORIENTED_EDGE ( 'NONE', *, *, #729, .F. ) ;
#431 = CARTESIAN_POINT ( 'NONE',  ( -6.500000000000000888, -0.05000000000000000278, -3.499999999999927169 ) ) ;
#432 = ORIENTED_EDGE ( 'NONE', *, *, #1527, .T. ) ;
#433 = VECTOR ( 'NONE', #1680, 1000.000000000000000 ) ;
#434 = ORIENTED_EDGE ( 'NONE', *, *, #230, .F. ) ;
#435 = EDGE_CURVE ( 'NONE', #946, #3400, #1128, .T. ) ;
#436 = CIRCLE ( 'NONE', #2301, 4.438511489007002098 ) ;
#437 = LINE ( 'NONE', #2354, #3061 ) ;
#438 = VECTOR ( 'NONE', #4035, 1000.000000000000000 ) ;
#439 = VECTOR ( 'NONE', #3214, 1000.000000000000000 ) ;
#440 = EDGE_LOOP ( 'NONE', ( #629, #3330, #2121, #3161 ) ) ;
#441 = DIRECTION ( 'NONE',  ( 0.000000000000000000, 0.8386705679454247164, -0.5446390350150260851 ) ) ;
#442 = DIRECTION ( 'NONE',  ( 0.000000000000000000, 1.000000000000000000, 0.000000000000000000 ) ) ;
#443 = DIRECTION ( 'NONE',  ( -0.8386705679454246054, -0.5446390350150263071, 0.000000000000000000 ) ) ;
#444 = EDGE_LOOP ( 'NONE', ( #2980, #1780, #792, #2384 ) ) ;
#445 = FACE_OUTER_BOUND ( 'NONE', #212, .T. ) ;
#446 = LINE ( 'NONE', #1715, #2900 ) ;
#447 = EDGE_CURVE ( 'NONE', #2417, #1356, #4125, .T. ) ;
#448 = DIRECTION ( 'NONE',  ( 1.000000000000000000, 0.000000000000000000, -0.000000000000000000 ) ) ;
#449 = LINE ( 'NONE', #3343, #1968 ) ;
#450 = LINE ( 'NONE', #3014, #3912 ) ;
#451 = VERTEX_POINT ( 'NONE', #2839 ) ;
#452 = VERTEX_POINT ( 'NONE', #3740 ) ;
#453 = CARTESIAN_POINT ( 'NONE',  ( -5.499999999999999112, -0.5500000000000000444, -1.750000000000074607 ) ) ;
#454 = ORIENTED_EDGE ( 'NONE', *, *, #227, .T. ) ;
#455 = CARTESIAN_POINT ( 'NONE',  ( -1.950996509470595885, 7.808377172716929771, -3.524999999999999911 ) ) ;
#456 = VERTEX_POINT ( 'NONE', #2403 ) ;
#457 = CARTESIAN_POINT ( 'NONE',  ( 5.500000000000000000, -0.5500000000000000444, 1.749999999999998668 ) ) ;
#458 = FACE_OUTER_BOUND ( 'NONE', #3270, .T. ) ;
#459 = EDGE_CURVE ( 'NONE', #3080, #2541, #294, .T. ) ;
#460 = CARTESIAN_POINT ( 'NONE',  ( -5.499999999999999112, -4.881171566221965463, -0.5000000000000006661 ) ) ;
#461 = DIRECTION ( 'NONE',  ( -0.000000000000000000, 0.5228016640499739687, 0.8524543507230039063 ) ) ;
#462 = CARTESIAN_POINT ( 'NONE',  ( 5.810682198873156956, 10.00000000000000178, -3.524999999999999911 ) ) ;
#463 = ADVANCED_FACE ( 'NONE', ( #3044 ), #3012, .T. ) ;
#464 = LINE ( 'NONE', #3640, #2985 ) ;
#465 = CARTESIAN_POINT ( 'NONE',  ( -1.250000000000000222, 0.000000000000000000, 3.500000000000036859 ) ) ;
#466 = ORIENTED_EDGE ( 'NONE', *, *, #2583, .F. ) ;
#467 = ORIENTED_EDGE ( 'NONE', *, *, #4124, .F. ) ;
#468 = CARTESIAN_POINT ( 'NONE',  ( 0.2499999999999994171, -7.049999999999999822, -0.5000000000000008882 ) ) ;
#469 = EDGE_LOOP ( 'NONE', ( #32, #3754, #3551, #1208 ) ) ;
#470 = ORIENTED_EDGE ( 'NONE', *, *, #3232, .T. ) ;
#471 = EDGE_CURVE ( 'NONE', #491, #3050, #1734, .T. ) ;
#472 = EDGE_CURVE ( 'NONE', #2513, #946, #665, .T. ) ;
#473 = CARTESIAN_POINT ( 'NONE',  ( 4.999999999999999112, -0.05000000000000000278, 1.749999999999998668 ) ) ;
#474 = ADVANCED_FACE ( 'NONE', ( #293 ), #624, .T. ) ;
#475 = ORIENTED_EDGE ( 'NONE', *, *, #2644, .T. ) ;
#476 = PLANE ( 'NONE',  #1017 ) ;
#477 = FACE_OUTER_BOUND ( 'NONE', #1260, .T. ) ;
#478 = DIRECTION ( 'NONE',  ( -0.000000000000000000, 1.000000000000000000, 0.000000000000000000 ) ) ;
#479 = AXIS2_PLACEMENT_3D ( 'NONE', #2364, #133, #1066 ) ;
#480 = AXIS2_PLACEMENT_3D ( 'NONE', #3659, #3952, #3894 ) ;
#481 = ORIENTED_EDGE ( 'NONE', *, *, #2930, .F. ) ;
#482 = DIRECTION ( 'NONE',  ( -1.000000000000000000, -0.000000000000000000, -0.000000000000000000 ) ) ;
#483 = VECTOR ( 'NONE', #1718, 1000.000000000000000 ) ;
#484 = CARTESIAN_POINT ( 'NONE',  ( 7.500000000000000888, 9.000000000000001776, 5.200000000000001066 ) ) ;
#485 = VECTOR ( 'NONE', #416, 1000.000000000000114 ) ;
#486 = FACE_OUTER_BOUND ( 'NONE', #2054, .T. ) ;
#487 = CIRCLE ( 'NONE', #1754, 22.25839033900579267 ) ;
#488 = FACE_OUTER_BOUND ( 'NONE', #741, .T. ) ;
#489 = DIRECTION ( 'NONE',  ( 0.000000000000000000, 0.000000000000000000, 1.000000000000000000 ) ) ;
#490 = FACE_OUTER_BOUND ( 'NONE', #2721, .T. ) ;
#491 = VERTEX_POINT ( 'NONE', #584 ) ;
#492 = ORIENTED_EDGE ( 'NONE', *, *, #2502, .F. ) ;
#493 = CARTESIAN_POINT ( 'NONE',  ( 4.000000000000000000, -0.05000000000000000278, -3.500000000000000444 ) ) ;
#494 = VERTEX_POINT ( 'NONE', #2516 ) ;
#495 = ORIENTED_EDGE ( 'NONE', *, *, #2963, .F. ) ;
#496 = DIRECTION ( 'NONE',  ( -1.000000000000000000, -0.000000000000000000, -0.000000000000000000 ) ) ;
#497 = AXIS2_PLACEMENT_3D ( 'NONE', #1869, #3163, #622 ) ;
#498 = ORIENTED_EDGE ( 'NONE', *, *, #3075, .F. ) ;
#499 = DIRECTION ( 'NONE',  ( -1.000000000000000000, 0.000000000000000000, 0.000000000000000000 ) ) ;
#500 = CARTESIAN_POINT ( 'NONE',  ( -0.2499999999999997224, -7.049999999999999822, 2.749999999999999556 ) ) ;
#501 = VECTOR ( 'NONE', #868, 1000.000000000000000 ) ;
#502 = DATE_AND_TIME ( #4066, #1015 ) ;
#503 = VECTOR ( 'NONE', #1957, 1000.000000000000000 ) ;
#504 = DIRECTION ( 'NONE',  ( 0.000000000000000000, -1.000000000000000000, 0.000000000000000000 ) ) ;
#505 = CARTESIAN_POINT ( 'NONE',  ( -6.303023128756144011, 2.000000000000000000, 4.000000000000000000 ) ) ;
#506 = FACE_BOUND ( 'NONE', #2237, .T. ) ;
#507 = EDGE_CURVE ( 'NONE', #3988, #1893, #2856, .T. ) ;
#508 = FACE_OUTER_BOUND ( 'NONE', #1870, .T. ) ;
#509 = DIRECTION ( 'NONE',  ( 0.000000000000000000, 1.000000000000000000, 0.000000000000000000 ) ) ;
#510 = VERTEX_POINT ( 'NONE', #2895 ) ;
#511 = ORIENTED_EDGE ( 'NONE', *, *, #2187, .T. ) ;
#512 = DIRECTION ( 'NONE',  ( 0.000000000000000000, -0.8524543507230039063, -0.5228016640499739687 ) ) ;
#513 = ORIENTED_EDGE ( 'NONE', *, *, #435, .F. ) ;
#514 = ORIENTED_EDGE ( 'NONE', *, *, #3926, .T. ) ;
#515 = CARTESIAN_POINT ( 'NONE',  ( 6.303023128756144011, 2.000000000000000000, 4.000000000000000000 ) ) ;
#516 = ORIENTED_EDGE ( 'NONE', *, *, #3075, .T. ) ;
#517 = CARTESIAN_POINT ( 'NONE',  ( -5.000000000000000000, -7.049999999999999822, -1.249999999999998446 ) ) ;
#518 = PLANE ( 'NONE',  #969 ) ;
#519 = COORDINATED_UNIVERSAL_TIME_OFFSET ( 4, 0, .BEHIND. ) ;
#520 = CARTESIAN_POINT ( 'NONE',  ( 6.500000000000000000, 2.000000000000000000, -2.000000000000000000 ) ) ;
#521 = LINE ( 'NONE', #2481, #282 ) ;
#522 = CARTESIAN_POINT ( 'NONE',  ( -5.499999999999999112, 0.000000000000000000, 0.5000000000000006661 ) ) ;
#523 = EDGE_CURVE ( 'NONE', #2417, #3210, #4142, .T. ) ;
#524 = DIRECTION ( 'NONE',  ( -1.000000000000000000, 0.000000000000000000, -0.000000000000000000 ) ) ;
#525 = EDGE_CURVE ( 'NONE', #336, #3062, #3802, .T. ) ;
#526 = EDGE_CURVE ( 'NONE', #1700, #1668, #3781, .T. ) ;
#527 = EDGE_CURVE ( 'NONE', #237, #1408, #267, .T. ) ;
#528 = CARTESIAN_POINT ( 'NONE',  ( -1.250000000000000222, 0.000000000000000000, 3.500000000000036859 ) ) ;
#529 = LINE ( 'NONE', #2485, #355 ) ;
#530 = VERTEX_POINT ( 'NONE', #919 ) ;
#531 = ORIENTED_EDGE ( 'NONE', *, *, #560, .F. ) ;
#532 = DIRECTION ( 'NONE',  ( -0.000000000000000000, 1.000000000000000000, -0.000000000000000000 ) ) ;
#533 = ORIENTED_EDGE ( 'NONE', *, *, #3834, .T. ) ;
#534 = VERTEX_POINT ( 'NONE', #3527 ) ;
#535 = FACE_OUTER_BOUND ( 'NONE', #2056, .T. ) ;
#536 = VERTEX_POINT ( 'NONE', #2188 ) ;
#537 = EDGE_CURVE ( 'NONE', #1315, #2099, #487, .T. ) ;
#538 = LINE ( 'NONE', #233, #686 ) ;
#539 = CARTESIAN_POINT ( 'NONE',  ( -5.810682198873156956, 10.00000000000000178, 3.524999999999999911 ) ) ;
#540 = PERSON_AND_ORGANIZATION_ROLE ( 'creator' ) ;
#541 = CARTESIAN_POINT ( 'NONE',  ( 7.500000000000000888, 8.000000000000000000, 5.200000000000001066 ) ) ;
#542 = VERTEX_POINT ( 'NONE', #87 ) ;
#543 = LINE ( 'NONE', #2735, #352 ) ;
#544 = DIRECTION ( 'NONE',  ( -0.000000000000000000, -1.000000000000000000, -0.000000000000000000 ) ) ;
#545 = LINE ( 'NONE', #3765, #4137 ) ;
#546 = VECTOR ( 'NONE', #2023, 1000.000000000000000 ) ;
#547 = VECTOR ( 'NONE', #2964, 1000.000000000000000 ) ;
#548 = AXIS2_PLACEMENT_3D ( 'NONE', #1200, #576, #2117 ) ;
#549 = VECTOR ( 'NONE', #269, 1000.000000000000000 ) ;
#550 = ADVANCED_FACE ( 'NONE', ( #1614 ), #1339, .T. ) ;
#551 = LINE ( 'NONE', #1824, #1685 ) ;
#552 = CARTESIAN_POINT ( 'NONE',  ( 0.2499999999999990286, -0.05000000000000000278, 2.749999999999999556 ) ) ;
#553 = ADVANCED_FACE ( 'NONE', ( #1845 ), #347, .F. ) ;
#554 = ORIENTED_EDGE ( 'NONE', *, *, #1085, .F. ) ;
#555 = ORGANIZATION ( 'UNSPECIFIED', 'UNSPECIFIED', '' ) ;
#556 = ORIENTED_EDGE ( 'NONE', *, *, #353, .F. ) ;
#557 = ORIENTED_EDGE ( 'NONE', *, *, #3525, .F. ) ;
#558 = VERTEX_POINT ( 'NONE', #3439 ) ;
#559 = DIRECTION ( 'NONE',  ( -1.000000000000000000, -0.000000000000000000, -0.000000000000000000 ) ) ;
#560 = EDGE_CURVE ( 'NONE', #390, #291, #2827, .T. ) ;
#561 = ORIENTED_EDGE ( 'NONE', *, *, #4156, .T. ) ;
#562 = CARTESIAN_POINT ( 'NONE',  ( -5.810682198873156956, 10.00000000000000178, -3.522682485511306805 ) ) ;
#563 = DIRECTION ( 'NONE',  ( -0.000000000000000000, 1.000000000000000000, -0.000000000000000000 ) ) ;
#564 = PERSON_AND_ORGANIZATION_ROLE ( 'classification_officer' ) ;
#565 = VECTOR ( 'NONE', #188, 1000.000000000000000 ) ;
#566 = FACE_OUTER_BOUND ( 'NONE', #221, .T. ) ;
#567 = ORIENTED_EDGE ( 'NONE', *, *, #3095, .T. ) ;
#568 = VECTOR ( 'NONE', #2549, 1000.000000000000000 ) ;
#569 = DIRECTION ( 'NONE',  ( 0.000000000000000000, 0.000000000000000000, 1.000000000000000000 ) ) ;
#570 = VECTOR ( 'NONE', #3968, 1000.000000000000114 ) ;
#571 = CARTESIAN_POINT ( 'NONE',  ( -6.303023128756144011, 2.000000000000000000, -4.000000000000000000 ) ) ;
#572 = CARTESIAN_POINT ( 'NONE',  ( 5.810682198873156956, 10.00000000000000178, 3.524999999999999911 ) ) ;
#573 = VECTOR ( 'NONE', #1403, 1000.000000000000000 ) ;
#574 = AXIS2_PLACEMENT_3D ( 'NONE', #3333, #142, #1057 ) ;
#575 = CARTESIAN_POINT ( 'NONE',  ( -5.000000000000000000, -4.881171566221965463, -0.5000000000000004441 ) ) ;
#576 = DIRECTION ( 'NONE',  ( -0.000000000000000000, 1.000000000000000000, 0.000000000000000000 ) ) ;
#577 = ORIENTED_EDGE ( 'NONE', *, *, #3374, .F. ) ;
#578 = VERTEX_POINT ( 'NONE', #3225 ) ;
#579 = VERTEX_POINT ( 'NONE', #575 ) ;
#580 = ORIENTED_EDGE ( 'NONE', *, *, #2963, .T. ) ;
#581 = CC_DESIGN_PERSON_AND_ORGANIZATION_ASSIGNMENT ( #2111, #564, ( #3847 ) ) ;
#582 = ADVANCED_FACE ( 'NONE', ( #4030 ), #183, .F. ) ;
#583 = CARTESIAN_POINT ( 'NONE',  ( 5.810682198873153403, 32.25839033900579267, -3.524999999999999911 ) ) ;
#584 = CARTESIAN_POINT ( 'NONE',  ( -5.499999999999999112, -6.550000000000000711, -1.850000000000000533 ) ) ;
#585 = ORIENTED_EDGE ( 'NONE', *, *, #3573, .T. ) ;
#586 = DIRECTION ( 'NONE',  ( -0.000000000000000000, 0.000000000000000000, -1.000000000000000000 ) ) ;
#587 = DIRECTION ( 'NONE',  ( 0.000000000000000000, -1.000000000000000000, 0.000000000000000000 ) ) ;
#588 = LINE ( 'NONE', #1819, #2440 ) ;
#589 = ORIENTED_EDGE ( 'NONE', *, *, #1577, .T. ) ;
#590 = FACE_OUTER_BOUND ( 'NONE', #1359, .T. ) ;
#591 = CARTESIAN_POINT ( 'NONE',  ( -5.810682198873156956, 10.00000000000000178, 3.522682485511306805 ) ) ;
#592 = PLANE ( 'NONE',  #833 ) ;
#593 = EDGE_CURVE ( 'NONE', #2879, #3815, #869, .T. ) ;
#594 = LINE ( 'NONE', #1592, #1738 ) ;
#595 = ADVANCED_FACE ( 'NONE', ( #3769 ), #1849, .F. ) ;
#596 = LINE ( 'NONE', #614, #4113 ) ;
#597 = ORIENTED_EDGE ( 'NONE', *, *, #1861, .F. ) ;
#598 = ORIENTED_EDGE ( 'NONE', *, *, #1769, .F. ) ;
#599 = ORIENTED_EDGE ( 'NONE', *, *, #913, .T. ) ;
#600 = FACE_OUTER_BOUND ( 'NONE', #3907, .T. ) ;
#601 = ORIENTED_EDGE ( 'NONE', *, *, #3818, .F. ) ;
#602 = EDGE_CURVE ( 'NONE', #975, #2470, #2392, .T. ) ;
#603 = ORIENTED_EDGE ( 'NONE', *, *, #2679, .T. ) ;
#604 = EDGE_CURVE ( 'NONE', #2181, #2740, #3457, .T. ) ;
#605 = DIRECTION ( 'NONE',  ( 0.000000000000000000, -0.000000000000000000, -1.000000000000000000 ) ) ;
#606 = EDGE_CURVE ( 'NONE', #2661, #1970, #200, .T. ) ;
#607 = DIRECTION ( 'NONE',  ( -1.000000000000000000, -0.000000000000000000, -0.000000000000000000 ) ) ;
#608 = EDGE_LOOP ( 'NONE', ( #432, #3227, #603, #2503 ) ) ;
#609 = DIRECTION ( 'NONE',  ( 0.000000000000000000, -0.000000000000000000, -1.000000000000000000 ) ) ;
#610 = PLANE ( 'NONE',  #3500 ) ;
#611 = DIRECTION ( 'NONE',  ( -1.000000000000000000, -0.000000000000000000, -0.000000000000000000 ) ) ;
#612 = DIRECTION ( 'NONE',  ( -0.000000000000000000, 1.000000000000000000, -0.000000000000000000 ) ) ;
#613 = LINE ( 'NONE', #2508, #1746 ) ;
#614 = CARTESIAN_POINT ( 'NONE',  ( 6.500000000000000000, 2.000000000000000000, -4.000000000000000000 ) ) ;
#615 = VERTEX_POINT ( 'NONE', #3749 ) ;
#616 = AXIS2_PLACEMENT_3D ( 'NONE', #3453, #3359, #1822 ) ;
#617 = CIRCLE ( 'NONE', #2967, 0.6500000000000002442 ) ;
#618 = ORIENTED_EDGE ( 'NONE', *, *, #604, .T. ) ;
#619 = VECTOR ( 'NONE', #1688, 1000.000000000000114 ) ;
#620 = VERTEX_POINT ( 'NONE', #2484 ) ;
#621 = ORIENTED_EDGE ( 'NONE', *, *, #4087, .F. ) ;
#622 = DIRECTION ( 'NONE',  ( 1.000000000000000000, 0.000000000000000000, 0.000000000000000000 ) ) ;
#623 = VERTEX_POINT ( 'NONE', #218 ) ;
#624 = PLANE ( 'NONE',  #1494 ) ;
#625 = VECTOR ( 'NONE', #3703, 1000.000000000000000 ) ;
#626 = ORIENTED_EDGE ( 'NONE', *, *, #1219, .F. ) ;
#627 = DIRECTION ( 'NONE',  ( 1.000000000000000000, 0.000000000000000000, 0.000000000000000000 ) ) ;
#628 = DIRECTION ( 'NONE',  ( -0.000000000000000000, 1.000000000000000000, -0.000000000000000000 ) ) ;
#629 = ORIENTED_EDGE ( 'NONE', *, *, #4027, .T. ) ;
#630 = CARTESIAN_POINT ( 'NONE',  ( -6.500000000000000000, -0.5500000000000000444, -1.750000000000074607 ) ) ;
#631 = DIRECTION ( 'NONE',  ( 0.000000000000000000, 0.000000000000000000, 1.000000000000000000 ) ) ;
#632 = DIRECTION ( 'NONE',  ( 0.000000000000000000, 0.000000000000000000, -1.000000000000000000 ) ) ;
#633 = VECTOR ( 'NONE', #29, 1000.000000000000000 ) ;
#634 = CARTESIAN_POINT ( 'NONE',  ( -5.000000000000000000, -7.049999999999999822, 2.100000000000000533 ) ) ;
#635 = VECTOR ( 'NONE', #890, 1000.000000000000000 ) ;
#636 = VECTOR ( 'NONE', #2806, 1000.000000000000000 ) ;
#637 = LINE ( 'NONE', #1924, #3165 ) ;
#638 = CARTESIAN_POINT ( 'NONE',  ( 6.303023128756144011, 2.000000000000000000, -4.000000000000000000 ) ) ;
#639 = VECTOR ( 'NONE', #1308, 1000.000000000000000 ) ;
#640 = VECTOR ( 'NONE', #4015, 1000.000000000000000 ) ;
#641 = EDGE_LOOP ( 'NONE', ( #679, #2371, #3251, #3624 ) ) ;
#642 = CIRCLE ( 'NONE', #2992, 0.6500000000000002442 ) ;
#643 = ORIENTED_EDGE ( 'NONE', *, *, #3507, .T. ) ;
#644 = ORIENTED_EDGE ( 'NONE', *, *, #2243, .F. ) ;
#645 = CARTESIAN_POINT ( 'NONE',  ( -0.2500000000000011102, -0.5500000000000000444, 1.749999999999962030 ) ) ;
#646 = VERTEX_POINT ( 'NONE', #1199 ) ;
#647 = DIRECTION ( 'NONE',  ( 0.000000000000000000, -1.000000000000000000, 0.000000000000000000 ) ) ;
#648 = CARTESIAN_POINT ( 'NONE',  ( -5.499999999999999112, -1.550000000000000044, 1.850000000000000755 ) ) ;
#649 = VERTEX_POINT ( 'NONE', #3364 ) ;
#650 = FACE_OUTER_BOUND ( 'NONE', #1482, .T. ) ;
#651 = CARTESIAN_POINT ( 'NONE',  ( -4.999999999999998224, -0.04999999999999995420, -2.249999999999943601 ) ) ;
#652 = CARTESIAN_POINT ( 'NONE',  ( 5.500000000000000000, -0.5500000000000000444, -1.750000000000001332 ) ) ;
#653 = LINE ( 'NONE', #2928, #3385 ) ;
#654 = CARTESIAN_POINT ( 'NONE',  ( 4.000000000000000000, 0.000000000000000000, 3.500000000000000000 ) ) ;
#655 = EDGE_CURVE ( 'NONE', #1069, #2833, #1426, .T. ) ;
#656 = EDGE_CURVE ( 'NONE', #1911, #4140, #801, .T. ) ;
#657 = DIRECTION ( 'NONE',  ( -0.000000000000000000, -0.000000000000000000, 1.000000000000000000 ) ) ;
#658 = DIRECTION ( 'NONE',  ( 1.000000000000000000, 0.000000000000000000, -0.000000000000000000 ) ) ;
#659 = EDGE_CURVE ( 'NONE', #3007, #1490, #1760, .T. ) ;
#660 = EDGE_CURVE ( 'NONE', #407, #3713, #245, .T. ) ;
#661 = VERTEX_POINT ( 'NONE', #1454 ) ;
#662 = VERTEX_POINT ( 'NONE', #2718 ) ;
#663 = ORIENTED_EDGE ( 'NONE', *, *, #163, .F. ) ;
#664 = CARTESIAN_POINT ( 'NONE',  ( -5.500000000000001776, -0.5500000000000000444, 1.749999999999925393 ) ) ;
#665 = LINE ( 'NONE', #1985, #2843 ) ;
#666 = CARTESIAN_POINT ( 'NONE',  ( 0.2499999999999990841, -0.1423049598321009246, 2.100000000000000533 ) ) ;
#667 = ORIENTED_EDGE ( 'NONE', *, *, #3715, .T. ) ;
#668 = VERTEX_POINT ( 'NONE', #3430 ) ;
#669 = DIRECTION ( 'NONE',  ( 1.000000000000000000, 0.000000000000000000, -0.000000000000000000 ) ) ;
#670 = DIRECTION ( 'NONE',  ( -1.000000000000000000, -0.000000000000000000, -0.000000000000000000 ) ) ;
#671 = DIRECTION ( 'NONE',  ( 0.000000000000000000, -0.5228016640499751899, 0.8524543507230031292 ) ) ;
#672 = FACE_OUTER_BOUND ( 'NONE', #1259, .T. ) ;
#673 = CARTESIAN_POINT ( 'NONE',  ( 0.5000000000000013323, -1.550000000000000044, 0.000000000000000000 ) ) ;
#674 = ORIENTED_EDGE ( 'NONE', *, *, #3944, .F. ) ;
#675 = FACE_OUTER_BOUND ( 'NONE', #3542, .T. ) ;
#676 = LINE ( 'NONE', #2932, #2010 ) ;
#677 = EDGE_CURVE ( 'NONE', #3801, #3451, #551, .T. ) ;
#678 = ORIENTED_EDGE ( 'NONE', *, *, #3585, .F. ) ;
#679 = ORIENTED_EDGE ( 'NONE', *, *, #3755, .T. ) ;
#680 = CARTESIAN_POINT ( 'NONE',  ( 6.303023128756144011, 8.000000000000000000, -2.000000000000000000 ) ) ;
#682 = ORIENTED_EDGE ( 'NONE', *, *, #33, .F. ) ;
#681 = PERSON ( 'UNSPECIFIED', 'UNSPECIFIED', 'UNSPECIFIED', ('UNSPECIFIED'), ('UNSPECIFIED'), ('UNSPECIFIED') ) ;
#683 = VECTOR ( 'NONE', #1475, 1000.000000000000000 ) ;
#684 = AXIS2_PLACEMENT_3D ( 'NONE', #276, #2863, #1296 ) ;
#685 = VECTOR ( 'NONE', #2497, 1000.000000000000000 ) ;
#686 = VECTOR ( 'NONE', #2681, 1000.000000000000000 ) ;
#687 = DIRECTION ( 'NONE',  ( 0.000000000000000000, -0.000000000000000000, 1.000000000000000000 ) ) ;
#688 = EDGE_CURVE ( 'NONE', #2039, #1371, #3118, .T. ) ;
#689 = ORIENTED_EDGE ( 'NONE', *, *, #525, .T. ) ;
#690 = CARTESIAN_POINT ( 'NONE',  ( -6.500000000000000000, -0.05000000000000000278, -1.750000000000074607 ) ) ;
#691 = CARTESIAN_POINT ( 'NONE',  ( -0.2499999999999995282, -7.049999999999999822, 1.249999999999998446 ) ) ;
#692 = DIRECTION ( 'NONE',  ( -0.000000000000000000, -0.000000000000000000, 1.000000000000000000 ) ) ;
#693 = DIRECTION ( 'NONE',  ( 0.000000000000000000, -0.000000000000000000, 1.000000000000000000 ) ) ;
#694 = DIRECTION ( 'NONE',  ( 0.000000000000000000, 1.000000000000000000, 0.000000000000000000 ) ) ;
#695 = LINE ( 'NONE', #2021, #2901 ) ;
#696 = DIRECTION ( 'NONE',  ( 0.000000000000000000, 0.5443120614198033724, -0.8388828164844742696 ) ) ;
#697 = VECTOR ( 'NONE', #1923, 1000.000000000000000 ) ;
#698 = EDGE_CURVE ( 'NONE', #2702, #3646, #3412, .T. ) ;
#699 = CARTESIAN_POINT ( 'NONE',  ( -6.903023128756143656, 5.000000000000000000, -2.000000000000000000 ) ) ;
#700 = ORIENTED_EDGE ( 'NONE', *, *, #252, .F. ) ;
#701 = VECTOR ( 'NONE', #757, 1000.000000000000227 ) ;
#702 = ORIENTED_EDGE ( 'NONE', *, *, #1142, .F. ) ;
#703 = DIRECTION ( 'NONE',  ( 0.000000000000000000, 0.000000000000000000, 1.000000000000000000 ) ) ;
#704 = VERTEX_POINT ( 'NONE', #822 ) ;
#705 = VECTOR ( 'NONE', #2110, 1000.000000000000000 ) ;
#706 = CC_DESIGN_PERSON_AND_ORGANIZATION_ASSIGNMENT ( #841, #1487, ( #417 ) ) ;
#707 = ADVANCED_FACE ( 'NONE', ( #508 ), #1784, .F. ) ;
#708 = EDGE_CURVE ( 'NONE', #2454, #1429, #2437, .T. ) ;
#709 = CARTESIAN_POINT ( 'NONE',  ( -5.000000000000000000, -1.550000000000000044, 2.100000000000000533 ) ) ;
#710 = VERTEX_POINT ( 'NONE', #528 ) ;
#711 = ORIENTED_EDGE ( 'NONE', *, *, #1695, .F. ) ;
#712 = DIRECTION ( 'NONE',  ( 1.000000000000000000, 0.000000000000000000, 0.000000000000000000 ) ) ;
#713 = CARTESIAN_POINT ( 'NONE',  ( 0.000000000000000000, 9.500000000000001776, 0.000000000000000000 ) ) ;
#714 = LINE ( 'NONE', #8, #697 ) ;
#715 = DIRECTION ( 'NONE',  ( -0.1961161351381839613, 0.9805806756909201116, 0.000000000000000000 ) ) ;
#716 = PLANE ( 'NONE',  #479 ) ;
#717 = EDGE_CURVE ( 'NONE', #1837, #530, #1802, .T. ) ;
#718 = EDGE_CURVE ( 'NONE', #2470, #646, #30, .T. ) ;
#719 = DIRECTION ( 'NONE',  ( -1.000000000000000000, -0.000000000000000000, -0.000000000000000000 ) ) ;
#720 = DIRECTION ( 'NONE',  ( 0.000000000000000000, 0.000000000000000000, -1.000000000000000000 ) ) ;
#721 = ORIENTED_EDGE ( 'NONE', *, *, #3099, .F. ) ;
#722 = ORIENTED_EDGE ( 'NONE', *, *, #1340, .F. ) ;
#723 = CARTESIAN_POINT ( 'NONE',  ( 4.000000000000000000, -0.05000000000000000278, 3.500000000000000000 ) ) ;
#724 = ORIENTED_EDGE ( 'NONE', *, *, #393, .F. ) ;
#725 = CARTESIAN_POINT ( 'NONE',  ( -0.2499999999999994726, -2.381171566221965019, 0.5000000000000006661 ) ) ;
#726 = EDGE_CURVE ( 'NONE', #4089, #4140, #3294, .T. ) ;
#727 = ADVANCED_FACE ( 'NONE', ( #2265 ), #1884, .T. ) ;
#728 = ORIENTED_EDGE ( 'NONE', *, *, #1280, .T. ) ;
#729 = EDGE_CURVE ( 'NONE', #2353, #1578, #594, .T. ) ;
#730 = CARTESIAN_POINT ( 'NONE',  ( 1.249999999999999334, -0.05000000000000000278, 3.500000000000036859 ) ) ;
#731 = PLANE ( 'NONE',  #2027 ) ;
#732 = DIRECTION ( 'NONE',  ( -1.000000000000000000, -0.000000000000000000, -0.000000000000000000 ) ) ;
#733 = CARTESIAN_POINT ( 'NONE',  ( -6.500000000000000000, -0.5500000000000000444, -1.750000000000074607 ) ) ;
#734 = FACE_OUTER_BOUND ( 'NONE', #803, .T. ) ;
#735 = CARTESIAN_POINT ( 'NONE',  ( 6.303023128756144011, 8.000000000000000000, -4.000000000000000000 ) ) ;
#736 = DIRECTION ( 'NONE',  ( 0.000000000000000000, 1.000000000000000000, 0.000000000000000000 ) ) ;
#737 = FACE_OUTER_BOUND ( 'NONE', #2745, .T. ) ;
#738 = ORIENTED_EDGE ( 'NONE', *, *, #2968, .T. ) ;
#739 = ORIENTED_EDGE ( 'NONE', *, *, #864, .T. ) ;
#740 = DIRECTION ( 'NONE',  ( 0.000000000000000000, 0.000000000000000000, 1.000000000000000000 ) ) ;
#741 = EDGE_LOOP ( 'NONE', ( #1087, #3607, #3683, #2426 ) ) ;
#742 = ORIENTED_EDGE ( 'NONE', *, *, #718, .F. ) ;
#743 = ORIENTED_EDGE ( 'NONE', *, *, #2313, .T. ) ;
#744 = AXIS2_PLACEMENT_3D ( 'NONE', #2736, #1492, #2805 ) ;
#745 = FACE_OUTER_BOUND ( 'NONE', #3643, .T. ) ;
#746 = AXIS2_PLACEMENT_3D ( 'NONE', #3053, #2755, #1757 ) ;
#747 = VECTOR ( 'NONE', #2647, 1000.000000000000000 ) ;
#748 = ORIENTED_EDGE ( 'NONE', *, *, #11, .T. ) ;
#749 = FACE_OUTER_BOUND ( 'NONE', #3562, .T. ) ;
#750 = CC_DESIGN_APPROVAL ( #1801, ( #3847 ) ) ;
#751 = LINE ( 'NONE', #83, #2167 ) ;
#752 = LINE ( 'NONE', #1444, #4057 ) ;
#753 = ORIENTED_EDGE ( 'NONE', *, *, #1247, .F. ) ;
#754 = EDGE_CURVE ( 'NONE', #649, #2513, #2179, .T. ) ;
#755 = DIRECTION ( 'NONE',  ( -0.000000000000000000, 0.000000000000000000, 1.000000000000000000 ) ) ;
#756 = LINE ( 'NONE', #387, #2282 ) ;
#757 = DIRECTION ( 'NONE',  ( -0.1961161351381839613, -0.9805806756909201116, -0.000000000000000000 ) ) ;
#758 = PLANE ( 'NONE',  #2369 ) ;
#759 = CARTESIAN_POINT ( 'NONE',  ( 0.000000000000000000, -0.5500000000000000444, 0.000000000000000000 ) ) ;
#760 = ORIENTED_EDGE ( 'NONE', *, *, #3407, .F. ) ;
#761 = ORIENTED_EDGE ( 'NONE', *, *, #3766, .T. ) ;
#762 = CARTESIAN_POINT ( 'NONE',  ( -1.250000000000000222, -0.05000000000000000278, 1.749999999999962030 ) ) ;
#763 = ORIENTED_EDGE ( 'NONE', *, *, #1263, .T. ) ;
#764 = VECTOR ( 'NONE', #3921, 1000.000000000000000 ) ;
#765 = ORIENTED_EDGE ( 'NONE', *, *, #3202, .F. ) ;
#766 = AXIS2_PLACEMENT_3D ( 'NONE', #70, #3679, #1735 ) ;
#767 = AXIS2_PLACEMENT_3D ( 'NONE', #713, #442, #398 ) ;
#768 = CARTESIAN_POINT ( 'NONE',  ( 5.960135036185412183, 10.00000000000000178, -3.660135036185412361 ) ) ;
#769 = VECTOR ( 'NONE', #736, 1000.000000000000000 ) ;
#770 = AXIS2_PLACEMENT_3D ( 'NONE', #790, #3606, #2678 ) ;
#771 = EDGE_CURVE ( 'NONE', #2337, #3753, #637, .T. ) ;
#772 = ORIENTED_EDGE ( 'NONE', *, *, #1157, .F. ) ;
#773 = DIRECTION ( 'NONE',  ( -0.000000000000000000, -0.000000000000000000, 1.000000000000000000 ) ) ;
#774 = CARTESIAN_POINT ( 'NONE',  ( -0.2499999999999997224, -0.05000000000000000278, 2.749999999999999556 ) ) ;
#775 = CARTESIAN_POINT ( 'NONE',  ( 0.2499999999999986400, -2.352236359014713507, 5.798160435808648039 ) ) ;
#776 = ORIENTED_EDGE ( 'NONE', *, *, #655, .F. ) ;
#777 = DIRECTION ( 'NONE',  ( 1.000000000000000000, 0.000000000000000000, 0.000000000000000000 ) ) ;
#778 = LINE ( 'NONE', #1342, #1217 ) ;
#779 = DIRECTION ( 'NONE',  ( 1.000000000000000000, 0.000000000000000000, 0.000000000000000000 ) ) ;
#780 = EDGE_CURVE ( 'NONE', #2541, #2356, #3159, .T. ) ;
#781 = LINE ( 'NONE', #2048, #2923 ) ;
#782 = ADVANCED_FACE ( 'NONE', ( #3222 ), #1865, .F. ) ;
#783 = LINE ( 'NONE', #3982, #3576 ) ;
#784 = ORIENTED_EDGE ( 'NONE', *, *, #447, .F. ) ;
#785 = EDGE_CURVE ( 'NONE', #2376, #3338, #3558, .T. ) ;
#786 = ORIENTED_EDGE ( 'NONE', *, *, #144, .T. ) ;
#787 = LINE ( 'NONE', #3347, #1833 ) ;
#788 = ORIENTED_EDGE ( 'NONE', *, *, #3669, .T. ) ;
#789 = VERTEX_POINT ( 'NONE', #3856 ) ;
#790 = CARTESIAN_POINT ( 'NONE',  ( 0.000000000000000000, 0.000000000000000000, 0.000000000000000000 ) ) ;
#791 = ORIENTED_EDGE ( 'NONE', *, *, #677, .F. ) ;
#792 = ORIENTED_EDGE ( 'NONE', *, *, #1728, .F. ) ;
#793 = DIRECTION ( 'NONE',  ( 0.000000000000000000, 1.000000000000000000, 0.000000000000000000 ) ) ;
#794 = DIRECTION ( 'NONE',  ( 0.000000000000000000, 1.000000000000000000, 0.000000000000000000 ) ) ;
#795 = DIRECTION ( 'NONE',  ( 0.000000000000000000, 0.000000000000000000, 1.000000000000000000 ) ) ;
#796 = ORIENTED_EDGE ( 'NONE', *, *, #1178, .F. ) ;
#797 = LINE ( 'NONE', #3340, #2496 ) ;
#798 = DIRECTION ( 'NONE',  ( 1.000000000000000000, 0.000000000000000000, -0.000000000000000000 ) ) ;
#799 = CARTESIAN_POINT ( 'NONE',  ( -6.500000000000000888, -0.05000000000000000278, 3.500000000000073275 ) ) ;
#800 = DIRECTION ( 'NONE',  ( -0.000000000000000000, 1.000000000000000000, -0.000000000000000000 ) ) ;
#801 = LINE ( 'NONE', #4006, #3510 ) ;
#802 = FACE_OUTER_BOUND ( 'NONE', #1768, .T. ) ;
#803 = EDGE_LOOP ( 'NONE', ( #3751, #2076, #3919, #4063 ) ) ;
#804 = ORIENTED_EDGE ( 'NONE', *, *, #3766, .F. ) ;
#805 = CARTESIAN_POINT ( 'NONE',  ( -0.2499999999999995837, -1.550000000000000044, 2.100000000000000533 ) ) ;
#806 = ORIENTED_EDGE ( 'NONE', *, *, #2641, .T. ) ;
#807 = EDGE_LOOP ( 'NONE', ( #947, #4061, #2614, #776 ) ) ;
#808 = ORIENTED_EDGE ( 'NONE', *, *, #3695, .F. ) ;
#809 = DIRECTION ( 'NONE',  ( 0.000000000000000000, -0.000000000000000000, 1.000000000000000000 ) ) ;
#810 = VERTEX_POINT ( 'NONE', #279 ) ;
#811 = DIRECTION ( 'NONE',  ( 0.000000000000000000, -0.8388828164844742696, 0.5443120614198033724 ) ) ;
#812 = EDGE_CURVE ( 'NONE', #3481, #2730, #613, .T. ) ;
#813 = LINE ( 'NONE', #500, #2794 ) ;
#814 = VECTOR ( 'NONE', #3490, 1000.000000000000000 ) ;
#815 = AXIS2_PLACEMENT_3D ( 'NONE', #3203, #3477, #9 ) ;
#816 = DIRECTION ( 'NONE',  ( 0.000000000000000000, -0.000000000000000000, 1.000000000000000000 ) ) ;
#817 = CARTESIAN_POINT ( 'NONE',  ( 7.499999999999999112, 9.000000000000001776, -5.199999999999999289 ) ) ;
#818 = VECTOR ( 'NONE', #1838, 1000.000000000000000 ) ;
#819 = LINE ( 'NONE', #2687, #3725 ) ;
#820 = VECTOR ( 'NONE', #2138, 1000.000000000000114 ) ;
#821 = LINE ( 'NONE', #2028, #3464 ) ;
#822 = CARTESIAN_POINT ( 'NONE',  ( 6.303023128756144011, 2.000000000000000000, -2.000000000000000000 ) ) ;
#823 = CARTESIAN_POINT ( 'NONE',  ( 6.303023128756144011, 8.000000000000000000, -4.000000000000000000 ) ) ;
#824 = VERTEX_POINT ( 'NONE', #965 ) ;
#825 = ORIENTED_EDGE ( 'NONE', *, *, #1766, .T. ) ;
#826 = DIRECTION ( 'NONE',  ( 0.000000000000000000, 0.000000000000000000, 1.000000000000000000 ) ) ;
#827 = ORIENTED_EDGE ( 'NONE', *, *, #33, .T. ) ;
#828 = VERTEX_POINT ( 'NONE', #3878 ) ;
#829 = ORIENTED_EDGE ( 'NONE', *, *, #3226, .F. ) ;
#830 = AXIS2_PLACEMENT_3D ( 'NONE', #583, #3800, #1854 ) ;
#831 = DIRECTION ( 'NONE',  ( 0.6425946703262668258, -0.4173058582581277154, 0.6425946703262670479 ) ) ;
#832 = EDGE_CURVE ( 'NONE', #1950, #971, #2530, .T. ) ;
#833 = AXIS2_PLACEMENT_3D ( 'NONE', #1514, #2115, #524 ) ;
#834 = ADVANCED_FACE ( 'NONE', ( #675 ), #4134, .F. ) ;
#835 = ORIENTED_EDGE ( 'NONE', *, *, #1645, .F. ) ;
#836 = EDGE_CURVE ( 'NONE', #789, #2873, #942, .T. ) ;
#837 = CARTESIAN_POINT ( 'NONE',  ( -6.303023128756144011, 2.000000000000000000, -4.000000000000000000 ) ) ;
#838 = EDGE_CURVE ( 'NONE', #1500, #3798, #3792, .T. ) ;
#839 = CARTESIAN_POINT ( 'NONE',  ( 0.5000000000000013323, -1.550000000000000044, 2.100000000000000533 ) ) ;
#840 = AXIS2_PLACEMENT_3D ( 'NONE', #895, #2748, #3689 ) ;
#841 = PERSON_AND_ORGANIZATION ( #681, #555 ) ;
#842 = ADVANCED_FACE ( 'NONE', ( #910 ), #1574, .F. ) ;
#843 = DIRECTION ( 'NONE',  ( -0.9805806756909202226, 0.1961161351381839890, 0.000000000000000000 ) ) ;
#844 = ORIENTED_EDGE ( 'NONE', *, *, #3897, .T. ) ;
#845 = VECTOR ( 'NONE', #3043, 1000.000000000000000 ) ;
#846 = CARTESIAN_POINT ( 'NONE',  ( -6.500000000000000000, 2.000000000000000000, 4.000000000000000000 ) ) ;
#847 = DIRECTION ( 'NONE',  ( 1.000000000000000000, 0.000000000000000000, -0.000000000000000000 ) ) ;
#848 = CARTESIAN_POINT ( 'NONE',  ( -5.000000000000000000, -1.550000000000000044, -2.100000000000000533 ) ) ;
#849 = DIRECTION ( 'NONE',  ( 1.000000000000000000, 0.000000000000000000, 0.000000000000000000 ) ) ;
#850 = DIRECTION ( 'NONE',  ( -1.000000000000000000, 0.000000000000000000, -0.000000000000000000 ) ) ;
#851 = ORIENTED_EDGE ( 'NONE', *, *, #339, .F. ) ;
#852 = EDGE_LOOP ( 'NONE', ( #3194, #1059, #2693, #316 ) ) ;
#853 = ADVANCED_FACE ( 'NONE', ( #2198 ), #2224, .T. ) ;
#854 = CARTESIAN_POINT ( 'NONE',  ( -5.960135036185410407, 9.500000000000001776, -3.660135036185413249 ) ) ;
#855 = ORIENTED_EDGE ( 'NONE', *, *, #2524, .T. ) ;
#856 = EDGE_CURVE ( 'NONE', #2085, #3338, #1908, .T. ) ;
#857 = ORIENTED_EDGE ( 'NONE', *, *, #258, .F. ) ;
#858 = LINE ( 'NONE', #1189, #2104 ) ;
#859 = ORIENTED_EDGE ( 'NONE', *, *, #2391, .F. ) ;
#860 = CARTESIAN_POINT ( 'NONE',  ( -5.000000000000000888, -0.05000000000000000278, 1.749999999999925393 ) ) ;
#861 = CARTESIAN_POINT ( 'NONE',  ( -0.6500000000000002442, 7.320785327544594878, 3.500000000000000000 ) ) ;
#862 = PERSON_AND_ORGANIZATION_ROLE ( 'creator' ) ;
#863 = EDGE_CURVE ( 'NONE', #2694, #1334, #422, .T. ) ;
#864 = EDGE_CURVE ( 'NONE', #370, #873, #1659, .T. ) ;
#865 = EDGE_LOOP ( 'NONE', ( #748, #4023, #3958, #3848 ) ) ;
#866 = LINE ( 'NONE', #3051, #1813 ) ;
#867 = FACE_OUTER_BOUND ( 'NONE', #1828, .T. ) ;
#868 = DIRECTION ( 'NONE',  ( -1.000000000000000000, -0.000000000000000000, -0.000000000000000000 ) ) ;
#869 = LINE ( 'NONE', #4093, #3712 ) ;
#870 = CARTESIAN_POINT ( 'NONE',  ( -4.499999999999999112, -0.04999999999999995420, 2.249999999999943601 ) ) ;
#871 = ORIENTED_EDGE ( 'NONE', *, *, #2136, .F. ) ;
#872 = EDGE_CURVE ( 'NONE', #3164, #151, #1690, .T. ) ;
#873 = VERTEX_POINT ( 'NONE', #1360 ) ;
#874 = ORIENTED_EDGE ( 'NONE', *, *, #2631, .T. ) ;
#875 = CARTESIAN_POINT ( 'NONE',  ( -6.903023128756143656, 5.000000000000000000, -2.000000000000000000 ) ) ;
#876 = ORIENTED_EDGE ( 'NONE', *, *, #2798, .T. ) ;
#877 = CARTESIAN_POINT ( 'NONE',  ( -0.2499999999999993061, -7.049999999999999822, -0.5000000000000008882 ) ) ;
#878 = CARTESIAN_POINT ( 'NONE',  ( -0.2499999999999997224, -1.550000000000000266, 2.749999999999999556 ) ) ;
#879 = ORIENTED_EDGE ( 'NONE', *, *, #954, .F. ) ;
#880 = FACE_OUTER_BOUND ( 'NONE', #1681, .T. ) ;
#881 = LINE ( 'NONE', #3137, #1880 ) ;
#882 = PLANE ( 'NONE',  #4070 ) ;
#883 = VECTOR ( 'NONE', #1422, 1000.000000000000000 ) ;
#884 = VECTOR ( 'NONE', #1224, 1000.000000000000000 ) ;
#885 = DIRECTION ( 'NONE',  ( -0.000000000000000000, -0.000000000000000000, 1.000000000000000000 ) ) ;
#886 = APPROVAL_PERSON_ORGANIZATION ( #2778, #1801, #256 ) ;
#887 = AXIS2_PLACEMENT_3D ( 'NONE', #2370, #1366, #22 ) ;
#888 = CIRCLE ( 'NONE', #1223, 22.25839033900579267 ) ;
#889 = EDGE_CURVE ( 'NONE', #3733, #390, #695, .T. ) ;
#890 = DIRECTION ( 'NONE',  ( 1.000000000000000000, 0.000000000000000000, 0.000000000000000000 ) ) ;
#891 = PLANE ( 'NONE',  #2500 ) ;
#892 = VERTEX_POINT ( 'NONE', #88 ) ;
#893 = ORIENTED_EDGE ( 'NONE', *, *, #2770, .F. ) ;
#894 = ORIENTED_EDGE ( 'NONE', *, *, #4016, .F. ) ;
#895 = CARTESIAN_POINT ( 'NONE',  ( -1.250000000000000222, -0.05000000000000000278, -3.499999999999963585 ) ) ;
#896 = VERTEX_POINT ( 'NONE', #1089 ) ;
#897 = CARTESIAN_POINT ( 'NONE',  ( -6.903023128756143656, 5.000000000000000000, -2.000000000000000000 ) ) ;
#898 = DIRECTION ( 'NONE',  ( -1.000000000000000000, -0.000000000000000000, -0.000000000000000000 ) ) ;
#899 = ADVANCED_FACE ( 'NONE', ( #3600 ), #1640, .T. ) ;
#900 = VECTOR ( 'NONE', #2874, 1000.000000000000000 ) ;
#901 = DIRECTION ( 'NONE',  ( 0.000000000000000000, 0.000000000000000000, -1.000000000000000000 ) ) ;
#902 = ADVANCED_FACE ( 'NONE', ( #3634 ), #2362, .T. ) ;
#903 = VERTEX_POINT ( 'NONE', #1047 ) ;
#904 = LINE ( 'NONE', #321, #2424 ) ;
#905 = VECTOR ( 'NONE', #1711, 1000.000000000000000 ) ;
#906 = CARTESIAN_POINT ( 'NONE',  ( -5.500000000000001776, -0.5500000000000000444, -1.750000000000074607 ) ) ;
#907 = LINE ( 'NONE', #2756, #1694 ) ;
#908 = AXIS2_PLACEMENT_3D ( 'NONE', #3049, #901, #3134 ) ;
#909 = VECTOR ( 'NONE', #3355, 1000.000000000000000 ) ;
#910 = FACE_OUTER_BOUND ( 'NONE', #440, .T. ) ;
#911 = DIRECTION ( 'NONE',  ( -1.092275196998345723E-16, 0.5228016640499751899, 0.8524543507230031292 ) ) ;
#912 = VERTEX_POINT ( 'NONE', #3009 ) ;
#913 = EDGE_CURVE ( 'NONE', #3144, #3018, #132, .T. ) ;
#914 = ADVANCED_FACE ( 'NONE', ( #1400 ), #3934, .T. ) ;
#915 = EDGE_CURVE ( 'NONE', #2125, #3753, #1380, .T. ) ;
#916 = EDGE_LOOP ( 'NONE', ( #1124, #3711, #2375, #2122, #1115, #1743 ) ) ;
#917 = ORIENTED_EDGE ( 'NONE', *, *, #2707, .T. ) ;
#918 = DIRECTION ( 'NONE',  ( 0.000000000000000000, 0.000000000000000000, 1.000000000000000000 ) ) ;
#919 = CARTESIAN_POINT ( 'NONE',  ( -5.499999999999999112, -2.381171566221964575, -0.5000000000000004441 ) ) ;
#920 = ORIENTED_EDGE ( 'NONE', *, *, #1555, .T. ) ;
#921 = CARTESIAN_POINT ( 'NONE',  ( -7.499999999999999112, 8.000000000000000000, 5.200000000000001066 ) ) ;
#922 = CARTESIAN_POINT ( 'NONE',  ( 6.500000000000000000, 0.000000000000000000, 4.000000000000000000 ) ) ;
#923 = ORIENTED_EDGE ( 'NONE', *, *, #2365, .F. ) ;
#924 = DIRECTION ( 'NONE',  ( -1.000000000000000000, -0.000000000000000000, -0.000000000000000000 ) ) ;
#925 = DIRECTION ( 'NONE',  ( 0.000000000000000000, 0.000000000000000000, 1.000000000000000000 ) ) ;
#926 = LINE ( 'NONE', #53, #1364 ) ;
#927 = LINE ( 'NONE', #493, #1963 ) ;
#928 = CARTESIAN_POINT ( 'NONE',  ( -6.303023128756144011, 8.000000000000000000, -2.000000000000000000 ) ) ;
#929 = CARTESIAN_POINT ( 'NONE',  ( 0.2499999999999990286, -7.049999999999999822, 2.749999999999999556 ) ) ;
#930 = ORIENTED_EDGE ( 'NONE', *, *, #863, .T. ) ;
#931 = ORIENTED_EDGE ( 'NONE', *, *, #2829, .F. ) ;
#932 = LINE ( 'NONE', #645, #2451 ) ;
#933 = ORIENTED_EDGE ( 'NONE', *, *, #2659, .F. ) ;
#934 = ORIENTED_EDGE ( 'NONE', *, *, #3628, .T. ) ;
#935 = LINE ( 'NONE', #562, #549 ) ;
#936 = CARTESIAN_POINT ( 'NONE',  ( -6.500000000000000000, 2.000000000000000000, -4.000000000000000000 ) ) ;
#937 = EDGE_LOOP ( 'NONE', ( #1395, #3350, #3594, #2201 ) ) ;
#938 = CARTESIAN_POINT ( 'NONE',  ( 5.810682198873156956, 9.500000000000001776, 3.522682485511306805 ) ) ;
#939 = PLANE ( 'NONE',  #3630 ) ;
#940 = CARTESIAN_POINT ( 'NONE',  ( -1.950996509470595885, 7.808377172716929771, -3.524999999999999911 ) ) ;
#941 = DIRECTION ( 'NONE',  ( 0.000000000000000000, 0.6401843996644777102, -0.7682212795973776265 ) ) ;
#942 = LINE ( 'NONE', #262, #1547 ) ;
#943 = CARTESIAN_POINT ( 'NONE',  ( -5.499999999999999112, -2.381171566221965019, 0.5000000000000006661 ) ) ;
#944 = AXIS2_PLACEMENT_3D ( 'NONE', #3614, #116, #2713 ) ;
#945 = VECTOR ( 'NONE', #1714, 1000.000000000000000 ) ;
#946 = VERTEX_POINT ( 'NONE', #733 ) ;
#947 = ORIENTED_EDGE ( 'NONE', *, *, #3714, .F. ) ;
#948 = LINE ( 'NONE', #1559, #1372 ) ;
#949 = EDGE_LOOP ( 'NONE', ( #247, #2189, #3532, #2672 ) ) ;
#950 = DIRECTION ( 'NONE',  ( 9.843448494325385543E-17, 0.6401843996644777102, -0.7682212795973776265 ) ) ;
#951 = DIRECTION ( 'NONE',  ( -1.000000000000000000, -0.000000000000000000, -0.000000000000000000 ) ) ;
#952 = CARTESIAN_POINT ( 'NONE',  ( -4.499999999999999112, -4.881171566221965463, 0.5000000000000006661 ) ) ;
#953 = EDGE_CURVE ( 'NONE', #3121, #451, #1325, .T. ) ;
#954 = EDGE_CURVE ( 'NONE', #3062, #2454, #1341, .T. ) ;
#955 = ORIENTED_EDGE ( 'NONE', *, *, #1750, .F. ) ;
#956 = EDGE_CURVE ( 'NONE', #1309, #2879, #1005, .T. ) ;
#957 = DIRECTION ( 'NONE',  ( -0.1961161351381839613, 0.9805806756909201116, 0.000000000000000000 ) ) ;
#958 = CARTESIAN_POINT ( 'NONE',  ( 0.5000000000000013323, -0.1423049598321009246, 2.100000000000000533 ) ) ;
#959 = CARTESIAN_POINT ( 'NONE',  ( -4.499999999999999112, -4.775409836065591662, 3.979508196721303737 ) ) ;
#960 = CARTESIAN_POINT ( 'NONE',  ( -4.499999999999999112, 0.000000000000000000, -1.850000000000000755 ) ) ;
#961 = VECTOR ( 'NONE', #740, 1000.000000000000000 ) ;
#962 = EDGE_CURVE ( 'NONE', #1069, #71, #2339, .T. ) ;
#963 = CARTESIAN_POINT ( 'NONE',  ( -5.000000000000000888, -0.5500000000000000444, -1.750000000000074607 ) ) ;
#964 = AXIS2_PLACEMENT_3D ( 'NONE', #134, #181, #1451 ) ;
#965 = CARTESIAN_POINT ( 'NONE',  ( 5.810682198873156956, 10.00000000000000178, -3.522682485511306805 ) ) ;
#966 = PLANE ( 'NONE',  #3436 ) ;
#967 = ORIENTED_EDGE ( 'NONE', *, *, #1464, .F. ) ;
#968 = VECTOR ( 'NONE', #2587, 1000.000000000000000 ) ;
#969 = AXIS2_PLACEMENT_3D ( 'NONE', #1126, #2817, #4088 ) ;
#970 = PLANE ( 'NONE',  #2443 ) ;
#971 = VERTEX_POINT ( 'NONE', #2685 ) ;
#972 = ORIENTED_EDGE ( 'NONE', *, *, #1952, .F. ) ;
#973 = ORIENTED_EDGE ( 'NONE', *, *, #472, .F. ) ;
#974 = DIRECTION ( 'NONE',  ( 0.000000000000000000, 1.000000000000000000, 0.000000000000000000 ) ) ;
#975 = VERTEX_POINT ( 'NONE', #2949 ) ;
#976 = DIRECTION ( 'NONE',  ( 0.6425946703262668258, -0.4173058582581277154, -0.6425946703262670479 ) ) ;
#977 = FACE_OUTER_BOUND ( 'NONE', #4055, .T. ) ;
#978 = ORIENTED_EDGE ( 'NONE', *, *, #306, .F. ) ;
#979 = PLANE ( 'NONE',  #2699 ) ;
#980 = DIRECTION ( 'NONE',  ( -0.000000000000000000, -0.000000000000000000, 1.000000000000000000 ) ) ;
#981 = CARTESIAN_POINT ( 'NONE',  ( -6.500000000000000000, 0.000000000000000000, -4.000000000000000000 ) ) ;
#982 = DIRECTION ( 'NONE',  ( -0.000000000000000000, -0.000000000000000000, 1.000000000000000000 ) ) ;
#983 = DIRECTION ( 'NONE',  ( -0.000000000000000000, -0.000000000000000000, 1.000000000000000000 ) ) ;
#984 = VERTEX_POINT ( 'NONE', #2623 ) ;
#985 = EDGE_CURVE ( 'NONE', #4068, #3942, #3320, .T. ) ;
#986 = DIRECTION ( 'NONE',  ( -0.000000000000000000, 1.000000000000000000, -0.000000000000000000 ) ) ;
#987 = CARTESIAN_POINT ( 'NONE',  ( -0.2499999999999997224, -0.05000000000000000278, 2.749999999999999556 ) ) ;
#988 = DIRECTION ( 'NONE',  ( -0.000000000000000000, 1.000000000000000000, -0.000000000000000000 ) ) ;
#989 = CARTESIAN_POINT ( 'NONE',  ( -6.303023128756144011, 8.000000000000000000, -4.000000000000000000 ) ) ;
#990 = ORIENTED_EDGE ( 'NONE', *, *, #3669, .F. ) ;
#991 = EDGE_CURVE ( 'NONE', #1719, #3820, #403, .T. ) ;
#992 = DIRECTION ( 'NONE',  ( -0.000000000000000000, 0.000000000000000000, 1.000000000000000000 ) ) ;
#993 = ORIENTED_EDGE ( 'NONE', *, *, #1651, .F. ) ;
#994 = CARTESIAN_POINT ( 'NONE',  ( -5.960135036185410407, 9.500000000000001776, -3.660135036185413249 ) ) ;
#995 = ORIENTED_EDGE ( 'NONE', *, *, #1343, .F. ) ;
#996 = DIRECTION ( 'NONE',  ( -0.000000000000000000, -0.000000000000000000, 1.000000000000000000 ) ) ;
#997 = ORIENTED_EDGE ( 'NONE', *, *, #1462, .T. ) ;
#998 = ORIENTED_EDGE ( 'NONE', *, *, #4105, .F. ) ;
#999 = CARTESIAN_POINT ( 'NONE',  ( -6.303023128756144011, 2.000000000000000000, -2.000000000000000000 ) ) ;
#1000 = DIRECTION ( 'NONE',  ( -1.000000000000000000, -0.000000000000000000, -0.000000000000000000 ) ) ;
#1001 = LINE ( 'NONE', #1298, #3866 ) ;
#1002 = LINE ( 'NONE', #3891, #2517 ) ;
#1003 = ADVANCED_FACE ( 'NONE', ( #445 ), #3296, .F. ) ;
#1004 = DIRECTION ( 'NONE',  ( -1.000000000000000000, -0.000000000000000000, -0.000000000000000000 ) ) ;
#1005 = LINE ( 'NONE', #3265, #3106 ) ;
#1006 = LINE ( 'NONE', #2686, #883 ) ;
#1007 = EDGE_CURVE ( 'NONE', #704, #407, #3114, .T. ) ;
#1008 = FACE_OUTER_BOUND ( 'NONE', #264, .T. ) ;
#1009 = ORIENTED_EDGE ( 'NONE', *, *, #2576, .F. ) ;
#1010 = VERTEX_POINT ( 'NONE', #1731 ) ;
#1011 = CARTESIAN_POINT ( 'NONE',  ( -6.303023128756144011, 8.000000000000000000, 2.000000000000000000 ) ) ;
#1012 = ORIENTED_EDGE ( 'NONE', *, *, #2658, .T. ) ;
#1013 = VECTOR ( 'NONE', #3266, 1000.000000000000000 ) ;
#1014 = AXIS2_PLACEMENT_3D ( 'NONE', #1944, #3813, #3179 ) ;
#1015 = LOCAL_TIME ( 13, 47, 47.00000000000000000, #519 ) ;
#1016 = VECTOR ( 'NONE', #2994, 1000.000000000000000 ) ;
#1017 = AXIS2_PLACEMENT_3D ( 'NONE', #457, #1727, #146 ) ;
#1018 = FACE_OUTER_BOUND ( 'NONE', #2307, .T. ) ;
#1019 = AXIS2_PLACEMENT_3D ( 'NONE', #2757, #1113, #849 ) ;
#1020 = ORIENTED_EDGE ( 'NONE', *, *, #1331, .F. ) ;
#1021 = VERTEX_POINT ( 'NONE', #2780 ) ;
#1022 = DIRECTION ( 'NONE',  ( -1.000000000000000000, -0.000000000000000000, -0.000000000000000000 ) ) ;
#1023 = EDGE_CURVE ( 'NONE', #2360, #1898, #521, .T. ) ;
#1024 = CARTESIAN_POINT ( 'NONE',  ( 1.249999999999999334, -0.05000000000000000278, -1.750000000000037970 ) ) ;
#1025 = FACE_OUTER_BOUND ( 'NONE', #3375, .T. ) ;
#1026 = DIRECTION ( 'NONE',  ( 0.000000000000000000, -0.7682212795973776265, -0.6401843996644777102 ) ) ;
#1027 = ADVANCED_FACE ( 'NONE', ( #3030 ), #2410, .F. ) ;
#1028 = CARTESIAN_POINT ( 'NONE',  ( 0.000000000000000000, 0.000000000000000000, 2.000000000000000000 ) ) ;
#1029 = AXIS2_PLACEMENT_3D ( 'NONE', #3684, #2074, #4011 ) ;
#1030 = LINE ( 'NONE', #2303, #2689 ) ;
#1031 = VECTOR ( 'NONE', #2290, 1000.000000000000000 ) ;
#1032 = ORIENTED_EDGE ( 'NONE', *, *, #2796, .F. ) ;
#1033 = VECTOR ( 'NONE', #3811, 1000.000000000000000 ) ;
#1034 = VERTEX_POINT ( 'NONE', #2091 ) ;
#1035 = ADVANCED_FACE ( 'NONE', ( #1130 ), #2462, .F. ) ;
#1036 = LINE ( 'NONE', #59, #2784 ) ;
#1037 = ORIENTED_EDGE ( 'NONE', *, *, #4147, .T. ) ;
#1038 = EDGE_CURVE ( 'NONE', #2955, #4014, #1421, .T. ) ;
#1039 = ADVANCED_FACE ( 'NONE', ( #2711 ), #3696, .F. ) ;
#1040 = VECTOR ( 'NONE', #2837, 1000.000000000000000 ) ;
#1041 = DIRECTION ( 'NONE',  ( 0.000000000000000000, 1.000000000000000000, 0.000000000000000000 ) ) ;
#1042 = ORIENTED_EDGE ( 'NONE', *, *, #1452, .F. ) ;
#1043 = ORIENTED_EDGE ( 'NONE', *, *, #1263, .F. ) ;
#1044 = CARTESIAN_POINT ( 'NONE',  ( 6.500000000000000000, 0.000000000000000000, -4.000000000000000000 ) ) ;
#1045 = FACE_BOUND ( 'NONE', #1891, .T. ) ;
#1046 = ORIENTED_EDGE ( 'NONE', *, *, #780, .T. ) ;
#1047 = CARTESIAN_POINT ( 'NONE',  ( 7.499999999999999112, 9.000000000000001776, -5.199999999999999289 ) ) ;
#1048 = DIRECTION ( 'NONE',  ( 0.1961161351381839613, 0.9805806756909201116, 0.000000000000000000 ) ) ;
#1049 = DIRECTION ( 'NONE',  ( -1.000000000000000000, 0.000000000000000000, -0.000000000000000000 ) ) ;
#1050 = FACE_OUTER_BOUND ( 'NONE', #2192, .T. ) ;
#1051 = CARTESIAN_POINT ( 'NONE',  ( 0.2499999999999991396, -1.550000000000000044, 1.850000000000000755 ) ) ;
#1052 = VERTEX_POINT ( 'NONE', #3746 ) ;
#1053 = ORIENTED_EDGE ( 'NONE', *, *, #785, .T. ) ;
#1054 = LINE ( 'NONE', #1973, #961 ) ;
#1055 = VERTEX_POINT ( 'NONE', #460 ) ;
#1056 = EDGE_LOOP ( 'NONE', ( #1176, #125, #3186, #3113, #1529, #3633, #1811, #2657 ) ) ;
#1057 = DIRECTION ( 'NONE',  ( 0.000000000000000000, -0.000000000000000000, -1.000000000000000000 ) ) ;
#1058 = EDGE_CURVE ( 'NONE', #3731, #4079, #3358, .T. ) ;
#1059 = ORIENTED_EDGE ( 'NONE', *, *, #2956, .T. ) ;
#1060 = FACE_OUTER_BOUND ( 'NONE', #1499, .T. ) ;
#1061 = DIRECTION ( 'NONE',  ( 0.000000000000000000, 1.000000000000000000, 0.000000000000000000 ) ) ;
#1062 = APPROVAL_STATUS ( 'not_yet_approved' ) ;
#1063 = ORIENTED_EDGE ( 'NONE', *, *, #2489, .F. ) ;
#1064 = ORIENTED_EDGE ( 'NONE', *, *, #3821, .T. ) ;
#1065 = DIRECTION ( 'NONE',  ( 0.000000000000000000, 0.8386705679454247164, 0.5446390350150260851 ) ) ;
#1066 = DIRECTION ( 'NONE',  ( 0.000000000000000000, -0.000000000000000000, 1.000000000000000000 ) ) ;
#1067 = DIRECTION ( 'NONE',  ( -1.000000000000000000, -0.000000000000000000, -0.000000000000000000 ) ) ;
#1068 = CARTESIAN_POINT ( 'NONE',  ( 5.960135036185412183, 9.500000000000001776, -3.660135036185413249 ) ) ;
#1069 = VERTEX_POINT ( 'NONE', #4002 ) ;
#1070 = ORIENTED_EDGE ( 'NONE', *, *, #2159, .F. ) ;
#1071 = DIRECTION ( 'NONE',  ( 0.000000000000000000, 0.000000000000000000, -1.000000000000000000 ) ) ;
#1072 = ORIENTED_EDGE ( 'NONE', *, *, #527, .T. ) ;
#1073 = ADVANCED_BREP_SHAPE_REPRESENTATION ( 'SwitchOnOff', ( #4021, #2622, #1268, #2616, #3171 ), #1221 ) ;
#1074 = AXIS2_PLACEMENT_3D ( 'NONE', #3010, #423, #69 ) ;
#1075 = AXIS2_PLACEMENT_3D ( 'NONE', #337, #3136, #609 ) ;
#1076 = DIRECTION ( 'NONE',  ( 0.000000000000000000, 0.5443120614198033724, 0.8388828164844742696 ) ) ;
#1077 = AXIS2_PLACEMENT_3D ( 'NONE', #1850, #2826, #1785 ) ;
#1078 = AXIS2_PLACEMENT_3D ( 'NONE', #2456, #811, #3069 ) ;
#1079 = ORIENTED_EDGE ( 'NONE', *, *, #3150, .T. ) ;
#1080 = CARTESIAN_POINT ( 'NONE',  ( 6.903023128756143656, 5.000000000000000000, -2.000000000000000000 ) ) ;
#1081 = EDGE_CURVE ( 'NONE', #1371, #3877, #866, .T. ) ;
#1082 = LINE ( 'NONE', #111, #3924 ) ;
#1083 = EDGE_CURVE ( 'NONE', #3881, #578, #797, .T. ) ;
#1084 = CARTESIAN_POINT ( 'NONE',  ( -1.250000000000000222, -0.05000000000000000278, 1.749999999999962030 ) ) ;
#1085 = EDGE_CURVE ( 'NONE', #510, #2337, #1108, .T. ) ;
#1086 = EDGE_CURVE ( 'NONE', #3016, #2694, #1756, .T. ) ;
#1087 = ORIENTED_EDGE ( 'NONE', *, *, #4158, .T. ) ;
#1088 = ORIENTED_EDGE ( 'NONE', *, *, #3944, .T. ) ;
#1089 = CARTESIAN_POINT ( 'NONE',  ( 6.500000000000000000, -0.05000000000000000278, -1.750000000000001110 ) ) ;
#1090 = DIRECTION ( 'NONE',  ( 0.000000000000000000, 0.000000000000000000, -1.000000000000000000 ) ) ;
#1091 = CARTESIAN_POINT ( 'NONE',  ( 6.303023128756144011, 2.000000000000000000, -2.000000000000000000 ) ) ;
#1092 = CARTESIAN_POINT ( 'NONE',  ( -5.000000000000000000, -0.1423049598321009246, 2.100000000000000533 ) ) ;
#1093 = ORIENTED_EDGE ( 'NONE', *, *, #1464, .T. ) ;
#1094 = ORIENTED_EDGE ( 'NONE', *, *, #1085, .T. ) ;
#1095 = CARTESIAN_POINT ( 'NONE',  ( 6.500000000000000000, -0.5500000000000000444, -1.750000000000001332 ) ) ;
#1096 = ORIENTED_EDGE ( 'NONE', *, *, #471, .T. ) ;
#1097 = VECTOR ( 'NONE', #4141, 1000.000000000000000 ) ;
#1098 = ORIENTED_EDGE ( 'NONE', *, *, #3488, .T. ) ;
#1099 = VECTOR ( 'NONE', #1000, 1000.000000000000000 ) ;
#1100 = ORIENTED_EDGE ( 'NONE', *, *, #872, .T. ) ;
#1101 = DIRECTION ( 'NONE',  ( 0.000000000000000000, 0.000000000000000000, -1.000000000000000000 ) ) ;
#1102 = VECTOR ( 'NONE', #692, 1000.000000000000000 ) ;
#1103 = VECTOR ( 'NONE', #628, 1000.000000000000000 ) ;
#1104 = ORIENTED_EDGE ( 'NONE', *, *, #1981, .T. ) ;
#1105 = CARTESIAN_POINT ( 'NONE',  ( 5.810682198873153403, 32.25839033900579267, 3.524999999999999911 ) ) ;
#1106 = LINE ( 'NONE', #1670, #570 ) ;
#1107 = FACE_OUTER_BOUND ( 'NONE', #2186, .T. ) ;
#1108 = LINE ( 'NONE', #3676, #18 ) ;
#1109 = PLANE ( 'NONE',  #1546 ) ;
#1110 = DIRECTION ( 'NONE',  ( 0.000000000000000000, 0.000000000000000000, 1.000000000000000000 ) ) ;
#1111 = ADVANCED_FACE ( 'NONE', ( #197 ), #1469, .T. ) ;
#1112 = CARTESIAN_POINT ( 'NONE',  ( 4.000000000000000000, -0.05000000000000000278, 3.500000000000000000 ) ) ;
#1113 = DIRECTION ( 'NONE',  ( -0.000000000000000000, 0.000000000000000000, 1.000000000000000000 ) ) ;
#1114 = CARTESIAN_POINT ( 'NONE',  ( 6.500000000000000000, 8.000000000000000000, -2.000000000000000000 ) ) ;
#1115 = ORIENTED_EDGE ( 'NONE', *, *, #2524, .F. ) ;
#1116 = ORIENTED_EDGE ( 'NONE', *, *, #1912, .F. ) ;
#1117 = CARTESIAN_POINT ( 'NONE',  ( -5.499999999999999112, 0.8324856180992887822, 0.5105550415348896198 ) ) ;
#1118 = FACE_OUTER_BOUND ( 'NONE', #2491, .T. ) ;
#1119 = EDGE_LOOP ( 'NONE', ( #2510, #934, #2350, #1535 ) ) ;
#1120 = ORIENTED_EDGE ( 'NONE', *, *, #3504, .T. ) ;
#1121 = EDGE_CURVE ( 'NONE', #2833, #2749, #1154, .T. ) ;
#1122 = ORIENTED_EDGE ( 'NONE', *, *, #172, .T. ) ;
#1123 = FACE_OUTER_BOUND ( 'NONE', #40, .T. ) ;
#1124 = ORIENTED_EDGE ( 'NONE', *, *, #2818, .T. ) ;
#1125 = CARTESIAN_POINT ( 'NONE',  ( -6.303023128756144011, 8.000000000000000000, 2.000000000000000000 ) ) ;
#1126 = CARTESIAN_POINT ( 'NONE',  ( 5.960135036185412183, 9.500000000000001776, -3.660135036185413249 ) ) ;
#1127 = DIRECTION ( 'NONE',  ( 1.000000000000000000, 0.000000000000000000, -0.000000000000000000 ) ) ;
#1128 = LINE ( 'NONE', #3154, #1763 ) ;
#1129 = VERTEX_POINT ( 'NONE', #2131 ) ;
#1130 = FACE_OUTER_BOUND ( 'NONE', #1056, .T. ) ;
#1131 = PLANE ( 'NONE',  #1682 ) ;
#1132 = DIRECTION ( 'NONE',  ( 0.000000000000000000, 0.000000000000000000, -1.000000000000000000 ) ) ;
#1133 = CARTESIAN_POINT ( 'NONE',  ( 5.500000000000000000, -0.5500000000000000444, 1.749999999999998668 ) ) ;
#1134 = DIRECTION ( 'NONE',  ( -0.000000000000000000, -0.000000000000000000, 1.000000000000000000 ) ) ;
#1135 = DIRECTION ( 'NONE',  ( 0.000000000000000000, -0.8524543507230032402, -0.5228016640499753009 ) ) ;
#1136 = ORIENTED_EDGE ( 'NONE', *, *, #3275, .T. ) ;
#1137 = ORIENTED_EDGE ( 'NONE', *, *, #447, .T. ) ;
#1138 = PRODUCT_DEFINITION ( 'UNKNOWN', '', #417, #3411 ) ;
#1139 = CARTESIAN_POINT ( 'NONE',  ( 6.500000000000000000, 0.000000000000000000, 3.500000000000000000 ) ) ;
#1140 = ORIENTED_EDGE ( 'NONE', *, *, #1644, .T. ) ;
#1141 = EDGE_CURVE ( 'NONE', #646, #3731, #543, .T. ) ;
#1142 = EDGE_CURVE ( 'NONE', #2449, #1348, #4024, .T. ) ;
#1143 = EDGE_LOOP ( 'NONE', ( #2468, #3611, #1739, #4161 ) ) ;
#1144 = CARTESIAN_POINT ( 'NONE',  ( 3.205549732550073028, 11.78884861229105674, 0.9055497325500720951 ) ) ;
#1145 = AXIS2_PLACEMENT_3D ( 'NONE', #3540, #2886, #3833 ) ;
#1146 = ORIENTED_EDGE ( 'NONE', *, *, #4033, .T. ) ;
#1147 = LINE ( 'NONE', #860, #3172 ) ;
#1148 = CARTESIAN_POINT ( 'NONE',  ( 0.2499999999999995837, -1.550000000000000044, -2.100000000000000533 ) ) ;
#1149 = VECTOR ( 'NONE', #3553, 1000.000000000000227 ) ;
#1150 = VECTOR ( 'NONE', #308, 1000.000000000000000 ) ;
#1151 = PLANE ( 'NONE',  #3526 ) ;
#1152 = AXIS2_PLACEMENT_3D ( 'NONE', #148, #478, #1997 ) ;
#1153 = ADVANCED_FACE ( 'NONE', ( #1491 ), #1918, .T. ) ;
#1154 = LINE ( 'NONE', #846, #3501 ) ;
#1155 = LINE ( 'NONE', #2155, #1616 ) ;
#1156 = CARTESIAN_POINT ( 'NONE',  ( -7.500000000000000888, 9.000000000000001776, -5.199999999999999289 ) ) ;
#1157 = EDGE_CURVE ( 'NONE', #2356, #2272, #3234, .T. ) ;
#1158 = VECTOR ( 'NONE', #1266, 1000.000000000000000 ) ;
#1159 = DIRECTION ( 'NONE',  ( 0.000000000000000000, -0.000000000000000000, -1.000000000000000000 ) ) ;
#1160 = PLANE ( 'NONE',  #2834 ) ;
#1161 = EDGE_LOOP ( 'NONE', ( #1630, #743, #4040, #2016 ) ) ;
#1162 = ORIENTED_EDGE ( 'NONE', *, *, #3695, .T. ) ;
#1163 = DIRECTION ( 'NONE',  ( 1.000000000000000000, 0.000000000000000000, 0.000000000000000000 ) ) ;
#1164 = ORIENTED_EDGE ( 'NONE', *, *, #3324, .F. ) ;
#1165 = ORIENTED_EDGE ( 'NONE', *, *, #230, .T. ) ;
#1166 = VECTOR ( 'NONE', #1905, 1000.000000000000000 ) ;
#1167 = EDGE_CURVE ( 'NONE', #2228, #415, #1587, .T. ) ;
#1168 = DIRECTION ( 'NONE',  ( -1.000000000000000000, -0.000000000000000000, -0.000000000000000000 ) ) ;
#1169 = ADVANCED_FACE ( 'NONE', ( #1877 ), #1567, .F. ) ;
#1170 = VECTOR ( 'NONE', #3220, 1000.000000000000000 ) ;
#1171 = ORIENTED_EDGE ( 'NONE', *, *, #1573, .F. ) ;
#1172 = DIRECTION ( 'NONE',  ( 0.1961161351381839613, -0.9805806756909201116, -0.000000000000000000 ) ) ;
#1173 = VECTOR ( 'NONE', #1717, 1000.000000000000114 ) ;
#1174 = DIRECTION ( 'NONE',  ( 0.000000000000000000, 0.000000000000000000, 1.000000000000000000 ) ) ;
#1175 = VECTOR ( 'NONE', #1540, 1000.000000000000000 ) ;
#1176 = ORIENTED_EDGE ( 'NONE', *, *, #3376, .F. ) ;
#1177 = VECTOR ( 'NONE', #831, 1000.000000000000114 ) ;
#1178 = EDGE_CURVE ( 'NONE', #662, #336, #3217, .T. ) ;
#1179 = DIRECTION ( 'NONE',  ( 0.000000000000000000, 0.000000000000000000, 1.000000000000000000 ) ) ;
#1180 = LINE ( 'NONE', #522, #2078 ) ;
#1181 = CARTESIAN_POINT ( 'NONE',  ( -5.000000000000000000, -1.550000000000000266, 2.749999999999962697 ) ) ;
#1182 = CARTESIAN_POINT ( 'NONE',  ( -4.499999999999999112, -1.550000000000000044, -2.100000000000000533 ) ) ;
#1183 = FACE_OUTER_BOUND ( 'NONE', #1791, .T. ) ;
#1184 = EDGE_LOOP ( 'NONE', ( #495, #1020, #3865, #3100, #955, #2646, #791, #2987 ) ) ;
#1185 = ORIENTED_EDGE ( 'NONE', *, *, #3687, .F. ) ;
#1186 = LINE ( 'NONE', #2073, #1306 ) ;
#1187 = ORIENTED_EDGE ( 'NONE', *, *, #4018, .F. ) ;
#1188 = VERTEX_POINT ( 'NONE', #2880 ) ;
#1189 = CARTESIAN_POINT ( 'NONE',  ( -1.250000000000000222, -0.05000000000000000278, 3.500000000000036859 ) ) ;
#1190 = ORIENTED_EDGE ( 'NONE', *, *, #2658, .F. ) ;
#1191 = DIRECTION ( 'NONE',  ( 0.000000000000000000, 0.000000000000000000, 1.000000000000000000 ) ) ;
#1192 = CARTESIAN_POINT ( 'NONE',  ( 0.000000000000000000, 7.320785327544594878, 3.500000000000000000 ) ) ;
#1193 = CC_DESIGN_PERSON_AND_ORGANIZATION_ASSIGNMENT ( #2752, #540, ( #417 ) ) ;
#1194 = DIRECTION ( 'NONE',  ( 0.1961161351381839613, 0.9805806756909201116, 0.000000000000000000 ) ) ;
#1195 = ORIENTED_EDGE ( 'NONE', *, *, #1477, .F. ) ;
#1196 = CARTESIAN_POINT ( 'NONE',  ( 6.303023128756144011, 2.000000000000000000, -2.000000000000000000 ) ) ;
#1197 = DIRECTION ( 'NONE',  ( 0.000000000000000000, 0.000000000000000000, 1.000000000000000000 ) ) ;
#1198 = LINE ( 'NONE', #1181, #636 ) ;
#1199 = CARTESIAN_POINT ( 'NONE',  ( -4.000000000000000888, 0.000000000000000000, -3.499999999999927169 ) ) ;
#1200 = CARTESIAN_POINT ( 'NONE',  ( 0.000000000000000000, -0.05000000000000000278, 0.000000000000000000 ) ) ;
#1201 = ORIENTED_EDGE ( 'NONE', *, *, #1215, .F. ) ;
#1202 = CARTESIAN_POINT ( 'NONE',  ( 6.500000000000000000, -0.5500000000000000444, -1.750000000000001332 ) ) ;
#1203 = ORIENTED_EDGE ( 'NONE', *, *, #1941, .F. ) ;
#1204 = ORIENTED_EDGE ( 'NONE', *, *, #4082, .F. ) ;
#1205 = ADVANCED_FACE ( 'NONE', ( #1252 ), #1862, .F. ) ;
#1206 = CARTESIAN_POINT ( 'NONE',  ( 4.000000000000000888, -0.5500000000000000444, -1.750000000000001332 ) ) ;
#1207 = ADVANCED_FACE ( 'NONE', ( #880 ), #1609, .F. ) ;
#1208 = ORIENTED_EDGE ( 'NONE', *, *, #718, .T. ) ;
#1209 = FACE_OUTER_BOUND ( 'NONE', #158, .T. ) ;
#1210 = CARTESIAN_POINT ( 'NONE',  ( 5.500000000000000000, -0.05000000000000000278, 1.749999999999998668 ) ) ;
#1211 = DIRECTION ( 'NONE',  ( -0.000000000000000000, -0.000000000000000000, -1.000000000000000000 ) ) ;
#1212 = ORIENTED_EDGE ( 'NONE', *, *, #2082, .T. ) ;
#1213 = CARTESIAN_POINT ( 'NONE',  ( 6.500000000000000000, 2.000000000000000000, -4.000000000000000000 ) ) ;
#1214 = LINE ( 'NONE', #2558, #1945 ) ;
#1215 = EDGE_CURVE ( 'NONE', #2760, #975, #2176, .T. ) ;
#1216 = CARTESIAN_POINT ( 'NONE',  ( 6.500000000000000000, -0.5500000000000000444, 1.749999999999998668 ) ) ;
#1217 = VECTOR ( 'NONE', #89, 1000.000000000000000 ) ;
#1218 = AXIS2_PLACEMENT_3D ( 'NONE', #3003, #50, #2640 ) ;
#1219 = EDGE_CURVE ( 'NONE', #2472, #2749, #2542, .T. ) ;
#1220 = EDGE_CURVE ( 'NONE', #1557, #3164, #2240, .T. ) ;
#1221 =( GEOMETRIC_REPRESENTATION_CONTEXT ( 3 ) GLOBAL_UNCERTAINTY_ASSIGNED_CONTEXT ( ( #4049 ) ) GLOBAL_UNIT_ASSIGNED_CONTEXT ( ( #4022, #3005, #2359 ) ) REPRESENTATION_CONTEXT ( 'NONE', 'WORKASPACE' ) );
#1222 = VECTOR ( 'NONE', #2476, 1000.000000000000000 ) ;
#1223 = AXIS2_PLACEMENT_3D ( 'NONE', #1105, #3046, #3088 ) ;
#1224 = DIRECTION ( 'NONE',  ( 1.281329840210141783E-16, 0.000000000000000000, -1.000000000000000000 ) ) ;
#1225 = PLANE ( 'NONE',  #3635 ) ;
#1226 = VECTOR ( 'NONE', #489, 1000.000000000000000 ) ;
#1227 = VERTEX_POINT ( 'NONE', #3508 ) ;
#1228 = LINE ( 'NONE', #3864, #34 ) ;
#1229 = VERTEX_POINT ( 'NONE', #3474 ) ;
#1230 = LINE ( 'NONE', #1871, #818 ) ;
#1231 = CARTESIAN_POINT ( 'NONE',  ( 4.000000000000000000, 0.000000000000000000, 3.500000000000000000 ) ) ;
#1232 = DATE_AND_TIME ( #4043, #3909 ) ;
#1233 = VECTOR ( 'NONE', #3281, 1000.000000000000000 ) ;
#1234 = CARTESIAN_POINT ( 'NONE',  ( -5.810682198873156956, 10.00000000000000178, 3.522682485511306805 ) ) ;
#1235 = ORIENTED_EDGE ( 'NONE', *, *, #2896, .T. ) ;
#1236 = CARTESIAN_POINT ( 'NONE',  ( 0.2499999999999995837, -7.049999999999999822, -1.850000000000000533 ) ) ;
#1237 = VECTOR ( 'NONE', #2865, 1000.000000000000114 ) ;
#1238 = PLANE ( 'NONE',  #1411 ) ;
#1239 = CARTESIAN_POINT ( 'NONE',  ( 0.2499999999999990286, -0.05000000000000000278, 2.749999999999999556 ) ) ;
#1240 = DIRECTION ( 'NONE',  ( 1.281329840210141783E-16, 0.000000000000000000, -1.000000000000000000 ) ) ;
#1241 = VECTOR ( 'NONE', #1168, 1000.000000000000000 ) ;
#1242 = DIRECTION ( 'NONE',  ( 0.000000000000000000, 0.000000000000000000, -1.000000000000000000 ) ) ;
#1243 = CARTESIAN_POINT ( 'NONE',  ( -5.000000000000000000, -7.049999999999999822, 2.749999999999962697 ) ) ;
#1244 = ORIENTED_EDGE ( 'NONE', *, *, #836, .T. ) ;
#1245 = EDGE_LOOP ( 'NONE', ( #3593, #1586 ) ) ;
#1246 = CARTESIAN_POINT ( 'NONE',  ( 1.249999999999999334, -0.5500000000000000444, 1.749999999999962030 ) ) ;
#1247 = EDGE_CURVE ( 'NONE', #4014, #1356, #2904, .T. ) ;
#1248 = ORIENTED_EDGE ( 'NONE', *, *, #2077, .T. ) ;
#1249 = DIRECTION ( 'NONE',  ( -0.8386705679454246054, 0.5446390350150263071, 0.000000000000000000 ) ) ;
#1250 = DIRECTION ( 'NONE',  ( -9.086260148608047909E-17, -0.6401843996644777102, 0.7682212795973776265 ) ) ;
#1251 = VERTEX_POINT ( 'NONE', #2584 ) ;
#1252 = FACE_OUTER_BOUND ( 'NONE', #3190, .T. ) ;
#1253 = CARTESIAN_POINT ( 'NONE',  ( -7.499999999999999112, 9.000000000000001776, 5.200000000000001066 ) ) ;
#1254 = CARTESIAN_POINT ( 'NONE',  ( -6.303023128756144011, 2.000000000000000000, 4.000000000000000000 ) ) ;
#1255 = CARTESIAN_POINT ( 'NONE',  ( 6.303023128756144011, 8.000000000000000000, -2.000000000000000000 ) ) ;
#1256 = DIRECTION ( 'NONE',  ( -0.000000000000000000, -0.000000000000000000, 1.000000000000000000 ) ) ;
#1257 = CARTESIAN_POINT ( 'NONE',  ( -0.2499999999999997224, -1.550000000000000266, 2.749999999999999556 ) ) ;
#1258 = ORIENTED_EDGE ( 'NONE', *, *, #1981, .F. ) ;
#1259 = EDGE_LOOP ( 'NONE', ( #1521, #3473, #1203, #3777 ) ) ;
#1260 = EDGE_LOOP ( 'NONE', ( #193, #2288, #4078, #2610 ) ) ;
#1261 = CARTESIAN_POINT ( 'NONE',  ( -1.249999999999999334, -0.5500000000000000444, -1.750000000000037970 ) ) ;
#1262 = ORIENTED_EDGE ( 'NONE', *, *, #2630, .T. ) ;
#1263 = EDGE_CURVE ( 'NONE', #810, #892, #1846, .T. ) ;
#1264 = CARTESIAN_POINT ( 'NONE',  ( 1.249999999999999334, -0.5500000000000000444, -1.750000000000037970 ) ) ;
#1265 = ADVANCED_FACE ( 'NONE', ( #590 ), #1899, .F. ) ;
#1266 = DIRECTION ( 'NONE',  ( 0.000000000000000000, 0.8524543507230039063, -0.5228016640499739687 ) ) ;
#1267 = EDGE_CURVE ( 'NONE', #946, #3760, #2504, .T. ) ;
#1268 = MANIFOLD_SOLID_BREP ( 'Cortar-Extruir3', #2235 ) ;
#1269 = ADVANCED_FACE ( 'NONE', ( #2822 ), #3849, .T. ) ;
#1270 = DIRECTION ( 'NONE',  ( -1.000000000000000000, -0.000000000000000000, -0.000000000000000000 ) ) ;
#1271 = DIRECTION ( 'NONE',  ( -0.000000000000000000, 1.000000000000000000, 0.000000000000000000 ) ) ;
#1272 = ORIENTED_EDGE ( 'NONE', *, *, #2184, .F. ) ;
#1273 = DIRECTION ( 'NONE',  ( 0.000000000000000000, -0.000000000000000000, -1.000000000000000000 ) ) ;
#1274 = LINE ( 'NONE', #1935, #1149 ) ;
#1275 = DIRECTION ( 'NONE',  ( -0.000000000000000000, 0.000000000000000000, 1.000000000000000000 ) ) ;
#1276 = CARTESIAN_POINT ( 'NONE',  ( 0.000000000000000000, 8.000000000000000000, 0.000000000000000000 ) ) ;
#1277 = CARTESIAN_POINT ( 'NONE',  ( -4.499999999999999112, -1.550000000000000044, 1.850000000000000755 ) ) ;
#1278 = DIRECTION ( 'NONE',  ( 0.000000000000000000, -0.000000000000000000, -1.000000000000000000 ) ) ;
#1279 = VECTOR ( 'NONE', #670, 1000.000000000000000 ) ;
#1280 = EDGE_CURVE ( 'NONE', #1328, #57, #904, .T. ) ;
#1281 = DIRECTION ( 'NONE',  ( 0.000000000000000000, -0.7682212795973776265, -0.6401843996644777102 ) ) ;
#1282 = ORIENTED_EDGE ( 'NONE', *, *, #228, .T. ) ;
#1283 = VECTOR ( 'NONE', #2030, 1000.000000000000000 ) ;
#1284 = VECTOR ( 'NONE', #715, 1000.000000000000227 ) ;
#1285 = DIRECTION ( 'NONE',  ( -0.000000000000000000, 1.000000000000000000, -0.000000000000000000 ) ) ;
#1286 = ORIENTED_EDGE ( 'NONE', *, *, #1827, .F. ) ;
#1287 = EDGE_LOOP ( 'NONE', ( #2995, #2306, #3248, #1120 ) ) ;
#1288 = DIRECTION ( 'NONE',  ( 0.000000000000000000, 1.000000000000000000, 0.000000000000000000 ) ) ;
#1289 = EDGE_LOOP ( 'NONE', ( #1737, #3836, #1258, #3922 ) ) ;
#1290 = ADVANCED_FACE ( 'NONE', ( #650 ), #1335, .T. ) ;
#1291 = CARTESIAN_POINT ( 'NONE',  ( 0.000000000000000000, 0.000000000000000000, -2.000000000000000000 ) ) ;
#1292 = ADVANCED_FACE ( 'NONE', ( #1060 ), #81, .F. ) ;
#1293 = DIRECTION ( 'NONE',  ( -0.000000000000000000, 1.000000000000000000, -0.000000000000000000 ) ) ;
#1294 = ORIENTED_EDGE ( 'NONE', *, *, #2679, .F. ) ;
#1295 = ORIENTED_EDGE ( 'NONE', *, *, #35, .T. ) ;
#1296 = DIRECTION ( 'NONE',  ( 1.000000000000000000, 0.000000000000000000, 0.000000000000000000 ) ) ;
#1297 = DIRECTION ( 'NONE',  ( -0.000000000000000000, 1.000000000000000000, -0.000000000000000000 ) ) ;
#1298 = CARTESIAN_POINT ( 'NONE',  ( 4.000000000000000000, -0.5500000000000000444, 1.749999999999998668 ) ) ;
#1299 = DIRECTION ( 'NONE',  ( 0.000000000000000000, 0.000000000000000000, 1.000000000000000000 ) ) ;
#1300 = VECTOR ( 'NONE', #612, 1000.000000000000000 ) ;
#1301 = PLANE ( 'NONE',  #167 ) ;
#1302 = EDGE_CURVE ( 'NONE', #2272, #2356, #617, .T. ) ;
#1303 = VECTOR ( 'NONE', #2588, 1000.000000000000000 ) ;
#1304 = CARTESIAN_POINT ( 'NONE',  ( -4.000000000000000888, 0.000000000000000000, 3.500000000000073275 ) ) ;
#1305 = DIRECTION ( 'NONE',  ( 0.000000000000000000, 0.6401843996644777102, -0.7682212795973776265 ) ) ;
#1306 = VECTOR ( 'NONE', #2488, 1000.000000000000000 ) ;
#1307 = VECTOR ( 'NONE', #2498, 1000.000000000000114 ) ;
#1308 = DIRECTION ( 'NONE',  ( 1.000000000000000000, 0.000000000000000000, 0.000000000000000000 ) ) ;
#1309 = VERTEX_POINT ( 'NONE', #3552 ) ;
#1310 = APPLICATION_CONTEXT ( 'configuration controlled 3d designs of mechanical parts and assemblies' ) ;
#1311 = ORIENTED_EDGE ( 'NONE', *, *, #3139, .F. ) ;
#1312 = LINE ( 'NONE', #1264, #1907 ) ;
#1313 = ORIENTED_EDGE ( 'NONE', *, *, #1523, .T. ) ;
#1314 = CARTESIAN_POINT ( 'NONE',  ( -5.000000000000000888, -0.5500000000000000444, 1.749999999999925393 ) ) ;
#1315 = VERTEX_POINT ( 'NONE', #1994 ) ;
#1316 = ORIENTED_EDGE ( 'NONE', *, *, #3992, .F. ) ;
#1317 = LINE ( 'NONE', #690, #2221 ) ;
#1318 = CARTESIAN_POINT ( 'NONE',  ( -4.000000000000000888, 0.000000000000000000, 3.500000000000073275 ) ) ;
#1319 = EDGE_CURVE ( 'NONE', #3838, #912, #1375, .T. ) ;
#1320 = CARTESIAN_POINT ( 'NONE',  ( -5.499999999999999112, -7.049999999999999822, 2.749999999999962697 ) ) ;
#1321 = DIRECTION ( 'NONE',  ( 0.000000000000000000, 1.000000000000000000, 0.000000000000000000 ) ) ;
#1322 = EDGE_CURVE ( 'NONE', #3400, #1052, #1317, .T. ) ;
#1323 = LINE ( 'NONE', #2563, #1562 ) ;
#1324 = FACE_OUTER_BOUND ( 'NONE', #2921, .T. ) ;
#1325 = LINE ( 'NONE', #365, #2562 ) ;
#1326 = LINE ( 'NONE', #929, #216 ) ;
#1327 = LINE ( 'NONE', #1622, #3651 ) ;
#1328 = VERTEX_POINT ( 'NONE', #999 ) ;
#1329 = EDGE_LOOP ( 'NONE', ( #1542, #3718, #1379, #2338 ) ) ;
#1330 = PLANE ( 'NONE',  #3052 ) ;
#1331 = EDGE_CURVE ( 'NONE', #313, #3391, #2924, .T. ) ;
#1332 = ADVANCED_FACE ( 'NONE', ( #2662, #749 ), #3888, .F. ) ;
#1333 = CARTESIAN_POINT ( 'NONE',  ( -0.2499999999999995837, -0.04999999999999995420, 2.249999999999943601 ) ) ;
#1334 = VERTEX_POINT ( 'NONE', #3929 ) ;
#1335 = PLANE ( 'NONE',  #1683 ) ;
#1336 = DIRECTION ( 'NONE',  ( 0.000000000000000000, 0.000000000000000000, 1.000000000000000000 ) ) ;
#1337 = DIRECTION ( 'NONE',  ( -0.000000000000000000, -1.000000000000000000, -0.000000000000000000 ) ) ;
#1338 = CARTESIAN_POINT ( 'NONE',  ( 6.903023128756143656, 5.000000000000000000, -2.000000000000000000 ) ) ;
#1339 = PLANE ( 'NONE',  #2777 ) ;
#1340 = EDGE_CURVE ( 'NONE', #494, #24, #2960, .T. ) ;
#1341 = LINE ( 'NONE', #1966, #2079 ) ;
#1342 = CARTESIAN_POINT ( 'NONE',  ( 4.000000000000000000, -0.5500000000000000444, 1.749999999999998668 ) ) ;
#1343 = EDGE_CURVE ( 'NONE', #494, #623, #3571, .T. ) ;
#1344 = ADVANCED_FACE ( 'NONE', ( #128 ), #381, .F. ) ;
#1345 = VECTOR ( 'NONE', #2546, 1000.000000000000000 ) ;
#1346 = ORIENTED_EDGE ( 'NONE', *, *, #1573, .T. ) ;
#1347 = ORIENTED_EDGE ( 'NONE', *, *, #1121, .T. ) ;
#1348 = VERTEX_POINT ( 'NONE', #1396 ) ;
#1349 = DIRECTION ( 'NONE',  ( 0.000000000000000000, 0.000000000000000000, -1.000000000000000000 ) ) ;
#1350 = ORIENTED_EDGE ( 'NONE', *, *, #2818, .F. ) ;
#1351 = VECTOR ( 'NONE', #1362, 1000.000000000000000 ) ;
#1352 = AXIS2_PLACEMENT_3D ( 'NONE', #179, #2385, #1448 ) ;
#1353 = VECTOR ( 'NONE', #3719, 1000.000000000000000 ) ;
#1354 = FACE_OUTER_BOUND ( 'NONE', #104, .T. ) ;
#1355 = VECTOR ( 'NONE', #950, 1000.000000000000114 ) ;
#1356 = VERTEX_POINT ( 'NONE', #3258 ) ;
#1357 = DIRECTION ( 'NONE',  ( 0.000000000000000000, -0.000000000000000000, -1.000000000000000000 ) ) ;
#1358 = CARTESIAN_POINT ( 'NONE',  ( -5.810682198873156956, 9.500000000000001776, 3.522682485511306805 ) ) ;
#1359 = EDGE_LOOP ( 'NONE', ( #589, #4115, #3524, #2394 ) ) ;
#1360 = CARTESIAN_POINT ( 'NONE',  ( 0.2499999999999995837, -0.3744267558731740886, -2.750000000000037303 ) ) ;
#1361 = VECTOR ( 'NONE', #703, 1000.000000000000000 ) ;
#1362 = DIRECTION ( 'NONE',  ( -0.000000000000000000, 1.000000000000000000, -0.000000000000000000 ) ) ;
#1363 = LINE ( 'NONE', #4026, #1770 ) ;
#1364 = VECTOR ( 'NONE', #611, 1000.000000000000000 ) ;
#1365 = CARTESIAN_POINT ( 'NONE',  ( 0.5000000000000013323, 0.000000000000000000, 2.100000000000000533 ) ) ;
#1366 = DIRECTION ( 'NONE',  ( 0.000000000000000000, 0.000000000000000000, 1.000000000000000000 ) ) ;
#1367 = ORIENTED_EDGE ( 'NONE', *, *, #3539, .T. ) ;
#1368 = VECTOR ( 'NONE', #3647, 1000.000000000000000 ) ;
#1369 = ORIENTED_EDGE ( 'NONE', *, *, #1081, .F. ) ;
#1370 = LINE ( 'NONE', #1704, #433 ) ;
#1371 = VERTEX_POINT ( 'NONE', #1655 ) ;
#1372 = VECTOR ( 'NONE', #974, 1000.000000000000000 ) ;
#1373 = LINE ( 'NONE', #2772, #1241 ) ;
#1374 = ORIENTED_EDGE ( 'NONE', *, *, #2187, .F. ) ;
#1375 = LINE ( 'NONE', #2981, #4052 ) ;
#1376 = LINE ( 'NONE', #3047, #3653 ) ;
#1377 = PERSON_AND_ORGANIZATION ( #681, #555 ) ;
#1378 = ORIENTED_EDGE ( 'NONE', *, *, #1167, .F. ) ;
#1379 = ORIENTED_EDGE ( 'NONE', *, *, #698, .F. ) ;
#1380 = LINE ( 'NONE', #3613, #414 ) ;
#1381 = FACE_OUTER_BOUND ( 'NONE', #1481, .T. ) ;
#1382 = DIRECTION ( 'NONE',  ( -0.000000000000000000, 1.000000000000000000, 0.000000000000000000 ) ) ;
#1383 = DIRECTION ( 'NONE',  ( -0.000000000000000000, -0.000000000000000000, 1.000000000000000000 ) ) ;
#1384 = LINE ( 'NONE', #333, #1551 ) ;
#1385 = VERTEX_POINT ( 'NONE', #730 ) ;
#1386 = ORIENTED_EDGE ( 'NONE', *, *, #3205, .F. ) ;
#1387 = DIRECTION ( 'NONE',  ( -1.000000000000000000, 0.000000000000000000, -0.000000000000000000 ) ) ;
#1388 = EDGE_LOOP ( 'NONE', ( #3918, #1631, #3479, #796 ) ) ;
#1389 = ORIENTED_EDGE ( 'NONE', *, *, #2798, .F. ) ;
#1390 = ADVANCED_FACE ( 'NONE', ( #3608 ), #2942, .T. ) ;
#1391 = EDGE_CURVE ( 'NONE', #1893, #1328, #396, .T. ) ;
#1392 = ADVANCED_FACE ( 'NONE', ( #3949 ), #979, .F. ) ;
#1393 = PLANE ( 'NONE',  #770 ) ;
#1394 = EDGE_CURVE ( 'NONE', #2795, #510, #1934, .T. ) ;
#1395 = ORIENTED_EDGE ( 'NONE', *, *, #3832, .T. ) ;
#1396 = CARTESIAN_POINT ( 'NONE',  ( -6.500000000000000000, 8.000000000000000000, 2.000000000000000000 ) ) ;
#1397 = LINE ( 'NONE', #1995, #905 ) ;
#1398 = CALENDAR_DATE ( 2025, 28, 6 ) ;
#1399 = ORIENTED_EDGE ( 'NONE', *, *, #812, .T. ) ;
#1400 = FACE_OUTER_BOUND ( 'NONE', #1579, .T. ) ;
#1401 = DIRECTION ( 'NONE',  ( 1.000000000000000000, 0.000000000000000000, 0.000000000000000000 ) ) ;
#1402 = LINE ( 'NONE', #1423, #1505 ) ;
#1403 = DIRECTION ( 'NONE',  ( 0.000000000000000000, 0.000000000000000000, 1.000000000000000000 ) ) ;
#1404 = LINE ( 'NONE', #3868, #2908 ) ;
#1405 = ORIENTED_EDGE ( 'NONE', *, *, #507, .F. ) ;
#1406 = VERTEX_POINT ( 'NONE', #3237 ) ;
#1407 = FACE_OUTER_BOUND ( 'NONE', #2129, .T. ) ;
#1408 = VERTEX_POINT ( 'NONE', #2017 ) ;
#1409 = ORIENTED_EDGE ( 'NONE', *, *, #953, .F. ) ;
#1410 = ORIENTED_EDGE ( 'NONE', *, *, #2024, .T. ) ;
#1411 = AXIS2_PLACEMENT_3D ( 'NONE', #3157, #631, #3828 ) ;
#1412 = AXIS2_PLACEMENT_3D ( 'NONE', #4153, #3515, #1278 ) ;
#1413 = DIRECTION ( 'NONE',  ( -0.000000000000000000, 1.000000000000000000, -0.000000000000000000 ) ) ;
#1414 = VECTOR ( 'NONE', #951, 1000.000000000000000 ) ;
#1415 = VECTOR ( 'NONE', #499, 1000.000000000000000 ) ;
#1416 = ORIENTED_EDGE ( 'NONE', *, *, #1515, .T. ) ;
#1417 = EDGE_CURVE ( 'NONE', #1227, #205, #2040, .T. ) ;
#1418 = LINE ( 'NONE', #2381, #3371 ) ;
#1419 = CARTESIAN_POINT ( 'NONE',  ( -5.810682198873156956, 10.00000000000000178, -3.524999999999999911 ) ) ;
#1420 = ORIENTED_EDGE ( 'NONE', *, *, #2948, .T. ) ;
#1421 = LINE ( 'NONE', #3092, #1818 ) ;
#1422 = DIRECTION ( 'NONE',  ( 0.000000000000000000, 0.000000000000000000, -1.000000000000000000 ) ) ;
#1423 = CARTESIAN_POINT ( 'NONE',  ( -4.499999999999999112, -0.1423049598321009246, -2.100000000000000533 ) ) ;
#1424 = EDGE_CURVE ( 'NONE', #1010, #452, #2750, .T. ) ;
#1425 = DIRECTION ( 'NONE',  ( 0.000000000000000000, 0.000000000000000000, -1.000000000000000000 ) ) ;
#1426 = LINE ( 'NONE', #2808, #1226 ) ;
#1427 = DIRECTION ( 'NONE',  ( 1.000000000000000000, 0.000000000000000000, 0.000000000000000000 ) ) ;
#1428 = ORIENTED_EDGE ( 'NONE', *, *, #1576, .T. ) ;
#1429 = VERTEX_POINT ( 'NONE', #1752 ) ;
#1430 = LINE ( 'NONE', #2418, #2582 ) ;
#1431 = DIRECTION ( 'NONE',  ( 0.000000000000000000, 1.000000000000000000, 0.000000000000000000 ) ) ;
#1432 = ORIENTED_EDGE ( 'NONE', *, *, #3354, .T. ) ;
#1433 = VECTOR ( 'NONE', #1349, 1000.000000000000000 ) ;
#1434 = ORIENTED_EDGE ( 'NONE', *, *, #274, .T. ) ;
#1435 = VECTOR ( 'NONE', #3931, 1000.000000000000000 ) ;
#1436 = VERTEX_POINT ( 'NONE', #2357 ) ;
#1437 = DIRECTION ( 'NONE',  ( 0.000000000000000000, 1.000000000000000000, 0.000000000000000000 ) ) ;
#1438 = VECTOR ( 'NONE', #2559, 1000.000000000000000 ) ;
#1439 = VECTOR ( 'NONE', #3720, 1000.000000000000000 ) ;
#1440 = EDGE_CURVE ( 'NONE', #2734, #2012, #888, .T. ) ;
#1441 = ORIENTED_EDGE ( 'NONE', *, *, #3626, .F. ) ;
#1442 = PLANE ( 'NONE',  #1078 ) ;
#1443 = LINE ( 'NONE', #147, #1900 ) ;
#1444 = CARTESIAN_POINT ( 'NONE',  ( -4.499999999999999112, -6.550000000000000711, -1.850000000000000533 ) ) ;
#1445 = CARTESIAN_POINT ( 'NONE',  ( -0.6500000000000002442, 7.320785327544594878, -3.500000000000000000 ) ) ;
#1446 = ORIENTED_EDGE ( 'NONE', *, *, #838, .T. ) ;
#1447 = CC_DESIGN_PERSON_AND_ORGANIZATION_ASSIGNMENT ( #2478, #862, ( #1138 ) ) ;
#1448 = DIRECTION ( 'NONE',  ( 1.000000000000000000, 0.000000000000000000, -0.000000000000000000 ) ) ;
#1449 = FACE_OUTER_BOUND ( 'NONE', #937, .T. ) ;
#1450 = ADVANCED_FACE ( 'NONE', ( #4041 ), #1442, .F. ) ;
#1451 = DIRECTION ( 'NONE',  ( 0.000000000000000000, -0.000000000000000000, -1.000000000000000000 ) ) ;
#1452 = EDGE_CURVE ( 'NONE', #2229, #137, #1775, .T. ) ;
#1453 = LINE ( 'NONE', #3057, #769 ) ;
#1454 = CARTESIAN_POINT ( 'NONE',  ( -5.000000000000000000, -0.3744267558732961021, 2.749999999999962697 ) ) ;
#1455 = CARTESIAN_POINT ( 'NONE',  ( -0.2499999999999991396, -0.05000000000000000278, -1.750000000000037526 ) ) ;
#1456 = ORIENTED_EDGE ( 'NONE', *, *, #2001, .T. ) ;
#1457 = ORIENTED_EDGE ( 'NONE', *, *, #304, .F. ) ;
#1458 = DIRECTION ( 'NONE',  ( 0.000000000000000000, 0.000000000000000000, 1.000000000000000000 ) ) ;
#1459 = ORIENTED_EDGE ( 'NONE', *, *, #2378, .T. ) ;
#1460 = ORIENTED_EDGE ( 'NONE', *, *, #602, .F. ) ;
#1461 = DIRECTION ( 'NONE',  ( 1.000000000000000000, -0.000000000000000000, 0.000000000000000000 ) ) ;
#1462 = EDGE_CURVE ( 'NONE', #2142, #1010, #2731, .T. ) ;
#1463 = ORIENTED_EDGE ( 'NONE', *, *, #3276, .F. ) ;
#1464 = EDGE_CURVE ( 'NONE', #1229, #2518, #3994, .T. ) ;
#1465 = LINE ( 'NONE', #1125, #1415 ) ;
#1466 = DIRECTION ( 'NONE',  ( 0.000000000000000000, 0.000000000000000000, 1.000000000000000000 ) ) ;
#1467 = PERSON_AND_ORGANIZATION ( #681, #555 ) ;
#1468 = ORIENTED_EDGE ( 'NONE', *, *, #1083, .T. ) ;
#1469 = PLANE ( 'NONE',  #1352 ) ;
#1470 = FACE_OUTER_BOUND ( 'NONE', #2704, .T. ) ;
#1471 = DIRECTION ( 'NONE',  ( 0.000000000000000000, 0.000000000000000000, 1.000000000000000000 ) ) ;
#1472 = EDGE_CURVE ( 'NONE', #620, #3438, #1814, .T. ) ;
#1473 = EDGE_CURVE ( 'NONE', #3798, #1348, #1465, .T. ) ;
#1474 = DIRECTION ( 'NONE',  ( 1.092275196998345723E-16, 0.5228016640499751899, -0.8524543507230031292 ) ) ;
#1475 = DIRECTION ( 'NONE',  ( -0.000000000000000000, 1.000000000000000000, -0.000000000000000000 ) ) ;
#1476 = VERTEX_POINT ( 'NONE', #2775 ) ;
#1477 = EDGE_CURVE ( 'NONE', #208, #2636, #1147, .T. ) ;
#1478 = EDGE_LOOP ( 'NONE', ( #2409, #3211, #1594, #1262 ) ) ;
#1479 = DIRECTION ( 'NONE',  ( -0.000000000000000000, 1.000000000000000000, -0.000000000000000000 ) ) ;
#1480 = EDGE_LOOP ( 'NONE', ( #2327, #2766, #917, #3304 ) ) ;
#1481 = EDGE_LOOP ( 'NONE', ( #1311, #1804, #3098, #3645, #3149, #3397, #1972, #190 ) ) ;
#1482 = EDGE_LOOP ( 'NONE', ( #3706, #2828, #1286, #3065 ) ) ;
#1483 = CARTESIAN_POINT ( 'NONE',  ( 6.500000000000000000, -0.05000000000000000278, 3.500000000000000000 ) ) ;
#1484 = VERTEX_POINT ( 'NONE', #837 ) ;
#1485 = DIRECTION ( 'NONE',  ( 0.000000000000000000, 0.000000000000000000, 1.000000000000000000 ) ) ;
#1486 = CARTESIAN_POINT ( 'NONE',  ( 0.2499999999999995282, -7.049999999999999822, -1.249999999999998890 ) ) ;
#1487 = PERSON_AND_ORGANIZATION_ROLE ( 'design_supplier' ) ;
#1488 = AXIS2_PLACEMENT_3D ( 'NONE', #2950, #3917, #2002 ) ;
#1489 = VECTOR ( 'NONE', #1530, 1000.000000000000000 ) ;
#1490 = VERTEX_POINT ( 'NONE', #517 ) ;
#1491 = FACE_OUTER_BOUND ( 'NONE', #852, .T. ) ;
#1492 = DIRECTION ( 'NONE',  ( 0.000000000000000000, 0.000000000000000000, 1.000000000000000000 ) ) ;
#1493 = DIRECTION ( 'NONE',  ( 0.000000000000000000, 0.000000000000000000, -1.000000000000000000 ) ) ;
#1494 = AXIS2_PLACEMENT_3D ( 'NONE', #4120, #1675, #4100 ) ;
#1495 = EDGE_CURVE ( 'NONE', #1500, #2449, #3110, .T. ) ;
#1496 = CARTESIAN_POINT ( 'NONE',  ( -4.499999999999999112, -2.381171566221965019, -0.5000000000000006661 ) ) ;
#1497 = CARTESIAN_POINT ( 'NONE',  ( 4.999999999999999112, -0.5500000000000000444, 1.749999999999998668 ) ) ;
#1498 = VERTEX_POINT ( 'NONE', #2126 ) ;
#1499 = EDGE_LOOP ( 'NONE', ( #2075, #2570, #3682, #3166 ) ) ;
#1500 = VERTEX_POINT ( 'NONE', #1794 ) ;
#1501 = ORIENTED_EDGE ( 'NONE', *, *, #2957, .T. ) ;
#1502 = EDGE_CURVE ( 'NONE', #3741, #4095, #209, .T. ) ;
#1503 = VECTOR ( 'NONE', #1163, 1000.000000000000000 ) ;
#1504 = LINE ( 'NONE', #3756, #3927 ) ;
#1505 = VECTOR ( 'NONE', #1067, 1000.000000000000000 ) ;
#1506 = EDGE_LOOP ( 'NONE', ( #141, #2922, #1416, #2934 ) ) ;
#1507 = CARTESIAN_POINT ( 'NONE',  ( 5.810682198873156956, 9.500000000000001776, -3.522682485511306805 ) ) ;
#1508 = AXIS2_PLACEMENT_3D ( 'NONE', #959, #1589, #2603 ) ;
#1509 = CARTESIAN_POINT ( 'NONE',  ( 4.999999999999999112, -0.5500000000000000444, -1.750000000000001332 ) ) ;
#1510 = AXIS2_PLACEMENT_3D ( 'NONE', #3550, #357, #1629 ) ;
#1511 = ORIENTED_EDGE ( 'NONE', *, *, #2578, .F. ) ;
#1512 = DIRECTION ( 'NONE',  ( 1.000000000000000000, 0.000000000000000000, 0.000000000000000000 ) ) ;
#1513 = DIRECTION ( 'NONE',  ( -1.000000000000000000, -0.000000000000000000, -0.000000000000000000 ) ) ;
#1514 = CARTESIAN_POINT ( 'NONE',  ( 5.500000000000000000, -0.5500000000000000444, 1.749999999999998668 ) ) ;
#1515 = EDGE_CURVE ( 'NONE', #237, #3060, #538, .T. ) ;
#1516 = DIRECTION ( 'NONE',  ( -0.000000000000000000, -0.000000000000000000, -1.000000000000000000 ) ) ;
#1517 = LINE ( 'NONE', #2158, #683 ) ;
#1518 = EDGE_LOOP ( 'NONE', ( #2889, #2090 ) ) ;
#1519 = LINE ( 'NONE', #2218, #3655 ) ;
#1520 = ORIENTED_EDGE ( 'NONE', *, *, #2695, .F. ) ;
#1521 = ORIENTED_EDGE ( 'NONE', *, *, #1477, .T. ) ;
#1522 = CARTESIAN_POINT ( 'NONE',  ( -4.499999999999999112, 0.9921953600535364792, -0.6437894437093880651 ) ) ;
#1523 = EDGE_CURVE ( 'NONE', #3815, #710, #3967, .T. ) ;
#1524 = EDGE_LOOP ( 'NONE', ( #920, #2862, #1988, #3303 ) ) ;
#1525 = ADVANCED_FACE ( 'NONE', ( #3335 ), #476, .F. ) ;
#1526 = CARTESIAN_POINT ( 'NONE',  ( -4.000000000000000888, -0.5500000000000000444, 1.749999999999925393 ) ) ;
#1527 = EDGE_CURVE ( 'NONE', #202, #2702, #3026, .T. ) ;
#1528 = CARTESIAN_POINT ( 'NONE',  ( 0.2499999999999990841, -6.312295081967213228, 2.135245901639347466 ) ) ;
#1529 = ORIENTED_EDGE ( 'NONE', *, *, #3686, .F. ) ;
#1530 = DIRECTION ( 'NONE',  ( 0.000000000000000000, 0.000000000000000000, 1.000000000000000000 ) ) ;
#1531 = FACE_OUTER_BOUND ( 'NONE', #2400, .T. ) ;
#1532 = LINE ( 'NONE', #4047, #501 ) ;
#1533 = DIRECTION ( 'NONE',  ( -1.000000000000000000, 0.000000000000000000, 0.000000000000000000 ) ) ;
#1534 = FACE_OUTER_BOUND ( 'NONE', #428, .T. ) ;
#1535 = ORIENTED_EDGE ( 'NONE', *, *, #472, .T. ) ;
#1536 = ORIENTED_EDGE ( 'NONE', *, *, #954, .T. ) ;
#1537 = CARTESIAN_POINT ( 'NONE',  ( -7.500000000000000888, 8.000000000000000000, -5.199999999999999289 ) ) ;
#1538 = EDGE_LOOP ( 'NONE', ( #3563, #1808, #4084, #1852 ) ) ;
#1539 = DIRECTION ( 'NONE',  ( 1.000000000000000000, 0.000000000000000000, -0.000000000000000000 ) ) ;
#1540 = DIRECTION ( 'NONE',  ( -0.000000000000000000, -1.000000000000000000, -0.000000000000000000 ) ) ;
#1541 = DIRECTION ( 'NONE',  ( -0.000000000000000000, 1.000000000000000000, -0.000000000000000000 ) ) ;
#1542 = ORIENTED_EDGE ( 'NONE', *, *, #3505, .T. ) ;
#1543 = CARTESIAN_POINT ( 'NONE',  ( -5.000000000000000000, 0.1311460005513640226, -1.654124485598452043 ) ) ;
#1544 = CARTESIAN_POINT ( 'NONE',  ( -4.000000000000000888, -0.5500000000000000444, -1.750000000000074607 ) ) ;
#1545 = DIRECTION ( 'NONE',  ( 1.000000000000000000, 0.000000000000000000, -1.668003342285391551E-16 ) ) ;
#1546 = AXIS2_PLACEMENT_3D ( 'NONE', #241, #1197, #798 ) ;
#1547 = VECTOR ( 'NONE', #1533, 1000.000000000000000 ) ;
#1548 = LINE ( 'NONE', #854, #565 ) ;
#1549 = LINE ( 'NONE', #4048, #2170 ) ;
#1550 = LOCAL_TIME ( 13, 47, 47.00000000000000000, #2819 ) ;
#1551 = VECTOR ( 'NONE', #406, 1000.000000000000000 ) ;
#1552 = AXIS2_PLACEMENT_3D ( 'NONE', #3445, #2233, #3529 ) ;
#1553 = DIRECTION ( 'NONE',  ( 0.000000000000000000, 0.000000000000000000, 1.000000000000000000 ) ) ;
#1554 = FACE_OUTER_BOUND ( 'NONE', #1518, .T. ) ;
#1555 = EDGE_CURVE ( 'NONE', #1406, #3162, #1418, .T. ) ;
#1556 = DIRECTION ( 'NONE',  ( 1.000000000000000000, 0.000000000000000000, 0.000000000000000000 ) ) ;
#1557 = VERTEX_POINT ( 'NONE', #2059 ) ;
#1558 = ORIENTED_EDGE ( 'NONE', *, *, #1999, .T. ) ;
#1559 = CARTESIAN_POINT ( 'NONE',  ( -5.000000000000000000, -7.049999999999999822, -1.850000000000000977 ) ) ;
#1560 = ORIENTED_EDGE ( 'NONE', *, *, #3450, .T. ) ;
#1561 = VERTEX_POINT ( 'NONE', #3353 ) ;
#1562 = VECTOR ( 'NONE', #1004, 1000.000000000000000 ) ;
#1563 = PLANE ( 'NONE',  #3040 ) ;
#1564 = LINE ( 'NONE', #2860, #439 ) ;
#1565 = VECTOR ( 'NONE', #2506, 1000.000000000000000 ) ;
#1566 = EDGE_LOOP ( 'NONE', ( #2318, #2103, #3015, #997 ) ) ;
#1567 = PLANE ( 'NONE',  #2345 ) ;
#1568 = VECTOR ( 'NONE', #2620, 1000.000000000000000 ) ;
#1569 = DIRECTION ( 'NONE',  ( 0.000000000000000000, 1.000000000000000000, -0.000000000000000000 ) ) ;
#1570 = DIRECTION ( 'NONE',  ( 1.000000000000000000, 0.000000000000000000, 0.000000000000000000 ) ) ;
#1571 = LINE ( 'NONE', #2120, #3648 ) ;
#1572 = VECTOR ( 'NONE', #1413, 1000.000000000000000 ) ;
#1573 = EDGE_CURVE ( 'NONE', #2012, #3210, #4118, .T. ) ;
#1574 = PLANE ( 'NONE',  #815 ) ;
#1575 = PLANE ( 'NONE',  #3167 ) ;
#1576 = EDGE_CURVE ( 'NONE', #415, #1929, #3805, .T. ) ;
#1577 = EDGE_CURVE ( 'NONE', #3753, #392, #2816, .T. ) ;
#1578 = VERTEX_POINT ( 'NONE', #1526 ) ;
#1579 = EDGE_LOOP ( 'NONE', ( #345, #1762, #3808, #225 ) ) ;
#1580 = ORIENTED_EDGE ( 'NONE', *, *, #3085, .F. ) ;
#1581 = LINE ( 'NONE', #2855, #2299 ) ;
#1582 = CARTESIAN_POINT ( 'NONE',  ( -4.499999999999999112, -0.1423049598321009246, 2.100000000000000533 ) ) ;
#1583 = DIRECTION ( 'NONE',  ( 0.000000000000000000, -0.000000000000000000, 1.000000000000000000 ) ) ;
#1584 = ADVANCED_FACE ( 'NONE', ( #3485 ), #1915, .T. ) ;
#1585 = ADVANCED_FACE ( 'NONE', ( #3213 ), #1895, .T. ) ;
#1586 = ORIENTED_EDGE ( 'NONE', *, *, #2844, .T. ) ;
#1587 = LINE ( 'NONE', #3788, #1947 ) ;
#1588 = DIRECTION ( 'NONE',  ( 1.000000000000000000, 0.000000000000000000, 0.000000000000000000 ) ) ;
#1589 = DIRECTION ( 'NONE',  ( 0.000000000000000000, 0.7682212795973776265, -0.6401843996644777102 ) ) ;
#1590 = LINE ( 'NONE', #1879, #2368 ) ;
#1591 = CARTESIAN_POINT ( 'NONE',  ( 0.5000000000000013323, 0.000000000000000000, -0.5000000000000006661 ) ) ;
#1592 = CARTESIAN_POINT ( 'NONE',  ( -4.000000000000000888, -0.5500000000000000444, 1.749999999999925393 ) ) ;
#1593 = LINE ( 'NONE', #2887, #351 ) ;
#1594 = ORIENTED_EDGE ( 'NONE', *, *, #286, .F. ) ;
#1595 = EDGE_CURVE ( 'NONE', #205, #2417, #935, .T. ) ;
#1596 = CARTESIAN_POINT ( 'NONE',  ( 6.303023128756144011, 2.000000000000000000, 2.000000000000000000 ) ) ;
#1597 = EDGE_CURVE ( 'NONE', #3002, #137, #1230, .T. ) ;
#1598 = ORIENTED_EDGE ( 'NONE', *, *, #2455, .T. ) ;
#1599 = ORIENTED_EDGE ( 'NONE', *, *, #177, .T. ) ;
#1600 = EDGE_LOOP ( 'NONE', ( #2009, #249, #597, #3230 ) ) ;
#1601 = CARTESIAN_POINT ( 'NONE',  ( -5.000000000000000000, -1.550000000000000044, 1.850000000000000755 ) ) ;
#1602 = VERTEX_POINT ( 'NONE', #4102 ) ;
#1603 = DIRECTION ( 'NONE',  ( 2.478176394252581634E-16, 0.000000000000000000, -1.000000000000000000 ) ) ;
#1604 = DIRECTION ( 'NONE',  ( 0.000000000000000000, 0.000000000000000000, -1.000000000000000000 ) ) ;
#1605 = FACE_BOUND ( 'NONE', #2058, .T. ) ;
#1606 = EDGE_CURVE ( 'NONE', #4038, #2661, #1, .T. ) ;
#1607 = ORIENTED_EDGE ( 'NONE', *, *, #1472, .T. ) ;
#1608 = ORIENTED_EDGE ( 'NONE', *, *, #1452, .T. ) ;
#1609 = PLANE ( 'NONE',  #684 ) ;
#1610 = LINE ( 'NONE', #1878, #814 ) ;
#1611 = CARTESIAN_POINT ( 'NONE',  ( -6.303023128756144011, 8.000000000000000000, -4.000000000000000000 ) ) ;
#1612 = DIRECTION ( 'NONE',  ( 0.000000000000000000, 0.000000000000000000, 1.000000000000000000 ) ) ;
#1613 = PLANE ( 'NONE',  #3923 ) ;
#1614 = FACE_OUTER_BOUND ( 'NONE', #4008, .T. ) ;
#1615 = CARTESIAN_POINT ( 'NONE',  ( -5.810682198873156956, 9.500000000000001776, -3.522682485511306805 ) ) ;
#1616 = VECTOR ( 'NONE', #1513, 1000.000000000000000 ) ;
#1617 = DIRECTION ( 'NONE',  ( 0.000000000000000000, 0.5443120614198033724, -0.8388828164844742696 ) ) ;
#1618 = VECTOR ( 'NONE', #259, 1000.000000000000000 ) ;
#1619 = VECTOR ( 'NONE', #2383, 1000.000000000000000 ) ;
#1620 = VECTOR ( 'NONE', #4111, 1000.000000000000000 ) ;
#1621 = AXIS2_PLACEMENT_3D ( 'NONE', #1507, #1539, #586 ) ;
#1622 = CARTESIAN_POINT ( 'NONE',  ( -4.499999999999999112, -1.550000000000000044, -1.850000000000000755 ) ) ;
#1623 = ORIENTED_EDGE ( 'NONE', *, *, #92, .F. ) ;
#1624 = VERTEX_POINT ( 'NONE', #4144 ) ;
#1625 = DIRECTION ( 'NONE',  ( -0.000000000000000000, -0.000000000000000000, 1.000000000000000000 ) ) ;
#1626 = ORIENTED_EDGE ( 'NONE', *, *, #2770, .T. ) ;
#1627 = ADVANCED_FACE ( 'NONE', ( #3191 ), #3502, .T. ) ;
#1628 = ADVANCED_FACE ( 'NONE', ( #1209 ), #3131, .T. ) ;
#1629 = DIRECTION ( 'NONE',  ( 1.281329840210141783E-16, 0.000000000000000000, -1.000000000000000000 ) ) ;
#1630 = ORIENTED_EDGE ( 'NONE', *, *, #3202, .T. ) ;
#1631 = ORIENTED_EDGE ( 'NONE', *, *, #2917, .T. ) ;
#1632 = CARTESIAN_POINT ( 'NONE',  ( -7.500000000000000888, 9.000000000000001776, -5.200000000000001066 ) ) ;
#1633 = LINE ( 'NONE', #2926, #240 ) ;
#1634 = DIRECTION ( 'NONE',  ( -0.000000000000000000, 1.000000000000000000, -0.000000000000000000 ) ) ;
#1635 = CARTESIAN_POINT ( 'NONE',  ( -6.303023128756144011, 8.000000000000000000, 4.000000000000000000 ) ) ;
#1636 = VECTOR ( 'NONE', #3081, 1000.000000000000000 ) ;
#1637 = LINE ( 'NONE', #2246, #2514 ) ;
#1638 = CLOSED_SHELL ( 'NONE', ( #424, #1777, #2761, #3463, #2395, #94, #3152, #2268, #2067, #346, #3246, #1585, #3295, #1936, #2264, #3076, #2663, #1265, #1654, #1290, #4146, #914, #3108, #2764, #3803, #174, #2892, #1627, #349, #727, #3794, #72, #1628, #3632, #2894, #3323, #3127, #3662, #2055, #1955, #97, #3339, #2254, #399, #2890, #1697, #899, #3462, #2135, #550, #902, #1392, #2767 ) ) ;
#1639 = AXIS2_PLACEMENT_3D ( 'NONE', #1156, #1545, #3727 ) ;
#1640 = PLANE ( 'NONE',  #217 ) ;
#1641 = LINE ( 'NONE', #2608, #1745 ) ;
#1642 = VECTOR ( 'NONE', #2244, 1000.000000000000000 ) ;
#1643 = VECTOR ( 'NONE', #996, 1000.000000000000000 ) ;
#1644 = EDGE_CURVE ( 'NONE', #3432, #2228, #2519, .T. ) ;
#1645 = EDGE_CURVE ( 'NONE', #57, #71, #3783, .T. ) ;
#1646 = CARTESIAN_POINT ( 'NONE',  ( -4.000000000000000888, -0.5500000000000000444, -1.750000000000074607 ) ) ;
#1647 = ORIENTED_EDGE ( 'NONE', *, *, #2199, .T. ) ;
#1648 = ORIENTED_EDGE ( 'NONE', *, *, #301, .F. ) ;
#1649 = CARTESIAN_POINT ( 'NONE',  ( -6.500000000000000000, 2.000000000000000000, -4.000000000000000000 ) ) ;
#1650 = LINE ( 'NONE', #1725, #3930 ) ;
#1651 = EDGE_CURVE ( 'NONE', #971, #1251, #3758, .T. ) ;
#1652 = EDGE_CURVE ( 'NONE', #257, #456, #3470, .T. ) ;
#1653 = EDGE_LOOP ( 'NONE', ( #742, #1460, #164, #3972, #430, #85, #2763, #2891 ) ) ;
#1654 = ADVANCED_FACE ( 'NONE', ( #296 ), #1563, .T. ) ;
#1655 = CARTESIAN_POINT ( 'NONE',  ( -0.2499999999999996669, -0.1423049598321009246, 2.100000000000000533 ) ) ;
#1656 = DIRECTION ( 'NONE',  ( 1.000000000000000000, 0.000000000000000000, 0.000000000000000000 ) ) ;
#1657 = CARTESIAN_POINT ( 'NONE',  ( 0.2499999999999996669, -7.050000000000000711, 1.249999999999995781 ) ) ;
#1658 = LINE ( 'NONE', #384, #1166 ) ;
#1659 = LINE ( 'NONE', #3974, #945 ) ;
#1660 = PLANE ( 'NONE',  #944 ) ;
#1661 = LINE ( 'NONE', #1646, #369 ) ;
#1662 = ORIENTED_EDGE ( 'NONE', *, *, #832, .F. ) ;
#1663 = EDGE_LOOP ( 'NONE', ( #3256, #1137, #4106, #3705 ) ) ;
#1664 = PLANE ( 'NONE',  #2022 ) ;
#1665 = ORIENTED_EDGE ( 'NONE', *, *, #785, .F. ) ;
#1666 = LINE ( 'NONE', #2292, #3318 ) ;
#1667 = ORIENTED_EDGE ( 'NONE', *, *, #2820, .T. ) ;
#1668 = VERTEX_POINT ( 'NONE', #2539 ) ;
#1669 = CARTESIAN_POINT ( 'NONE',  ( 6.500000000000000000, 0.000000000000000000, -4.000000000000000000 ) ) ;
#1670 = CARTESIAN_POINT ( 'NONE',  ( -5.499999999999999112, 0.8324856180992887822, -0.5105550415348896198 ) ) ;
#1671 = FACE_OUTER_BOUND ( 'NONE', #3366, .T. ) ;
#1672 = CARTESIAN_POINT ( 'NONE',  ( 0.000000000000000000, -7.049999999999999822, 1.249999999999998446 ) ) ;
#1673 = CARTESIAN_POINT ( 'NONE',  ( -3.410682198873173032, 12.00000000000001066, -3.524999999999999911 ) ) ;
#1674 = DIRECTION ( 'NONE',  ( 0.000000000000000000, -0.000000000000000000, 1.000000000000000000 ) ) ;
#1675 = DIRECTION ( 'NONE',  ( -1.000000000000000000, 0.000000000000000000, 0.000000000000000000 ) ) ;
#1676 = LINE ( 'NONE', #3956, #1173 ) ;
#1677 = DIRECTION ( 'NONE',  ( 1.000000000000000000, 0.000000000000000000, 0.000000000000000000 ) ) ;
#1678 = ORIENTED_EDGE ( 'NONE', *, *, #3207, .T. ) ;
#1679 = ORIENTED_EDGE ( 'NONE', *, *, #3767, .F. ) ;
#1680 = DIRECTION ( 'NONE',  ( -1.000000000000000000, -0.000000000000000000, -0.000000000000000000 ) ) ;
#1681 = EDGE_LOOP ( 'NONE', ( #2974, #408, #2617, #2475 ) ) ;
#1682 = AXIS2_PLACEMENT_3D ( 'NONE', #3093, #2482, #847 ) ;
#1683 = AXIS2_PLACEMENT_3D ( 'NONE', #1632, #441, #1710 ) ;
#1684 = PLANE ( 'NONE',  #2032 ) ;
#1685 = VECTOR ( 'NONE', #1134, 1000.000000000000000 ) ;
#1686 = CARTESIAN_POINT ( 'NONE',  ( 0.5000000000000013323, -0.04999999999999995420, 2.249999999999943601 ) ) ;
#1687 = DIRECTION ( 'NONE',  ( 0.1961161351381839613, -0.9805806756909201116, 0.000000000000000000 ) ) ;
#1688 = DIRECTION ( 'NONE',  ( 9.922020786471554156E-17, 0.5443120614198033724, -0.8388828164844742696 ) ) ;
#1689 = ORIENTED_EDGE ( 'NONE', *, *, #3181, .F. ) ;
#1690 = LINE ( 'NONE', #3581, #747 ) ;
#1691 = AXIS2_PLACEMENT_3D ( 'NONE', #3604, #1071, #1387 ) ;
#1692 = LINE ( 'NONE', #3976, #3700 ) ;
#1693 = CARTESIAN_POINT ( 'NONE',  ( -5.499999999999999112, -1.327916433467341450, -2.165234388002261756 ) ) ;
#1694 = VECTOR ( 'NONE', #2824, 1000.000000000000114 ) ;
#1695 = EDGE_CURVE ( 'NONE', #1709, #2270, #3823, .T. ) ;
#1696 = FACE_OUTER_BOUND ( 'NONE', #2348, .T. ) ;
#1697 = ADVANCED_FACE ( 'NONE', ( #2877 ), #3844, .F. ) ;
#1698 = VECTOR ( 'NONE', #1937, 1000.000000000000000 ) ;
#1699 = DIRECTION ( 'NONE',  ( -1.000000000000000000, 0.000000000000000000, -0.000000000000000000 ) ) ;
#1700 = VERTEX_POINT ( 'NONE', #2393 ) ;
#1701 = EDGE_CURVE ( 'NONE', #1052, #1429, #1384, .T. ) ;
#1702 = VECTOR ( 'NONE', #3846, 1000.000000000000000 ) ;
#1703 = EDGE_LOOP ( 'NONE', ( #3782, #80, #298, #3372, #3291, #3603, #3902, #874 ) ) ;
#1704 = CARTESIAN_POINT ( 'NONE',  ( 0.5000000000000013323, -1.550000000000000044, -1.850000000000000755 ) ) ;
#1705 = ORIENTED_EDGE ( 'NONE', *, *, #991, .F. ) ;
#1706 = EDGE_CURVE ( 'NONE', #1977, #646, #783, .T. ) ;
#1707 = VERTEX_POINT ( 'NONE', #1051 ) ;
#1708 = DIRECTION ( 'NONE',  ( -0.6425946703262668258, -0.4173058582581277154, 0.6425946703262670479 ) ) ;
#1709 = VERTEX_POINT ( 'NONE', #1092 ) ;
#1710 = DIRECTION ( 'NONE',  ( 0.000000000000000000, 0.5446390350150260851, 0.8386705679454247164 ) ) ;
#1711 = DIRECTION ( 'NONE',  ( 0.000000000000000000, 0.000000000000000000, 1.000000000000000000 ) ) ;
#1712 = DIRECTION ( 'NONE',  ( -0.1961161351381837115, -0.9805806756909202226, 0.000000000000000000 ) ) ;
#1713 = ORIENTED_EDGE ( 'NONE', *, *, #3767, .T. ) ;
#1714 = DIRECTION ( 'NONE',  ( 6.183520363003840114E-17, 0.8524543507230039063, -0.5228016640499739687 ) ) ;
#1715 = CARTESIAN_POINT ( 'NONE',  ( -5.000000000000000000, -2.352236359014697076, 5.798160435808622282 ) ) ;
#1716 = DIRECTION ( 'NONE',  ( 0.000000000000000000, 0.000000000000000000, 1.000000000000000000 ) ) ;
#1717 = DIRECTION ( 'NONE',  ( -9.843448494325385543E-17, 0.6401843996644777102, 0.7682212795973776265 ) ) ;
#1718 = DIRECTION ( 'NONE',  ( -0.000000000000000000, -0.000000000000000000, -1.000000000000000000 ) ) ;
#1719 = VERTEX_POINT ( 'NONE', #2346 ) ;
#1720 = ORIENTED_EDGE ( 'NONE', *, *, #4004, .T. ) ;
#1721 = DIRECTION ( 'NONE',  ( -0.000000000000000000, -1.000000000000000000, -0.000000000000000000 ) ) ;
#1722 = ORIENTED_EDGE ( 'NONE', *, *, #113, .F. ) ;
#1723 = EDGE_CURVE ( 'NONE', #3881, #1719, #4007, .T. ) ;
#1724 = ORIENTED_EDGE ( 'NONE', *, *, #3589, .F. ) ;
#1725 = CARTESIAN_POINT ( 'NONE',  ( 0.2499999999999995837, 0.1311460005513813698, -1.654124485598426286 ) ) ;
#1726 = EDGE_LOOP ( 'NONE', ( #3418, #4155, #1910, #3209, #3102, #1832, #3109, #3622 ) ) ;
#1727 = DIRECTION ( 'NONE',  ( 1.000000000000000000, 0.000000000000000000, 0.000000000000000000 ) ) ;
#1728 = EDGE_CURVE ( 'NONE', #3062, #2810, #3035, .T. ) ;
#1729 = DIRECTION ( 'NONE',  ( 0.000000000000000000, -1.000000000000000000, 0.000000000000000000 ) ) ;
#1730 = LINE ( 'NONE', #775, #619 ) ;
#1731 = CARTESIAN_POINT ( 'NONE',  ( -1.249999999999999334, -0.5500000000000000444, -1.750000000000037970 ) ) ;
#1732 = LINE ( 'NONE', #3935, #3905 ) ;
#1733 = CARTESIAN_POINT ( 'NONE',  ( -5.000000000000000888, -0.5500000000000000444, 1.749999999999925393 ) ) ;
#1734 = LINE ( 'NONE', #2716, #3915 ) ;
#1735 = DIRECTION ( 'NONE',  ( -1.182766006347823109E-16, 0.000000000000000000, 1.000000000000000000 ) ) ;
#1736 = DIRECTION ( 'NONE',  ( 1.000000000000000000, 0.000000000000000000, 0.000000000000000000 ) ) ;
#1737 = ORIENTED_EDGE ( 'NONE', *, *, #2130, .T. ) ;
#1738 = VECTOR ( 'NONE', #657, 1000.000000000000000 ) ;
#1739 = ORIENTED_EDGE ( 'NONE', *, *, #223, .T. ) ;
#1740 = LINE ( 'NONE', #1807, #2916 ) ;
#1741 = ORIENTED_EDGE ( 'NONE', *, *, #3832, .F. ) ;
#1742 = EDGE_CURVE ( 'NONE', #291, #1309, #118, .T. ) ;
#1743 = ORIENTED_EDGE ( 'NONE', *, *, #537, .T. ) ;
#1744 = VERTEX_POINT ( 'NONE', #1114 ) ;
#1745 = VECTOR ( 'NONE', #2225, 1000.000000000000000 ) ;
#1746 = VECTOR ( 'NONE', #2590, 1000.000000000000000 ) ;
#1747 = CARTESIAN_POINT ( 'NONE',  ( -1.250000000000000222, -0.05000000000000000278, 3.500000000000036859 ) ) ;
#1748 = VECTOR ( 'NONE', #2169, 1000.000000000000114 ) ;
#1749 = AXIS2_PLACEMENT_3D ( 'NONE', #2618, #2275, #1978 ) ;
#1750 = EDGE_CURVE ( 'NONE', #1385, #2723, #3681, .T. ) ;
#1751 = EDGE_LOOP ( 'NONE', ( #3380, #2592, #3665, #678 ) ) ;
#1752 = CARTESIAN_POINT ( 'NONE',  ( -5.499999999999999112, -0.04999999999999995420, -2.249999999999943601 ) ) ;
#1753 = PLANE ( 'NONE',  #106 ) ;
#1754 = AXIS2_PLACEMENT_3D ( 'NONE', #19, #3826, #2215 ) ;
#1755 = ORIENTED_EDGE ( 'NONE', *, *, #2659, .T. ) ;
#1756 = LINE ( 'NONE', #3071, #3569 ) ;
#1757 = DIRECTION ( 'NONE',  ( 0.000000000000000000, -0.000000000000000000, 1.000000000000000000 ) ) ;
#1758 = CARTESIAN_POINT ( 'NONE',  ( -1.250000000000000222, -0.05000000000000000278, -3.499999999999963585 ) ) ;
#1759 = DIRECTION ( 'NONE',  ( 0.000000000000000000, 1.000000000000000000, 0.000000000000000000 ) ) ;
#1760 = LINE ( 'NONE', #2738, #2634 ) ;
#1761 = DIRECTION ( 'NONE',  ( 0.000000000000000000, 0.000000000000000000, -1.000000000000000000 ) ) ;
#1762 = ORIENTED_EDGE ( 'NONE', *, *, #3507, .F. ) ;
#1763 = VECTOR ( 'NONE', #1541, 1000.000000000000000 ) ;
#1764 = ORIENTED_EDGE ( 'NONE', *, *, #537, .F. ) ;
#1765 = CARTESIAN_POINT ( 'NONE',  ( -0.2499999999999991396, -7.049999999999999822, -1.850000000000000533 ) ) ;
#1766 = EDGE_CURVE ( 'NONE', #329, #3415, #2692, .T. ) ;
#1767 = FACE_OUTER_BOUND ( 'NONE', #3064, .T. ) ;
#1768 = EDGE_LOOP ( 'NONE', ( #3200, #2793, #2035, #2031 ) ) ;
#1769 = EDGE_CURVE ( 'NONE', #975, #208, #3618, .T. ) ;
#1770 = VECTOR ( 'NONE', #2412, 1000.000000000000000 ) ;
#1771 = EDGE_LOOP ( 'NONE', ( #1282, #993, #1187, #3520 ) ) ;
#1772 = LINE ( 'NONE', #1834, #3732 ) ;
#1773 = AXIS2_PLACEMENT_3D ( 'NONE', #1483, #1461, #2425 ) ;
#1774 = ORIENTED_EDGE ( 'NONE', *, *, #3148, .T. ) ;
#1775 = LINE ( 'NONE', #3402, #1948 ) ;
#1776 = DIRECTION ( 'NONE',  ( -1.281329840210141783E-16, -0.000000000000000000, 1.000000000000000000 ) ) ;
#1777 = ADVANCED_FACE ( 'NONE', ( #737 ), #3302, .F. ) ;
#1778 = ADVANCED_FACE ( 'NONE', ( #802 ), #2049, .F. ) ;
#1779 = ADVANCED_FACE ( 'NONE', ( #2898 ), #2325, .T. ) ;
#1780 = ORIENTED_EDGE ( 'NONE', *, *, #2579, .T. ) ;
#1781 = DIRECTION ( 'NONE',  ( 1.668003342285391551E-16, 0.000000000000000000, 1.000000000000000000 ) ) ;
#1782 = DIRECTION ( 'NONE',  ( 0.9805806756909202226, -0.1961161351381837115, 0.000000000000000000 ) ) ;
#1783 = PLANE ( 'NONE',  #3056 ) ;
#1784 = PLANE ( 'NONE',  #3566 ) ;
#1785 = DIRECTION ( 'NONE',  ( 0.000000000000000000, -0.000000000000000000, 1.000000000000000000 ) ) ;
#1786 = EDGE_LOOP ( 'NONE', ( #618, #2854, #3861, #2206 ) ) ;
#1787 = ORIENTED_EDGE ( 'NONE', *, *, #3715, .F. ) ;
#1788 = CARTESIAN_POINT ( 'NONE',  ( 6.500000000000000000, -0.05000000000000000278, 1.749999999999998668 ) ) ;
#1789 = ORIENTED_EDGE ( 'NONE', *, *, #1515, .F. ) ;
#1790 = ORIENTED_EDGE ( 'NONE', *, *, #1999, .F. ) ;
#1791 = EDGE_LOOP ( 'NONE', ( #1976, #73, #893, #567 ) ) ;
#1792 = LINE ( 'NONE', #2205, #109 ) ;
#1793 = ORIENTED_EDGE ( 'NONE', *, *, #1706, .F. ) ;
#1794 = CARTESIAN_POINT ( 'NONE',  ( -6.303023128756144011, 8.000000000000000000, -2.000000000000000000 ) ) ;
#1795 = CARTESIAN_POINT ( 'NONE',  ( -5.810682198873156956, 10.00000000000000178, -3.522682485511306805 ) ) ;
#1796 = APPROVAL_ROLE ( '' ) ;
#1797 = LINE ( 'NONE', #3472, #429 ) ;
#1798 = CARTESIAN_POINT ( 'NONE',  ( 0.000000000000000000, -0.5500000000000000444, 0.000000000000000000 ) ) ;
#1799 = DIRECTION ( 'NONE',  ( 0.000000000000000000, 1.000000000000000000, 0.000000000000000000 ) ) ;
#1800 = LINE ( 'NONE', #215, #39 ) ;
#1801 = APPROVAL ( #3807, 'UNSPECIFIED' ) ;
#1802 = LINE ( 'NONE', #1496, #1345 ) ;
#1803 = DIRECTION ( 'NONE',  ( -1.000000000000000000, 0.000000000000000000, 0.000000000000000000 ) ) ;
#1804 = ORIENTED_EDGE ( 'NONE', *, *, #2997, .F. ) ;
#1805 = ORIENTED_EDGE ( 'NONE', *, *, #688, .F. ) ;
#1806 = DIRECTION ( 'NONE',  ( -1.000000000000000000, -0.000000000000000000, -0.000000000000000000 ) ) ;
#1807 = CARTESIAN_POINT ( 'NONE',  ( 7.099999999999998757, 5.000000000000000000, -2.000000000000000000 ) ) ;
#1808 = ORIENTED_EDGE ( 'NONE', *, *, #1652, .T. ) ;
#1809 = EDGE_LOOP ( 'NONE', ( #2727, #2779, #2473, #470 ) ) ;
#1810 = PLANE ( 'NONE',  #2645 ) ;
#1811 = ORIENTED_EDGE ( 'NONE', *, *, #3699, .F. ) ;
#1812 = VECTOR ( 'NONE', #988, 1000.000000000000000 ) ;
#1813 = VECTOR ( 'NONE', #504, 1000.000000000000000 ) ;
#1814 = LINE ( 'NONE', #194, #1353 ) ;
#1815 = DIRECTION ( 'NONE',  ( 1.000000000000000000, 0.000000000000000000, -0.000000000000000000 ) ) ;
#1816 = SHAPE_DEFINITION_REPRESENTATION ( #2004, #1073 ) ;
#1817 = AXIS2_PLACEMENT_3D ( 'NONE', #4094, #1135, #263 ) ;
#1818 = VECTOR ( 'NONE', #3762, 1000.000000000000000 ) ;
#1819 = CARTESIAN_POINT ( 'NONE',  ( -5.499999999999999112, 0.000000000000000000, -1.850000000000000755 ) ) ;
#1820 = ORIENTED_EDGE ( 'NONE', *, *, #2943, .T. ) ;
#1821 = DIRECTION ( 'NONE',  ( -1.182766006347823109E-16, 0.000000000000000000, 1.000000000000000000 ) ) ;
#1822 = DIRECTION ( 'NONE',  ( 0.000000000000000000, 0.000000000000000000, 1.000000000000000000 ) ) ;
#1823 = CARTESIAN_POINT ( 'NONE',  ( -4.499999999999999112, 0.000000000000000000, -2.100000000000000533 ) ) ;
#1824 = CARTESIAN_POINT ( 'NONE',  ( -1.250000000000000222, -0.05000000000000000278, 3.500000000000036859 ) ) ;
#1825 = CARTESIAN_POINT ( 'NONE',  ( -6.500000000000000000, 2.000000000000000000, -2.000000000000000000 ) ) ;
#1826 = ORIENTED_EDGE ( 'NONE', *, *, #3208, .F. ) ;
#1827 = EDGE_CURVE ( 'NONE', #3346, #2795, #2652, .T. ) ;
#1828 = EDGE_LOOP ( 'NONE', ( #827, #3235, #481, #2204 ) ) ;
#1829 = EDGE_CURVE ( 'NONE', #4095, #2033, #3641, .T. ) ;
#1830 = EDGE_CURVE ( 'NONE', #710, #2399, #3549, .T. ) ;
#1831 = EDGE_CURVE ( 'NONE', #1010, #3497, #450, .T. ) ;
#1832 = ORIENTED_EDGE ( 'NONE', *, *, #838, .F. ) ;
#1833 = VECTOR ( 'NONE', #826, 1000.000000000000000 ) ;
#1834 = CARTESIAN_POINT ( 'NONE',  ( 5.500000000000000000, -0.05000000000000000278, 1.749999999999998668 ) ) ;
#1835 = VECTOR ( 'NONE', #1383, 1000.000000000000000 ) ;
#1836 = VECTOR ( 'NONE', #3698, 1000.000000000000000 ) ;
#1837 = VERTEX_POINT ( 'NONE', #2574 ) ;
#1838 = DIRECTION ( 'NONE',  ( -1.000000000000000000, -0.000000000000000000, -0.000000000000000000 ) ) ;
#1839 = VECTOR ( 'NONE', #1336, 1000.000000000000000 ) ;
#1840 = LINE ( 'NONE', #1795, #4138 ) ;
#1841 = AXIS2_PLACEMENT_3D ( 'NONE', #1192, #1466, #2171 ) ;
#1842 = APPROVAL_DATE_TIME ( #3721, #2553 ) ;
#1843 = CYLINDRICAL_SURFACE ( 'NONE', #2512, 0.6500000000000002442 ) ;
#1844 = ORIENTED_EDGE ( 'NONE', *, *, #2457, .F. ) ;
#1845 = FACE_OUTER_BOUND ( 'NONE', #1991, .T. ) ;
#1846 = LINE ( 'NONE', #1236, #3034 ) ;
#1847 = DIRECTION ( 'NONE',  ( -0.000000000000000000, -0.000000000000000000, -1.000000000000000000 ) ) ;
#1848 = DIRECTION ( 'NONE',  ( 0.000000000000000000, 0.000000000000000000, -1.000000000000000000 ) ) ;
#1849 = PLANE ( 'NONE',  #2430 ) ;
#1850 = CARTESIAN_POINT ( 'NONE',  ( 0.000000000000000000, -0.05000000000000000278, 0.000000000000000000 ) ) ;
#1851 = ORIENTED_EDGE ( 'NONE', *, *, #2332, .T. ) ;
#1852 = ORIENTED_EDGE ( 'NONE', *, *, #985, .T. ) ;
#1853 = ORIENTED_EDGE ( 'NONE', *, *, #1302, .T. ) ;
#1854 = DIRECTION ( 'NONE',  ( 1.000000000000000000, 0.000000000000000000, 0.000000000000000000 ) ) ;
#1855 = EDGE_CURVE ( 'NONE', #3346, #903, #1404, .T. ) ;
#1856 = CARTESIAN_POINT ( 'NONE',  ( -6.500000000000000000, 2.000000000000000000, -2.000000000000000000 ) ) ;
#1857 = ORIENTED_EDGE ( 'NONE', *, *, #2897, .T. ) ;
#1858 = CARTESIAN_POINT ( 'NONE',  ( -0.2499999999999991396, 0.1591408342020168010, -1.927676346947565511 ) ) ;
#1859 = CARTESIAN_POINT ( 'NONE',  ( -0.2499999999999994726, -7.049999999999999822, 0.5000000000000008882 ) ) ;
#1860 = VERTEX_POINT ( 'NONE', #3285 ) ;
#1861 = EDGE_CURVE ( 'NONE', #3018, #2270, #2739, .T. ) ;
#1862 = PLANE ( 'NONE',  #1075 ) ;
#1863 = LINE ( 'NONE', #3260, #371 ) ;
#1864 = DIRECTION ( 'NONE',  ( -1.182766006347823109E-16, -0.000000000000000000, 1.000000000000000000 ) ) ;
#1865 = PLANE ( 'NONE',  #4114 ) ;
#1866 = DIRECTION ( 'NONE',  ( 0.000000000000000000, 0.000000000000000000, 1.000000000000000000 ) ) ;
#1867 = ORIENTED_EDGE ( 'NONE', *, *, #956, .F. ) ;
#1868 = ORIENTED_EDGE ( 'NONE', *, *, #1831, .F. ) ;
#1869 = CARTESIAN_POINT ( 'NONE',  ( 0.000000000000000000, 7.320785327544594878, 3.500000000000000000 ) ) ;
#1870 = EDGE_LOOP ( 'NONE', ( #1248, #1420, #765, #3822 ) ) ;
#1871 = CARTESIAN_POINT ( 'NONE',  ( 0.5000000000000013323, -1.550000000000000044, -2.100000000000000533 ) ) ;
#1872 = FACE_OUTER_BOUND ( 'NONE', #469, .T. ) ;
#1873 = EDGE_CURVE ( 'NONE', #1034, #558, #2786, .T. ) ;
#1874 = ADVANCED_FACE ( 'NONE', ( #1183 ), #1225, .F. ) ;
#1875 = ADVANCED_FACE ( 'NONE', ( #2509 ), #3770, .T. ) ;
#1876 = ORIENTED_EDGE ( 'NONE', *, *, #401, .F. ) ;
#1877 = FACE_OUTER_BOUND ( 'NONE', #1538, .T. ) ;
#1878 = CARTESIAN_POINT ( 'NONE',  ( 7.500000000000000888, 9.000000000000001776, 5.200000000000001066 ) ) ;
#1879 = CARTESIAN_POINT ( 'NONE',  ( 4.999999999999999112, -0.5500000000000000444, 1.749999999999998668 ) ) ;
#1880 = VECTOR ( 'NONE', #1847, 1000.000000000000000 ) ;
#1881 = AXIS2_PLACEMENT_3D ( 'NONE', #3533, #3195, #4107 ) ;
#1882 = LINE ( 'NONE', #3063, #1636 ) ;
#1883 = CC_DESIGN_APPROVAL ( #2553, ( #417 ) ) ;
#1884 = PLANE ( 'NONE',  #3768 ) ;
#1885 = DIRECTION ( 'NONE',  ( -1.182766006347823109E-16, -0.000000000000000000, 1.000000000000000000 ) ) ;
#1886 = ORIENTED_EDGE ( 'NONE', *, *, #3055, .T. ) ;
#1887 = ORIENTED_EDGE ( 'NONE', *, *, #4147, .F. ) ;
#1888 = ADVANCED_FACE ( 'NONE', ( #3059 ), #3142, .F. ) ;
#1889 = EDGE_LOOP ( 'NONE', ( #1931, #2347, #3417, #467 ) ) ;
#1890 = CARTESIAN_POINT ( 'NONE',  ( 0.2499999999999990286, -1.550000000000000266, 2.749999999999999556 ) ) ;
#1891 = EDGE_LOOP ( 'NONE', ( #159, #314, #140, #3951 ) ) ;
#1892 = ADVANCED_FACE ( 'NONE', ( #1534 ), #184, .F. ) ;
#1893 = VERTEX_POINT ( 'NONE', #1825 ) ;
#1894 = VECTOR ( 'NONE', #350, 1000.000000000000000 ) ;
#1895 = PLANE ( 'NONE',  #2352 ) ;
#1896 = CARTESIAN_POINT ( 'NONE',  ( -4.000000000000000888, -0.5500000000000000444, 1.749999999999925393 ) ) ;
#1897 = AXIS2_PLACEMENT_3D ( 'NONE', #117, #1382, #1674 ) ;
#1898 = VERTEX_POINT ( 'NONE', #3078 ) ;
#1899 = PLANE ( 'NONE',  #3168 ) ;
#1900 = VECTOR ( 'NONE', #2706, 1000.000000000000000 ) ;
#1901 = CARTESIAN_POINT ( 'NONE',  ( 0.5000000000000013323, -4.881171566221965463, -0.5000000000000006661 ) ) ;
#1902 = LINE ( 'NONE', #3752, #42 ) ;
#1903 = CARTESIAN_POINT ( 'NONE',  ( -3.410682198873173032, 12.00000000000001066, -3.524999999999999911 ) ) ;
#1904 = EDGE_CURVE ( 'NONE', #1188, #313, #3413, .T. ) ;
#1905 = DIRECTION ( 'NONE',  ( 1.000000000000000000, 0.000000000000000000, 0.000000000000000000 ) ) ;
#1906 = EDGE_CURVE ( 'NONE', #1893, #2472, #219, .T. ) ;
#1907 = VECTOR ( 'NONE', #3482, 1000.000000000000000 ) ;
#1908 = LINE ( 'NONE', #3916, #2284 ) ;
#1909 = FACE_OUTER_BOUND ( 'NONE', #2445, .T. ) ;
#1910 = ORIENTED_EDGE ( 'NONE', *, *, #655, .T. ) ;
#1911 = VERTEX_POINT ( 'NONE', #3431 ) ;
#1912 = EDGE_CURVE ( 'NONE', #3988, #542, #2438, .T. ) ;
#1913 = ORIENTED_EDGE ( 'NONE', *, *, #3326, .F. ) ;
#1914 = DIRECTION ( 'NONE',  ( 1.000000000000000000, 0.000000000000000000, 0.000000000000000000 ) ) ;
#1915 = PLANE ( 'NONE',  #3913 ) ;
#1916 = PLANE ( 'NONE',  #3797 ) ;
#1917 = VERTEX_POINT ( 'NONE', #823 ) ;
#1918 = PLANE ( 'NONE',  #150 ) ;
#1919 = CARTESIAN_POINT ( 'NONE',  ( 4.000000000000000000, -0.05000000000000000278, 3.500000000000000000 ) ) ;
#1920 = LINE ( 'NONE', #981, #1839 ) ;
#1921 = CARTESIAN_POINT ( 'NONE',  ( -5.499999999999999112, -0.3744267558731740886, -2.750000000000037303 ) ) ;
#1922 = EDGE_CURVE ( 'NONE', #3605, #2229, #529, .T. ) ;
#1923 = DIRECTION ( 'NONE',  ( 0.000000000000000000, 1.000000000000000000, 0.000000000000000000 ) ) ;
#1924 = CARTESIAN_POINT ( 'NONE',  ( -7.499999999999999112, 9.000000000000001776, 5.200000000000001066 ) ) ;
#1925 = DIRECTION ( 'NONE',  ( -1.000000000000000000, 0.000000000000000000, -0.000000000000000000 ) ) ;
#1926 = CC_DESIGN_PERSON_AND_ORGANIZATION_ASSIGNMENT ( #112, #173, ( #2933 ) ) ;
#1927 = ORIENTED_EDGE ( 'NONE', *, *, #2361, .F. ) ;
#1928 = ORIENTED_EDGE ( 'NONE', *, *, #660, .F. ) ;
#1929 = VERTEX_POINT ( 'NONE', #3365 ) ;
#1930 = DIRECTION ( 'NONE',  ( -1.000000000000000000, 0.000000000000000000, 0.000000000000000000 ) ) ;
#1931 = ORIENTED_EDGE ( 'NONE', *, *, #659, .T. ) ;
#1932 = CARTESIAN_POINT ( 'NONE',  ( 0.000000000000000000, 0.000000000000000000, 0.000000000000000000 ) ) ;
#1933 = ORIENTED_EDGE ( 'NONE', *, *, #812, .F. ) ;
#1934 = LINE ( 'NONE', #2315, #485 ) ;
#1935 = CARTESIAN_POINT ( 'NONE',  ( 6.903023128756143656, 5.000000000000000000, 2.000000000000000000 ) ) ;
#1936 = ADVANCED_FACE ( 'NONE', ( #2097, #490 ), #891, .F. ) ;
#1937 = DIRECTION ( 'NONE',  ( 0.000000000000000000, 0.000000000000000000, 1.000000000000000000 ) ) ;
#1938 = DIRECTION ( 'NONE',  ( 1.000000000000000000, 0.000000000000000000, -0.000000000000000000 ) ) ;
#1939 = DIRECTION ( 'NONE',  ( -1.000000000000000000, -0.000000000000000000, -0.000000000000000000 ) ) ;
#1940 = ORIENTED_EDGE ( 'NONE', *, *, #3224, .F. ) ;
#1941 = EDGE_CURVE ( 'NONE', #1578, #2595, #3119, .T. ) ;
#1942 = LINE ( 'NONE', #3264, #2719 ) ;
#1943 = CARTESIAN_POINT ( 'NONE',  ( -6.500000000000000000, 2.000000000000000000, -2.000000000000000000 ) ) ;
#1944 = CARTESIAN_POINT ( 'NONE',  ( 0.2499999999999993616, -0.5500000000000000444, -1.750000000000037970 ) ) ;
#1945 = VECTOR ( 'NONE', #3789, 1000.000000000000000 ) ;
#1946 = LINE ( 'NONE', #366, #2343 ) ;
#1947 = VECTOR ( 'NONE', #924, 1000.000000000000000 ) ;
#1948 = VECTOR ( 'NONE', #2405, 1000.000000000000000 ) ;
#1949 = VERTEX_POINT ( 'NONE', #3750 ) ;
#1950 = VERTEX_POINT ( 'NONE', #1455 ) ;
#1951 = EDGE_LOOP ( 'NONE', ( #3658, #1928, #3236, #1009, #38, #295 ) ) ;
#1952 = EDGE_CURVE ( 'NONE', #2142, #3801, #1517, .T. ) ;
#1953 = DIRECTION ( 'NONE',  ( 1.000000000000000000, 0.000000000000000000, 0.000000000000000000 ) ) ;
#1954 = ORIENTED_EDGE ( 'NONE', *, *, #2583, .T. ) ;
#1955 = ADVANCED_FACE ( 'NONE', ( #3458 ), #246, .F. ) ;
#1956 = ADVANCED_FACE ( 'NONE', ( #3097 ), #1160, .T. ) ;
#1957 = DIRECTION ( 'NONE',  ( -6.183520363003840114E-17, 0.8524543507230039063, 0.5228016640499739687 ) ) ;
#1958 = ORIENTED_EDGE ( 'NONE', *, *, #4087, .T. ) ;
#1959 = DIRECTION ( 'NONE',  ( 1.000000000000000000, 0.000000000000000000, 0.000000000000000000 ) ) ;
#1960 = CARTESIAN_POINT ( 'NONE',  ( -5.960135036185410407, 10.00000000000000178, 3.660135036185412361 ) ) ;
#1961 = CARTESIAN_POINT ( 'NONE',  ( -5.000000000000000000, -0.4954308153680547777, -2.675789429537148489 ) ) ;
#1962 = DIRECTION ( 'NONE',  ( -0.000000000000000000, -0.000000000000000000, 1.000000000000000000 ) ) ;
#1963 = VECTOR ( 'NONE', #2847, 1000.000000000000000 ) ;
#1964 = DIRECTION ( 'NONE',  ( 0.000000000000000000, -0.000000000000000000, 1.000000000000000000 ) ) ;
#1965 = VECTOR ( 'NONE', #779, 1000.000000000000000 ) ;
#1966 = CARTESIAN_POINT ( 'NONE',  ( -5.000000000000000000, 0.1591408342020003419, -1.927676346947591934 ) ) ;
#1967 = PLANE ( 'NONE',  #4051 ) ;
#1968 = VECTOR ( 'NONE', #1759, 1000.000000000000000 ) ;
#1969 = VECTOR ( 'NONE', #607, 1000.000000000000000 ) ;
#1970 = VERTEX_POINT ( 'NONE', #10 ) ;
#1971 = ORIENTED_EDGE ( 'NONE', *, *, #527, .F. ) ;
#1972 = ORIENTED_EDGE ( 'NONE', *, *, #2380, .T. ) ;
#1973 = CARTESIAN_POINT ( 'NONE',  ( -5.960135036185410407, 9.500000000000001776, -3.660135036185413249 ) ) ;
#1974 = ORIENTED_EDGE ( 'NONE', *, *, #2322, .F. ) ;
#1975 = CARTESIAN_POINT ( 'NONE',  ( 6.500000000000000000, 8.000000000000000000, -2.000000000000000000 ) ) ;
#1976 = ORIENTED_EDGE ( 'NONE', *, *, #304, .T. ) ;
#1977 = VERTEX_POINT ( 'NONE', #3879 ) ;
#1978 = DIRECTION ( 'NONE',  ( 0.000000000000000000, 0.000000000000000000, -1.000000000000000000 ) ) ;
#1979 = PLANE ( 'NONE',  #3122 ) ;
#1980 = CARTESIAN_POINT ( 'NONE',  ( 0.5000000000000013323, -0.04999999999999995420, -2.249999999999943601 ) ) ;
#1981 = EDGE_CURVE ( 'NONE', #2518, #558, #676, .T. ) ;
#1982 = ORIENTED_EDGE ( 'NONE', *, *, #708, .F. ) ;
#1983 = CARTESIAN_POINT ( 'NONE',  ( 4.000000000000000000, 0.000000000000000000, 3.500000000000000000 ) ) ;
#1984 = CARTESIAN_POINT ( 'NONE',  ( 6.500000000000000000, -0.05000000000000000278, -3.500000000000000444 ) ) ;
#1985 = CARTESIAN_POINT ( 'NONE',  ( -6.500000000000000888, -0.5500000000000000444, 1.749999999999925393 ) ) ;
#1986 = LINE ( 'NONE', #3859, #238 ) ;
#1987 = DIRECTION ( 'NONE',  ( -0.000000000000000000, 1.000000000000000000, 0.000000000000000000 ) ) ;
#1988 = ORIENTED_EDGE ( 'NONE', *, *, #1081, .T. ) ;
#1989 = ORIENTED_EDGE ( 'NONE', *, *, #3686, .T. ) ;
#1990 = CARTESIAN_POINT ( 'NONE',  ( -6.303023128756144011, 2.000000000000000000, -2.000000000000000000 ) ) ;
#1991 = EDGE_LOOP ( 'NONE', ( #13, #1790, #1868, #3287 ) ) ;
#1992 = DIRECTION ( 'NONE',  ( -1.000000000000000000, 0.000000000000000000, -0.000000000000000000 ) ) ;
#1993 = ORIENTED_EDGE ( 'NONE', *, *, #3738, .F. ) ;
#1994 = CARTESIAN_POINT ( 'NONE',  ( 5.810682198873156956, 10.00000000000000178, -3.524999999999999911 ) ) ;
#1995 = CARTESIAN_POINT ( 'NONE',  ( -5.499999999999999112, -4.881171566221965463, 0.000000000000000000 ) ) ;
#1996 = ADVANCED_FACE ( 'NONE', ( #1909 ), #3245, .T. ) ;
#1997 = DIRECTION ( 'NONE',  ( 0.000000000000000000, -0.000000000000000000, 1.000000000000000000 ) ) ;
#1998 = EDGE_CURVE ( 'NONE', #24, #407, #596, .T. ) ;
#1999 = EDGE_CURVE ( 'NONE', #3497, #1950, #327, .T. ) ;
#2000 = CARTESIAN_POINT ( 'NONE',  ( -5.499999999999999112, -1.550000000000000044, 0.000000000000000000 ) ) ;
#2001 = EDGE_CURVE ( 'NONE', #3877, #2085, #2180, .T. ) ;
#2002 = DIRECTION ( 'NONE',  ( 0.000000000000000000, -0.8524543507230039063, 0.5228016640499739687 ) ) ;
#2003 = FACE_OUTER_BOUND ( 'NONE', #1119, .T. ) ;
#2004 = PRODUCT_DEFINITION_SHAPE ( 'NONE', 'NONE',  #1138 ) ;
#2005 = DIRECTION ( 'NONE',  ( 0.000000000000000000, 0.000000000000000000, -1.000000000000000000 ) ) ;
#2006 = VERTEX_POINT ( 'NONE', #943 ) ;
#2007 = EDGE_LOOP ( 'NONE', ( #232, #2580, #3173, #15 ) ) ;
#2008 = CARTESIAN_POINT ( 'NONE',  ( -5.810682198873156956, 9.500000000000001776, -3.522682485511306805 ) ) ;
#2009 = ORIENTED_EDGE ( 'NONE', *, *, #4083, .T. ) ;
#2010 = VECTOR ( 'NONE', #1617, 1000.000000000000114 ) ;
#2011 = VECTOR ( 'NONE', #3282, 1000.000000000000000 ) ;
#2012 = VERTEX_POINT ( 'NONE', #2248 ) ;
#2013 = ADVANCED_FACE ( 'NONE', ( #2591 ), #3160, .T. ) ;
#2014 = DIRECTION ( 'NONE',  ( 0.000000000000000000, 0.000000000000000000, 1.000000000000000000 ) ) ;
#2015 = VECTOR ( 'NONE', #4053, 1000.000000000000000 ) ;
#2016 = ORIENTED_EDGE ( 'NONE', *, *, #526, .F. ) ;
#2017 = CARTESIAN_POINT ( 'NONE',  ( -0.2499999999999991396, -6.550000000000000711, -1.850000000000000533 ) ) ;
#2018 = DIRECTION ( 'NONE',  ( 0.1961161351381837115, -0.9805806756909202226, -0.000000000000000000 ) ) ;
#2019 = CARTESIAN_POINT ( 'NONE',  ( -0.2500000000000011102, -0.5500000000000000444, 1.749999999999962030 ) ) ;
#2020 = ORIENTED_EDGE ( 'NONE', *, *, #2197, .T. ) ;
#2021 = CARTESIAN_POINT ( 'NONE',  ( 0.2499999999999993616, -0.5500000000000000444, -1.750000000000037970 ) ) ;
#2022 = AXIS2_PLACEMENT_3D ( 'NONE', #994, #2998, #3586 ) ;
#2023 = DIRECTION ( 'NONE',  ( -1.000000000000000000, -0.000000000000000000, -0.000000000000000000 ) ) ;
#2024 = EDGE_CURVE ( 'NONE', #407, #1557, #1641, .T. ) ;
#2025 = LINE ( 'NONE', #1733, #3255 ) ;
#2026 = EDGE_CURVE ( 'NONE', #1484, #1328, #1946, .T. ) ;
#2027 = AXIS2_PLACEMENT_3D ( 'NONE', #2060, #3995, #1687 ) ;
#2028 = CARTESIAN_POINT ( 'NONE',  ( 6.500000000000000000, 0.000000000000000000, 3.500000000000000000 ) ) ;
#2029 = AXIS2_PLACEMENT_3D ( 'NONE', #3261, #6, #382 ) ;
#2030 = DIRECTION ( 'NONE',  ( 1.000000000000000000, 0.000000000000000000, 0.000000000000000000 ) ) ;
#2031 = ORIENTED_EDGE ( 'NONE', *, *, #2533, .T. ) ;
#2032 = AXIS2_PLACEMENT_3D ( 'NONE', #3963, #3022, #1992 ) ;
#2033 = VERTEX_POINT ( 'NONE', #2566 ) ;
#2034 = CARTESIAN_POINT ( 'NONE',  ( -6.303023128756144011, 2.000000000000000000, 2.000000000000000000 ) ) ;
#2035 = ORIENTED_EDGE ( 'NONE', *, *, #1941, .T. ) ;
#2036 = EDGE_LOOP ( 'NONE', ( #2812, #1648, #1294, #402 ) ) ;
#2037 = EDGE_CURVE ( 'NONE', #3060, #2815, #1326, .T. ) ;
#2038 = DIRECTION ( 'NONE',  ( 0.000000000000000000, 1.000000000000000000, 0.000000000000000000 ) ) ;
#2039 = VERTEX_POINT ( 'NONE', #280 ) ;
#2040 = LINE ( 'NONE', #2086, #3977 ) ;
#2041 = DIRECTION ( 'NONE',  ( 1.281329840210141783E-16, 0.000000000000000000, -1.000000000000000000 ) ) ;
#2042 = LINE ( 'NONE', #2061, #3776 ) ;
#2043 = EDGE_LOOP ( 'NONE', ( #2747, #454, #335, #1927 ) ) ;
#2044 = ORIENTED_EDGE ( 'NONE', *, *, #3278, .F. ) ;
#2045 = DIRECTION ( 'NONE',  ( 0.000000000000000000, 0.7682212795973776265, -0.6401843996644777102 ) ) ;
#2046 = CARTESIAN_POINT ( 'NONE',  ( -0.2499999999999995837, -1.550000000000000044, 1.850000000000000755 ) ) ;
#2047 = LINE ( 'NONE', #3342, #2643 ) ;
#2048 = CARTESIAN_POINT ( 'NONE',  ( 6.500000000000000000, -0.05000000000000000278, 3.500000000000000000 ) ) ;
#2049 = PLANE ( 'NONE',  #2351 ) ;
#2050 = ORIENTED_EDGE ( 'NONE', *, *, #863, .F. ) ;
#2051 = ORIENTED_EDGE ( 'NONE', *, *, #3885, .T. ) ;
#2052 = EDGE_CURVE ( 'NONE', #2513, #3487, #3559, .T. ) ;
#2053 = CARTESIAN_POINT ( 'NONE',  ( -0.2499999999999997224, -4.881171566221965463, 2.749999999999999556 ) ) ;
#2054 = EDGE_LOOP ( 'NONE', ( #788, #2420, #1456, #3986 ) ) ;
#2055 = ADVANCED_FACE ( 'NONE', ( #1554 ), #966, .T. ) ;
#2056 = EDGE_LOOP ( 'NONE', ( #2976, #1432, #1982, #879 ) ) ;
#2057 = DIRECTION ( 'NONE',  ( 0.9805806756909202226, 0.1961161351381837115, -0.000000000000000000 ) ) ;
#2058 = EDGE_LOOP ( 'NONE', ( #2867, #738, #516, #844 ) ) ;
#2059 = CARTESIAN_POINT ( 'NONE',  ( 6.500000000000000000, 2.000000000000000000, 2.000000000000000000 ) ) ;
#2060 = CARTESIAN_POINT ( 'NONE',  ( 6.903023128756143656, 5.000000000000000000, -2.000000000000000000 ) ) ;
#2061 = CARTESIAN_POINT ( 'NONE',  ( -6.500000000000000000, 8.000000000000000000, -2.000000000000000000 ) ) ;
#2062 = ORIENTED_EDGE ( 'NONE', *, *, #1007, .T. ) ;
#2063 = ADVANCED_FACE ( 'NONE', ( #3180, #2912 ), #3516, .F. ) ;
#2064 = DIRECTION ( 'NONE',  ( -1.000000000000000000, -0.000000000000000000, -0.000000000000000000 ) ) ;
#2065 = DIRECTION ( 'NONE',  ( -1.000000000000000000, 0.000000000000000000, 0.000000000000000000 ) ) ;
#2066 = LINE ( 'NONE', #1693, #3314 ) ;
#2067 = ADVANCED_FACE ( 'NONE', ( #309 ), #1575, .T. ) ;
#2068 = LINE ( 'NONE', #1112, #1835 ) ;
#2069 = DIRECTION ( 'NONE',  ( 0.000000000000000000, -0.6401843996644777102, 0.7682212795973776265 ) ) ;
#2070 = DIRECTION ( 'NONE',  ( 0.000000000000000000, -0.000000000000000000, 1.000000000000000000 ) ) ;
#2071 = ORIENTED_EDGE ( 'NONE', *, *, #4004, .F. ) ;
#2072 = ORIENTED_EDGE ( 'NONE', *, *, #3631, .F. ) ;
#2073 = CARTESIAN_POINT ( 'NONE',  ( -0.2499999999999993616, -5.225421773953994098, -0.2250663664274455689 ) ) ;
#2074 = DIRECTION ( 'NONE',  ( -0.000000000000000000, 0.000000000000000000, 1.000000000000000000 ) ) ;
#2075 = ORIENTED_EDGE ( 'NONE', *, *, #3631, .T. ) ;
#2076 = ORIENTED_EDGE ( 'NONE', *, *, #3834, .F. ) ;
#2077 = EDGE_CURVE ( 'NONE', #579, #1055, #1593, .T. ) ;
#2078 = VECTOR ( 'NONE', #1799, 1000.000000000000000 ) ;
#2079 = VECTOR ( 'NONE', #55, 1000.000000000000114 ) ;
#2080 = EDGE_CURVE ( 'NONE', #4098, #2142, #344, .T. ) ;
#2081 = LINE ( 'NONE', #3373, #845 ) ;
#2082 = EDGE_CURVE ( 'NONE', #2294, #3733, #1030, .T. ) ;
#2083 = AXIS2_PLACEMENT_3D ( 'NONE', #1291, #3664, #1427 ) ;
#2084 = VECTOR ( 'NONE', #64, 1000.000000000000000 ) ;
#2085 = VERTEX_POINT ( 'NONE', #2046 ) ;
#2086 = CARTESIAN_POINT ( 'NONE',  ( -5.810682198873156956, 10.00000000000000178, -3.524999999999999911 ) ) ;
#2087 = CARTESIAN_POINT ( 'NONE',  ( 5.960135036185412183, 9.500000000000001776, 3.660135036185412361 ) ) ;
#2088 = VECTOR ( 'NONE', #2165, 1000.000000000000000 ) ;
#2089 = CARTESIAN_POINT ( 'NONE',  ( 0.6500000000000002442, 7.320785327544594878, -4.000000000000000000 ) ) ;
#2090 = ORIENTED_EDGE ( 'NONE', *, *, #459, .T. ) ;
#2091 = CARTESIAN_POINT ( 'NONE',  ( -4.999999999999998224, -0.04999999999999995420, 2.249999999999943601 ) ) ;
#2092 = PLANE ( 'NONE',  #3105 ) ;
#2093 = FACE_OUTER_BOUND ( 'NONE', #1751, .T. ) ;
#2094 = VECTOR ( 'NONE', #2936, 1000.000000000000000 ) ;
#2095 = CARTESIAN_POINT ( 'NONE',  ( 6.500000000000000000, 8.000000000000000000, 2.000000000000000000 ) ) ;
#2096 = CARTESIAN_POINT ( 'NONE',  ( 5.500000000000000000, -0.5500000000000000444, 1.749999999999998668 ) ) ;
#2097 = FACE_BOUND ( 'NONE', #3319, .T. ) ;
#2098 = ORIENTED_EDGE ( 'NONE', *, *, #377, .T. ) ;
#2099 = VERTEX_POINT ( 'NONE', #1673 ) ;
#2100 = PLANE ( 'NONE',  #1029 ) ;
#2101 = ORIENTED_EDGE ( 'NONE', *, *, #3875, .T. ) ;
#2102 = AXIS2_PLACEMENT_3D ( 'NONE', #3336, #130, #3280 ) ;
#2103 = ORIENTED_EDGE ( 'NONE', *, *, #3560, .T. ) ;
#2104 = VECTOR ( 'NONE', #207, 1000.000000000000000 ) ;
#2105 = ORIENTED_EDGE ( 'NONE', *, *, #2943, .F. ) ;
#2106 = LINE ( 'NONE', #515, #2650 ) ;
#2107 = VECTOR ( 'NONE', #1076, 1000.000000000000114 ) ;
#2108 = ORIENTED_EDGE ( 'NONE', *, *, #272, .T. ) ;
#2109 = DIRECTION ( 'NONE',  ( -1.000000000000000000, 0.000000000000000000, 0.000000000000000000 ) ) ;
#2110 = DIRECTION ( 'NONE',  ( -1.000000000000000000, -0.000000000000000000, -0.000000000000000000 ) ) ;
#2111 = PERSON_AND_ORGANIZATION ( #681, #555 ) ;
#2112 = DIRECTION ( 'NONE',  ( -0.1961161351381839613, -0.9805806756909201116, 0.000000000000000000 ) ) ;
#2113 = CARTESIAN_POINT ( 'NONE',  ( 0.000000000000000000, -0.05000000000000000278, 0.000000000000000000 ) ) ;
#2114 = PLANE ( 'NONE',  #281 ) ;
#2115 = DIRECTION ( 'NONE',  ( 0.000000000000000000, 0.000000000000000000, -1.000000000000000000 ) ) ;
#2116 = DIRECTION ( 'NONE',  ( -1.000000000000000000, -0.000000000000000000, -0.000000000000000000 ) ) ;
#2117 = DIRECTION ( 'NONE',  ( 0.000000000000000000, -0.000000000000000000, 1.000000000000000000 ) ) ;
#2118 = ORIENTED_EDGE ( 'NONE', *, *, #3636, .T. ) ;
#2119 = ORIENTED_EDGE ( 'NONE', *, *, #4018, .T. ) ;
#2120 = CARTESIAN_POINT ( 'NONE',  ( -6.500000000000000888, 0.000000000000000000, 3.500000000000073275 ) ) ;
#2121 = ORIENTED_EDGE ( 'NONE', *, *, #2832, .F. ) ;
#2122 = ORIENTED_EDGE ( 'NONE', *, *, #4082, .T. ) ;
#2123 = DIRECTION ( 'NONE',  ( 0.9805806756909202226, -0.1961161351381839890, 0.000000000000000000 ) ) ;
#2124 = CARTESIAN_POINT ( 'NONE',  ( 0.000000000000000000, 7.320785327544594878, 3.500000000000000000 ) ) ;
#2125 = VERTEX_POINT ( 'NONE', #3953 ) ;
#2126 = CARTESIAN_POINT ( 'NONE',  ( 0.2499999999999996392, -0.1423049598321009246, -2.100000000000000533 ) ) ;
#2127 = CARTESIAN_POINT ( 'NONE',  ( -5.000000000000000000, -0.3744267558731740886, -2.750000000000037303 ) ) ;
#2128 = DATE_TIME_ROLE ( 'creation_date' ) ;
#2129 = EDGE_LOOP ( 'NONE', ( #2490, #2953, #1679, #1064 ) ) ;
#2130 = EDGE_CURVE ( 'NONE', #661, #1034, #446, .T. ) ;
#2131 = CARTESIAN_POINT ( 'NONE',  ( -5.960135036185410407, 9.500000000000001776, 3.660135036185412361 ) ) ;
#2132 = CARTESIAN_POINT ( 'NONE',  ( 6.500000000000000000, 2.000000000000000000, -2.000000000000000000 ) ) ;
#2133 = ADVANCED_FACE ( 'NONE', ( #3341 ), #1967, .F. ) ;
#2134 = PLANE ( 'NONE',  #1639 ) ;
#2135 = ADVANCED_FACE ( 'NONE', ( #3283 ), #2340, .T. ) ;
#2136 = EDGE_CURVE ( 'NONE', #2294, #1188, #3298, .T. ) ;
#2137 = ADVANCED_FACE ( 'NONE', ( #3031 ), #716, .F. ) ;
#2138 = DIRECTION ( 'NONE',  ( 0.1961161351381837115, 0.9805806756909202226, 0.000000000000000000 ) ) ;
#2139 = DIRECTION ( 'NONE',  ( 0.000000000000000000, 0.000000000000000000, 1.000000000000000000 ) ) ;
#2140 = ORIENTED_EDGE ( 'NONE', *, *, #1723, .F. ) ;
#2141 = ORIENTED_EDGE ( 'NONE', *, *, #872, .F. ) ;
#2142 = VERTEX_POINT ( 'NONE', #2648 ) ;
#2143 = CARTESIAN_POINT ( 'NONE',  ( -6.500000000000000000, 2.000000000000000000, -4.000000000000000000 ) ) ;
#2144 = ORIENTED_EDGE ( 'NONE', *, *, #2997, .T. ) ;
#2145 = VECTOR ( 'NONE', #4135, 1000.000000000000000 ) ;
#2146 = AXIS2_PLACEMENT_3D ( 'NONE', #2113, #3724, #2804 ) ;
#2147 = DIRECTION ( 'NONE',  ( 0.000000000000000000, -1.000000000000000000, 0.000000000000000000 ) ) ;
#2148 = LINE ( 'NONE', #234, #1439 ) ;
#2149 = VECTOR ( 'NONE', #2665, 1000.000000000000000 ) ;
#2150 = VECTOR ( 'NONE', #2139, 1000.000000000000000 ) ;
#2151 = VECTOR ( 'NONE', #3691, 1000.000000000000000 ) ;
#2152 = DIRECTION ( 'NONE',  ( -1.008254027998472927E-16, -0.5228016640499751899, 0.8524543507230031292 ) ) ;
#2153 = VERTEX_POINT ( 'NONE', #1984 ) ;
#2154 = DIRECTION ( 'NONE',  ( 0.000000000000000000, 1.000000000000000000, 0.000000000000000000 ) ) ;
#2155 = CARTESIAN_POINT ( 'NONE',  ( -4.499999999999999112, -2.381171566221965019, 0.5000000000000006661 ) ) ;
#2156 = CARTESIAN_POINT ( 'NONE',  ( 4.000000000000000000, -0.05000000000000000278, 1.749999999999998668 ) ) ;
#2157 = DIRECTION ( 'NONE',  ( 0.000000000000000000, -0.000000000000000000, 1.000000000000000000 ) ) ;
#2158 = CARTESIAN_POINT ( 'NONE',  ( -1.250000000000000222, -0.5500000000000000444, 1.749999999999962030 ) ) ;
#2159 = EDGE_CURVE ( 'NONE', #2701, #620, #778, .T. ) ;
#2160 = EDGE_LOOP ( 'NONE', ( #317, #2768, #1989, #513, #973, #358, #3145, #1165 ) ) ;
#2161 = ORIENTED_EDGE ( 'NONE', *, *, #3579, .T. ) ;
#2162 = ORIENTED_EDGE ( 'NONE', *, *, #258, .T. ) ;
#2163 = VECTOR ( 'NONE', #54, 1000.000000000000000 ) ;
#2164 = CYLINDRICAL_SURFACE ( 'NONE', #830, 22.25839033900579267 ) ;
#2165 = DIRECTION ( 'NONE',  ( 0.000000000000000000, 1.000000000000000000, 0.000000000000000000 ) ) ;
#2166 = EDGE_CURVE ( 'NONE', #3391, #1949, #1732, .T. ) ;
#2167 = VECTOR ( 'NONE', #794, 1000.000000000000000 ) ;
#2168 = ORIENTED_EDGE ( 'NONE', *, *, #991, .T. ) ;
#2169 = DIRECTION ( 'NONE',  ( 1.074885585201085136E-16, -0.5443120614198033724, -0.8388828164844742696 ) ) ;
#2170 = VECTOR ( 'NONE', #885, 1000.000000000000000 ) ;
#2171 = DIRECTION ( 'NONE',  ( 1.000000000000000000, 0.000000000000000000, 0.000000000000000000 ) ) ;
#2172 = VECTOR ( 'NONE', #3378, 1000.000000000000000 ) ;
#2173 = COORDINATED_UNIVERSAL_TIME_OFFSET ( 4, 0, .BEHIND. ) ;
#2174 = DIRECTION ( 'NONE',  ( -1.000000000000000000, 0.000000000000000000, 0.000000000000000000 ) ) ;
#2175 = ORIENTED_EDGE ( 'NONE', *, *, #3560, .F. ) ;
#2176 = LINE ( 'NONE', #3489, #3437 ) ;
#2177 = LINE ( 'NONE', #958, #1279 ) ;
#2178 = DIRECTION ( 'NONE',  ( -1.000000000000000000, -0.000000000000000000, -0.000000000000000000 ) ) ;
#2179 = LINE ( 'NONE', #2849, #2276 ) ;
#2180 = LINE ( 'NONE', #1257, #2145 ) ;
#2181 = VERTEX_POINT ( 'NONE', #154 ) ;
#2182 = EDGE_CURVE ( 'NONE', #71, #3798, #404, .T. ) ;
#2183 = EDGE_LOOP ( 'NONE', ( #1204, #753, #4012, #3688 ) ) ;
#2184 = EDGE_CURVE ( 'NONE', #452, #1950, #756, .T. ) ;
#2185 = CARTESIAN_POINT ( 'NONE',  ( 5.500000000000000000, -0.5500000000000000444, 1.749999999999998668 ) ) ;
#2186 = EDGE_LOOP ( 'NONE', ( #1094, #3277, #1722, #3984 ) ) ;
#2187 = EDGE_CURVE ( 'NONE', #2399, #2879, #1006, .T. ) ;
#2188 = CARTESIAN_POINT ( 'NONE',  ( 1.249999999999999334, -0.5500000000000000444, -1.750000000000037970 ) ) ;
#2189 = ORIENTED_EDGE ( 'NONE', *, *, #3561, .T. ) ;
#2190 = CARTESIAN_POINT ( 'NONE',  ( 0.000000000000000000, -0.05000000000000000278, 0.000000000000000000 ) ) ;
#2191 = LINE ( 'NONE', #3869, #503 ) ;
#2192 = EDGE_LOOP ( 'NONE', ( #2071, #3421 ) ) ;
#2193 = CARTESIAN_POINT ( 'NONE',  ( 0.000000000000000000, 7.320785327544594878, 4.000000000000000000 ) ) ;
#2194 = DIRECTION ( 'NONE',  ( 1.000000000000000000, 0.000000000000000000, -0.000000000000000000 ) ) ;
#2195 = CARTESIAN_POINT ( 'NONE',  ( -5.960135036185410407, 9.500000000000001776, 3.660135036185412361 ) ) ;
#2196 = LINE ( 'NONE', #1095, #235 ) ;
#2197 = EDGE_CURVE ( 'NONE', #2701, #3481, #3582, .T. ) ;
#2198 = FACE_OUTER_BOUND ( 'NONE', #1506, .T. ) ;
#2199 = EDGE_CURVE ( 'NONE', #2153, #257, #1692, .T. ) ;
#2200 = DIRECTION ( 'NONE',  ( -0.000000000000000000, 0.000000000000000000, 1.000000000000000000 ) ) ;
#2201 = ORIENTED_EDGE ( 'NONE', *, *, #660, .T. ) ;
#2202 = ORIENTED_EDGE ( 'NONE', *, *, #2479, .T. ) ;
#2203 = ORIENTED_EDGE ( 'NONE', *, *, #1473, .F. ) ;
#2204 = ORIENTED_EDGE ( 'NONE', *, *, #2077, .F. ) ;
#2205 = CARTESIAN_POINT ( 'NONE',  ( 6.303023128756144011, 8.000000000000000000, -4.000000000000000000 ) ) ;
#2206 = ORIENTED_EDGE ( 'NONE', *, *, #3884, .T. ) ;
#2207 = DIRECTION ( 'NONE',  ( 0.000000000000000000, 0.000000000000000000, 1.000000000000000000 ) ) ;
#2208 = ADVANCED_FACE ( 'NONE', ( #2625 ), #1660, .T. ) ;
#2209 = ORIENTED_EDGE ( 'NONE', *, *, #726, .F. ) ;
#2210 = ADVANCED_FACE ( 'NONE', ( #734 ), #2283, .F. ) ;
#2211 = CARTESIAN_POINT ( 'NONE',  ( -6.500000000000000000, 0.000000000000000000, -4.000000000000000000 ) ) ;
#2212 = ADVANCED_FACE ( 'NONE', ( #1381 ), #2668, .T. ) ;
#2213 = LINE ( 'NONE', #1896, #2241 ) ;
#2214 = EDGE_LOOP ( 'NONE', ( #3948, #2538, #2141, #3685 ) ) ;
#2215 = DIRECTION ( 'NONE',  ( 1.000000000000000000, 0.000000000000000000, 0.000000000000000000 ) ) ;
#2216 = DIRECTION ( 'NONE',  ( -1.000000000000000000, 0.000000000000000000, -0.000000000000000000 ) ) ;
#2217 = FACE_OUTER_BOUND ( 'NONE', #2744, .T. ) ;
#2218 = CARTESIAN_POINT ( 'NONE',  ( -6.500000000000000888, -0.05000000000000000278, 3.500000000000073275 ) ) ;
#2219 = CARTESIAN_POINT ( 'NONE',  ( -5.499999999999999112, -4.775409836065591662, 3.979508196721303737 ) ) ;
#2220 = VECTOR ( 'NONE', #1048, 1000.000000000000227 ) ;
#2221 = VECTOR ( 'NONE', #712, 1000.000000000000000 ) ;
#2222 = LINE ( 'NONE', #963, #2638 ) ;
#2223 = VECTOR ( 'NONE', #732, 1000.000000000000000 ) ;
#2224 = PLANE ( 'NONE',  #1412 ) ;
#2225 = DIRECTION ( 'NONE',  ( 0.000000000000000000, 0.000000000000000000, 1.000000000000000000 ) ) ;
#2226 = VECTOR ( 'NONE', #273, 1000.000000000000000 ) ;
#2227 = VERTEX_POINT ( 'NONE', #484 ) ;
#2228 = VERTEX_POINT ( 'NONE', #3763 ) ;
#2229 = VERTEX_POINT ( 'NONE', #198 ) ;
#2230 = DIRECTION ( 'NONE',  ( -0.000000000000000000, -0.000000000000000000, 1.000000000000000000 ) ) ;
#2231 = ORIENTED_EDGE ( 'NONE', *, *, #2453, .T. ) ;
#2232 = ADVANCED_FACE ( 'NONE', ( #3115 ), #3072, .F. ) ;
#2233 = DIRECTION ( 'NONE',  ( 0.000000000000000000, 0.000000000000000000, 1.000000000000000000 ) ) ;
#2234 = DIRECTION ( 'NONE',  ( 1.000000000000000000, 0.000000000000000000, 0.000000000000000000 ) ) ;
#2235 = CLOSED_SHELL ( 'NONE', ( #2063, #1332, #2137, #1888, #1035, #385, #1269, #2389, #2342, #3201, #3946, #2846, #1778, #1207, #2990, #2606, #1344, #2655, #595, #2848, #2133, #4029, #2355, #1153, #2611, #1875, #3947, #292, #4157, #2311, #707, #2305, #463, #3448 ) ) ;
#2236 = VECTOR ( 'NONE', #2178, 1000.000000000000000 ) ;
#2237 = EDGE_LOOP ( 'NONE', ( #3357, #2999, #2203, #2108, #4097, #1940, #1063, #1511, #138, #492, #2494, #1295 ) ) ;
#2238 = ORIENTED_EDGE ( 'NONE', *, *, #656, .T. ) ;
#2239 = AXIS2_PLACEMENT_3D ( 'NONE', #2442, #3392, #3511 ) ;
#2240 = LINE ( 'NONE', #1213, #3702 ) ;
#2241 = VECTOR ( 'NONE', #44, 1000.000000000000000 ) ;
#2242 = LINE ( 'NONE', #2842, #2624 ) ;
#2243 = EDGE_CURVE ( 'NONE', #1561, #3346, #881, .T. ) ;
#2244 = DIRECTION ( 'NONE',  ( 0.000000000000000000, 0.000000000000000000, -1.000000000000000000 ) ) ;
#2245 = FACE_OUTER_BOUND ( 'NONE', #2872, .T. ) ;
#2246 = CARTESIAN_POINT ( 'NONE',  ( -5.000000000000000000, -2.320009041414051509, 5.650855795964570660 ) ) ;
#2247 = DIRECTION ( 'NONE',  ( -1.000000000000000000, 0.000000000000000000, 0.000000000000000000 ) ) ;
#2248 = CARTESIAN_POINT ( 'NONE',  ( -3.410682198873173032, 12.00000000000001066, 3.524999999999999911 ) ) ;
#2249 = ORIENTED_EDGE ( 'NONE', *, *, #1319, .F. ) ;
#2250 = DIRECTION ( 'NONE',  ( 0.000000000000000000, -1.000000000000000000, 0.000000000000000000 ) ) ;
#2251 = EDGE_LOOP ( 'NONE', ( #3584, #2105, #702, #1037 ) ) ;
#2252 = ORIENTED_EDGE ( 'NONE', *, *, #3573, .F. ) ;
#2253 = DIRECTION ( 'NONE',  ( 0.000000000000000000, 0.000000000000000000, -1.000000000000000000 ) ) ;
#2254 = ADVANCED_FACE ( 'NONE', ( #1449 ), #4091, .T. ) ;
#2255 = CARTESIAN_POINT ( 'NONE',  ( -4.000000000000000888, -0.05000000000000000278, 3.500000000000073275 ) ) ;
#2256 = FACE_OUTER_BOUND ( 'NONE', #2269, .T. ) ;
#2257 = ORIENTED_EDGE ( 'NONE', *, *, #2803, .T. ) ;
#2258 = CARTESIAN_POINT ( 'NONE',  ( 0.000000000000000000, 0.000000000000000000, -2.000000000000000000 ) ) ;
#2259 = LINE ( 'NONE', #360, #2495 ) ;
#2260 = PLANE ( 'NONE',  #176 ) ;
#2261 = DIRECTION ( 'NONE',  ( -1.000000000000000000, 0.000000000000000000, -0.000000000000000000 ) ) ;
#2262 = CARTESIAN_POINT ( 'NONE',  ( -0.6500000000000002442, 7.320785327544594878, -4.000000000000000000 ) ) ;
#2263 = ORIENTED_EDGE ( 'NONE', *, *, #1086, .F. ) ;
#2264 = ADVANCED_FACE ( 'NONE', ( #1470 ), #2114, .F. ) ;
#2265 = FACE_OUTER_BOUND ( 'NONE', #1480, .T. ) ;
#2266 = DIRECTION ( 'NONE',  ( 0.000000000000000000, -0.5228016640499739687, 0.8524543507230039063 ) ) ;
#2267 = EDGE_CURVE ( 'NONE', #1668, #2006, #1155, .T. ) ;
#2268 = ADVANCED_FACE ( 'NONE', ( #214 ), #2092, .T. ) ;
#2269 = EDGE_LOOP ( 'NONE', ( #4143, #580, #2977, #2175, #1558, #185, #3883, #533, #2567, #1608, #3019, #3091, #1971, #3837, #786, #3273, #3993, #1369, #1805, #3666 ) ) ;
#2270 = VERTEX_POINT ( 'NONE', #2411 ) ;
#2271 = CARTESIAN_POINT ( 'NONE',  ( -6.500000000000000000, 0.000000000000000000, 4.000000000000000000 ) ) ;
#2272 = VERTEX_POINT ( 'NONE', #260 ) ;
#2273 = DIRECTION ( 'NONE',  ( 0.000000000000000000, 1.000000000000000000, 0.000000000000000000 ) ) ;
#2274 = ORIENTED_EDGE ( 'NONE', *, *, #1652, .F. ) ;
#2275 = DIRECTION ( 'NONE',  ( 1.000000000000000000, 0.000000000000000000, 0.000000000000000000 ) ) ;
#2276 = VECTOR ( 'NONE', #2825, 1000.000000000000000 ) ;
#2277 = CARTESIAN_POINT ( 'NONE',  ( 6.303023128756144011, 8.000000000000000000, 2.000000000000000000 ) ) ;
#2278 = CARTESIAN_POINT ( 'NONE',  ( 4.999999999999999112, -0.05000000000000000278, 1.749999999999998668 ) ) ;
#2279 = DIRECTION ( 'NONE',  ( 1.000000000000000000, 0.000000000000000000, 0.000000000000000000 ) ) ;
#2280 = FACE_OUTER_BOUND ( 'NONE', #1889, .T. ) ;
#2281 = DIRECTION ( 'NONE',  ( 0.000000000000000000, -1.000000000000000000, 0.000000000000000000 ) ) ;
#2282 = VECTOR ( 'NONE', #1401, 1000.000000000000000 ) ;
#2283 = PLANE ( 'NONE',  #1488 ) ;
#2284 = VECTOR ( 'NONE', #2281, 1000.000000000000000 ) ;
#2285 = VECTOR ( 'NONE', #2005, 1000.000000000000000 ) ;
#2286 = VECTOR ( 'NONE', #647, 1000.000000000000000 ) ;
#2287 = FACE_OUTER_BOUND ( 'NONE', #1663, .T. ) ;
#2288 = ORIENTED_EDGE ( 'NONE', *, *, #2052, .F. ) ;
#2289 = ORIENTED_EDGE ( 'NONE', *, *, #3374, .T. ) ;
#2290 = DIRECTION ( 'NONE',  ( 0.000000000000000000, 0.000000000000000000, 1.000000000000000000 ) ) ;
#2291 = ORIENTED_EDGE ( 'NONE', *, *, #3896, .F. ) ;
#2292 = CARTESIAN_POINT ( 'NONE',  ( -6.500000000000000888, -0.05000000000000000278, 1.749999999999925393 ) ) ;
#2293 = ADVANCED_FACE ( 'NONE', ( #1531 ), #4071, .F. ) ;
#2294 = VERTEX_POINT ( 'NONE', #4003 ) ;
#2295 = ORIENTED_EDGE ( 'NONE', *, *, #2957, .F. ) ;
#2296 = CARTESIAN_POINT ( 'NONE',  ( 0.000000000000000000, -0.5500000000000000444, 0.000000000000000000 ) ) ;
#2297 = FACE_OUTER_BOUND ( 'NONE', #3414, .T. ) ;
#2298 = PLANE ( 'NONE',  #767 ) ;
#2299 = VECTOR ( 'NONE', #4119, 1000.000000000000000 ) ;
#2300 = FACE_OUTER_BOUND ( 'NONE', #641, .T. ) ;
#2301 = AXIS2_PLACEMENT_3D ( 'NONE', #940, #1299, #2279 ) ;
#2302 = DIRECTION ( 'NONE',  ( 0.000000000000000000, 1.000000000000000000, 0.000000000000000000 ) ) ;
#2303 = CARTESIAN_POINT ( 'NONE',  ( 0.2499999999999993616, -0.5500000000000000444, 1.749999999999962030 ) ) ;
#2304 = VECTOR ( 'NONE', #1776, 1000.000000000000000 ) ;
#2305 = ADVANCED_FACE ( 'NONE', ( #867 ), #3427, .T. ) ;
#2306 = ORIENTED_EDGE ( 'NONE', *, *, #1391, .T. ) ;
#2307 = EDGE_LOOP ( 'NONE', ( #1626, #203, #1607, #2612 ) ) ;
#2308 = LINE ( 'NONE', #2635, #3182 ) ;
#2309 = ORIENTED_EDGE ( 'NONE', *, *, #1830, .F. ) ;
#2310 = ADVANCED_FACE ( 'NONE', ( #4025 ), #1109, .F. ) ;
#2311 = ADVANCED_FACE ( 'NONE', ( #3409 ), #1131, .F. ) ;
#2312 = DIRECTION ( 'NONE',  ( 0.000000000000000000, 0.8524543507230039063, 0.5228016640499739687 ) ) ;
#2313 = EDGE_CURVE ( 'NONE', #2633, #2006, #1180, .T. ) ;
#2314 = EDGE_LOOP ( 'NONE', ( #2569, #2952, #374, #3999, #2697, #663, #466, #168 ) ) ;
#2315 = CARTESIAN_POINT ( 'NONE',  ( -7.500000000000000888, 9.000000000000001776, -5.200000000000001066 ) ) ;
#2316 = DIRECTION ( 'NONE',  ( 0.000000000000000000, 0.000000000000000000, -1.000000000000000000 ) ) ;
#2317 = MECHANICAL_CONTEXT ( 'NONE', #1310, 'mechanical' ) ;
#2318 = ORIENTED_EDGE ( 'NONE', *, *, #1831, .T. ) ;
#2319 = DIRECTION ( 'NONE',  ( 0.000000000000000000, -0.5446390350150260851, 0.8386705679454247164 ) ) ;
#2320 = DIRECTION ( 'NONE',  ( 0.000000000000000000, 1.000000000000000000, 0.000000000000000000 ) ) ;
#2321 = DIRECTION ( 'NONE',  ( 0.000000000000000000, 0.000000000000000000, -1.000000000000000000 ) ) ;
#2322 = EDGE_CURVE ( 'NONE', #2955, #2417, #3697, .T. ) ;
#2323 = EDGE_CURVE ( 'NONE', #2873, #2833, #3747, .T. ) ;
#2324 = CARTESIAN_POINT ( 'NONE',  ( -0.2499999999999991396, -1.550000000000000044, -2.100000000000000533 ) ) ;
#2325 = PLANE ( 'NONE',  #887 ) ;
#2326 = ORIENTED_EDGE ( 'NONE', *, *, #1873, .F. ) ;
#2327 = ORIENTED_EDGE ( 'NONE', *, *, #1595, .F. ) ;
#2328 = CARTESIAN_POINT ( 'NONE',  ( 6.303023128756144011, 8.000000000000000000, -2.000000000000000000 ) ) ;
#2329 = ORIENTED_EDGE ( 'NONE', *, *, #2136, .T. ) ;
#2330 = ORIENTED_EDGE ( 'NONE', *, *, #3714, .T. ) ;
#2331 = DIRECTION ( 'NONE',  ( -1.000000000000000000, -0.000000000000000000, -0.000000000000000000 ) ) ;
#2332 = EDGE_CURVE ( 'NONE', #2723, #1188, #2242, .T. ) ;
#2333 = ORIENTED_EDGE ( 'NONE', *, *, #1906, .T. ) ;
#2334 = EDGE_CURVE ( 'NONE', #3733, #536, #338, .T. ) ;
#2335 = DIRECTION ( 'NONE',  ( 0.000000000000000000, 0.8524543507230032402, -0.5228016640499753009 ) ) ;
#2336 = FACE_OUTER_BOUND ( 'NONE', #2043, .T. ) ;
#2337 = VERTEX_POINT ( 'NONE', #1253 ) ;
#2338 = ORIENTED_EDGE ( 'NONE', *, *, #3589, .T. ) ;
#2339 = LINE ( 'NONE', #386, #1284 ) ;
#2340 = PLANE ( 'NONE',  #1074 ) ;
#2341 = CARTESIAN_POINT ( 'NONE',  ( -5.499999999999999112, -0.3744267558732961021, 2.749999999999962697 ) ) ;
#2342 = ADVANCED_FACE ( 'NONE', ( #5 ), #4128, .T. ) ;
#2343 = VECTOR ( 'NONE', #56, 1000.000000000000000 ) ;
#2344 = CARTESIAN_POINT ( 'NONE',  ( 0.5000000000000013323, 0.9921953600535364792, 0.6437894437093880651 ) ) ;
#2345 = AXIS2_PLACEMENT_3D ( 'NONE', #2526, #4149, #1273 ) ;
#2346 = CARTESIAN_POINT ( 'NONE',  ( -5.000000000000000000, -7.050000000000000711, 1.249999999999995781 ) ) ;
#2347 = ORIENTED_EDGE ( 'NONE', *, *, #3278, .T. ) ;
#2348 = EDGE_LOOP ( 'NONE', ( #379, #931, #626, #75, #3086, #3771 ) ) ;
#2349 = DIRECTION ( 'NONE',  ( -0.000000000000000000, -0.000000000000000000, 1.000000000000000000 ) ) ;
#2350 = ORIENTED_EDGE ( 'NONE', *, *, #754, .T. ) ;
#2351 = AXIS2_PLACEMENT_3D ( 'NONE', #759, #1987, #2070 ) ;
#2352 = AXIS2_PLACEMENT_3D ( 'NONE', #2211, #2147, #2554 ) ;
#2353 = VERTEX_POINT ( 'NONE', #1544 ) ;
#2354 = CARTESIAN_POINT ( 'NONE',  ( -5.000000000000000000, -5.225421773954010973, -0.2250663664274559772 ) ) ;
#2355 = ADVANCED_FACE ( 'NONE', ( #3475 ), #1238, .T. ) ;
#2356 = VERTEX_POINT ( 'NONE', #3872 ) ;
#2357 = CARTESIAN_POINT ( 'NONE',  ( -5.499999999999999112, -1.550000000000000044, -1.850000000000000755 ) ) ;
#2358 = CARTESIAN_POINT ( 'NONE',  ( -5.000000000000000000, -7.049999999999999822, -2.100000000000000977 ) ) ;
#2359 =( NAMED_UNIT ( * ) SI_UNIT ( $, .STERADIAN. ) SOLID_ANGLE_UNIT ( ) );
#2360 = VERTEX_POINT ( 'NONE', #3850 ) ;
#2361 = EDGE_CURVE ( 'NONE', #3162, #1371, #2177, .T. ) ;
#2362 = PLANE ( 'NONE',  #480 ) ;
#2363 = AXIS2_PLACEMENT_3D ( 'NONE', #3101, #3394, #512 ) ;
#2364 = CARTESIAN_POINT ( 'NONE',  ( 0.000000000000000000, -7.049999999999999822, 0.000000000000000000 ) ) ;
#2365 = EDGE_CURVE ( 'NONE', #510, #2125, #2527, .T. ) ;
#2366 = DIRECTION ( 'NONE',  ( 0.000000000000000000, 0.8524543507230039063, -0.5228016640499739687 ) ) ;
#2367 = CLOSED_SHELL ( 'NONE', ( #1584, #3406, #2208, #2212, #2710, #1169, #2676, #1525, #1292, #1390, #1874, #3717, #582, #3393 ) ) ;
#2368 = VECTOR ( 'NONE', #1962, 1000.000000000000000 ) ;
#2369 = AXIS2_PLACEMENT_3D ( 'NONE', #2344, #3701, #3301 ) ;
#2370 = CARTESIAN_POINT ( 'NONE',  ( 0.5000000000000013323, 0.000000000000000000, 1.850000000000000755 ) ) ;
#2371 = ORIENTED_EDGE ( 'NONE', *, *, #3073, .F. ) ;
#2372 = VECTOR ( 'NONE', #1101, 1000.000000000000000 ) ;
#2373 = EDGE_LOOP ( 'NONE', ( #1399, #978, #1070, #2020 ) ) ;
#2374 = CARTESIAN_POINT ( 'NONE',  ( -7.499999999999999112, 9.000000000000001776, 5.200000000000001066 ) ) ;
#2375 = ORIENTED_EDGE ( 'NONE', *, *, #3943, .F. ) ;
#2376 = VERTEX_POINT ( 'NONE', #2505 ) ;
#2377 = FACE_OUTER_BOUND ( 'NONE', #3006, .T. ) ;
#2378 = EDGE_CURVE ( 'NONE', #2227, #392, #1610, .T. ) ;
#2379 = EDGE_LOOP ( 'NONE', ( #3899, #3215, #3083, #2525 ) ) ;
#2380 = EDGE_CURVE ( 'NONE', #2730, #3547, #3534, .T. ) ;
#2381 = CARTESIAN_POINT ( 'NONE',  ( 0.2499999999999990841, -7.049999999999999822, 2.100000000000000533 ) ) ;
#2382 = LINE ( 'NONE', #3674, #909 ) ;
#2383 = DIRECTION ( 'NONE',  ( 1.182766006347823109E-16, 0.000000000000000000, -1.000000000000000000 ) ) ;
#2384 = ORIENTED_EDGE ( 'NONE', *, *, #525, .F. ) ;
#2385 = DIRECTION ( 'NONE',  ( 0.000000000000000000, 0.000000000000000000, 1.000000000000000000 ) ) ;
#2386 = CARTESIAN_POINT ( 'NONE',  ( 0.2499999999999993616, -0.5500000000000000444, 1.749999999999962030 ) ) ;
#2387 = PLANE ( 'NONE',  #964 ) ;
#2388 = DIRECTION ( 'NONE',  ( -0.000000000000000000, 0.8388828164844742696, 0.5443120614198033724 ) ) ;
#2389 = ADVANCED_FACE ( 'NONE', ( #2217 ), #939, .T. ) ;
#2390 = DIRECTION ( 'NONE',  ( -0.000000000000000000, -0.000000000000000000, 1.000000000000000000 ) ) ;
#2391 = EDGE_CURVE ( 'NONE', #4013, #2033, #1274, .T. ) ;
#2392 = LINE ( 'NONE', #4075, #2015 ) ;
#2393 = CARTESIAN_POINT ( 'NONE',  ( -5.000000000000000000, -4.881171566221965463, 0.5000000000000006661 ) ) ;
#2394 = ORIENTED_EDGE ( 'NONE', *, *, #771, .T. ) ;
#2395 = ADVANCED_FACE ( 'NONE', ( #3509 ), #610, .T. ) ;
#2396 = ORIENTED_EDGE ( 'NONE', *, *, #1215, .T. ) ;
#2397 = CARTESIAN_POINT ( 'NONE',  ( 6.500000000000000000, -0.05000000000000000278, 3.500000000000000000 ) ) ;
#2398 = CARTESIAN_POINT ( 'NONE',  ( 5.810682198873156956, 9.500000000000001776, -3.522682485511306805 ) ) ;
#2399 = VERTEX_POINT ( 'NONE', #2864 ) ;
#2400 = EDGE_LOOP ( 'NONE', ( #1851, #871, #3037, #1434 ) ) ;
#2401 = ORIENTED_EDGE ( 'NONE', *, *, #2428, .F. ) ;
#2402 = FACE_OUTER_BOUND ( 'NONE', #2996, .T. ) ;
#2403 = CARTESIAN_POINT ( 'NONE',  ( 4.000000000000000000, 0.000000000000000000, -3.500000000000000444 ) ) ;
#2404 = ORIENTED_EDGE ( 'NONE', *, *, #129, .F. ) ;
#2405 = DIRECTION ( 'NONE',  ( 0.000000000000000000, -1.000000000000000000, 0.000000000000000000 ) ) ;
#2406 = CARTESIAN_POINT ( 'NONE',  ( 6.303023128756144011, 2.000000000000000000, 2.000000000000000000 ) ) ;
#2407 = LINE ( 'NONE', #2019, #2149 ) ;
#2408 = DIRECTION ( 'NONE',  ( -0.000000000000000000, -0.000000000000000000, -1.000000000000000000 ) ) ;
#2409 = ORIENTED_EDGE ( 'NONE', *, *, #1343, .T. ) ;
#2410 = PLANE ( 'NONE',  #3638 ) ;
#2411 = CARTESIAN_POINT ( 'NONE',  ( -5.499999999999999112, -0.1423049598321009246, 2.100000000000000533 ) ) ;
#2412 = DIRECTION ( 'NONE',  ( -1.000000000000000000, 0.000000000000000000, 0.000000000000000000 ) ) ;
#2413 = DIRECTION ( 'NONE',  ( 0.000000000000000000, 0.000000000000000000, 1.000000000000000000 ) ) ;
#2414 = CARTESIAN_POINT ( 'NONE',  ( -0.2500000000000001110, -2.320009041414067941, 5.650855795964598194 ) ) ;
#2415 = CARTESIAN_POINT ( 'NONE',  ( -5.499999999999999112, 0.000000000000000000, 2.100000000000000533 ) ) ;
#2416 = ORIENTED_EDGE ( 'NONE', *, *, #1340, .T. ) ;
#2417 = VERTEX_POINT ( 'NONE', #591 ) ;
#2418 = CARTESIAN_POINT ( 'NONE',  ( 0.5000000000000013323, -0.4954308153680547777, 2.675789429537148489 ) ) ;
#2419 = LINE ( 'NONE', #2374, #1503 ) ;
#2420 = ORIENTED_EDGE ( 'NONE', *, *, #3087, .T. ) ;
#2421 = ORIENTED_EDGE ( 'NONE', *, *, #1723, .T. ) ;
#2422 = VERTEX_POINT ( 'NONE', #4108 ) ;
#2423 = VECTOR ( 'NONE', #980, 1000.000000000000000 ) ;
#2424 = VECTOR ( 'NONE', #957, 1000.000000000000227 ) ;
#2425 = DIRECTION ( 'NONE',  ( 0.000000000000000000, 0.000000000000000000, -1.000000000000000000 ) ) ;
#2426 = ORIENTED_EDGE ( 'NONE', *, *, #46, .F. ) ;
#2427 = DIRECTION ( 'NONE',  ( -1.000000000000000000, -0.000000000000000000, -0.000000000000000000 ) ) ;
#2428 = EDGE_CURVE ( 'NONE', #3016, #1929, #2543, .T. ) ;
#2429 = DIRECTION ( 'NONE',  ( 0.000000000000000000, 0.000000000000000000, 1.000000000000000000 ) ) ;
#2430 = AXIS2_PLACEMENT_3D ( 'NONE', #2785, #2465, #2157 ) ;
#2431 = SECURITY_CLASSIFICATION_LEVEL ( 'unclassified' ) ;
#2432 = CARTESIAN_POINT ( 'NONE',  ( 0.2499999999999995837, -0.05000000000000000278, -1.750000000000037526 ) ) ;
#2433 = DIRECTION ( 'NONE',  ( -1.000000000000000000, -0.000000000000000000, -0.000000000000000000 ) ) ;
#2434 = DIRECTION ( 'NONE',  ( 0.000000000000000000, 0.000000000000000000, -1.000000000000000000 ) ) ;
#2435 = LINE ( 'NONE', #1239, #103 ) ;
#2436 = VECTOR ( 'NONE', #3331, 1000.000000000000000 ) ;
#2437 = LINE ( 'NONE', #3729, #2830 ) ;
#2438 = LINE ( 'NONE', #2809, #2150 ) ;
#2439 = ORIENTED_EDGE ( 'NONE', *, *, #2267, .T. ) ;
#2440 = VECTOR ( 'NONE', #3449, 1000.000000000000000 ) ;
#2441 = ORIENTED_EDGE ( 'NONE', *, *, #3349, .T. ) ;
#2442 = CARTESIAN_POINT ( 'NONE',  ( -5.960135036185410407, 9.500000000000001776, -3.660135036185413249 ) ) ;
#2443 = AXIS2_PLACEMENT_3D ( 'NONE', #3269, #2250, #2593 ) ;
#2444 = CARTESIAN_POINT ( 'NONE',  ( 6.303023128756144011, 2.000000000000000000, 2.000000000000000000 ) ) ;
#2445 = EDGE_LOOP ( 'NONE', ( #2799, #1789, #1072, #2726 ) ) ;
#2446 = VECTOR ( 'NONE', #1337, 1000.000000000000000 ) ;
#2447 = CLOSED_SHELL ( 'NONE', ( #91, #3253, #853, #412, #1892, #3465, #1956, #1111, #474, #3329, #834, #2293, #1039, #553, #2523, #2232, #842, #1027, #3955, #2310, #2210, #1996, #1779, #2532, #123, #2938, #2013, #1003, #3843, #782, #1205, #4112, #102, #1450 ) ) ;
#2448 = VECTOR ( 'NONE', #3070, 1000.000000000000114 ) ;
#2449 = VERTEX_POINT ( 'NONE', #322 ) ;
#2450 = CARTESIAN_POINT ( 'NONE',  ( -5.810682198873156956, 9.500000000000001776, -3.522682485511306805 ) ) ;
#2451 = VECTOR ( 'NONE', #1625, 1000.000000000000000 ) ;
#2452 = CC_DESIGN_DATE_AND_TIME_ASSIGNMENT ( #1232, #3424, ( #3847 ) ) ;
#2453 = EDGE_CURVE ( 'NONE', #3817, #623, #1214, .T. ) ;
#2454 = VERTEX_POINT ( 'NONE', #651 ) ;
#2455 = EDGE_CURVE ( 'NONE', #3760, #1052, #3238, .T. ) ;
#2456 = CARTESIAN_POINT ( 'NONE',  ( 0.5000000000000013323, 0.9921953600535364792, -0.6437894437093880651 ) ) ;
#2457 = EDGE_CURVE ( 'NONE', #649, #1602, #2259, .T. ) ;
#2458 = DIRECTION ( 'NONE',  ( 1.000000000000000000, 0.000000000000000000, -0.000000000000000000 ) ) ;
#2459 = EDGE_CURVE ( 'NONE', #1309, #2600, #1863, .T. ) ;
#2460 = LINE ( 'NONE', #2733, #3257 ) ;
#2461 = VERTEX_POINT ( 'NONE', #1960 ) ;
#2462 = PLANE ( 'NONE',  #2146 ) ;
#2463 = DIRECTION ( 'NONE',  ( -0.000000000000000000, 1.000000000000000000, -0.000000000000000000 ) ) ;
#2464 = CARTESIAN_POINT ( 'NONE',  ( 4.999999999999999112, -0.5500000000000000444, 1.749999999999998668 ) ) ;
#2465 = DIRECTION ( 'NONE',  ( -0.000000000000000000, 1.000000000000000000, 0.000000000000000000 ) ) ;
#2466 = DIRECTION ( 'NONE',  ( -0.000000000000000000, 0.000000000000000000, 1.000000000000000000 ) ) ;
#2467 = ORIENTED_EDGE ( 'NONE', *, *, #856, .T. ) ;
#2468 = ORIENTED_EDGE ( 'NONE', *, *, #3208, .T. ) ;
#2469 = LINE ( 'NONE', #1765, #438 ) ;
#2470 = VERTEX_POINT ( 'NONE', #1318 ) ;
#2471 = APPLICATION_CONTEXT ( 'configuration controlled 3d designs of mechanical parts and assemblies' ) ;
#2472 = VERTEX_POINT ( 'NONE', #51 ) ;
#2473 = ORIENTED_EDGE ( 'NONE', *, *, #177, .F. ) ;
#2474 = CARTESIAN_POINT ( 'NONE',  ( -6.500000000000000888, -0.05000000000000000278, 1.749999999999925393 ) ) ;
#2475 = ORIENTED_EDGE ( 'NONE', *, *, #435, .T. ) ;
#2476 = DIRECTION ( 'NONE',  ( 0.000000000000000000, 0.000000000000000000, 1.000000000000000000 ) ) ;
#2477 = CARTESIAN_POINT ( 'NONE',  ( -5.499999999999999112, -1.550000000000000044, 2.100000000000000533 ) ) ;
#2478 = PERSON_AND_ORGANIZATION ( #681, #555 ) ;
#2479 = EDGE_CURVE ( 'NONE', #191, #3942, #1633, .T. ) ;
#2480 = VERTEX_POINT ( 'NONE', #691 ) ;
#2481 = CARTESIAN_POINT ( 'NONE',  ( -5.000000000000000888, -0.05000000000000000278, -1.750000000000074607 ) ) ;
#2482 = DIRECTION ( 'NONE',  ( 0.000000000000000000, 0.000000000000000000, 1.000000000000000000 ) ) ;
#2483 = DIRECTION ( 'NONE',  ( 1.000000000000000000, -0.000000000000000000, -0.000000000000000000 ) ) ;
#2484 = CARTESIAN_POINT ( 'NONE',  ( 4.000000000000000000, -0.5500000000000000444, 1.749999999999998668 ) ) ;
#2485 = CARTESIAN_POINT ( 'NONE',  ( -0.2499999999999991951, 0.1311460005513813698, -1.654124485598426286 ) ) ;
#2486 = ORIENTED_EDGE ( 'NONE', *, *, #1645, .T. ) ;
#2487 = EDGE_LOOP ( 'NONE', ( #2753, #859, #601, #3467 ) ) ;
#2488 = DIRECTION ( 'NONE',  ( 6.698813726587494074E-17, -0.8524543507230039063, -0.5228016640499739687 ) ) ;
#2489 = EDGE_CURVE ( 'NONE', #107, #4013, #2602, .T. ) ;
#2490 = ORIENTED_EDGE ( 'NONE', *, *, #113, .T. ) ;
#2491 = EDGE_LOOP ( 'NONE', ( #2289, #3, #967, #1190 ) ) ;
#2492 = FACE_OUTER_BOUND ( 'NONE', #1287, .T. ) ;
#2493 = DIRECTION ( 'NONE',  ( 0.1961161351381837115, -0.9805806756909202226, -0.000000000000000000 ) ) ;
#2494 = ORIENTED_EDGE ( 'NONE', *, *, #3525, .T. ) ;
#2495 = VECTOR ( 'NONE', #2823, 1000.000000000000000 ) ;
#2496 = VECTOR ( 'NONE', #482, 1000.000000000000000 ) ;
#2497 = DIRECTION ( 'NONE',  ( 1.182766006347823109E-16, 0.000000000000000000, -1.000000000000000000 ) ) ;
#2498 = DIRECTION ( 'NONE',  ( 9.086260148608047909E-17, -0.6401843996644777102, -0.7682212795973776265 ) ) ;
#2499 = APPROVAL_DATE_TIME ( #2683, #143 ) ;
#2500 = AXIS2_PLACEMENT_3D ( 'NONE', #3730, #1761, #3388 ) ;
#2501 = VECTOR ( 'NONE', #1172, 1000.000000000000227 ) ;
#2502 = EDGE_CURVE ( 'NONE', #1917, #3741, #3011, .T. ) ;
#2503 = ORIENTED_EDGE ( 'NONE', *, *, #3761, .T. ) ;
#2504 = LINE ( 'NONE', #630, #1618 ) ;
#2505 = CARTESIAN_POINT ( 'NONE',  ( 0.2499999999999991396, -6.550000000000000711, 1.850000000000000533 ) ) ;
#2506 = DIRECTION ( 'NONE',  ( 0.000000000000000000, 0.000000000000000000, 1.000000000000000000 ) ) ;
#2507 = EDGE_CURVE ( 'NONE', #24, #828, #1363, .T. ) ;
#2508 = CARTESIAN_POINT ( 'NONE',  ( 4.000000000000000000, -0.05000000000000000278, 1.749999999999998668 ) ) ;
#2509 = FACE_OUTER_BOUND ( 'NONE', #3531, .T. ) ;
#2510 = ORIENTED_EDGE ( 'NONE', *, *, #1267, .T. ) ;
#2511 = ORIENTED_EDGE ( 'NONE', *, *, #2631, .F. ) ;
#2512 = AXIS2_PLACEMENT_3D ( 'NONE', #4104, #1211, #2174 ) ;
#2513 = VERTEX_POINT ( 'NONE', #3300 ) ;
#2514 = VECTOR ( 'NONE', #342, 1000.000000000000114 ) ;
#2515 = CARTESIAN_POINT ( 'NONE',  ( -5.000000000000000000, -4.881171566221965463, 2.749999999999962697 ) ) ;
#2516 = CARTESIAN_POINT ( 'NONE',  ( 6.500000000000000000, 0.000000000000000000, -4.000000000000000000 ) ) ;
#2517 = VECTOR ( 'NONE', #3512, 1000.000000000000000 ) ;
#2518 = VERTEX_POINT ( 'NONE', #2341 ) ;
#2519 = LINE ( 'NONE', #3169, #685 ) ;
#2520 = LINE ( 'NONE', #3254, #1040 ) ;
#2521 = AXIS2_PLACEMENT_3D ( 'NONE', #1975, #2057, #378 ) ;
#2522 = CALENDAR_DATE ( 2025, 28, 6 ) ;
#2523 = ADVANCED_FACE ( 'NONE', ( #2969 ), #3678, .F. ) ;
#2524 = EDGE_CURVE ( 'NONE', #1315, #824, #90, .T. ) ;
#2525 = ORIENTED_EDGE ( 'NONE', *, *, #3023, .T. ) ;
#2526 = CARTESIAN_POINT ( 'NONE',  ( 0.000000000000000000, 0.000000000000000000, 0.000000000000000000 ) ) ;
#2527 = LINE ( 'NONE', #2905, #77 ) ;
#2528 = CARTESIAN_POINT ( 'NONE',  ( -6.500000000000000888, -0.05000000000000000278, 3.500000000000073275 ) ) ;
#2529 = CARTESIAN_POINT ( 'NONE',  ( 0.5000000000000013323, -2.381171566221965019, 0.5000000000000006661 ) ) ;
#2530 = LINE ( 'NONE', #987, #884 ) ;
#2531 = DIRECTION ( 'NONE',  ( 0.000000000000000000, 0.000000000000000000, 1.000000000000000000 ) ) ;
#2532 = ADVANCED_FACE ( 'NONE', ( #486 ), #2387, .T. ) ;
#2533 = EDGE_CURVE ( 'NONE', #2595, #3620, #2025, .T. ) ;
#2534 = EDGE_CURVE ( 'NONE', #3487, #2760, #2649, .T. ) ;
#2535 = VERTEX_POINT ( 'NONE', #3639 ) ;
#2536 = ORIENTED_EDGE ( 'NONE', *, *, #1750, .T. ) ;
#2537 = FACE_OUTER_BOUND ( 'NONE', #916, .T. ) ;
#2538 = ORIENTED_EDGE ( 'NONE', *, *, #265, .T. ) ;
#2539 = CARTESIAN_POINT ( 'NONE',  ( -5.000000000000000000, -2.381171566221965019, 0.5000000000000006661 ) ) ;
#2540 = CARTESIAN_POINT ( 'NONE',  ( -6.500000000000000888, -0.05000000000000000278, -3.499999999999927169 ) ) ;
#2541 = VERTEX_POINT ( 'NONE', #3615 ) ;
#2542 = LINE ( 'NONE', #3827, #1489 ) ;
#2543 = LINE ( 'NONE', #1901, #3774 ) ;
#2544 = PLANE ( 'NONE',  #3521 ) ;
#2545 = CARTESIAN_POINT ( 'NONE',  ( 0.000000000000000000, 7.320785327544594878, -3.500000000000000000 ) ) ;
#2546 = DIRECTION ( 'NONE',  ( -1.000000000000000000, -0.000000000000000000, -0.000000000000000000 ) ) ;
#2547 = CARTESIAN_POINT ( 'NONE',  ( -0.2500000000000011102, -0.5500000000000000444, -1.750000000000037970 ) ) ;
#2548 = ORIENTED_EDGE ( 'NONE', *, *, #3875, .F. ) ;
#2549 = DIRECTION ( 'NONE',  ( 0.000000000000000000, 0.000000000000000000, 1.000000000000000000 ) ) ;
#2550 = ORIENTED_EDGE ( 'NONE', *, *, #274, .F. ) ;
#2551 = ORIENTED_EDGE ( 'NONE', *, *, #1417, .F. ) ;
#2552 = CARTESIAN_POINT ( 'NONE',  ( 0.2499999999999993616, -0.5500000000000000444, 1.749999999999962030 ) ) ;
#2553 = APPROVAL ( #3405, 'UNSPECIFIED' ) ;
#2554 = DIRECTION ( 'NONE',  ( 0.000000000000000000, -0.000000000000000000, -1.000000000000000000 ) ) ;
#2555 = CARTESIAN_POINT ( 'NONE',  ( 6.500000000000000000, 0.000000000000000000, -4.000000000000000000 ) ) ;
#2556 = ORIENTED_EDGE ( 'NONE', *, *, #3267, .T. ) ;
#2557 = DIRECTION ( 'NONE',  ( 0.000000000000000000, -0.5228016640499751899, -0.8524543507230031292 ) ) ;
#2558 = CARTESIAN_POINT ( 'NONE',  ( -6.500000000000000000, 0.000000000000000000, 4.000000000000000000 ) ) ;
#2559 = DIRECTION ( 'NONE',  ( 0.000000000000000000, 0.000000000000000000, 1.000000000000000000 ) ) ;
#2560 = PLANE ( 'NONE',  #3795 ) ;
#2561 = VECTOR ( 'NONE', #3478, 1000.000000000000000 ) ;
#2562 = VECTOR ( 'NONE', #2931, 1000.000000000000000 ) ;
#2563 = CARTESIAN_POINT ( 'NONE',  ( 0.5000000000000013323, -0.1423049598321009246, -2.100000000000000533 ) ) ;
#2564 = LOCAL_TIME ( 13, 47, 47.00000000000000000, #131 ) ;
#2565 = CARTESIAN_POINT ( 'NONE',  ( 0.5000000000000013323, -6.550000000000000711, 1.850000000000000533 ) ) ;
#2566 = CARTESIAN_POINT ( 'NONE',  ( 6.903023128756143656, 5.000000000000000000, 2.000000000000000000 ) ) ;
#2567 = ORIENTED_EDGE ( 'NONE', *, *, #1922, .T. ) ;
#2568 = CARTESIAN_POINT ( 'NONE',  ( -6.903023128756143656, 5.000000000000000000, 2.000000000000000000 ) ) ;
#2569 = ORIENTED_EDGE ( 'NONE', *, *, #2502, .T. ) ;
#2570 = ORIENTED_EDGE ( 'NONE', *, *, #3926, .F. ) ;
#2571 = CARTESIAN_POINT ( 'NONE',  ( 6.500000000000000000, -0.5500000000000000444, 1.749999999999998668 ) ) ;
#2572 = ORIENTED_EDGE ( 'NONE', *, *, #411, .T. ) ;
#2573 = VECTOR ( 'NONE', #2349, 1000.000000000000000 ) ;
#2574 = CARTESIAN_POINT ( 'NONE',  ( -5.000000000000000000, -2.381171566221965019, -0.5000000000000006661 ) ) ;
#2575 = FACE_OUTER_BOUND ( 'NONE', #807, .T. ) ;
#2576 = EDGE_CURVE ( 'NONE', #4095, #704, #425, .T. ) ;
#2577 = VECTOR ( 'NONE', #1110, 1000.000000000000000 ) ;
#2578 = EDGE_CURVE ( 'NONE', #1744, #107, #3032, .T. ) ;
#2579 = EDGE_CURVE ( 'NONE', #3271, #2810, #2066, .T. ) ;
#2580 = ORIENTED_EDGE ( 'NONE', *, *, #3845, .F. ) ;
#2581 = ORIENTED_EDGE ( 'NONE', *, *, #4158, .F. ) ;
#2582 = VECTOR ( 'NONE', #3829, 1000.000000000000000 ) ;
#2583 = EDGE_CURVE ( 'NONE', #828, #704, #819, .T. ) ;
#2584 = CARTESIAN_POINT ( 'NONE',  ( -0.2499999999999990286, -0.3744267558731740886, -2.750000000000037303 ) ) ;
#2585 = VECTOR ( 'NONE', #1041, 1000.000000000000000 ) ;
#2586 = DIRECTION ( 'NONE',  ( 0.000000000000000000, 0.000000000000000000, 1.000000000000000000 ) ) ;
#2587 = DIRECTION ( 'NONE',  ( 0.000000000000000000, 0.000000000000000000, -1.000000000000000000 ) ) ;
#2588 = DIRECTION ( 'NONE',  ( 0.000000000000000000, 1.000000000000000000, 0.000000000000000000 ) ) ;
#2589 = LINE ( 'NONE', #1255, #2163 ) ;
#2590 = DIRECTION ( 'NONE',  ( -1.000000000000000000, -0.000000000000000000, -0.000000000000000000 ) ) ;
#2591 = FACE_OUTER_BOUND ( 'NONE', #1143, .T. ) ;
#2592 = ORIENTED_EDGE ( 'NONE', *, *, #1577, .F. ) ;
#2593 = DIRECTION ( 'NONE',  ( 0.000000000000000000, -0.000000000000000000, -1.000000000000000000 ) ) ;
#2594 = VERTEX_POINT ( 'NONE', #3284 ) ;
#2595 = VERTEX_POINT ( 'NONE', #405 ) ;
#2596 = CARTESIAN_POINT ( 'NONE',  ( 4.000000000000000000, -0.05000000000000000278, 3.500000000000000000 ) ) ;
#2597 = ORIENTED_EDGE ( 'NONE', *, *, #1391, .F. ) ;
#2598 = LINE ( 'NONE', #2540, #1702 ) ;
#2599 = ORIENTED_EDGE ( 'NONE', *, *, #3181, .T. ) ;
#2600 = VERTEX_POINT ( 'NONE', #1758 ) ;
#2601 = CARTESIAN_POINT ( 'NONE',  ( 0.000000000000000000, 7.320785327544594878, 4.000000000000000000 ) ) ;
#2602 = LINE ( 'NONE', #2277, #1099 ) ;
#2603 = DIRECTION ( 'NONE',  ( 0.000000000000000000, 0.6401843996644777102, 0.7682212795973776265 ) ) ;
#2604 = CARTESIAN_POINT ( 'NONE',  ( 1.249999999999999334, 0.000000000000000000, -3.499999999999963585 ) ) ;
#2605 = CARTESIAN_POINT ( 'NONE',  ( 5.810682198873156956, 10.00000000000000178, -3.522682485511306805 ) ) ;
#2606 = ADVANCED_FACE ( 'NONE', ( #2003 ), #2991, .F. ) ;
#2607 = CARTESIAN_POINT ( 'NONE',  ( 0.5000000000000013323, -4.881171566221965463, 0.5000000000000006661 ) ) ;
#2608 = CARTESIAN_POINT ( 'NONE',  ( 6.500000000000000000, 2.000000000000000000, -2.000000000000000000 ) ) ;
#2609 = CARTESIAN_POINT ( 'NONE',  ( 4.000000000000000000, -0.05000000000000000278, -3.500000000000000444 ) ) ;
#2610 = ORIENTED_EDGE ( 'NONE', *, *, #2457, .T. ) ;
#2611 = ADVANCED_FACE ( 'NONE', ( #2669 ), #3954, .T. ) ;
#2612 = ORIENTED_EDGE ( 'NONE', *, *, #4085, .T. ) ;
#2613 = FACE_OUTER_BOUND ( 'NONE', #2007, .T. ) ;
#2614 = ORIENTED_EDGE ( 'NONE', *, *, #1121, .F. ) ;
#2615 = CARTESIAN_POINT ( 'NONE',  ( 0.000000000000000000, -7.049999999999999822, -1.249999999999998446 ) ) ;
#2616 = MANIFOLD_SOLID_BREP ( 'MatrizL1', #2447 ) ;
#2617 = ORIENTED_EDGE ( 'NONE', *, *, #1267, .F. ) ;
#2618 = CARTESIAN_POINT ( 'NONE',  ( -5.499999999999999112, -7.049999999999999822, 2.749999999999962697 ) ) ;
#2619 = LINE ( 'NONE', #2906, #968 ) ;
#2620 = DIRECTION ( 'NONE',  ( 1.000000000000000000, 0.000000000000000000, 0.000000000000000000 ) ) ;
#2621 = CARTESIAN_POINT ( 'NONE',  ( -0.2500000000000011102, -0.5500000000000000444, 1.749999999999962030 ) ) ;
#2622 = MANIFOLD_SOLID_BREP ( 'Saliente-Extruir8[1]', #2367 ) ;
#2623 = CARTESIAN_POINT ( 'NONE',  ( 0.2499999999999990841, -0.4954308153680547777, 2.675789429537148489 ) ) ;
#2624 = VECTOR ( 'NONE', #3810, 1000.000000000000000 ) ;
#2625 = FACE_OUTER_BOUND ( 'NONE', #268, .T. ) ;
#2626 = VECTOR ( 'NONE', #213, 1000.000000000000000 ) ;
#2627 = EDGE_CURVE ( 'NONE', #662, #145, #1402, .T. ) ;
#2628 = VECTOR ( 'NONE', #4031, 1000.000000000000000 ) ;
#2629 = VECTOR ( 'NONE', #2109, 1000.000000000000000 ) ;
#2630 = EDGE_CURVE ( 'NONE', #912, #494, #3978, .T. ) ;
#2631 = EDGE_CURVE ( 'NONE', #3451, #710, #2047, .T. ) ;
#2632 = ORIENTED_EDGE ( 'NONE', *, *, #2930, .T. ) ;
#2633 = VERTEX_POINT ( 'NONE', #4005 ) ;
#2634 = VECTOR ( 'NONE', #2069, 1000.000000000000114 ) ;
#2635 = CARTESIAN_POINT ( 'NONE',  ( -5.499999999999999112, -0.05000000000000000278, 2.749999999999962697 ) ) ;
#2636 = VERTEX_POINT ( 'NONE', #242 ) ;
#2637 = CARTESIAN_POINT ( 'NONE',  ( -5.499999999999999112, 0.9921953600535364792, -0.6437894437093880651 ) ) ;
#2638 = VECTOR ( 'NONE', #3578, 1000.000000000000000 ) ;
#2639 = ORIENTED_EDGE ( 'NONE', *, *, #2630, .F. ) ;
#2640 = DIRECTION ( 'NONE',  ( 1.000000000000000000, 0.000000000000000000, 0.000000000000000000 ) ) ;
#2641 = EDGE_CURVE ( 'NONE', #392, #3587, #3384, .T. ) ;
#2642 = CARTESIAN_POINT ( 'NONE',  ( -4.499999999999999112, -1.550000000000000044, 2.100000000000000533 ) ) ;
#2643 = VECTOR ( 'NONE', #2714, 1000.000000000000000 ) ;
#2644 = EDGE_CURVE ( 'NONE', #3713, #1744, #907, .T. ) ;
#2645 = AXIS2_PLACEMENT_3D ( 'NONE', #2143, #1437, #809 ) ;
#2646 = ORIENTED_EDGE ( 'NONE', *, *, #3450, .F. ) ;
#2647 = DIRECTION ( 'NONE',  ( -1.000000000000000000, 0.000000000000000000, 0.000000000000000000 ) ) ;
#2648 = CARTESIAN_POINT ( 'NONE',  ( -1.250000000000000222, -0.5500000000000000444, 1.749999999999962030 ) ) ;
#2649 = LINE ( 'NONE', #799, #1836 ) ;
#2650 = VECTOR ( 'NONE', #3399, 1000.000000000000000 ) ;
#2651 = CARTESIAN_POINT ( 'NONE',  ( -5.499999999999999112, -0.1423049598321009246, -2.100000000000000533 ) ) ;
#2652 = LINE ( 'NONE', #3938, #153 ) ;
#2653 = ORIENTED_EDGE ( 'NONE', *, *, #602, .T. ) ;
#2654 = ORIENTED_EDGE ( 'NONE', *, *, #2313, .F. ) ;
#2655 = ADVANCED_FACE ( 'NONE', ( #4109 ), #3748, .F. ) ;
#2656 = LINE ( 'NONE', #391, #1433 ) ;
#2657 = ORIENTED_EDGE ( 'NONE', *, *, #1023, .F. ) ;
#2658 = EDGE_CURVE ( 'NONE', #2422, #1229, #1532, .T. ) ;
#2659 = EDGE_CURVE ( 'NONE', #2858, #390, #2435, .T. ) ;
#2660 = CARTESIAN_POINT ( 'NONE',  ( -5.499999999999999112, -0.4954308153680547777, -2.675789429537148489 ) ) ;
#2661 = VERTEX_POINT ( 'NONE', #848 ) ;
#2662 = FACE_BOUND ( 'NONE', #47, .T. ) ;
#2663 = ADVANCED_FACE ( 'NONE', ( #3094 ), #2134, .F. ) ;
#2664 = LINE ( 'NONE', #3950, #2920 ) ;
#2665 = DIRECTION ( 'NONE',  ( -0.000000000000000000, 1.000000000000000000, -0.000000000000000000 ) ) ;
#2666 = ORIENTED_EDGE ( 'NONE', *, *, #2479, .F. ) ;
#2667 = DIRECTION ( 'NONE',  ( -1.000000000000000000, -0.000000000000000000, -0.000000000000000000 ) ) ;
#2668 = PLANE ( 'NONE',  #616 ) ;
#2669 = FACE_OUTER_BOUND ( 'NONE', #1600, .T. ) ;
#2670 = PLANE ( 'NONE',  #3123 ) ;
#2671 = DIRECTION ( 'NONE',  ( 0.000000000000000000, -0.6401843996644777102, -0.7682212795973776265 ) ) ;
#2672 = ORIENTED_EDGE ( 'NONE', *, *, #2844, .F. ) ;
#2673 = EDGE_LOOP ( 'NONE', ( #3459, #923, #114, #761 ) ) ;
#2674 = LINE ( 'NONE', #723, #3456 ) ;
#2675 = EDGE_LOOP ( 'NONE', ( #3029, #3130, #2875, #1043 ) ) ;
#2676 = ADVANCED_FACE ( 'NONE', ( #3410 ), #592, .F. ) ;
#2677 = EDGE_LOOP ( 'NONE', ( #930, #498, #253, #894 ) ) ;
#2678 = DIRECTION ( 'NONE',  ( 0.000000000000000000, -0.000000000000000000, 1.000000000000000000 ) ) ;
#2679 = EDGE_CURVE ( 'NONE', #3646, #3419, #1800, .T. ) ;
#2680 = ORIENTED_EDGE ( 'NONE', *, *, #1038, .T. ) ;
#2681 = DIRECTION ( 'NONE',  ( 1.000000000000000000, 0.000000000000000000, 0.000000000000000000 ) ) ;
#2682 = LINE ( 'NONE', #2358, #1435 ) ;
#2683 = DATE_AND_TIME ( #1398, #2564 ) ;
#2684 = ORIENTED_EDGE ( 'NONE', *, *, #3275, .F. ) ;
#2685 = CARTESIAN_POINT ( 'NONE',  ( -0.2499999999999989175, -0.04999999999999995420, -2.249999999999943601 ) ) ;
#2686 = CARTESIAN_POINT ( 'NONE',  ( 1.249999999999999334, 0.000000000000000000, 3.500000000000036859 ) ) ;
#2687 = CARTESIAN_POINT ( 'NONE',  ( 6.303023128756144011, 2.000000000000000000, -4.000000000000000000 ) ) ;
#2688 = CARTESIAN_POINT ( 'NONE',  ( -4.499999999999999112, 0.9921953600535364792, 0.6437894437093880651 ) ) ;
#2689 = VECTOR ( 'NONE', #1090, 1000.000000000000000 ) ;
#2690 = DIRECTION ( 'NONE',  ( 1.000000000000000000, 0.000000000000000000, 0.000000000000000000 ) ) ;
#2691 = VECTOR ( 'NONE', #4, 1000.000000000000000 ) ;
#2692 = LINE ( 'NONE', #1068, #483 ) ;
#2693 = ORIENTED_EDGE ( 'NONE', *, *, #913, .F. ) ;
#2694 = VERTEX_POINT ( 'NONE', #2782 ) ;
#2695 = EDGE_CURVE ( 'NONE', #3583, #3337, #1198, .T. ) ;
#2696 = CARTESIAN_POINT ( 'NONE',  ( 5.500000000000000000, -0.5500000000000000444, -1.750000000000001332 ) ) ;
#2697 = ORIENTED_EDGE ( 'NONE', *, *, #265, .F. ) ;
#2698 = VECTOR ( 'NONE', #1270, 1000.000000000000000 ) ;
#2699 = AXIS2_PLACEMENT_3D ( 'NONE', #2258, #3625, #669 ) ;
#2700 = EDGE_CURVE ( 'NONE', #2461, #1561, #4072, .T. ) ;
#2701 = VERTEX_POINT ( 'NONE', #2464 ) ;
#2702 = VERTEX_POINT ( 'NONE', #1216 ) ;
#2703 = FACE_BOUND ( 'NONE', #1245, .T. ) ;
#2704 = EDGE_LOOP ( 'NONE', ( #806, #804, #3025, #1459 ) ) ;
#2705 = CARTESIAN_POINT ( 'NONE',  ( 6.500000000000000000, -0.5500000000000000444, 1.749999999999998668 ) ) ;
#2706 = DIRECTION ( 'NONE',  ( -1.281329840210141783E-16, -0.000000000000000000, 1.000000000000000000 ) ) ;
#2707 = EDGE_CURVE ( 'NONE', #615, #2955, #2845, .T. ) ;
#2708 = DIRECTION ( 'NONE',  ( 0.000000000000000000, 0.000000000000000000, 1.000000000000000000 ) ) ;
#2709 = EDGE_CURVE ( 'NONE', #4014, #2594, #545, .T. ) ;
#2710 = ADVANCED_FACE ( 'NONE', ( #3454 ), #882, .T. ) ;
#2711 = FACE_OUTER_BOUND ( 'NONE', #58, .T. ) ;
#2712 = AXIS2_PLACEMENT_3D ( 'NONE', #2545, #3831, #3538 ) ;
#2713 = DIRECTION ( 'NONE',  ( 1.000000000000000000, 0.000000000000000000, -0.000000000000000000 ) ) ;
#2714 = DIRECTION ( 'NONE',  ( 0.000000000000000000, 1.000000000000000000, 0.000000000000000000 ) ) ;
#2715 = AXIS2_PLACEMENT_3D ( 'NONE', #1823, #1471, #278 ) ;
#2716 = CARTESIAN_POINT ( 'NONE',  ( -5.499999999999999112, -4.775409836065591662, -3.979508196721303737 ) ) ;
#2717 = FACE_OUTER_BOUND ( 'NONE', #1809, .T. ) ;
#2718 = CARTESIAN_POINT ( 'NONE',  ( -5.000000000000000000, -0.1423049598321009246, -2.100000000000000533 ) ) ;
#2719 = VECTOR ( 'NONE', #364, 1000.000000000000000 ) ;
#2720 = CARTESIAN_POINT ( 'NONE',  ( -4.499999999999999112, -0.3744267558731740886, -2.750000000000037303 ) ) ;
#2721 = EDGE_LOOP ( 'NONE', ( #2937, #2231, #2599, #1100, #96, #1244, #3672, #1347 ) ) ;
#2722 = VECTOR ( 'NONE', #3806, 1000.000000000000000 ) ;
#2723 = VERTEX_POINT ( 'NONE', #3074 ) ;
#2724 = CARTESIAN_POINT ( 'NONE',  ( -0.2499999999999997780, -7.049999999999999822, -1.250000000000000000 ) ) ;
#2725 = FACE_OUTER_BOUND ( 'NONE', #395, .T. ) ;
#2726 = ORIENTED_EDGE ( 'NONE', *, *, #2746, .F. ) ;
#2727 = ORIENTED_EDGE ( 'NONE', *, *, #1827, .T. ) ;
#2728 = EDGE_LOOP ( 'NONE', ( #2486, #3736, #1993, #728 ) ) ;
#2729 = CARTESIAN_POINT ( 'NONE',  ( 5.960135036185412183, 9.500000000000001776, -3.660135036185413249 ) ) ;
#2730 = VERTEX_POINT ( 'NONE', #2156 ) ;
#2731 = LINE ( 'NONE', #3377, #2151 ) ;
#2732 = DIRECTION ( 'NONE',  ( 1.281329840210141783E-16, 0.000000000000000000, -1.000000000000000000 ) ) ;
#2733 = CARTESIAN_POINT ( 'NONE',  ( -6.903023128756143656, 5.000000000000000000, -2.000000000000000000 ) ) ;
#2734 = VERTEX_POINT ( 'NONE', #572 ) ;
#2735 = CARTESIAN_POINT ( 'NONE',  ( -6.500000000000000888, 0.000000000000000000, -3.499999999999927169 ) ) ;
#2736 = CARTESIAN_POINT ( 'NONE',  ( -4.499999999999999112, 0.000000000000000000, -0.5000000000000006661 ) ) ;
#2737 = DIRECTION ( 'NONE',  ( 0.000000000000000000, 0.000000000000000000, 1.000000000000000000 ) ) ;
#2738 = CARTESIAN_POINT ( 'NONE',  ( -5.000000000000000000, -9.017213114754078163, 1.110655737704907331 ) ) ;
#2739 = LINE ( 'NONE', #2415, #3441 ) ;
#2740 = VERTEX_POINT ( 'NONE', #3138 ) ;
#2741 = ORIENTED_EDGE ( 'NONE', *, *, #1998, .F. ) ;
#2742 = LINE ( 'NONE', #3734, #4073 ) ;
#2743 = PLANE ( 'NONE',  #2851 ) ;
#2744 = EDGE_LOOP ( 'NONE', ( #2291, #434, #2396, #2653 ) ) ;
#2745 = EDGE_LOOP ( 'NONE', ( #3887, #2940, #1853, #3328 ) ) ;
#2746 = EDGE_CURVE ( 'NONE', #810, #1408, #261, .T. ) ;
#2747 = ORIENTED_EDGE ( 'NONE', *, *, #401, .T. ) ;
#2748 = DIRECTION ( 'NONE',  ( 0.000000000000000000, 0.000000000000000000, -1.000000000000000000 ) ) ;
#2749 = VERTEX_POINT ( 'NONE', #3476 ) ;
#2750 = LINE ( 'NONE', #169, #3242 ) ;
#2751 = DIRECTION ( 'NONE',  ( 1.000000000000000000, 0.000000000000000000, 0.000000000000000000 ) ) ;
#2752 = PERSON_AND_ORGANIZATION ( #681, #555 ) ;
#2753 = ORIENTED_EDGE ( 'NONE', *, *, #1829, .T. ) ;
#2754 = DIRECTION ( 'NONE',  ( -0.000000000000000000, 1.000000000000000000, 0.000000000000000000 ) ) ;
#2755 = DIRECTION ( 'NONE',  ( -0.000000000000000000, 1.000000000000000000, 0.000000000000000000 ) ) ;
#2756 = CARTESIAN_POINT ( 'NONE',  ( 6.500000000000000000, 8.000000000000000000, -2.000000000000000000 ) ) ;
#2757 = CARTESIAN_POINT ( 'NONE',  ( 4.000000000000000888, -0.5500000000000000444, -1.750000000000001332 ) ) ;
#2758 = CARTESIAN_POINT ( 'NONE',  ( 0.000000000000000000, 7.320785327544594878, -3.500000000000000000 ) ) ;
#2759 = ORIENTED_EDGE ( 'NONE', *, *, #985, .F. ) ;
#2760 = VERTEX_POINT ( 'NONE', #2528 ) ;
#2761 = ADVANCED_FACE ( 'NONE', ( #2093, #506 ), #1783, .F. ) ;
#2762 = CARTESIAN_POINT ( 'NONE',  ( -5.499999999999999112, -7.049999999999999822, 1.249999999999995781 ) ) ;
#2763 = ORIENTED_EDGE ( 'NONE', *, *, #3699, .T. ) ;
#2764 = ADVANCED_FACE ( 'NONE', ( #2245 ), #2560, .F. ) ;
#2765 = EDGE_CURVE ( 'NONE', #336, #3271, #1002, .T. ) ;
#2766 = ORIENTED_EDGE ( 'NONE', *, *, #3128, .F. ) ;
#2767 = ADVANCED_FACE ( 'NONE', ( #66 ), #341, .T. ) ;
#2768 = ORIENTED_EDGE ( 'NONE', *, *, #160, .F. ) ;
#2769 = AXIS2_PLACEMENT_3D ( 'NONE', #1243, #1925, #2200 ) ;
#2770 = EDGE_CURVE ( 'NONE', #1021, #2701, #1590, .T. ) ;
#2771 = VECTOR ( 'NONE', #2557, 1000.000000000000114 ) ;
#2772 = CARTESIAN_POINT ( 'NONE',  ( -4.499999999999999112, -0.3744267558732961021, 2.749999999999962697 ) ) ;
#2773 = LOCAL_TIME ( 13, 47, 47.00000000000000000, #2173 ) ;
#2774 = ORIENTED_EDGE ( 'NONE', *, *, #3544, .F. ) ;
#2775 = CARTESIAN_POINT ( 'NONE',  ( -5.960135036185410407, 9.500000000000001776, -3.660135036185413249 ) ) ;
#2776 = LINE ( 'NONE', #878, #2304 ) ;
#2777 = AXIS2_PLACEMENT_3D ( 'NONE', #1943, #3612, #421 ) ;
#2778 = PERSON_AND_ORGANIZATION ( #681, #555 ) ;
#2779 = ORIENTED_EDGE ( 'NONE', *, *, #3821, .F. ) ;
#2780 = CARTESIAN_POINT ( 'NONE',  ( 4.999999999999999112, -0.5500000000000000444, -1.750000000000001332 ) ) ;
#2781 = CARTESIAN_POINT ( 'NONE',  ( -5.810682198873156956, 9.500000000000001776, 3.522682485511306805 ) ) ;
#2782 = CARTESIAN_POINT ( 'NONE',  ( 0.2499999999999993616, -4.881171566221965463, 0.5000000000000006661 ) ) ;
#2783 = EDGE_CURVE ( 'NONE', #578, #3820, #28, .T. ) ;
#2784 = VECTOR ( 'NONE', #1721, 1000.000000000000000 ) ;
#2785 = CARTESIAN_POINT ( 'NONE',  ( -4.499999999999999112, -1.550000000000000044, 0.000000000000000000 ) ) ;
#2786 = LINE ( 'NONE', #870, #2628 ) ;
#2787 = EDGE_LOOP ( 'NONE', ( #2309, #2511, #1560, #1678 ) ) ;
#2788 = ORIENTED_EDGE ( 'NONE', *, *, #2534, .F. ) ;
#2789 = CARTESIAN_POINT ( 'NONE',  ( -5.810682198873156956, 10.00000000000000178, -3.522682485511306805 ) ) ;
#2790 = EDGE_LOOP ( 'NONE', ( #1346, #3656, #3039 ) ) ;
#2791 = AXIS2_PLACEMENT_3D ( 'NONE', #3054, #2321, #1049 ) ;
#2792 = VECTOR ( 'NONE', #1634, 1000.000000000000000 ) ;
#2793 = ORIENTED_EDGE ( 'NONE', *, *, #729, .T. ) ;
#2794 = VECTOR ( 'NONE', #2732, 1000.000000000000000 ) ;
#2795 = VERTEX_POINT ( 'NONE', #3262 ) ;
#2796 = EDGE_CURVE ( 'NONE', #1970, #145, #3853, .T. ) ;
#2797 = PLANE ( 'NONE',  #1773 ) ;
#2798 = EDGE_CURVE ( 'NONE', #2099, #1227, #436, .T. ) ;
#2799 = ORIENTED_EDGE ( 'NONE', *, *, #3226, .T. ) ;
#2800 = CARTESIAN_POINT ( 'NONE',  ( -1.950996509470595885, 7.808377172716929771, -3.524999999999999911 ) ) ;
#2801 = LINE ( 'NONE', #539, #2925 ) ;
#2802 = ORIENTED_EDGE ( 'NONE', *, *, #2459, .T. ) ;
#2803 = EDGE_CURVE ( 'NONE', #2227, #903, #653, .T. ) ;
#2804 = DIRECTION ( 'NONE',  ( 0.000000000000000000, -0.000000000000000000, 1.000000000000000000 ) ) ;
#2805 = DIRECTION ( 'NONE',  ( 1.000000000000000000, 0.000000000000000000, -0.000000000000000000 ) ) ;
#2806 = DIRECTION ( 'NONE',  ( 0.000000000000000000, 0.000000000000000000, 1.000000000000000000 ) ) ;
#2807 = CARTESIAN_POINT ( 'NONE',  ( -5.960135036185410407, 9.500000000000001776, 3.660135036185412361 ) ) ;
#2808 = CARTESIAN_POINT ( 'NONE',  ( -6.303023128756144011, 2.000000000000000000, -4.000000000000000000 ) ) ;
#2809 = CARTESIAN_POINT ( 'NONE',  ( -7.099999999999998757, 5.000000000000000000, -2.000000000000000000 ) ) ;
#2810 = VERTEX_POINT ( 'NONE', #1921 ) ;
#2811 = ORIENTED_EDGE ( 'NONE', *, *, #2428, .T. ) ;
#2812 = ORIENTED_EDGE ( 'NONE', *, *, #953, .T. ) ;
#2813 = DIRECTION ( 'NONE',  ( 1.000000000000000000, 0.000000000000000000, 0.000000000000000000 ) ) ;
#2814 = CARTESIAN_POINT ( 'NONE',  ( 5.500000000000000000, -0.5500000000000000444, -1.750000000000001332 ) ) ;
#2815 = VERTEX_POINT ( 'NONE', #1657 ) ;
#2816 = LINE ( 'NONE', #921, #3710 ) ;
#2817 = DIRECTION ( 'NONE',  ( 1.000000000000000000, 0.000000000000000000, -0.000000000000000000 ) ) ;
#2818 = EDGE_CURVE ( 'NONE', #2099, #2012, #2945, .T. ) ;
#2819 = COORDINATED_UNIVERSAL_TIME_OFFSET ( 4, 0, .BEHIND. ) ;
#2820 = EDGE_CURVE ( 'NONE', #2480, #2815, #3491, .T. ) ;
#2821 = EDGE_LOOP ( 'NONE', ( #3435, #1933, #1457, #3565, #1623, #3307, #3787, #2072, #1409, #3036, #3135, #808 ) ) ;
#2822 = FACE_OUTER_BOUND ( 'NONE', #1653, .T. ) ;
#2823 = DIRECTION ( 'NONE',  ( -0.000000000000000000, 1.000000000000000000, -0.000000000000000000 ) ) ;
#2824 = DIRECTION ( 'NONE',  ( -0.1961161351381837115, 0.9805806756909202226, -0.000000000000000000 ) ) ;
#2825 = DIRECTION ( 'NONE',  ( -1.000000000000000000, -0.000000000000000000, -0.000000000000000000 ) ) ;
#2826 = DIRECTION ( 'NONE',  ( -0.000000000000000000, 1.000000000000000000, 0.000000000000000000 ) ) ;
#2827 = LINE ( 'NONE', #283, #2982 ) ;
#2828 = ORIENTED_EDGE ( 'NONE', *, *, #1394, .F. ) ;
#2829 = EDGE_CURVE ( 'NONE', #2749, #3817, #3177, .T. ) ;
#2830 = VECTOR ( 'NONE', #2116, 1000.000000000000000 ) ;
#2831 = CARTESIAN_POINT ( 'NONE',  ( -0.2499999999999990286, -0.4954308153680547777, -2.675789429537148489 ) ) ;
#2832 = EDGE_CURVE ( 'NONE', #370, #3605, #926, .T. ) ;
#2833 = VERTEX_POINT ( 'NONE', #1254 ) ;
#2834 = AXIS2_PLACEMENT_3D ( 'NONE', #3857, #3814, #3835 ) ;
#2835 = AXIS2_PLACEMENT_3D ( 'NONE', #2988, #1065, #2319 ) ;
#2836 = CARTESIAN_POINT ( 'NONE',  ( 4.000000000000000000, 0.000000000000000000, -3.500000000000000444 ) ) ;
#2837 = DIRECTION ( 'NONE',  ( 0.000000000000000000, 0.000000000000000000, 1.000000000000000000 ) ) ;
#2838 = VECTOR ( 'NONE', #3279, 1000.000000000000000 ) ;
#2839 = CARTESIAN_POINT ( 'NONE',  ( 5.500000000000000000, -0.05000000000000000278, -1.750000000000001332 ) ) ;
#2840 = ORIENTED_EDGE ( 'NONE', *, *, #393, .T. ) ;
#2841 = DIRECTION ( 'NONE',  ( 0.000000000000000000, 0.000000000000000000, 1.000000000000000000 ) ) ;
#2842 = CARTESIAN_POINT ( 'NONE',  ( 0.2499999999999993616, -0.05000000000000000278, 1.749999999999962030 ) ) ;
#2843 = VECTOR ( 'NONE', #1603, 1000.000000000000000 ) ;
#2844 = EDGE_CURVE ( 'NONE', #4140, #4089, #3382, .T. ) ;
#2845 = LINE ( 'NONE', #3428, #1565 ) ;
#2846 = ADVANCED_FACE ( 'NONE', ( #672 ), #2544, .F. ) ;
#2847 = DIRECTION ( 'NONE',  ( -1.000000000000000000, -0.000000000000000000, -0.000000000000000000 ) ) ;
#2848 = ADVANCED_FACE ( 'NONE', ( #3555 ), #324, .F. ) ;
#2849 = CARTESIAN_POINT ( 'NONE',  ( -6.500000000000000888, -0.5500000000000000444, 1.749999999999925393 ) ) ;
#2850 = CARTESIAN_POINT ( 'NONE',  ( 0.000000000000000000, 7.320785327544594878, 3.500000000000000000 ) ) ;
#2851 = AXIS2_PLACEMENT_3D ( 'NONE', #3416, #204, #3667 ) ;
#2852 = ORIENTED_EDGE ( 'NONE', *, *, #45, .T. ) ;
#2853 = VECTOR ( 'NONE', #3960, 1000.000000000000000 ) ;
#2854 = ORIENTED_EDGE ( 'NONE', *, *, #3095, .F. ) ;
#2855 = CARTESIAN_POINT ( 'NONE',  ( 5.500000000000000000, -0.05000000000000000278, -1.750000000000001332 ) ) ;
#2856 = LINE ( 'NONE', #1856, #3176 ) ;
#2857 = AXIS2_PLACEMENT_3D ( 'NONE', #3322, #156, #448 ) ;
#2858 = VERTEX_POINT ( 'NONE', #3240 ) ;
#2859 = DIRECTION ( 'NONE',  ( 0.5446390350150263071, 0.8386705679454246054, 0.000000000000000000 ) ) ;
#2860 = CARTESIAN_POINT ( 'NONE',  ( 1.249999999999999334, -0.05000000000000000278, 3.500000000000036859 ) ) ;
#2861 = VECTOR ( 'NONE', #210, 1000.000000000000000 ) ;
#2862 = ORIENTED_EDGE ( 'NONE', *, *, #2361, .T. ) ;
#2863 = DIRECTION ( 'NONE',  ( -0.000000000000000000, 0.000000000000000000, 1.000000000000000000 ) ) ;
#2864 = CARTESIAN_POINT ( 'NONE',  ( 1.249999999999999334, 0.000000000000000000, 3.500000000000036859 ) ) ;
#2865 = DIRECTION ( 'NONE',  ( 0.000000000000000000, -0.6401843996644777102, -0.7682212795973776265 ) ) ;
#2866 = CARTESIAN_POINT ( 'NONE',  ( 6.303023128756144011, 8.000000000000000000, 2.000000000000000000 ) ) ;
#2867 = ORIENTED_EDGE ( 'NONE', *, *, #1576, .F. ) ;
#2868 = DIRECTION ( 'NONE',  ( 1.000000000000000000, 0.000000000000000000, -0.000000000000000000 ) ) ;
#2869 = CARTESIAN_POINT ( 'NONE',  ( 0.5000000000000013323, -1.327916433467341450, 2.165234388002261756 ) ) ;
#2870 = DIRECTION ( 'NONE',  ( 0.000000000000000000, 1.000000000000000000, 0.000000000000000000 ) ) ;
#2871 = ORIENTED_EDGE ( 'NONE', *, *, #1220, .T. ) ;
#2872 = EDGE_LOOP ( 'NONE', ( #3816, #3962, #3484, #4059 ) ) ;
#2873 = VERTEX_POINT ( 'NONE', #1635 ) ;
#2874 = DIRECTION ( 'NONE',  ( -1.182766006347823109E-16, 0.000000000000000000, 1.000000000000000000 ) ) ;
#2875 = ORIENTED_EDGE ( 'NONE', *, *, #3755, .F. ) ;
#2876 = CARTESIAN_POINT ( 'NONE',  ( -5.810682198873156956, 10.00000000000000178, -3.524999999999999911 ) ) ;
#2877 = FACE_OUTER_BOUND ( 'NONE', #1951, .T. ) ;
#2878 = CARTESIAN_POINT ( 'NONE',  ( 5.960135036185412183, 9.500000000000001776, -3.660135036185413249 ) ) ;
#2879 = VERTEX_POINT ( 'NONE', #2604 ) ;
#2880 = CARTESIAN_POINT ( 'NONE',  ( 0.2499999999999991396, -0.05000000000000000278, 1.749999999999962030 ) ) ;
#2881 = CARTESIAN_POINT ( 'NONE',  ( -6.500000000000000888, -0.05000000000000000278, 3.500000000000073275 ) ) ;
#2882 = LINE ( 'NONE', #1320, #1642 ) ;
#2883 = CARTESIAN_POINT ( 'NONE',  ( -5.000000000000000888, -0.5500000000000000444, 1.749999999999925393 ) ) ;
#2884 = CARTESIAN_POINT ( 'NONE',  ( -7.099999999999998757, 5.000000000000000000, -2.000000000000000000 ) ) ;
#2885 = CARTESIAN_POINT ( 'NONE',  ( 0.2499999999999996669, -0.4954308153680547777, -2.675789429537148489 ) ) ;
#2886 = DIRECTION ( 'NONE',  ( -0.000000000000000000, -0.000000000000000000, 1.000000000000000000 ) ) ;
#2887 = CARTESIAN_POINT ( 'NONE',  ( -4.499999999999999112, -4.881171566221965463, -0.5000000000000006661 ) ) ;
#2888 = ORIENTED_EDGE ( 'NONE', *, *, #1167, .T. ) ;
#2889 = ORIENTED_EDGE ( 'NONE', *, *, #3008, .T. ) ;
#2890 = ADVANCED_FACE ( 'NONE', ( #3575 ), #731, .T. ) ;
#2891 = ORIENTED_EDGE ( 'NONE', *, *, #1706, .T. ) ;
#2892 = ADVANCED_FACE ( 'NONE', ( #1045, #1025 ), #2298, .T. ) ;
#2893 = LINE ( 'NONE', #2552, #3193 ) ;
#2894 = ADVANCED_FACE ( 'NONE', ( #458 ), #1979, .T. ) ;
#2895 = CARTESIAN_POINT ( 'NONE',  ( -7.500000000000000888, 9.000000000000001776, -5.199999999999999289 ) ) ;
#2896 = EDGE_CURVE ( 'NONE', #542, #2472, #1082, .T. ) ;
#2897 = EDGE_CURVE ( 'NONE', #3881, #3583, #1376, .T. ) ;
#2898 = FACE_OUTER_BOUND ( 'NONE', #4056, .T. ) ;
#2899 = PLANE ( 'NONE',  #43 ) ;
#2900 = VECTOR ( 'NONE', #696, 1000.000000000000114 ) ;
#2901 = VECTOR ( 'NONE', #68, 1000.000000000000000 ) ;
#2902 = ORIENTED_EDGE ( 'NONE', *, *, #1086, .T. ) ;
#2903 = ORIENTED_EDGE ( 'NONE', *, *, #1302, .F. ) ;
#2904 = LINE ( 'NONE', #938, #2691 ) ;
#2905 = CARTESIAN_POINT ( 'NONE',  ( -7.500000000000000888, 9.000000000000001776, -5.199999999999999289 ) ) ;
#2906 = CARTESIAN_POINT ( 'NONE',  ( -5.499999999999999112, -2.381171566221965019, 0.000000000000000000 ) ) ;
#2907 = DIRECTION ( 'NONE',  ( 1.000000000000000000, 0.000000000000000000, 0.000000000000000000 ) ) ;
#2908 = VECTOR ( 'NONE', #976, 1000.000000000000114 ) ;
#2909 = VECTOR ( 'NONE', #4122, 1000.000000000000000 ) ;
#2910 = LINE ( 'NONE', #2605, #633 ) ;
#2911 = CARTESIAN_POINT ( 'NONE',  ( 0.5000000000000013323, 0.000000000000000000, 0.5000000000000006661 ) ) ;
#2912 = FACE_OUTER_BOUND ( 'NONE', #3737, .T. ) ;
#2913 = ORIENTED_EDGE ( 'NONE', *, *, #411, .F. ) ;
#2914 = ORIENTED_EDGE ( 'NONE', *, *, #1595, .T. ) ;
#2915 = CARTESIAN_POINT ( 'NONE',  ( -5.000000000000000000, -0.5500000000000000444, -1.750000000000074607 ) ) ;
#2916 = VECTOR ( 'NONE', #1458, 1000.000000000000000 ) ;
#2917 = EDGE_CURVE ( 'NONE', #145, #3271, #1106, .T. ) ;
#2918 = LINE ( 'NONE', #1314, #1572 ) ;
#2919 = VECTOR ( 'NONE', #368, 1000.000000000000000 ) ;
#2920 = VECTOR ( 'NONE', #1061, 1000.000000000000000 ) ;
#2921 = EDGE_LOOP ( 'NONE', ( #3311, #1793, #1774, #3367 ) ) ;
#2922 = ORIENTED_EDGE ( 'NONE', *, *, #3067, .T. ) ;
#2923 = VECTOR ( 'NONE', #1425, 1000.000000000000000 ) ;
#2924 = LINE ( 'NONE', #1686, #356 ) ;
#2925 = VECTOR ( 'NONE', #2751, 1000.000000000000000 ) ;
#2926 = CARTESIAN_POINT ( 'NONE',  ( 6.500000000000000000, -0.05000000000000000278, 3.500000000000000000 ) ) ;
#2927 = DIRECTION ( 'NONE',  ( -0.000000000000000000, 1.000000000000000000, -0.000000000000000000 ) ) ;
#2928 = CARTESIAN_POINT ( 'NONE',  ( 7.499999999999999112, 9.000000000000001776, -5.199999999999999289 ) ) ;
#2929 = CARTESIAN_POINT ( 'NONE',  ( 5.810682198873156956, 9.500000000000001776, 3.522682485511306805 ) ) ;
#2930 = EDGE_CURVE ( 'NONE', #1055, #530, #2664, .T. ) ;
#2931 = DIRECTION ( 'NONE',  ( 0.000000000000000000, 0.000000000000000000, -1.000000000000000000 ) ) ;
#2932 = CARTESIAN_POINT ( 'NONE',  ( -5.499999999999999112, 0.9921953600535364792, 0.6437894437093880651 ) ) ;
#2933 = PRODUCT ( 'SwitchOnOff', 'SwitchOnOff', '', ( #2317 ) ) ;
#2934 = ORIENTED_EDGE ( 'NONE', *, *, #2037, .T. ) ;
#2935 = ORIENTED_EDGE ( 'NONE', *, *, #144, .F. ) ;
#2936 = DIRECTION ( 'NONE',  ( 1.000000000000000000, 0.000000000000000000, 0.000000000000000000 ) ) ;
#2937 = ORIENTED_EDGE ( 'NONE', *, *, #2829, .T. ) ;
#2938 = ADVANCED_FACE ( 'NONE', ( #2336 ), #3627, .T. ) ;
#2939 = CARTESIAN_POINT ( 'NONE',  ( -7.500000000000000888, 9.000000000000001776, 5.200000000000001066 ) ) ;
#2940 = ORIENTED_EDGE ( 'NONE', *, *, #353, .T. ) ;
#2941 = ORIENTED_EDGE ( 'NONE', *, *, #2507, .T. ) ;
#2942 = PLANE ( 'NONE',  #3442 ) ;
#2943 = EDGE_CURVE ( 'NONE', #1348, #542, #3313, .T. ) ;
#2944 = LINE ( 'NONE', #3910, #1698 ) ;
#2945 = LINE ( 'NONE', #1903, #1170 ) ;
#2946 = EDGE_CURVE ( 'NONE', #2600, #3815, #751, .T. ) ;
#2947 = LINE ( 'NONE', #67, #3518 ) ;
#2948 = EDGE_CURVE ( 'NONE', #1055, #2633, #1397, .T. ) ;
#2949 = CARTESIAN_POINT ( 'NONE',  ( -4.000000000000000888, -0.05000000000000000278, 3.500000000000073275 ) ) ;
#2950 = CARTESIAN_POINT ( 'NONE',  ( 0.5000000000000013323, -1.327916433467341450, -2.165234388002261756 ) ) ;
#2951 = CARTESIAN_POINT ( 'NONE',  ( 6.500000000000000000, 2.000000000000000000, -4.000000000000000000 ) ) ;
#2952 = ORIENTED_EDGE ( 'NONE', *, *, #3818, .T. ) ;
#2953 = ORIENTED_EDGE ( 'NONE', *, *, #354, .F. ) ;
#2954 = LINE ( 'NONE', #1990, #764 ) ;
#2955 = VERTEX_POINT ( 'NONE', #1358 ) ;
#2956 = EDGE_CURVE ( 'NONE', #3337, #3018, #3027, .T. ) ;
#2957 = EDGE_CURVE ( 'NONE', #2661, #662, #2682, .T. ) ;
#2958 = DIRECTION ( 'NONE',  ( 1.000000000000000000, 0.000000000000000000, -0.000000000000000000 ) ) ;
#2959 = ORIENTED_EDGE ( 'NONE', *, *, #606, .T. ) ;
#2960 = LINE ( 'NONE', #1044, #2838 ) ;
#2961 = CARTESIAN_POINT ( 'NONE',  ( -6.500000000000000000, 8.000000000000000000, 2.000000000000000000 ) ) ;
#2962 = PLANE ( 'NONE',  #222 ) ;
#2963 = EDGE_CURVE ( 'NONE', #3391, #1624, #3652, .T. ) ;
#2964 = DIRECTION ( 'NONE',  ( -1.000000000000000000, 0.000000000000000000, 0.000000000000000000 ) ) ;
#2965 = VECTOR ( 'NONE', #544, 1000.000000000000000 ) ;
#2966 = CARTESIAN_POINT ( 'NONE',  ( 4.999999999999999112, -0.5500000000000000444, 1.749999999999998668 ) ) ;
#2967 = AXIS2_PLACEMENT_3D ( 'NONE', #2601, #3312, #1959 ) ;
#2968 = EDGE_CURVE ( 'NONE', #415, #3348, #1443, .T. ) ;
#2969 = FACE_OUTER_BOUND ( 'NONE', #3082, .T. ) ;
#2970 = EDGE_CURVE ( 'NONE', #896, #2153, #2382, .T. ) ;
#2971 = FACE_OUTER_BOUND ( 'NONE', #1524, .T. ) ;
#2972 = CARTESIAN_POINT ( 'NONE',  ( 1.249999999999999334, -0.05000000000000000278, 3.500000000000036859 ) ) ;
#2973 = ORIENTED_EDGE ( 'NONE', *, *, #2783, .T. ) ;
#2974 = ORIENTED_EDGE ( 'NONE', *, *, #1322, .T. ) ;
#2975 = CARTESIAN_POINT ( 'NONE',  ( -6.500000000000000888, -0.05000000000000000278, 3.500000000000073275 ) ) ;
#2976 = ORIENTED_EDGE ( 'NONE', *, *, #1728, .T. ) ;
#2977 = ORIENTED_EDGE ( 'NONE', *, *, #4133, .F. ) ;
#2978 = LINE ( 'NONE', #2939, #244 ) ;
#2979 = VECTOR ( 'NONE', #694, 1000.000000000000000 ) ;
#2980 = ORIENTED_EDGE ( 'NONE', *, *, #2765, .T. ) ;
#2981 = CARTESIAN_POINT ( 'NONE',  ( -6.500000000000000000, 0.000000000000000000, -4.000000000000000000 ) ) ;
#2982 = VECTOR ( 'NONE', #1556, 1000.000000000000000 ) ;
#2983 = DIRECTION ( 'NONE',  ( 0.000000000000000000, -0.000000000000000000, -1.000000000000000000 ) ) ;
#2984 = VECTOR ( 'NONE', #2483, 1000.000000000000000 ) ;
#2985 = VECTOR ( 'NONE', #2390, 1000.000000000000000 ) ;
#2986 = VECTOR ( 'NONE', #2041, 1000.000000000000000 ) ;
#2987 = ORIENTED_EDGE ( 'NONE', *, *, #4156, .F. ) ;
#2988 = CARTESIAN_POINT ( 'NONE',  ( -7.500000000000000888, 9.000000000000001776, 5.200000000000001066 ) ) ;
#2989 = CARTESIAN_POINT ( 'NONE',  ( -6.903023128756143656, 5.000000000000000000, 2.000000000000000000 ) ) ;
#2990 = ADVANCED_FACE ( 'NONE', ( #477 ), #1753, .F. ) ;
#2991 = PLANE ( 'NONE',  #1897 ) ;
#2992 = AXIS2_PLACEMENT_3D ( 'NONE', #3212, #2230, #1914 ) ;
#2993 = CARTESIAN_POINT ( 'NONE',  ( 0.000000000000000000, 7.320785327544594878, -3.500000000000000000 ) ) ;
#2994 = DIRECTION ( 'NONE',  ( 0.000000000000000000, 0.000000000000000000, 1.000000000000000000 ) ) ;
#2995 = ORIENTED_EDGE ( 'NONE', *, *, #3764, .T. ) ;
#2996 = EDGE_LOOP ( 'NONE', ( #1446, #3401, #835, #2840 ) ) ;
#2997 = EDGE_CURVE ( 'NONE', #62, #456, #3293, .T. ) ;
#2998 = DIRECTION ( 'NONE',  ( -1.000000000000000000, 0.000000000000000000, 0.000000000000000000 ) ) ;
#2999 = ORIENTED_EDGE ( 'NONE', *, *, #1142, .T. ) ;
#3000 = ORIENTED_EDGE ( 'NONE', *, *, #2334, .F. ) ;
#3001 = LINE ( 'NONE', #3671, #2372 ) ;
#3002 = VERTEX_POINT ( 'NONE', #1148 ) ;
#3003 = CARTESIAN_POINT ( 'NONE',  ( 5.500000000000000000, -0.5500000000000000444, -1.750000000000001332 ) ) ;
#3004 = DIRECTION ( 'NONE',  ( -1.000000000000000000, -0.000000000000000000, -0.000000000000000000 ) ) ;
#3005 =( NAMED_UNIT ( * ) PLANE_ANGLE_UNIT ( ) SI_UNIT ( $, .RADIAN. ) );
#3006 = EDGE_LOOP ( 'NONE', ( #3124, #1313, #3804, #511 ) ) ;
#3007 = VERTEX_POINT ( 'NONE', #3784 ) ;
#3008 = EDGE_CURVE ( 'NONE', #2541, #3080, #3528, .T. ) ;
#3009 = CARTESIAN_POINT ( 'NONE',  ( -6.500000000000000000, 0.000000000000000000, -4.000000000000000000 ) ) ;
#3010 = CARTESIAN_POINT ( 'NONE',  ( -6.303023128756144011, 2.000000000000000000, -2.000000000000000000 ) ) ;
#3011 = LINE ( 'NONE', #735, #171 ) ;
#3012 = PLANE ( 'NONE',  #420 ) ;
#3013 = LINE ( 'NONE', #135, #573 ) ;
#3014 = CARTESIAN_POINT ( 'NONE',  ( -1.249999999999999334, -0.5500000000000000444, -1.750000000000037970 ) ) ;
#3015 = ORIENTED_EDGE ( 'NONE', *, *, #2080, .T. ) ;
#3016 = VERTEX_POINT ( 'NONE', #4020 ) ;
#3017 = LINE ( 'NONE', #2696, #2094 ) ;
#3018 = VERTEX_POINT ( 'NONE', #2477 ) ;
#3019 = ORIENTED_EDGE ( 'NONE', *, *, #3073, .T. ) ;
#3020 = EDGE_CURVE ( 'NONE', #3210, #2734, #2801, .T. ) ;
#3021 = EDGE_CURVE ( 'NONE', #873, #2858, #195, .T. ) ;
#3022 = DIRECTION ( 'NONE',  ( 0.000000000000000000, 0.000000000000000000, -1.000000000000000000 ) ) ;
#3023 = EDGE_CURVE ( 'NONE', #329, #1561, #3111, .T. ) ;
#3024 = DIRECTION ( 'NONE',  ( 0.000000000000000000, 0.000000000000000000, 1.000000000000000000 ) ) ;
#3025 = ORIENTED_EDGE ( 'NONE', *, *, #2803, .F. ) ;
#3026 = LINE ( 'NONE', #2705, #3577 ) ;
#3027 = LINE ( 'NONE', #2642, #307 ) ;
#3028 = PLANE ( 'NONE',  #1152 ) ;
#3029 = ORIENTED_EDGE ( 'NONE', *, *, #2746, .T. ) ;
#3030 = FACE_OUTER_BOUND ( 'NONE', #4126, .T. ) ;
#3031 = FACE_OUTER_BOUND ( 'NONE', #3228, .T. ) ;
#3032 = LINE ( 'NONE', #3936, #2577 ) ;
#3033 = AXIS2_PLACEMENT_3D ( 'NONE', #2758, #4054, #1803 ) ;
#3034 = VECTOR ( 'NONE', #2154, 1000.000000000000000 ) ;
#3035 = LINE ( 'NONE', #2720, #20 ) ;
#3036 = ORIENTED_EDGE ( 'NONE', *, *, #3505, .F. ) ;
#3037 = ORIENTED_EDGE ( 'NONE', *, *, #3539, .F. ) ;
#3038 = CARTESIAN_POINT ( 'NONE',  ( -5.000000000000000000, -6.550000000000000711, 1.850000000000000533 ) ) ;
#3039 = ORIENTED_EDGE ( 'NONE', *, *, #1440, .T. ) ;
#3040 = AXIS2_PLACEMENT_3D ( 'NONE', #318, #2859, #1249 ) ;
#3041 = VECTOR ( 'NONE', #773, 1000.000000000000000 ) ;
#3042 = ORIENTED_EDGE ( 'NONE', *, *, #1998, .T. ) ;
#3043 = DIRECTION ( 'NONE',  ( -1.000000000000000000, -0.000000000000000000, -0.000000000000000000 ) ) ;
#3044 = FACE_OUTER_BOUND ( 'NONE', #1289, .T. ) ;
#3045 = ORIENTED_EDGE ( 'NONE', *, *, #426, .F. ) ;
#3046 = DIRECTION ( 'NONE',  ( -0.000000000000000000, -0.000000000000000000, -1.000000000000000000 ) ) ;
#3047 = CARTESIAN_POINT ( 'NONE',  ( -5.000000000000000000, -7.049999999999999822, 1.850000000000000755 ) ) ;
#3048 = APPLICATION_PROTOCOL_DEFINITION ( 'international standard', 'config_control_design', 1994, #1310 ) ;
#3049 = CARTESIAN_POINT ( 'NONE',  ( -6.500000000000000888, -0.05000000000000000278, -3.499999999999927169 ) ) ;
#3050 = VERTEX_POINT ( 'NONE', #3132 ) ;
#3051 = CARTESIAN_POINT ( 'NONE',  ( -0.2499999999999996392, -7.049999999999999822, 2.100000000000000533 ) ) ;
#3052 = AXIS2_PLACEMENT_3D ( 'NONE', #2008, #3306, #139 ) ;
#3053 = CARTESIAN_POINT ( 'NONE',  ( 0.000000000000000000, -0.5500000000000000444, 0.000000000000000000 ) ) ;
#3054 = CARTESIAN_POINT ( 'NONE',  ( -1.250000000000000222, -0.5500000000000000444, 1.749999999999962030 ) ) ;
#3055 = EDGE_CURVE ( 'NONE', #824, #205, #1840, .T. ) ;
#3056 = AXIS2_PLACEMENT_3D ( 'NONE', #1276, #1321, #693 ) ;
#3057 = CARTESIAN_POINT ( 'NONE',  ( -6.500000000000000888, -0.05000000000000000278, -3.499999999999927169 ) ) ;
#3058 = CARTESIAN_POINT ( 'NONE',  ( 6.500000000000000000, 2.000000000000000000, -2.000000000000000000 ) ) ;
#3059 = FACE_OUTER_BOUND ( 'NONE', #3183, .T. ) ;
#3060 = VERTEX_POINT ( 'NONE', #1486 ) ;
#3061 = VECTOR ( 'NONE', #2312, 1000.000000000000000 ) ;
#3062 = VERTEX_POINT ( 'NONE', #2127 ) ;
#3063 = CARTESIAN_POINT ( 'NONE',  ( -0.2499999999999996392, -7.676576815919440300, 1.728335056061265140 ) ) ;
#3064 = EDGE_LOOP ( 'NONE', ( #3068, #3880, #1378, #3745 ) ) ;
#3065 = ORIENTED_EDGE ( 'NONE', *, *, #1855, .T. ) ;
#3066 = DIRECTION ( 'NONE',  ( -1.000000000000000000, -0.000000000000000000, -0.000000000000000000 ) ) ;
#3067 = EDGE_CURVE ( 'NONE', #2480, #237, #813, .T. ) ;
#3068 = ORIENTED_EDGE ( 'NONE', *, *, #3893, .T. ) ;
#3069 = DIRECTION ( 'NONE',  ( 0.000000000000000000, -0.5443120614198033724, -0.8388828164844742696 ) ) ;
#3070 = DIRECTION ( 'NONE',  ( -9.922020786471554156E-17, 0.5443120614198033724, 0.8388828164844742696 ) ) ;
#3071 = CARTESIAN_POINT ( 'NONE',  ( 0.2499999999999990286, -4.881171566221965463, 2.749999999999999556 ) ) ;
#3072 = PLANE ( 'NONE',  #746 ) ;
#3073 = EDGE_CURVE ( 'NONE', #137, #534, #2776, .T. ) ;
#3074 = CARTESIAN_POINT ( 'NONE',  ( 1.249999999999999334, -0.05000000000000000278, 1.749999999999962030 ) ) ;
#3075 = EDGE_CURVE ( 'NONE', #3348, #1334, #3471, .T. ) ;
#3076 = ADVANCED_FACE ( 'NONE', ( #3759 ), #4042, .F. ) ;
#3077 = DIRECTION ( 'NONE',  ( 0.000000000000000000, -1.000000000000000000, 0.000000000000000000 ) ) ;
#3078 = CARTESIAN_POINT ( 'NONE',  ( -4.000000000000000888, -0.05000000000000000278, -1.750000000000074385 ) ) ;
#3079 = VERTEX_POINT ( 'NONE', #2406 ) ;
#3080 = VERTEX_POINT ( 'NONE', #861 ) ;
#3081 = DIRECTION ( 'NONE',  ( -6.698813726587494074E-17, -0.8524543507230039063, 0.5228016640499739687 ) ) ;
#3082 = EDGE_LOOP ( 'NONE', ( #561, #972, #3249, #3332 ) ) ;
#3083 = ORIENTED_EDGE ( 'NONE', *, *, #1766, .F. ) ;
#3084 = CARTESIAN_POINT ( 'NONE',  ( -7.500000000000000888, 9.000000000000001776, -5.199999999999999289 ) ) ;
#3085 = EDGE_CURVE ( 'NONE', #1227, #1315, #2148, .T. ) ;
#3086 = ORIENTED_EDGE ( 'NONE', *, *, #3764, .F. ) ;
#3087 = EDGE_CURVE ( 'NONE', #1406, #3877, #255, .T. ) ;
#3088 = DIRECTION ( 'NONE',  ( 1.000000000000000000, 0.000000000000000000, 0.000000000000000000 ) ) ;
#3089 = PLANE ( 'NONE',  #3657 ) ;
#3090 = FACE_OUTER_BOUND ( 'NONE', #1184, .T. ) ;
#3091 = ORIENTED_EDGE ( 'NONE', *, *, #226, .T. ) ;
#3092 = CARTESIAN_POINT ( 'NONE',  ( -5.810682198873156956, 9.500000000000001776, 3.522682485511306805 ) ) ;
#3093 = CARTESIAN_POINT ( 'NONE',  ( -4.499999999999999112, 0.000000000000000000, 0.5000000000000006661 ) ) ;
#3094 = FACE_OUTER_BOUND ( 'NONE', #275, .T. ) ;
#3095 = EDGE_CURVE ( 'NONE', #1021, #2740, #3153, .T. ) ;
#3096 = DIRECTION ( 'NONE',  ( -1.000000000000000000, -0.000000000000000000, -0.000000000000000000 ) ) ;
#3097 = FACE_OUTER_BOUND ( 'NONE', #63, .T. ) ;
#3098 = ORIENTED_EDGE ( 'NONE', *, *, #92, .T. ) ;
#3099 = EDGE_CURVE ( 'NONE', #2376, #2815, #3446, .T. ) ;
#3100 = ORIENTED_EDGE ( 'NONE', *, *, #2332, .F. ) ;
#3101 = CARTESIAN_POINT ( 'NONE',  ( -4.499999999999999112, -1.327916433467341450, 2.165234388002261756 ) ) ;
#3102 = ORIENTED_EDGE ( 'NONE', *, *, #272, .F. ) ;
#3103 = VECTOR ( 'NONE', #1588, 1000.000000000000000 ) ;
#3104 = EDGE_LOOP ( 'NONE', ( #4139, #3690, #1820, #1235, #2330, #162 ) ) ;
#3105 = AXIS2_PLACEMENT_3D ( 'NONE', #571, #2065, #3726 ) ;
#3106 = VECTOR ( 'NONE', #2302, 1000.000000000000000 ) ;
#3107 = LINE ( 'NONE', #3443, #312 ) ;
#3108 = ADVANCED_FACE ( 'NONE', ( #4065 ), #518, .F. ) ;
#3109 = ORIENTED_EDGE ( 'NONE', *, *, #35, .F. ) ;
#3110 = LINE ( 'NONE', #4064, #2629 ) ;
#3111 = LINE ( 'NONE', #2087, #2172 ) ;
#3112 = DIRECTION ( 'NONE',  ( 0.000000000000000000, -0.000000000000000000, 1.000000000000000000 ) ) ;
#3113 = ORIENTED_EDGE ( 'NONE', *, *, #1322, .F. ) ;
#3114 = LINE ( 'NONE', #1196, #78 ) ;
#3115 = FACE_OUTER_BOUND ( 'NONE', #1566, .T. ) ;
#3116 = DIRECTION ( 'NONE',  ( -1.000000000000000000, 0.000000000000000000, -0.000000000000000000 ) ) ;
#3117 = VECTOR ( 'NONE', #3882, 1000.000000000000000 ) ;
#3118 = LINE ( 'NONE', #2414, #3580 ) ;
#3119 = LINE ( 'NONE', #201, #3841 ) ;
#3120 = ORIENTED_EDGE ( 'NONE', *, *, #1417, .T. ) ;
#3121 = VERTEX_POINT ( 'NONE', #1210 ) ;
#3122 = AXIS2_PLACEMENT_3D ( 'NONE', #1419, #1729, #2983 ) ;
#3123 = AXIS2_PLACEMENT_3D ( 'NONE', #1365, #3325, #3386 ) ;
#3124 = ORIENTED_EDGE ( 'NONE', *, *, #593, .T. ) ;
#3125 = AXIS2_PLACEMENT_3D ( 'NONE', #455, #2014, #2958 ) ;
#3126 = ORIENTED_EDGE ( 'NONE', *, *, #2948, .F. ) ;
#3127 = ADVANCED_FACE ( 'NONE', ( #270 ), #3089, .T. ) ;
#3128 = EDGE_CURVE ( 'NONE', #615, #205, #3743, .T. ) ;
#3129 = CARTESIAN_POINT ( 'NONE',  ( -6.500000000000000000, -0.05000000000000000278, -1.750000000000074607 ) ) ;
#3130 = ORIENTED_EDGE ( 'NONE', *, *, #226, .F. ) ;
#3131 = CYLINDRICAL_SURFACE ( 'NONE', #3370, 4.438511489007002098 ) ;
#3132 = CARTESIAN_POINT ( 'NONE',  ( -5.499999999999999112, -7.049999999999999822, -1.250000000000000000 ) ) ;
#3133 = APPROVAL_DATE_TIME ( #502, #1801 ) ;
#3134 = DIRECTION ( 'NONE',  ( -1.000000000000000000, 0.000000000000000000, -0.000000000000000000 ) ) ;
#3135 = ORIENTED_EDGE ( 'NONE', *, *, #172, .F. ) ;
#3136 = DIRECTION ( 'NONE',  ( 0.000000000000000000, -1.000000000000000000, 0.000000000000000000 ) ) ;
#3137 = CARTESIAN_POINT ( 'NONE',  ( 5.960135036185412183, 10.00000000000000178, -5.200000000000001066 ) ) ;
#3138 = CARTESIAN_POINT ( 'NONE',  ( 4.999999999999999112, -0.05000000000000000278, -1.750000000000001332 ) ) ;
#3139 = EDGE_CURVE ( 'NONE', #456, #4068, #3170, .T. ) ;
#3140 = DIRECTION ( 'NONE',  ( -1.000000000000000000, -0.000000000000000000, -0.000000000000000000 ) ) ;
#3141 = EDGE_CURVE ( 'NONE', #1578, #208, #2213, .T. ) ;
#3142 = PLANE ( 'NONE',  #548 ) ;
#3143 = EDGE_LOOP ( 'NONE', ( #1954, #2062, #2741, #2941 ) ) ;
#3144 = VERTEX_POINT ( 'NONE', #648 ) ;
#3145 = ORIENTED_EDGE ( 'NONE', *, *, #2534, .T. ) ;
#3146 = LINE ( 'NONE', #2515, #3252 ) ;
#3147 = CARTESIAN_POINT ( 'NONE',  ( -5.000000000000000000, -7.049999999999999822, 0.5000000000000004441 ) ) ;
#3148 = EDGE_CURVE ( 'NONE', #1977, #3799, #2598, .T. ) ;
#3149 = ORIENTED_EDGE ( 'NONE', *, *, #1472, .F. ) ;
#3150 = EDGE_CURVE ( 'NONE', #2636, #1034, #3824, .T. ) ;
#3151 = DIRECTION ( 'NONE',  ( 0.000000000000000000, -1.000000000000000000, 0.000000000000000000 ) ) ;
#3152 = ADVANCED_FACE ( 'NONE', ( #2575 ), #2899, .T. ) ;
#3153 = LINE ( 'NONE', #1509, #3867 ) ;
#3154 = CARTESIAN_POINT ( 'NONE',  ( -6.500000000000000000, -0.5500000000000000444, -1.750000000000074607 ) ) ;
#3155 = ORIENTED_EDGE ( 'NONE', *, *, #4027, .F. ) ;
#3156 = CARTESIAN_POINT ( 'NONE',  ( -4.499999999999999112, -1.550000000000000044, 0.000000000000000000 ) ) ;
#3157 = CARTESIAN_POINT ( 'NONE',  ( -4.499999999999999112, 0.000000000000000000, 1.850000000000000755 ) ) ;
#3158 = CARTESIAN_POINT ( 'NONE',  ( -7.500000000000000888, 10.00000000000000178, 3.660135036185412361 ) ) ;
#3159 = LINE ( 'NONE', #4110, #4050 ) ;
#3160 = PLANE ( 'NONE',  #3297 ) ;
#3161 = ORIENTED_EDGE ( 'NONE', *, *, #3349, .F. ) ;
#3162 = VERTEX_POINT ( 'NONE', #666 ) ;
#3163 = DIRECTION ( 'NONE',  ( -0.000000000000000000, -0.000000000000000000, 1.000000000000000000 ) ) ;
#3164 = VERTEX_POINT ( 'NONE', #3886 ) ;
#3165 = VECTOR ( 'NONE', #3493, 1000.000000000000000 ) ;
#3166 = ORIENTED_EDGE ( 'NONE', *, *, #301, .T. ) ;
#3167 = AXIS2_PLACEMENT_3D ( 'NONE', #638, #4154, #3204 ) ;
#3168 = AXIS2_PLACEMENT_3D ( 'NONE', #3452, #3809, #2216 ) ;
#3169 = CARTESIAN_POINT ( 'NONE',  ( 0.2499999999999990286, -2.381171566221965463, 2.749999999999999556 ) ) ;
#3170 = LINE ( 'NONE', #1231, #1643 ) ;
#3171 = AXIS2_PLACEMENT_3D ( 'NONE', #3997, #795, #3932 ) ;
#3172 = VECTOR ( 'NONE', #2427, 1000.000000000000000 ) ;
#3173 = ORIENTED_EDGE ( 'NONE', *, *, #3404, .T. ) ;
#3174 = DIRECTION ( 'NONE',  ( 0.000000000000000000, -1.000000000000000000, 0.000000000000000000 ) ) ;
#3175 = CARTESIAN_POINT ( 'NONE',  ( -6.500000000000000888, -0.05000000000000000278, 3.500000000000073275 ) ) ;
#3176 = VECTOR ( 'NONE', #2493, 1000.000000000000114 ) ;
#3177 = LINE ( 'NONE', #3198, #2446 ) ;
#3178 = CARTESIAN_POINT ( 'NONE',  ( 4.000000000000000888, -0.5500000000000000444, -1.750000000000001332 ) ) ;
#3179 = DIRECTION ( 'NONE',  ( 1.000000000000000000, 0.000000000000000000, 0.000000000000000000 ) ) ;
#3180 = FACE_BOUND ( 'NONE', #3308, .T. ) ;
#3181 = EDGE_CURVE ( 'NONE', #623, #3164, #3486, .T. ) ;
#3182 = VECTOR ( 'NONE', #3644, 1000.000000000000000 ) ;
#3183 = EDGE_LOOP ( 'NONE', ( #2326, #3519, #1195, #598, #1201, #2788, #1463, #1787 ) ) ;
#3184 = ORIENTED_EDGE ( 'NONE', *, *, #1742, .F. ) ;
#3185 = AXIS2_PLACEMENT_3D ( 'NONE', #4151, #3830, #3536 ) ;
#3186 = ORIENTED_EDGE ( 'NONE', *, *, #1701, .F. ) ;
#3187 = LINE ( 'NONE', #2975, #2573 ) ;
#3188 = CARTESIAN_POINT ( 'NONE',  ( -0.2499999999999995282, -9.017213114754094150, 1.110655737704929091 ) ) ;
#3189 = AXIS2_PLACEMENT_3D ( 'NONE', #1522, #4062, #3739 ) ;
#3190 = EDGE_LOOP ( 'NONE', ( #2811, #3983, #2050, #2263 ) ) ;
#3191 = FACE_OUTER_BOUND ( 'NONE', #2183, .T. ) ;
#3192 = CARTESIAN_POINT ( 'NONE',  ( -6.303023128756144011, 2.000000000000000000, -4.000000000000000000 ) ) ;
#3193 = VECTOR ( 'NONE', #3523, 1000.000000000000000 ) ;
#3194 = ORIENTED_EDGE ( 'NONE', *, *, #2695, .T. ) ;
#3195 = DIRECTION ( 'NONE',  ( 1.000000000000000000, -0.000000000000000000, 0.000000000000000000 ) ) ;
#3196 = DIRECTION ( 'NONE',  ( -1.000000000000000000, 0.000000000000000000, 0.000000000000000000 ) ) ;
#3197 = DIRECTION ( 'NONE',  ( 0.000000000000000000, 1.000000000000000000, 0.000000000000000000 ) ) ;
#3198 = CARTESIAN_POINT ( 'NONE',  ( -6.500000000000000000, 0.000000000000000000, 4.000000000000000000 ) ) ;
#3199 = DIRECTION ( 'NONE',  ( 0.000000000000000000, 1.000000000000000000, 0.000000000000000000 ) ) ;
#3200 = ORIENTED_EDGE ( 'NONE', *, *, #3687, .T. ) ;
#3201 = ADVANCED_FACE ( 'NONE', ( #1872 ), #1916, .T. ) ;
#3202 = EDGE_CURVE ( 'NONE', #1700, #2633, #4123, .T. ) ;
#3203 = CARTESIAN_POINT ( 'NONE',  ( 0.5000000000000013323, 0.8324856180992887822, -0.5105550415348896198 ) ) ;
#3204 = DIRECTION ( 'NONE',  ( 0.000000000000000000, 0.000000000000000000, -1.000000000000000000 ) ) ;
#3205 = EDGE_CURVE ( 'NONE', #1860, #1484, #3530, .T. ) ;
#3206 = ORIENTED_EDGE ( 'NONE', *, *, #1495, .F. ) ;
#3207 = EDGE_CURVE ( 'NONE', #1385, #2399, #1564, .T. ) ;
#3208 = EDGE_CURVE ( 'NONE', #984, #3928, #2191, .T. ) ;
#3209 = ORIENTED_EDGE ( 'NONE', *, *, #2323, .F. ) ;
#3210 = VERTEX_POINT ( 'NONE', #3503 ) ;
#3211 = ORIENTED_EDGE ( 'NONE', *, *, #2453, .F. ) ;
#3212 = CARTESIAN_POINT ( 'NONE',  ( 0.000000000000000000, 7.320785327544594878, -3.500000000000000000 ) ) ;
#3213 = FACE_OUTER_BOUND ( 'NONE', #1478, .T. ) ;
#3214 = DIRECTION ( 'NONE',  ( 0.000000000000000000, 1.000000000000000000, 0.000000000000000000 ) ) ;
#3215 = ORIENTED_EDGE ( 'NONE', *, *, #3232, .F. ) ;
#3216 = ORIENTED_EDGE ( 'NONE', *, *, #1855, .F. ) ;
#3217 = LINE ( 'NONE', #1543, #2771 ) ;
#3218 = DIRECTION ( 'NONE',  ( -0.000000000000000000, -1.000000000000000000, -0.000000000000000000 ) ) ;
#3219 = PLANE ( 'NONE',  #2029 ) ;
#3220 = DIRECTION ( 'NONE',  ( 0.000000000000000000, 0.000000000000000000, 1.000000000000000000 ) ) ;
#3221 = LINE ( 'NONE', #3243, #3379 ) ;
#3222 = FACE_OUTER_BOUND ( 'NONE', #2677, .T. ) ;
#3223 = DIRECTION ( 'NONE',  ( -1.000000000000000000, -0.000000000000000000, -0.000000000000000000 ) ) ;
#3224 = EDGE_CURVE ( 'NONE', #4013, #789, #2520, .T. ) ;
#3225 = CARTESIAN_POINT ( 'NONE',  ( -5.499999999999999112, -6.550000000000000711, 1.850000000000000533 ) ) ;
#3226 = EDGE_CURVE ( 'NONE', #810, #3060, #23, .T. ) ;
#3227 = ORIENTED_EDGE ( 'NONE', *, *, #698, .T. ) ;
#3228 = EDGE_LOOP ( 'NONE', ( #1958, #2168, #220, #2044 ) ) ;
#3229 = CARTESIAN_POINT ( 'NONE',  ( 7.499999999999999112, 8.000000000000000000, -5.199999999999999289 ) ) ;
#3230 = ORIENTED_EDGE ( 'NONE', *, *, #2956, .F. ) ;
#3231 = PLANE ( 'NONE',  #1510 ) ;
#3232 = EDGE_CURVE ( 'NONE', #3415, #3346, #319, .T. ) ;
#3233 = AXIS2_PLACEMENT_3D ( 'NONE', #2881, #3196, #2586 ) ;
#3234 = CIRCLE ( 'NONE', #3775, 0.6500000000000002442 ) ;
#3235 = ORIENTED_EDGE ( 'NONE', *, *, #717, .T. ) ;
#3236 = ORIENTED_EDGE ( 'NONE', *, *, #1007, .F. ) ;
#3237 = CARTESIAN_POINT ( 'NONE',  ( 0.2499999999999990841, -1.550000000000000044, 2.100000000000000533 ) ) ;
#3238 = LINE ( 'NONE', #906, #149 ) ;
#3239 = CARTESIAN_POINT ( 'NONE',  ( 1.249999999999999334, -0.5500000000000000444, 1.749999999999962030 ) ) ;
#3240 = CARTESIAN_POINT ( 'NONE',  ( 0.2499999999999995282, -0.04999999999999995420, -2.249999999999943601 ) ) ;
#3241 = AXIS2_PLACEMENT_3D ( 'NONE', #136, #427, #1677 ) ;
#3242 = VECTOR ( 'NONE', #3422, 1000.000000000000000 ) ;
#3243 = CARTESIAN_POINT ( 'NONE',  ( 6.500000000000000000, 2.000000000000000000, 2.000000000000000000 ) ) ;
#3244 = DIRECTION ( 'NONE',  ( 0.000000000000000000, 0.000000000000000000, 1.000000000000000000 ) ) ;
#3245 = PLANE ( 'NONE',  #17 ) ;
#3246 = ADVANCED_FACE ( 'NONE', ( #977 ), #2, .T. ) ;
#3247 = LINE ( 'NONE', #12, #2919 ) ;
#3248 = ORIENTED_EDGE ( 'NONE', *, *, #2026, .F. ) ;
#3249 = ORIENTED_EDGE ( 'NONE', *, *, #2080, .F. ) ;
#3250 = LINE ( 'NONE', #373, #2436 ) ;
#3251 = ORIENTED_EDGE ( 'NONE', *, *, #1597, .F. ) ;
#3252 = VECTOR ( 'NONE', #918, 1000.000000000000000 ) ;
#3253 = ADVANCED_FACE ( 'NONE', ( #1605, #2256 ), #3231, .F. ) ;
#3254 = CARTESIAN_POINT ( 'NONE',  ( 6.303023128756144011, 8.000000000000000000, -4.000000000000000000 ) ) ;
#3255 = VECTOR ( 'NONE', #1132, 1000.000000000000000 ) ;
#3256 = ORIENTED_EDGE ( 'NONE', *, *, #523, .F. ) ;
#3257 = VECTOR ( 'NONE', #1194, 1000.000000000000227 ) ;
#3258 = CARTESIAN_POINT ( 'NONE',  ( 5.810682198873156956, 10.00000000000000178, 3.522682485511306805 ) ) ;
#3259 = VECTOR ( 'NONE', #297, 1000.000000000000000 ) ;
#3260 = CARTESIAN_POINT ( 'NONE',  ( -1.250000000000000222, -0.05000000000000000278, -3.499999999999963585 ) ) ;
#3261 = CARTESIAN_POINT ( 'NONE',  ( 6.500000000000000000, 2.000000000000000000, -4.000000000000000000 ) ) ;
#3262 = CARTESIAN_POINT ( 'NONE',  ( -5.960135036185410407, 10.00000000000000178, -3.660135036185413249 ) ) ;
#3263 = LINE ( 'NONE', #1277, #3991 ) ;
#3264 = CARTESIAN_POINT ( 'NONE',  ( -5.960135036185410407, 9.500000000000001776, 3.660135036185412361 ) ) ;
#3265 = CARTESIAN_POINT ( 'NONE',  ( 1.249999999999999334, -0.05000000000000000278, -3.499999999999963585 ) ) ;
#3266 = DIRECTION ( 'NONE',  ( -0.000000000000000000, 1.000000000000000000, -0.000000000000000000 ) ) ;
#3267 = EDGE_CURVE ( 'NONE', #2595, #2636, #2918, .T. ) ;
#3268 = EDGE_CURVE ( 'NONE', #2461, #2337, #2978, .T. ) ;
#3269 = CARTESIAN_POINT ( 'NONE',  ( -5.810682198873156956, 10.00000000000000178, -3.524999999999999911 ) ) ;
#3270 = EDGE_LOOP ( 'NONE', ( #855, #1886, #2551, #3499 ) ) ;
#3271 = VERTEX_POINT ( 'NONE', #2660 ) ;
#3272 = CARTESIAN_POINT ( 'NONE',  ( -1.250000000000000222, 0.000000000000000000, -3.499999999999963585 ) ) ;
#3273 = ORIENTED_EDGE ( 'NONE', *, *, #856, .F. ) ;
#3274 = DIRECTION ( 'NONE',  ( -1.000000000000000000, 0.000000000000000000, 0.000000000000000000 ) ) ;
#3275 = EDGE_CURVE ( 'NONE', #3002, #1498, #3623, .T. ) ;
#3276 = EDGE_CURVE ( 'NONE', #1602, #3487, #1666, .T. ) ;
#3277 = ORIENTED_EDGE ( 'NONE', *, *, #3268, .F. ) ;
#3278 = EDGE_CURVE ( 'NONE', #1490, #3050, #3591, .T. ) ;
#3279 = DIRECTION ( 'NONE',  ( 0.000000000000000000, 1.000000000000000000, 0.000000000000000000 ) ) ;
#3280 = DIRECTION ( 'NONE',  ( 0.000000000000000000, 0.5228016640499751899, -0.8524543507230031292 ) ) ;
#3281 = DIRECTION ( 'NONE',  ( -1.000000000000000000, -0.000000000000000000, -0.000000000000000000 ) ) ;
#3282 = DIRECTION ( 'NONE',  ( 1.000000000000000000, 0.000000000000000000, 0.000000000000000000 ) ) ;
#3283 = FACE_OUTER_BOUND ( 'NONE', #2728, .T. ) ;
#3284 = CARTESIAN_POINT ( 'NONE',  ( 5.810682198873156956, 9.500000000000001776, -3.522682485511306805 ) ) ;
#3285 = CARTESIAN_POINT ( 'NONE',  ( -6.303023128756144011, 8.000000000000000000, -4.000000000000000000 ) ) ;
#3286 = ORIENTED_EDGE ( 'NONE', *, *, #4016, .T. ) ;
#3287 = ORIENTED_EDGE ( 'NONE', *, *, #1424, .T. ) ;
#3288 = CARTESIAN_POINT ( 'NONE',  ( 0.2499999999999995837, -0.5500000000000000444, -1.750000000000037970 ) ) ;
#3289 = ORIENTED_EDGE ( 'NONE', *, *, #1083, .F. ) ;
#3290 = PLANE ( 'NONE',  #2521 ) ;
#3291 = ORIENTED_EDGE ( 'NONE', *, *, #1462, .F. ) ;
#3292 = CARTESIAN_POINT ( 'NONE',  ( -6.303023128756144011, 2.000000000000000000, -2.000000000000000000 ) ) ;
#3293 = LINE ( 'NONE', #418, #2861 ) ;
#3294 = CIRCLE ( 'NONE', #1145, 0.6500000000000002442 ) ;
#3295 = ADVANCED_FACE ( 'NONE', ( #2703, #745 ), #1684, .T. ) ;
#3296 = PLANE ( 'NONE',  #3971 ) ;
#3297 = AXIS2_PLACEMENT_3D ( 'NONE', #2869, #2266, #3895 ) ;
#3298 = LINE ( 'NONE', #3321, #1351 ) ;
#3299 = VECTOR ( 'NONE', #3381, 1000.000000000000000 ) ;
#3300 = CARTESIAN_POINT ( 'NONE',  ( -6.500000000000000888, -0.5500000000000000444, 1.749999999999925393 ) ) ;
#3301 = DIRECTION ( 'NONE',  ( 0.000000000000000000, -0.5443120614198033724, 0.8388828164844742696 ) ) ;
#3302 = CYLINDRICAL_SURFACE ( 'NONE', #3241, 0.6500000000000002442 ) ;
#3303 = ORIENTED_EDGE ( 'NONE', *, *, #3087, .F. ) ;
#3304 = ORIENTED_EDGE ( 'NONE', *, *, #2322, .T. ) ;
#3305 = VECTOR ( 'NONE', #2207, 1000.000000000000000 ) ;
#3306 = DIRECTION ( 'NONE',  ( 0.000000000000000000, 0.000000000000000000, -1.000000000000000000 ) ) ;
#3307 = ORIENTED_EDGE ( 'NONE', *, *, #3885, .F. ) ;
#3308 = EDGE_LOOP ( 'NONE', ( #348, #4121, #682, #2118 ) ) ;
#3309 = DIRECTION ( 'NONE',  ( 1.008254027998472927E-16, -0.5228016640499751899, -0.8524543507230031292 ) ) ;
#3310 = VECTOR ( 'NONE', #1479, 1000.000000000000000 ) ;
#3311 = ORIENTED_EDGE ( 'NONE', *, *, #1141, .F. ) ;
#3312 = DIRECTION ( 'NONE',  ( 0.000000000000000000, 0.000000000000000000, 1.000000000000000000 ) ) ;
#3313 = LINE ( 'NONE', #2961, #3461 ) ;
#3314 = VECTOR ( 'NONE', #2366, 1000.000000000000000 ) ;
#3315 = CARTESIAN_POINT ( 'NONE',  ( -7.500000000000000888, 9.000000000000001776, -5.200000000000001066 ) ) ;
#3316 = PLANE ( 'NONE',  #908 ) ;
#3317 = VECTOR ( 'NONE', #361, 1000.000000000000000 ) ;
#3318 = VECTOR ( 'NONE', #2331, 1000.000000000000000 ) ;
#3319 = EDGE_LOOP ( 'NONE', ( #772, #2903 ) ) ;
#3320 = LINE ( 'NONE', #1983, #2011 ) ;
#3321 = CARTESIAN_POINT ( 'NONE',  ( 0.2499999999999993616, -0.5500000000000000444, 1.749999999999962030 ) ) ;
#3322 = CARTESIAN_POINT ( 'NONE',  ( -4.499999999999999112, 0.000000000000000000, 2.100000000000000533 ) ) ;
#3323 = ADVANCED_FACE ( 'NONE', ( #3989 ), #3925, .F. ) ;
#3324 = EDGE_CURVE ( 'NONE', #1436, #1970, #3001, .T. ) ;
#3325 = DIRECTION ( 'NONE',  ( 0.000000000000000000, 0.000000000000000000, 1.000000000000000000 ) ) ;
#3326 = EDGE_CURVE ( 'NONE', #3547, #4068, #126, .T. ) ;
#3327 = CARTESIAN_POINT ( 'NONE',  ( -5.000000000000000000, -6.312295081967231880, 2.135245901639325705 ) ) ;
#3328 = ORIENTED_EDGE ( 'NONE', *, *, #780, .F. ) ;
#3329 = ADVANCED_FACE ( 'NONE', ( #2377 ), #1393, .T. ) ;
#3330 = ORIENTED_EDGE ( 'NONE', *, *, #1922, .F. ) ;
#3331 = DIRECTION ( 'NONE',  ( 1.000000000000000000, 0.000000000000000000, 0.000000000000000000 ) ) ;
#3332 = ORIENTED_EDGE ( 'NONE', *, *, #4133, .T. ) ;
#3333 = CARTESIAN_POINT ( 'NONE',  ( 0.000000000000000000, -0.5500000000000000444, 0.000000000000000000 ) ) ;
#3334 = ORIENTED_EDGE ( 'NONE', *, *, #3021, .T. ) ;
#3335 = FACE_OUTER_BOUND ( 'NONE', #2036, .T. ) ;
#3336 = CARTESIAN_POINT ( 'NONE',  ( 0.5000000000000013323, 0.8324856180992887822, 0.5105550415348896198 ) ) ;
#3337 = VERTEX_POINT ( 'NONE', #709 ) ;
#3338 = VERTEX_POINT ( 'NONE', #76 ) ;
#3339 = ADVANCED_FACE ( 'NONE', ( #1354 ), #3290, .T. ) ;
#3340 = CARTESIAN_POINT ( 'NONE',  ( -4.499999999999999112, -6.550000000000000711, 1.850000000000000533 ) ) ;
#3341 = FACE_OUTER_BOUND ( 'NONE', #444, .T. ) ;
#3342 = CARTESIAN_POINT ( 'NONE',  ( -1.250000000000000222, -0.05000000000000000278, 3.500000000000036859 ) ) ;
#3343 = CARTESIAN_POINT ( 'NONE',  ( 0.2499999999999991396, -7.049999999999999822, 1.850000000000000755 ) ) ;
#3344 = CARTESIAN_POINT ( 'NONE',  ( 6.903023128756143656, 5.000000000000000000, -2.000000000000000000 ) ) ;
#3345 = ORIENTED_EDGE ( 'NONE', *, *, #2489, .T. ) ;
#3346 = VERTEX_POINT ( 'NONE', #768 ) ;
#3347 = CARTESIAN_POINT ( 'NONE',  ( 5.810682198873156956, 10.00000000000000178, -3.524999999999999911 ) ) ;
#3348 = VERTEX_POINT ( 'NONE', #725 ) ;
#3349 = EDGE_CURVE ( 'NONE', #1498, #370, #1650, .T. ) ;
#3350 = ORIENTED_EDGE ( 'NONE', *, *, #3980, .F. ) ;
#3351 = PLANE ( 'NONE',  #310 ) ;
#3352 = ORIENTED_EDGE ( 'NONE', *, *, #129, .T. ) ;
#3353 = CARTESIAN_POINT ( 'NONE',  ( 5.960135036185412183, 10.00000000000000178, 3.660135036185412361 ) ) ;
#3354 = EDGE_CURVE ( 'NONE', #2810, #1429, #61, .T. ) ;
#3355 = DIRECTION ( 'NONE',  ( 0.000000000000000000, 0.000000000000000000, -1.000000000000000000 ) ) ;
#3356 = CARTESIAN_POINT ( 'NONE',  ( 0.2499999999999990286, -1.550000000000000266, 2.749999999999999556 ) ) ;
#3357 = ORIENTED_EDGE ( 'NONE', *, *, #1495, .T. ) ;
#3358 = LINE ( 'NONE', #4045, #3299 ) ;
#3359 = DIRECTION ( 'NONE',  ( -1.000000000000000000, 0.000000000000000000, 0.000000000000000000 ) ) ;
#3360 = DIRECTION ( 'NONE',  ( 0.000000000000000000, 0.000000000000000000, 1.000000000000000000 ) ) ;
#3361 = AXIS2_PLACEMENT_3D ( 'NONE', #2386, #2434, #180 ) ;
#3362 = CARTESIAN_POINT ( 'NONE',  ( -6.500000000000000000, 0.000000000000000000, -4.000000000000000000 ) ) ;
#3363 = VECTOR ( 'NONE', #2667, 1000.000000000000000 ) ;
#3364 = CARTESIAN_POINT ( 'NONE',  ( -5.500000000000001776, -0.5500000000000000444, 1.749999999999925393 ) ) ;
#3365 = CARTESIAN_POINT ( 'NONE',  ( -0.2499999999999993616, -4.881171566221965463, -0.5000000000000006661 ) ) ;
#3366 = EDGE_LOOP ( 'NONE', ( #2439, #2162, #285, #60 ) ) ;
#3367 = ORIENTED_EDGE ( 'NONE', *, *, #160, .T. ) ;
#3368 = PLANE ( 'NONE',  #2363 ) ;
#3369 = ORIENTED_EDGE ( 'NONE', *, *, #771, .F. ) ;
#3370 = AXIS2_PLACEMENT_3D ( 'NONE', #2800, #1191, #627 ) ;
#3371 = VECTOR ( 'NONE', #793, 1000.000000000000000 ) ;
#3372 = ORIENTED_EDGE ( 'NONE', *, *, #1424, .F. ) ;
#3373 = CARTESIAN_POINT ( 'NONE',  ( 0.5000000000000013323, -1.550000000000000044, 1.850000000000000755 ) ) ;
#3374 = EDGE_CURVE ( 'NONE', #2422, #661, #437, .T. ) ;
#3375 = EDGE_LOOP ( 'NONE', ( #825, #1599, #1713, #2098 ) ) ;
#3376 = EDGE_CURVE ( 'NONE', #2454, #2360, #413, .T. ) ;
#3377 = CARTESIAN_POINT ( 'NONE',  ( -1.250000000000000222, -0.5500000000000000444, 1.749999999999962030 ) ) ;
#3378 = DIRECTION ( 'NONE',  ( -0.000000000000000000, 1.000000000000000000, -0.000000000000000000 ) ) ;
#3379 = VECTOR ( 'NONE', #363, 1000.000000000000114 ) ;
#3380 = ORIENTED_EDGE ( 'NONE', *, *, #2641, .F. ) ;
#3381 = DIRECTION ( 'NONE',  ( -0.000000000000000000, -0.000000000000000000, 1.000000000000000000 ) ) ;
#3382 = CIRCLE ( 'NONE', #3862, 0.6500000000000002442 ) ;
#3383 = DIRECTION ( 'NONE',  ( 0.1961161351381837115, 0.9805806756909202226, 0.000000000000000000 ) ) ;
#3384 = LINE ( 'NONE', #4092, #1033 ) ;
#3385 = VECTOR ( 'NONE', #383, 1000.000000000000000 ) ;
#3386 = DIRECTION ( 'NONE',  ( 1.000000000000000000, 0.000000000000000000, -0.000000000000000000 ) ) ;
#3387 = CARTESIAN_POINT ( 'NONE',  ( -4.499999999999999112, -4.881171566221965463, 0.000000000000000000 ) ) ;
#3388 = DIRECTION ( 'NONE',  ( -1.000000000000000000, 0.000000000000000000, -0.000000000000000000 ) ) ;
#3389 = ORIENTED_EDGE ( 'NONE', *, *, #1904, .T. ) ;
#3390 = VECTOR ( 'NONE', #1250, 1000.000000000000114 ) ;
#3391 = VERTEX_POINT ( 'NONE', #1333 ) ;
#3392 = DIRECTION ( 'NONE',  ( 0.000000000000000000, 0.000000000000000000, -1.000000000000000000 ) ) ;
#3393 = ADVANCED_FACE ( 'NONE', ( #1018 ), #3945, .T. ) ;
#3394 = DIRECTION ( 'NONE',  ( 0.000000000000000000, -0.5228016640499739687, 0.8524543507230039063 ) ) ;
#3395 = ORIENTED_EDGE ( 'NONE', *, *, #1555, .F. ) ;
#3396 = EDGE_CURVE ( 'NONE', #661, #2518, #1373, .T. ) ;
#3397 = ORIENTED_EDGE ( 'NONE', *, *, #306, .T. ) ;
#3398 = EDGE_LOOP ( 'NONE', ( #2257, #3216, #644, #643 ) ) ;
#3399 = DIRECTION ( 'NONE',  ( 0.000000000000000000, 1.000000000000000000, 0.000000000000000000 ) ) ;
#3400 = VERTEX_POINT ( 'NONE', #3129 ) ;
#3401 = ORIENTED_EDGE ( 'NONE', *, *, #2182, .F. ) ;
#3402 = CARTESIAN_POINT ( 'NONE',  ( -0.2499999999999991396, -7.049999999999999822, -2.100000000000000533 ) ) ;
#3403 = CARTESIAN_POINT ( 'NONE',  ( -7.500000000000000888, 9.000000000000001776, -5.199999999999999289 ) ) ;
#3404 = EDGE_CURVE ( 'NONE', #2594, #615, #192, .T. ) ;
#3405 = APPROVAL_STATUS ( 'not_yet_approved' ) ;
#3406 = ADVANCED_FACE ( 'NONE', ( #4099 ), #2797, .T. ) ;
#3407 = EDGE_CURVE ( 'NONE', #668, #107, #1504, .T. ) ;
#3408 = CARTESIAN_POINT ( 'NONE',  ( -6.500000000000000000, 8.000000000000000000, -2.000000000000000000 ) ) ;
#3409 = FACE_OUTER_BOUND ( 'NONE', #1161, .T. ) ;
#3410 = FACE_OUTER_BOUND ( 'NONE', #1329, .T. ) ;
#3411 = DESIGN_CONTEXT ( 'detailed design', #2471, 'design' ) ;
#3412 = LINE ( 'NONE', #2096, #625 ) ;
#3413 = LINE ( 'NONE', #552, #1620 ) ;
#3414 = EDGE_LOOP ( 'NONE', ( #1468, #2973, #1705, #2140 ) ) ;
#3415 = VERTEX_POINT ( 'NONE', #2729 ) ;
#3416 = CARTESIAN_POINT ( 'NONE',  ( 0.5000000000000013323, -2.381171566221965019, 0.000000000000000000 ) ) ;
#3417 = ORIENTED_EDGE ( 'NONE', *, *, #471, .F. ) ;
#3418 = ORIENTED_EDGE ( 'NONE', *, *, #2026, .T. ) ;
#3419 = VERTEX_POINT ( 'NONE', #2814 ) ;
#3420 = DIRECTION ( 'NONE',  ( 0.1961161351381839613, 0.9805806756909201116, 0.000000000000000000 ) ) ;
#3421 = ORIENTED_EDGE ( 'NONE', *, *, #3561, .F. ) ;
#3422 = DIRECTION ( 'NONE',  ( -0.000000000000000000, 1.000000000000000000, -0.000000000000000000 ) ) ;
#3423 = CARTESIAN_POINT ( 'NONE',  ( -5.810682198873156956, 9.500000000000001776, -3.522682485511306805 ) ) ;
#3424 = DATE_TIME_ROLE ( 'classification_date' ) ;
#3425 = ORIENTED_EDGE ( 'NONE', *, *, #3008, .F. ) ;
#3426 = DIRECTION ( 'NONE',  ( 0.000000000000000000, 0.6401843996644777102, 0.7682212795973776265 ) ) ;
#3427 = PLANE ( 'NONE',  #744 ) ;
#3428 = CARTESIAN_POINT ( 'NONE',  ( -5.810682198873156956, 9.500000000000001776, -3.522682485511306805 ) ) ;
#3429 = EDGE_CURVE ( 'NONE', #903, #510, #251, .T. ) ;
#3430 = CARTESIAN_POINT ( 'NONE',  ( 7.099999999999998757, 5.000000000000000000, 2.000000000000000000 ) ) ;
#3431 = CARTESIAN_POINT ( 'NONE',  ( 0.6500000000000002442, 7.320785327544594878, -3.500000000000000000 ) ) ;
#3432 = VERTEX_POINT ( 'NONE', #3780 ) ;
#3433 = ORIENTED_EDGE ( 'NONE', *, *, #1247, .T. ) ;
#3434 = DIRECTION ( 'NONE',  ( -1.000000000000000000, -0.000000000000000000, -0.000000000000000000 ) ) ;
#3435 = ORIENTED_EDGE ( 'NONE', *, *, #2380, .F. ) ;
#3436 = AXIS2_PLACEMENT_3D ( 'NONE', #2850, #2531, #658 ) ;
#3437 = VECTOR ( 'NONE', #4127, 1000.000000000000000 ) ;
#3438 = VERTEX_POINT ( 'NONE', #1206 ) ;
#3439 = CARTESIAN_POINT ( 'NONE',  ( -5.499999999999999112, -0.04999999999999995420, 2.249999999999943601 ) ) ;
#3440 = ORIENTED_EDGE ( 'NONE', *, *, #2970, .T. ) ;
#3441 = VECTOR ( 'NONE', #509, 1000.000000000000000 ) ;
#3442 = AXIS2_PLACEMENT_3D ( 'NONE', #2296, #3595, #1357 ) ;
#3443 = CARTESIAN_POINT ( 'NONE',  ( -6.500000000000000000, 2.000000000000000000, -4.000000000000000000 ) ) ;
#3444 = ORIENTED_EDGE ( 'NONE', *, *, #1597, .T. ) ;
#3445 = CARTESIAN_POINT ( 'NONE',  ( -1.950996509470595885, 7.808377172716929771, 3.524999999999999911 ) ) ;
#3446 = LINE ( 'NONE', #1528, #1307 ) ;
#3447 = DATE_AND_TIME ( #2522, #2773 ) ;
#3448 = ADVANCED_FACE ( 'NONE', ( #535 ), #3716, .F. ) ;
#3449 = DIRECTION ( 'NONE',  ( 0.000000000000000000, 1.000000000000000000, 0.000000000000000000 ) ) ;
#3450 = EDGE_CURVE ( 'NONE', #3451, #1385, #858, .T. ) ;
#3451 = VERTEX_POINT ( 'NONE', #1747 ) ;
#3452 = CARTESIAN_POINT ( 'NONE',  ( -7.499999999999999112, 9.000000000000001776, 5.200000000000001066 ) ) ;
#3453 = CARTESIAN_POINT ( 'NONE',  ( 4.000000000000000000, -0.05000000000000000278, 3.500000000000000000 ) ) ;
#3454 = FACE_OUTER_BOUND ( 'NONE', #3933, .T. ) ;
#3455 = AXIS2_PLACEMENT_3D ( 'NONE', #3744, #175, #3112 ) ;
#3456 = VECTOR ( 'NONE', #1953, 1000.000000000000000 ) ;
#3457 = LINE ( 'NONE', #3680, #635 ) ;
#3458 = FACE_OUTER_BOUND ( 'NONE', #949, .T. ) ;
#3459 = ORIENTED_EDGE ( 'NONE', *, *, #3585, .T. ) ;
#3460 = EDGE_LOOP ( 'NONE', ( #784, #1974, #2680, #3433 ) ) ;
#3461 = VECTOR ( 'NONE', #170, 1000.000000000000114 ) ;
#3462 = ADVANCED_FACE ( 'NONE', ( #2402 ), #3351, .T. ) ;
#3463 = ADVANCED_FACE ( 'NONE', ( #2492 ), #1810, .T. ) ;
#3464 = VECTOR ( 'NONE', #93, 1000.000000000000000 ) ;
#3465 = ADVANCED_FACE ( 'NONE', ( #1123 ), #231, .T. ) ;
#3466 = VECTOR ( 'NONE', #1293, 1000.000000000000000 ) ;
#3467 = ORIENTED_EDGE ( 'NONE', *, *, #1502, .T. ) ;
#3468 = LINE ( 'NONE', #2571, #3590 ) ;
#3469 = EDGE_LOOP ( 'NONE', ( #3675, #3345, #3757, #2101, #2852, #3961 ) ) ;
#3470 = LINE ( 'NONE', #2836, #2698 ) ;
#3471 = LINE ( 'NONE', #1859, #376 ) ;
#3472 = CARTESIAN_POINT ( 'NONE',  ( 0.2499999999999986955, -2.320009041414067941, 5.650855795964598194 ) ) ;
#3473 = ORIENTED_EDGE ( 'NONE', *, *, #3267, .F. ) ;
#3474 = CARTESIAN_POINT ( 'NONE',  ( -5.499999999999999112, -0.4954308153680547777, 2.675789429537148489 ) ) ;
#3475 = FACE_OUTER_BOUND ( 'NONE', #3619, .T. ) ;
#3476 = CARTESIAN_POINT ( 'NONE',  ( -6.500000000000000000, 2.000000000000000000, 4.000000000000000000 ) ) ;
#3477 = DIRECTION ( 'NONE',  ( 0.000000000000000000, 0.8524543507230032402, -0.5228016640499753009 ) ) ;
#3478 = DIRECTION ( 'NONE',  ( -0.000000000000000000, 1.000000000000000000, -0.000000000000000000 ) ) ;
#3479 = ORIENTED_EDGE ( 'NONE', *, *, #2765, .F. ) ;
#3480 = EDGE_LOOP ( 'NONE', ( #1088, #2888, #1428, #2401 ) ) ;
#3481 = VERTEX_POINT ( 'NONE', #473 ) ;
#3482 = DIRECTION ( 'NONE',  ( -0.000000000000000000, 1.000000000000000000, -0.000000000000000000 ) ) ;
#3483 = ORIENTED_EDGE ( 'NONE', *, *, #523, .T. ) ;
#3484 = ORIENTED_EDGE ( 'NONE', *, *, #377, .F. ) ;
#3485 = FACE_OUTER_BOUND ( 'NONE', #2821, .T. ) ;
#3486 = LINE ( 'NONE', #922, #3259 ) ;
#3487 = VERTEX_POINT ( 'NONE', #2474 ) ;
#3488 = EDGE_CURVE ( 'NONE', #1707, #2085, #2081, .T. ) ;
#3489 = CARTESIAN_POINT ( 'NONE',  ( -6.500000000000000888, -0.05000000000000000278, 3.500000000000073275 ) ) ;
#3490 = DIRECTION ( 'NONE',  ( -0.000000000000000000, -1.000000000000000000, -0.000000000000000000 ) ) ;
#3491 = LINE ( 'NONE', #3874, #1568 ) ;
#3492 = CARTESIAN_POINT ( 'NONE',  ( 0.2499999999999990841, -0.3744267558732961021, 2.749999999999962697 ) ) ;
#3493 = DIRECTION ( 'NONE',  ( -0.000000000000000000, -1.000000000000000000, -0.000000000000000000 ) ) ;
#3494 = CARTESIAN_POINT ( 'NONE',  ( 0.5000000000000013323, -4.775409836065591662, -3.979508196721303737 ) ) ;
#3495 = ORIENTED_EDGE ( 'NONE', *, *, #3579, .F. ) ;
#3496 = ORIENTED_EDGE ( 'NONE', *, *, #163, .T. ) ;
#3497 = VERTEX_POINT ( 'NONE', #165 ) ;
#3498 = CYLINDRICAL_SURFACE ( 'NONE', #497, 0.6500000000000002442 ) ;
#3499 = ORIENTED_EDGE ( 'NONE', *, *, #3085, .T. ) ;
#3500 = AXIS2_PLACEMENT_3D ( 'NONE', #300, #1569, #26 ) ;
#3501 = VECTOR ( 'NONE', #2064, 1000.000000000000000 ) ;
#3502 = PLANE ( 'NONE',  #1621 ) ;
#3503 = CARTESIAN_POINT ( 'NONE',  ( -5.810682198873156956, 10.00000000000000178, 3.524999999999999911 ) ) ;
#3504 = EDGE_CURVE ( 'NONE', #1484, #3838, #3107, .T. ) ;
#3505 = EDGE_CURVE ( 'NONE', #3870, #3121, #1772, .T. ) ;
#3506 = ORIENTED_EDGE ( 'NONE', *, *, #889, .T. ) ;
#3507 = EDGE_CURVE ( 'NONE', #1561, #2227, #4039, .T. ) ;
#3508 = CARTESIAN_POINT ( 'NONE',  ( -5.810682198873156956, 10.00000000000000178, -3.524999999999999911 ) ) ;
#3509 = FACE_OUTER_BOUND ( 'NONE', #3143, .T. ) ;
#3510 = VECTOR ( 'NONE', #1516, 1000.000000000000000 ) ;
#3511 = DIRECTION ( 'NONE',  ( -1.000000000000000000, 0.000000000000000000, -0.000000000000000000 ) ) ;
#3512 = DIRECTION ( 'NONE',  ( -1.000000000000000000, -0.000000000000000000, -0.000000000000000000 ) ) ;
#3513 = EDGE_CURVE ( 'NONE', #151, #789, #2106, .T. ) ;
#3514 = CARTESIAN_POINT ( 'NONE',  ( -6.500000000000000888, 0.000000000000000000, 3.500000000000073275 ) ) ;
#3515 = DIRECTION ( 'NONE',  ( 0.000000000000000000, -1.000000000000000000, 0.000000000000000000 ) ) ;
#3516 = PLANE ( 'NONE',  #2769 ) ;
#3517 = ORIENTED_EDGE ( 'NONE', *, *, #4124, .T. ) ;
#3518 = VECTOR ( 'NONE', #983, 1000.000000000000000 ) ;
#3519 = ORIENTED_EDGE ( 'NONE', *, *, #3150, .F. ) ;
#3520 = ORIENTED_EDGE ( 'NONE', *, *, #3021, .F. ) ;
#3521 = AXIS2_PLACEMENT_3D ( 'NONE', #2883, #632, #2261 ) ;
#3522 = ORIENTED_EDGE ( 'NONE', *, *, #2037, .F. ) ;
#3523 = DIRECTION ( 'NONE',  ( -1.000000000000000000, -0.000000000000000000, -0.000000000000000000 ) ) ;
#3524 = ORIENTED_EDGE ( 'NONE', *, *, #3855, .F. ) ;
#3525 = EDGE_CURVE ( 'NONE', #1917, #1860, #1792, .T. ) ;
#3526 = AXIS2_PLACEMENT_3D ( 'NONE', #3723, #843, #2112 ) ;
#3527 = CARTESIAN_POINT ( 'NONE',  ( -0.2499999999999991396, -1.550000000000000044, -1.850000000000000755 ) ) ;
#3528 = CIRCLE ( 'NONE', #1841, 0.6500000000000002442 ) ;
#3529 = DIRECTION ( 'NONE',  ( 1.000000000000000000, 0.000000000000000000, 0.000000000000000000 ) ) ;
#3530 = LINE ( 'NONE', #3192, #1175 ) ;
#3531 = EDGE_LOOP ( 'NONE', ( #4034, #1012, #700, #711 ) ) ;
#3532 = ORIENTED_EDGE ( 'NONE', *, *, #426, .T. ) ;
#3533 = CARTESIAN_POINT ( 'NONE',  ( -4.000000000000000888, -0.05000000000000000278, 3.500000000000073275 ) ) ;
#3534 = LINE ( 'NONE', #1919, #2423 ) ;
#3535 = FACE_OUTER_BOUND ( 'NONE', #2214, .T. ) ;
#3536 = DIRECTION ( 'NONE',  ( 1.000000000000000000, 0.000000000000000000, -0.000000000000000000 ) ) ;
#3537 = EDGE_CURVE ( 'NONE', #536, #291, #1312, .T. ) ;
#3538 = DIRECTION ( 'NONE',  ( 1.000000000000000000, 0.000000000000000000, 0.000000000000000000 ) ) ;
#3539 = EDGE_CURVE ( 'NONE', #2535, #2294, #2893, .T. ) ;
#3540 = CARTESIAN_POINT ( 'NONE',  ( 0.000000000000000000, 7.320785327544594878, -4.000000000000000000 ) ) ;
#3541 = CARTESIAN_POINT ( 'NONE',  ( -6.500000000000000888, -0.5500000000000000444, 1.749999999999925393 ) ) ;
#3542 = EDGE_LOOP ( 'NONE', ( #4077, #3860, #3000, #3506 ) ) ;
#3543 = ORIENTED_EDGE ( 'NONE', *, *, #2796, .T. ) ;
#3544 = EDGE_CURVE ( 'NONE', #3007, #4038, #948, .T. ) ;
#3545 = ORIENTED_EDGE ( 'NONE', *, *, #2896, .F. ) ;
#3546 = LINE ( 'NONE', #664, #3117 ) ;
#3547 = VERTEX_POINT ( 'NONE', #2596 ) ;
#3548 = DIRECTION ( 'NONE',  ( 0.000000000000000000, -0.6401843996644777102, 0.7682212795973776265 ) ) ;
#3549 = LINE ( 'NONE', #465, #1283 ) ;
#3550 = CARTESIAN_POINT ( 'NONE',  ( -0.2499999999999997224, -7.049999999999999822, 2.749999999999999556 ) ) ;
#3551 = ORIENTED_EDGE ( 'NONE', *, *, #3896, .T. ) ;
#3552 = CARTESIAN_POINT ( 'NONE',  ( 1.249999999999999334, -0.05000000000000000278, -3.499999999999963585 ) ) ;
#3553 = DIRECTION ( 'NONE',  ( 0.1961161351381839613, -0.9805806756909201116, -0.000000000000000000 ) ) ;
#3554 = LINE ( 'NONE', #652, #2792 ) ;
#3555 = FACE_OUTER_BOUND ( 'NONE', #3709, .T. ) ;
#3556 = CARTESIAN_POINT ( 'NONE',  ( 6.303023128756144011, 2.000000000000000000, -4.000000000000000000 ) ) ;
#3557 = ORIENTED_EDGE ( 'NONE', *, *, #2576, .T. ) ;
#3558 = LINE ( 'NONE', #2565, #3842 ) ;
#3559 = LINE ( 'NONE', #3541, #2561 ) ;
#3560 = EDGE_CURVE ( 'NONE', #3497, #4098, #932, .T. ) ;
#3561 = EDGE_CURVE ( 'NONE', #1911, #320, #642, .T. ) ;
#3562 = EDGE_LOOP ( 'NONE', ( #1104, #667, #1844, #3940, #1598, #3773, #196, #229, #3668, #1032, #1164, #2913, #1096, #851, #3642, #585, #599, #100, #3863, #1093 ) ) ;
#3563 = ORIENTED_EDGE ( 'NONE', *, *, #110, .T. ) ;
#3564 = LINE ( 'NONE', #2034, #2853 ) ;
#3565 = ORIENTED_EDGE ( 'NONE', *, *, #604, .F. ) ;
#3566 = AXIS2_PLACEMENT_3D ( 'NONE', #3387, #3077, #1159 ) ;
#3567 = CARTESIAN_POINT ( 'NONE',  ( -5.000000000000000000, -0.05000000000000000278, 2.749999999999962697 ) ) ;
#3568 = AXIS2_PLACEMENT_3D ( 'NONE', #2132, #1782, #3383 ) ;
#3569 = VECTOR ( 'NONE', #1821, 1000.000000000000000 ) ;
#3570 = ORIENTED_EDGE ( 'NONE', *, *, #507, .T. ) ;
#3571 = LINE ( 'NONE', #1669, #2084 ) ;
#3572 = DIRECTION ( 'NONE',  ( 0.000000000000000000, 1.000000000000000000, 0.000000000000000000 ) ) ;
#3573 = EDGE_CURVE ( 'NONE', #578, #3144, #3819, .T. ) ;
#3574 = CARTESIAN_POINT ( 'NONE',  ( -0.6500000000000002442, 7.320785327544594878, -3.500000000000000000 ) ) ;
#3575 = FACE_OUTER_BOUND ( 'NONE', #2487, .T. ) ;
#3576 = VECTOR ( 'NONE', #95, 1000.000000000000000 ) ;
#3577 = VECTOR ( 'NONE', #3673, 1000.000000000000000 ) ;
#3578 = DIRECTION ( 'NONE',  ( -0.000000000000000000, 1.000000000000000000, -0.000000000000000000 ) ) ;
#3579 = EDGE_CURVE ( 'NONE', #536, #2535, #331, .T. ) ;
#3580 = VECTOR ( 'NONE', #1474, 1000.000000000000114 ) ;
#3581 = CARTESIAN_POINT ( 'NONE',  ( 6.500000000000000000, 2.000000000000000000, 4.000000000000000000 ) ) ;
#3582 = LINE ( 'NONE', #2966, #1013 ) ;
#3583 = VERTEX_POINT ( 'NONE', #1601 ) ;
#3584 = ORIENTED_EDGE ( 'NONE', *, *, #1912, .T. ) ;
#3585 = EDGE_CURVE ( 'NONE', #3587, #2125, #266, .T. ) ;
#3586 = DIRECTION ( 'NONE',  ( 0.000000000000000000, 0.000000000000000000, 1.000000000000000000 ) ) ;
#3587 = VERTEX_POINT ( 'NONE', #3229 ) ;
#3588 = EDGE_CURVE ( 'NONE', #1668, #1837, #1228, .T. ) ;
#3589 = EDGE_CURVE ( 'NONE', #2702, #3870, #3468, .T. ) ;
#3590 = VECTOR ( 'NONE', #4162, 1000.000000000000000 ) ;
#3591 = LINE ( 'NONE', #2615, #178 ) ;
#3592 = VECTOR ( 'NONE', #1716, 1000.000000000000000 ) ;
#3593 = ORIENTED_EDGE ( 'NONE', *, *, #726, .T. ) ;
#3594 = ORIENTED_EDGE ( 'NONE', *, *, #2024, .F. ) ;
#3595 = DIRECTION ( 'NONE',  ( 0.000000000000000000, -1.000000000000000000, 0.000000000000000000 ) ) ;
#3596 = VECTOR ( 'NONE', #559, 1000.000000000000000 ) ;
#3597 = LINE ( 'NONE', #2278, #1102 ) ;
#3598 = DIRECTION ( 'NONE',  ( 0.000000000000000000, 1.000000000000000000, 0.000000000000000000 ) ) ;
#3599 = DIRECTION ( 'NONE',  ( -0.000000000000000000, 1.000000000000000000, 0.000000000000000000 ) ) ;
#3600 = FACE_OUTER_BOUND ( 'NONE', #3469, .T. ) ;
#3601 = DIRECTION ( 'NONE',  ( 0.000000000000000000, -0.8524543507230039063, 0.5228016640499739687 ) ) ;
#3602 = ORIENTED_EDGE ( 'NONE', *, *, #889, .F. ) ;
#3603 = ORIENTED_EDGE ( 'NONE', *, *, #1952, .T. ) ;
#3604 = CARTESIAN_POINT ( 'NONE',  ( 4.000000000000000000, -0.5500000000000000444, 1.749999999999998668 ) ) ;
#3605 = VERTEX_POINT ( 'NONE', #2831 ) ;
#3606 = DIRECTION ( 'NONE',  ( -0.000000000000000000, 1.000000000000000000, 0.000000000000000000 ) ) ;
#3607 = ORIENTED_EDGE ( 'NONE', *, *, #1331, .T. ) ;
#3608 = FACE_OUTER_BOUND ( 'NONE', #608, .T. ) ;
#3609 = DIRECTION ( 'NONE',  ( -1.000000000000000000, 0.000000000000000000, -0.000000000000000000 ) ) ;
#3610 = APPLICATION_PROTOCOL_DEFINITION ( 'international standard', 'config_control_design', 1994, #2471 ) ;
#3611 = ORIENTED_EDGE ( 'NONE', *, *, #46, .T. ) ;
#3612 = DIRECTION ( 'NONE',  ( -0.9805806756909202226, -0.1961161351381837115, 0.000000000000000000 ) ) ;
#3613 = CARTESIAN_POINT ( 'NONE',  ( -7.500000000000000888, 8.000000000000000000, -5.199999999999999289 ) ) ;
#3614 = CARTESIAN_POINT ( 'NONE',  ( 4.000000000000000000, -0.05000000000000000278, 3.500000000000000000 ) ) ;
#3615 = CARTESIAN_POINT ( 'NONE',  ( 0.6500000000000002442, 7.320785327544594878, 3.500000000000000000 ) ) ;
#3616 = DIRECTION ( 'NONE',  ( 0.000000000000000000, -0.5443120614198033724, 0.8388828164844742696 ) ) ;
#3617 = PLANE ( 'NONE',  #37 ) ;
#3618 = LINE ( 'NONE', #2255, #3778 ) ;
#3619 = EDGE_LOOP ( 'NONE', ( #1857, #380, #2252, #3289 ) ) ;
#3620 = VERTEX_POINT ( 'NONE', #2915 ) ;
#3621 = LINE ( 'NONE', #1649, #1031 ) ;
#3622 = ORIENTED_EDGE ( 'NONE', *, *, #3205, .T. ) ;
#3623 = LINE ( 'NONE', #394, #4000 ) ;
#3624 = ORIENTED_EDGE ( 'NONE', *, *, #4136, .F. ) ;
#3625 = DIRECTION ( 'NONE',  ( 0.000000000000000000, -0.000000000000000000, 1.000000000000000000 ) ) ;
#3626 = EDGE_CURVE ( 'NONE', #2600, #452, #41, .T. ) ;
#3627 = PLANE ( 'NONE',  #2102 ) ;
#3628 = EDGE_CURVE ( 'NONE', #3760, #649, #3546, .T. ) ;
#3629 = APPROVAL_ROLE ( '' ) ;
#3630 = AXIS2_PLACEMENT_3D ( 'NONE', #3175, #925, #2194 ) ;
#3631 = EDGE_CURVE ( 'NONE', #451, #896, #1581, .T. ) ;
#3632 = ADVANCED_FACE ( 'NONE', ( #2537 ), #2164, .F. ) ;
#3633 = ORIENTED_EDGE ( 'NONE', *, *, #3148, .F. ) ;
#3634 = FACE_OUTER_BOUND ( 'NONE', #2251, .T. ) ;
#3635 = AXIS2_PLACEMENT_3D ( 'NONE', #1497, #850, #2466 ) ;
#3636 = EDGE_CURVE ( 'NONE', #579, #1700, #3146, .T. ) ;
#3637 = DIRECTION ( 'NONE',  ( -1.074885585201085136E-16, -0.5443120614198033724, 0.8388828164844742696 ) ) ;
#3638 = AXIS2_PLACEMENT_3D ( 'NONE', #152, #1179, #239 ) ;
#3639 = CARTESIAN_POINT ( 'NONE',  ( 1.249999999999999334, -0.5500000000000000444, 1.749999999999962030 ) ) ;
#3640 = CARTESIAN_POINT ( 'NONE',  ( -5.960135036185412183, 10.00000000000000178, -5.200000000000001066 ) ) ;
#3641 = LINE ( 'NONE', #3344, #1016 ) ;
#3642 = ORIENTED_EDGE ( 'NONE', *, *, #2783, .F. ) ;
#3643 = EDGE_LOOP ( 'NONE', ( #2249, #3825, #1386, #557, #998, #3840, #722, #2639 ) ) ;
#3644 = DIRECTION ( 'NONE',  ( 0.000000000000000000, 0.000000000000000000, -1.000000000000000000 ) ) ;
#3645 = ORIENTED_EDGE ( 'NONE', *, *, #3884, .F. ) ;
#3646 = VERTEX_POINT ( 'NONE', #2185 ) ;
#3647 = DIRECTION ( 'NONE',  ( -0.000000000000000000, -0.000000000000000000, 1.000000000000000000 ) ) ;
#3648 = VECTOR ( 'NONE', #4036, 1000.000000000000000 ) ;
#3649 = ORIENTED_EDGE ( 'NONE', *, *, #956, .T. ) ;
#3650 = CARTESIAN_POINT ( 'NONE',  ( -1.250000000000000222, 0.000000000000000000, 3.500000000000036859 ) ) ;
#3651 = VECTOR ( 'NONE', #719, 1000.000000000000000 ) ;
#3652 = LINE ( 'NONE', #774, #2986 ) ;
#3653 = VECTOR ( 'NONE', #3598, 1000.000000000000000 ) ;
#3654 = DIRECTION ( 'NONE',  ( -0.5446390350150263071, 0.8386705679454246054, 0.000000000000000000 ) ) ;
#3655 = VECTOR ( 'NONE', #3197, 1000.000000000000000 ) ;
#3656 = ORIENTED_EDGE ( 'NONE', *, *, #3020, .T. ) ;
#3657 = AXIS2_PLACEMENT_3D ( 'NONE', #3692, #1174, #2458 ) ;
#3658 = ORIENTED_EDGE ( 'NONE', *, *, #2644, .F. ) ;
#3659 = CARTESIAN_POINT ( 'NONE',  ( -6.500000000000000000, 8.000000000000000000, -2.000000000000000000 ) ) ;
#3660 = CARTESIAN_POINT ( 'NONE',  ( -4.499999999999999112, -1.327916433467341450, -2.165234388002261756 ) ) ;
#3661 = CARTESIAN_POINT ( 'NONE',  ( -6.500000000000000000, 0.000000000000000000, -4.000000000000000000 ) ) ;
#3662 = ADVANCED_FACE ( 'NONE', ( #600 ), #3498, .F. ) ;
#3663 = LINE ( 'NONE', #1133, #243 ) ;
#3664 = DIRECTION ( 'NONE',  ( -0.000000000000000000, 0.000000000000000000, 1.000000000000000000 ) ) ;
#3665 = ORIENTED_EDGE ( 'NONE', *, *, #915, .F. ) ;
#3666 = ORIENTED_EDGE ( 'NONE', *, *, #223, .F. ) ;
#3667 = DIRECTION ( 'NONE',  ( 0.000000000000000000, -0.000000000000000000, 1.000000000000000000 ) ) ;
#3668 = ORIENTED_EDGE ( 'NONE', *, *, #2917, .F. ) ;
#3669 = EDGE_CURVE ( 'NONE', #1707, #1406, #290, .T. ) ;
#3670 = ORIENTED_EDGE ( 'NONE', *, *, #2334, .T. ) ;
#3671 = CARTESIAN_POINT ( 'NONE',  ( -5.499999999999999112, -1.550000000000000044, 0.000000000000000000 ) ) ;
#3672 = ORIENTED_EDGE ( 'NONE', *, *, #2323, .T. ) ;
#3673 = DIRECTION ( 'NONE',  ( -0.000000000000000000, -0.000000000000000000, 1.000000000000000000 ) ) ;
#3674 = CARTESIAN_POINT ( 'NONE',  ( 6.500000000000000000, -0.05000000000000000278, 3.500000000000000000 ) ) ;
#3675 = ORIENTED_EDGE ( 'NONE', *, *, #3407, .T. ) ;
#3676 = CARTESIAN_POINT ( 'NONE',  ( -7.500000000000000888, 9.000000000000001776, -5.199999999999999289 ) ) ;
#3677 = DIRECTION ( 'NONE',  ( 1.668003342285391551E-16, 0.000000000000000000, 1.000000000000000000 ) ) ;
#3678 = PLANE ( 'NONE',  #2791 ) ;
#3679 = DIRECTION ( 'NONE',  ( -1.000000000000000000, 0.000000000000000000, -1.182766006347823109E-16 ) ) ;
#3680 = CARTESIAN_POINT ( 'NONE',  ( 4.000000000000000888, -0.05000000000000000278, -1.750000000000001332 ) ) ;
#3681 = LINE ( 'NONE', #2972, #2285 ) ;
#3682 = ORIENTED_EDGE ( 'NONE', *, *, #3761, .F. ) ;
#3683 = ORIENTED_EDGE ( 'NONE', *, *, #2166, .T. ) ;
#3684 = CARTESIAN_POINT ( 'NONE',  ( -5.000000000000000888, -0.5500000000000000444, -1.750000000000074607 ) ) ;
#3685 = ORIENTED_EDGE ( 'NONE', *, *, #1220, .F. ) ;
#3686 = EDGE_CURVE ( 'NONE', #3799, #3400, #3187, .T. ) ;
#3687 = EDGE_CURVE ( 'NONE', #3620, #2353, #3250, .T. ) ;
#3688 = ORIENTED_EDGE ( 'NONE', *, *, #3845, .T. ) ;
#3689 = DIRECTION ( 'NONE',  ( -1.000000000000000000, 0.000000000000000000, -0.000000000000000000 ) ) ;
#3690 = ORIENTED_EDGE ( 'NONE', *, *, #1473, .T. ) ;
#3691 = DIRECTION ( 'NONE',  ( 2.478176394252581634E-16, 0.000000000000000000, -1.000000000000000000 ) ) ;
#3692 = CARTESIAN_POINT ( 'NONE',  ( -1.950996509470595885, 7.808377172716929771, 3.524999999999999911 ) ) ;
#3693 = LINE ( 'NONE', #3356, #1619 ) ;
#3694 = ORIENTED_EDGE ( 'NONE', *, *, #2459, .F. ) ;
#3695 = EDGE_CURVE ( 'NONE', #3547, #191, #2674, .T. ) ;
#3696 = PLANE ( 'NONE',  #21 ) ;
#3697 = LINE ( 'NONE', #2781, #3970 ) ;
#3698 = DIRECTION ( 'NONE',  ( -0.000000000000000000, -0.000000000000000000, 1.000000000000000000 ) ) ;
#3699 = EDGE_CURVE ( 'NONE', #1898, #1977, #2656, .T. ) ;
#3700 = VECTOR ( 'NONE', #2320, 1000.000000000000000 ) ;
#3701 = DIRECTION ( 'NONE',  ( -0.000000000000000000, 0.8388828164844742696, 0.5443120614198033724 ) ) ;
#3702 = VECTOR ( 'NONE', #2841, 1000.000000000000000 ) ;
#3703 = DIRECTION ( 'NONE',  ( -1.000000000000000000, -0.000000000000000000, -0.000000000000000000 ) ) ;
#3704 = DIRECTION ( 'NONE',  ( 0.000000000000000000, 0.000000000000000000, 1.000000000000000000 ) ) ;
#3705 = ORIENTED_EDGE ( 'NONE', *, *, #3020, .F. ) ;
#3706 = ORIENTED_EDGE ( 'NONE', *, *, #3429, .T. ) ;
#3707 = CC_DESIGN_APPROVAL ( #143, ( #1138 ) ) ;
#3708 = DIRECTION ( 'NONE',  ( -0.1961161351381839613, -0.9805806756909201116, -0.000000000000000000 ) ) ;
#3709 = EDGE_LOOP ( 'NONE', ( #3517, #2572, #119, #2774 ) ) ;
#3710 = VECTOR ( 'NONE', #254, 1000.000000000000000 ) ;
#3711 = ORIENTED_EDGE ( 'NONE', *, *, #1440, .F. ) ;
#3712 = VECTOR ( 'NONE', #3096, 1000.000000000000000 ) ;
#3713 = VERTEX_POINT ( 'NONE', #99 ) ;
#3714 = EDGE_CURVE ( 'NONE', #2472, #1069, #3564, .T. ) ;
#3715 = EDGE_CURVE ( 'NONE', #558, #1602, #2308, .T. ) ;
#3716 = PLANE ( 'NONE',  #3189 ) ;
#3717 = ADVANCED_FACE ( 'NONE', ( #74 ), #3941, .F. ) ;
#3718 = ORIENTED_EDGE ( 'NONE', *, *, #124, .F. ) ;
#3719 = DIRECTION ( 'NONE',  ( 2.478176394252581634E-16, 0.000000000000000000, -1.000000000000000000 ) ) ;
#3720 = DIRECTION ( 'NONE',  ( 1.000000000000000000, 0.000000000000000000, 0.000000000000000000 ) ) ;
#3721 = DATE_AND_TIME ( #271, #1550 ) ;
#3722 = VECTOR ( 'NONE', #1240, 1000.000000000000000 ) ;
#3723 = CARTESIAN_POINT ( 'NONE',  ( 6.303023128756144011, 2.000000000000000000, -2.000000000000000000 ) ) ;
#3724 = DIRECTION ( 'NONE',  ( -0.000000000000000000, 1.000000000000000000, 0.000000000000000000 ) ) ;
#3725 = VECTOR ( 'NONE', #3360, 1000.000000000000000 ) ;
#3726 = DIRECTION ( 'NONE',  ( 0.000000000000000000, 0.000000000000000000, 1.000000000000000000 ) ) ;
#3727 = DIRECTION ( 'NONE',  ( -1.668003342285391551E-16, 0.000000000000000000, -1.000000000000000000 ) ) ;
#3728 = AXIS2_PLACEMENT_3D ( 'NONE', #3403, #2429, #1815 ) ;
#3729 = CARTESIAN_POINT ( 'NONE',  ( -4.499999999999999112, -0.04999999999999995420, -2.249999999999943601 ) ) ;
#3730 = CARTESIAN_POINT ( 'NONE',  ( 0.000000000000000000, 0.000000000000000000, 4.000000000000000000 ) ) ;
#3731 = VERTEX_POINT ( 'NONE', #3901 ) ;
#3732 = VECTOR ( 'NONE', #3066, 1000.000000000000000 ) ;
#3733 = VERTEX_POINT ( 'NONE', #3288 ) ;
#3734 = CARTESIAN_POINT ( 'NONE',  ( -5.960135036185410407, 9.500000000000001776, -3.660135036185413249 ) ) ;
#3735 = LINE ( 'NONE', #3178, #1300 ) ;
#3736 = ORIENTED_EDGE ( 'NONE', *, *, #962, .F. ) ;
#3737 = EDGE_LOOP ( 'NONE', ( #330, #577, #1316, #48, #1520, #98, #2421, #621, #419, #410, #4148, #1501, #4080, #689, #1536, #372, #4032, #120, #2556, #1079 ) ) ;
#3738 = EDGE_CURVE ( 'NONE', #1328, #1069, #2954, .T. ) ;
#3739 = DIRECTION ( 'NONE',  ( 0.000000000000000000, -0.5443120614198033724, -0.8388828164844742696 ) ) ;
#3740 = CARTESIAN_POINT ( 'NONE',  ( -1.249999999999999334, -0.05000000000000000278, -1.750000000000037970 ) ) ;
#3741 = VERTEX_POINT ( 'NONE', #2328 ) ;
#3742 = DIRECTION ( 'NONE',  ( 0.000000000000000000, 0.8524543507230039063, 0.5228016640499739687 ) ) ;
#3743 = LINE ( 'NONE', #3423, #1103 ) ;
#3744 = CARTESIAN_POINT ( 'NONE',  ( 0.000000000000000000, -0.05000000000000000278, 0.000000000000000000 ) ) ;
#3745 = ORIENTED_EDGE ( 'NONE', *, *, #1644, .F. ) ;
#3746 = CARTESIAN_POINT ( 'NONE',  ( -5.499999999999999112, -0.05000000000000000278, -1.750000000000074385 ) ) ;
#3747 = LINE ( 'NONE', #505, #2965 ) ;
#3748 = PLANE ( 'NONE',  #2715 ) ;
#3749 = CARTESIAN_POINT ( 'NONE',  ( -5.810682198873156956, 9.500000000000001776, -3.522682485511306805 ) ) ;
#3750 = CARTESIAN_POINT ( 'NONE',  ( -0.2499999999999997780, -0.3744267558732961021, 2.749999999999962697 ) ) ;
#3751 = ORIENTED_EDGE ( 'NONE', *, *, #2832, .T. ) ;
#3752 = CARTESIAN_POINT ( 'NONE',  ( 0.5000000000000013323, -0.3744267558731740886, -2.750000000000037303 ) ) ;
#3753 = VERTEX_POINT ( 'NONE', #409 ) ;
#3754 = ORIENTED_EDGE ( 'NONE', *, *, #1058, .T. ) ;
#3755 = EDGE_CURVE ( 'NONE', #892, #534, #1370, .T. ) ;
#3756 = CARTESIAN_POINT ( 'NONE',  ( 6.500000000000000000, 8.000000000000000000, 2.000000000000000000 ) ) ;
#3757 = ORIENTED_EDGE ( 'NONE', *, *, #2391, .T. ) ;
#3758 = LINE ( 'NONE', #1858, #1748 ) ;
#3759 = FACE_OUTER_BOUND ( 'NONE', #2673, .T. ) ;
#3760 = VERTEX_POINT ( 'NONE', #453 ) ;
#3761 = EDGE_CURVE ( 'NONE', #3419, #202, #3017, .T. ) ;
#3762 = DIRECTION ( 'NONE',  ( 1.000000000000000000, 0.000000000000000000, 0.000000000000000000 ) ) ;
#3763 = CARTESIAN_POINT ( 'NONE',  ( 0.2499999999999994171, -2.381171566221965019, -0.5000000000000006661 ) ) ;
#3764 = EDGE_CURVE ( 'NONE', #3838, #1893, #3621, .T. ) ;
#3765 = CARTESIAN_POINT ( 'NONE',  ( 5.810682198873156956, 9.500000000000001776, -3.522682485511306805 ) ) ;
#3766 = EDGE_CURVE ( 'NONE', #903, #3587, #1036, .T. ) ;
#3767 = EDGE_CURVE ( 'NONE', #1476, #1129, #1054, .T. ) ;
#3768 = AXIS2_PLACEMENT_3D ( 'NONE', #1615, #2247, #326 ) ;
#3769 = FACE_OUTER_BOUND ( 'NONE', #865, .T. ) ;
#3770 = PLANE ( 'NONE',  #1817 ) ;
#3771 = ORIENTED_EDGE ( 'NONE', *, *, #1319, .T. ) ;
#3772 = EDGE_LOOP ( 'NONE', ( #724, #248, #2597, #1405, #1887, #3206 ) ) ;
#3773 = ORIENTED_EDGE ( 'NONE', *, *, #1701, .T. ) ;
#3774 = VECTOR ( 'NONE', #4150, 1000.000000000000000 ) ;
#3775 = AXIS2_PLACEMENT_3D ( 'NONE', #2193, #569, #299 ) ;
#3776 = VECTOR ( 'NONE', #1712, 1000.000000000000114 ) ;
#3777 = ORIENTED_EDGE ( 'NONE', *, *, #3141, .T. ) ;
#3778 = VECTOR ( 'NONE', #1604, 1000.000000000000000 ) ;
#3779 = AXIS2_PLACEMENT_3D ( 'NONE', #108, #2335, #3908 ) ;
#3780 = CARTESIAN_POINT ( 'NONE',  ( 0.2499999999999993061, -2.381171566221965019, 0.5000000000000006661 ) ) ;
#3781 = LINE ( 'NONE', #3147, #2088 ) ;
#3782 = ORIENTED_EDGE ( 'NONE', *, *, #1523, .F. ) ;
#3783 = LINE ( 'NONE', #897, #1222 ) ;
#3784 = CARTESIAN_POINT ( 'NONE',  ( -5.000000000000000000, -6.550000000000000711, -1.850000000000000533 ) ) ;
#3785 = COORDINATED_UNIVERSAL_TIME_OFFSET ( 4, 0, .BEHIND. ) ;
#3786 = LINE ( 'NONE', #1445, #166 ) ;
#3787 = ORIENTED_EDGE ( 'NONE', *, *, #2970, .F. ) ;
#3788 = CARTESIAN_POINT ( 'NONE',  ( 0.5000000000000013323, -2.381171566221965019, -0.5000000000000006661 ) ) ;
#3789 = DIRECTION ( 'NONE',  ( 1.000000000000000000, 0.000000000000000000, 0.000000000000000000 ) ) ;
#3790 = CARTESIAN_POINT ( 'NONE',  ( 0.5000000000000013323, -6.550000000000000711, -1.850000000000000533 ) ) ;
#3791 = VECTOR ( 'NONE', #3708, 1000.000000000000227 ) ;
#3792 = LINE ( 'NONE', #928, #1150 ) ;
#3793 = CARTESIAN_POINT ( 'NONE',  ( -6.500000000000000000, 2.000000000000000000, -2.000000000000000000 ) ) ;
#3794 = ADVANCED_FACE ( 'NONE', ( #2613 ), #1330, .T. ) ;
#3795 = AXIS2_PLACEMENT_3D ( 'NONE', #2195, #7, #2907 ) ;
#3796 = AXIS2_PLACEMENT_3D ( 'NONE', #2993, #3981, #2690 ) ;
#3797 = AXIS2_PLACEMENT_3D ( 'NONE', #1932, #1271, #687 ) ;
#3798 = VERTEX_POINT ( 'NONE', #1011 ) ;
#3799 = VERTEX_POINT ( 'NONE', #431 ) ;
#3800 = DIRECTION ( 'NONE',  ( 0.000000000000000000, 0.000000000000000000, 1.000000000000000000 ) ) ;
#3801 = VERTEX_POINT ( 'NONE', #762 ) ;
#3802 = LINE ( 'NONE', #332, #1158 ) ;
#3803 = ADVANCED_FACE ( 'NONE', ( #1407 ), #1664, .F. ) ;
#3804 = ORIENTED_EDGE ( 'NONE', *, *, #1830, .T. ) ;
#3805 = LINE ( 'NONE', #877, #2286 ) ;
#3806 = DIRECTION ( 'NONE',  ( -0.000000000000000000, -0.000000000000000000, 1.000000000000000000 ) ) ;
#3807 = APPROVAL_STATUS ( 'not_yet_approved' ) ;
#3808 = ORIENTED_EDGE ( 'NONE', *, *, #2700, .F. ) ;
#3809 = DIRECTION ( 'NONE',  ( 0.000000000000000000, 0.000000000000000000, -1.000000000000000000 ) ) ;
#3810 = DIRECTION ( 'NONE',  ( -1.000000000000000000, -0.000000000000000000, -0.000000000000000000 ) ) ;
#3811 = DIRECTION ( 'NONE',  ( -1.668003342285391551E-16, -0.000000000000000000, -1.000000000000000000 ) ) ;
#3812 = LINE ( 'NONE', #468, #303 ) ;
#3813 = DIRECTION ( 'NONE',  ( -0.000000000000000000, 0.000000000000000000, 1.000000000000000000 ) ) ;
#3814 = DIRECTION ( 'NONE',  ( 1.000000000000000000, -0.000000000000000000, 0.000000000000000000 ) ) ;
#3815 = VERTEX_POINT ( 'NONE', #3272 ) ;
#3816 = ORIENTED_EDGE ( 'NONE', *, *, #2700, .T. ) ;
#3817 = VERTEX_POINT ( 'NONE', #2271 ) ;
#3818 = EDGE_CURVE ( 'NONE', #3741, #4013, #121, .T. ) ;
#3819 = LINE ( 'NONE', #3839, #4132 ) ;
#3820 = VERTEX_POINT ( 'NONE', #2762 ) ;
#3821 = EDGE_CURVE ( 'NONE', #1476, #2795, #1548, .T. ) ;
#3822 = ORIENTED_EDGE ( 'NONE', *, *, #3636, .F. ) ;
#3823 = LINE ( 'NONE', #1582, #1414 ) ;
#3824 = LINE ( 'NONE', #3567, #2722 ) ;
#3825 = ORIENTED_EDGE ( 'NONE', *, *, #3504, .F. ) ;
#3826 = DIRECTION ( 'NONE',  ( -0.000000000000000000, -0.000000000000000000, -1.000000000000000000 ) ) ;
#3827 = CARTESIAN_POINT ( 'NONE',  ( -6.500000000000000000, 2.000000000000000000, -4.000000000000000000 ) ) ;
#3828 = DIRECTION ( 'NONE',  ( 1.000000000000000000, 0.000000000000000000, -0.000000000000000000 ) ) ;
#3829 = DIRECTION ( 'NONE',  ( -1.000000000000000000, -0.000000000000000000, -0.000000000000000000 ) ) ;
#3830 = DIRECTION ( 'NONE',  ( 0.000000000000000000, -0.000000000000000000, 1.000000000000000000 ) ) ;
#3831 = DIRECTION ( 'NONE',  ( -0.000000000000000000, -0.000000000000000000, 1.000000000000000000 ) ) ;
#3832 = EDGE_CURVE ( 'NONE', #3713, #668, #1740, .T. ) ;
#3833 = DIRECTION ( 'NONE',  ( 1.000000000000000000, 0.000000000000000000, 0.000000000000000000 ) ) ;
#3834 = EDGE_CURVE ( 'NONE', #1251, #3605, #1882, .T. ) ;
#3835 = DIRECTION ( 'NONE',  ( 0.000000000000000000, 0.000000000000000000, -1.000000000000000000 ) ) ;
#3836 = ORIENTED_EDGE ( 'NONE', *, *, #1873, .T. ) ;
#3837 = ORIENTED_EDGE ( 'NONE', *, *, #3067, .F. ) ;
#3838 = VERTEX_POINT ( 'NONE', #4130 ) ;
#3839 = CARTESIAN_POINT ( 'NONE',  ( -5.499999999999999112, 0.000000000000000000, 1.850000000000000755 ) ) ;
#3840 = ORIENTED_EDGE ( 'NONE', *, *, #2507, .F. ) ;
#3841 = VECTOR ( 'NONE', #4076, 1000.000000000000000 ) ;
#3842 = VECTOR ( 'NONE', #343, 1000.000000000000000 ) ;
#3843 = ADVANCED_FACE ( 'NONE', ( #1767 ), #2743, .F. ) ;
#3844 = PLANE ( 'NONE',  #2083 ) ;
#3845 = EDGE_CURVE ( 'NONE', #2594, #824, #224, .T. ) ;
#3846 = DIRECTION ( 'NONE',  ( -1.000000000000000000, -0.000000000000000000, -0.000000000000000000 ) ) ;
#3847 = SECURITY_CLASSIFICATION ( '', '', #2431 ) ;
#3848 = ORIENTED_EDGE ( 'NONE', *, *, #1606, .F. ) ;
#3849 = PLANE ( 'NONE',  #1881 ) ;
#3850 = CARTESIAN_POINT ( 'NONE',  ( -5.000000000000000000, -0.05000000000000000278, -1.750000000000074385 ) ) ;
#3851 = AXIS2_PLACEMENT_3D ( 'NONE', #1261, #992, #2813 ) ;
#3852 = PLANE ( 'NONE',  #1508 ) ;
#3853 = LINE ( 'NONE', #362, #1303 ) ;
#3854 = CARTESIAN_POINT ( 'NONE',  ( -4.499999999999999112, -4.775409836065591662, -3.979508196721303737 ) ) ;
#3855 = EDGE_CURVE ( 'NONE', #2337, #2227, #2419, .T. ) ;
#3856 = CARTESIAN_POINT ( 'NONE',  ( 6.303023128756144011, 8.000000000000000000, 4.000000000000000000 ) ) ;
#3857 = CARTESIAN_POINT ( 'NONE',  ( 1.249999999999999334, -0.05000000000000000278, 3.500000000000036859 ) ) ;
#3858 = VECTOR ( 'NONE', #305, 1000.000000000000000 ) ;
#3859 = CARTESIAN_POINT ( 'NONE',  ( -5.000000000000000000, -7.049999999999999822, -0.5000000000000004441 ) ) ;
#3860 = ORIENTED_EDGE ( 'NONE', *, *, #3537, .F. ) ;
#3861 = ORIENTED_EDGE ( 'NONE', *, *, #4085, .F. ) ;
#3862 = AXIS2_PLACEMENT_3D ( 'NONE', #302, #982, #1570 ) ;
#3863 = ORIENTED_EDGE ( 'NONE', *, *, #252, .T. ) ;
#3864 = CARTESIAN_POINT ( 'NONE',  ( -5.000000000000000000, -2.381171566221965463, 2.749999999999962697 ) ) ;
#3865 = ORIENTED_EDGE ( 'NONE', *, *, #1904, .F. ) ;
#3866 = VECTOR ( 'NONE', #2927, 1000.000000000000000 ) ;
#3867 = VECTOR ( 'NONE', #563, 1000.000000000000000 ) ;
#3868 = CARTESIAN_POINT ( 'NONE',  ( 1.306081345024146190, 13.02237780618902363, 0.9939186549758547429 ) ) ;
#3869 = CARTESIAN_POINT ( 'NONE',  ( 0.2499999999999993616, -5.225421773953994098, -0.2250663664274455689 ) ) ;
#3870 = VERTEX_POINT ( 'NONE', #1788 ) ;
#3871 = DIRECTION ( 'NONE',  ( 1.000000000000000000, -0.000000000000000000, -0.000000000000000000 ) ) ;
#3872 = CARTESIAN_POINT ( 'NONE',  ( 0.6500000000000002442, 7.320785327544594878, 4.000000000000000000 ) ) ;
#3873 = FACE_OUTER_BOUND ( 'NONE', #3460, .T. ) ;
#3874 = CARTESIAN_POINT ( 'NONE',  ( 0.000000000000000000, -7.049999999999999822, 1.249999999999998446 ) ) ;
#3875 = EDGE_CURVE ( 'NONE', #2033, #3079, #4058, .T. ) ;
#3876 = CARTESIAN_POINT ( 'NONE',  ( -5.000000000000000000, -1.550000000000000044, -1.850000000000000755 ) ) ;
#3877 = VERTEX_POINT ( 'NONE', #805 ) ;
#3878 = CARTESIAN_POINT ( 'NONE',  ( 6.303023128756144011, 2.000000000000000000, -4.000000000000000000 ) ) ;
#3879 = CARTESIAN_POINT ( 'NONE',  ( -4.000000000000000888, -0.05000000000000000278, -3.499999999999927169 ) ) ;
#3880 = ORIENTED_EDGE ( 'NONE', *, *, #2968, .F. ) ;
#3881 = VERTEX_POINT ( 'NONE', #3038 ) ;
#3882 = DIRECTION ( 'NONE',  ( -0.000000000000000000, -0.000000000000000000, 1.000000000000000000 ) ) ;
#3883 = ORIENTED_EDGE ( 'NONE', *, *, #1651, .T. ) ;
#3884 = EDGE_CURVE ( 'NONE', #3438, #2181, #3735, .T. ) ;
#3885 = EDGE_CURVE ( 'NONE', #2153, #62, #927, .T. ) ;
#3886 = CARTESIAN_POINT ( 'NONE',  ( 6.500000000000000000, 2.000000000000000000, 4.000000000000000000 ) ) ;
#3887 = ORIENTED_EDGE ( 'NONE', *, *, #459, .F. ) ;
#3888 = PLANE ( 'NONE',  #1749 ) ;
#3889 = DIRECTION ( 'NONE',  ( -1.000000000000000000, -0.000000000000000000, -0.000000000000000000 ) ) ;
#3890 = CARTESIAN_POINT ( 'NONE',  ( -5.810682198873156956, 9.500000000000001776, 3.522682485511306805 ) ) ;
#3891 = CARTESIAN_POINT ( 'NONE',  ( -4.499999999999999112, -0.4954308153680547777, -2.675789429537148489 ) ) ;
#3892 = LINE ( 'NONE', #634, #2979 ) ;
#3893 = EDGE_CURVE ( 'NONE', #3432, #3348, #161, .T. ) ;
#3894 = DIRECTION ( 'NONE',  ( -0.1961161351381837115, -0.9805806756909202226, 0.000000000000000000 ) ) ;
#3895 = DIRECTION ( 'NONE',  ( 0.000000000000000000, -0.8524543507230039063, -0.5228016640499739687 ) ) ;
#3896 = EDGE_CURVE ( 'NONE', #4079, #2470, #1571, .T. ) ;
#3897 = EDGE_CURVE ( 'NONE', #1334, #1929, #3985, .T. ) ;
#3898 = FACE_BOUND ( 'NONE', #4037, .T. ) ;
#3899 = ORIENTED_EDGE ( 'NONE', *, *, #2243, .T. ) ;
#3900 = EDGE_LOOP ( 'NONE', ( #2959, #3543, #3965, #2295 ) ) ;
#3901 = CARTESIAN_POINT ( 'NONE',  ( -6.500000000000000888, 0.000000000000000000, -3.499999999999927169 ) ) ;
#3902 = ORIENTED_EDGE ( 'NONE', *, *, #677, .T. ) ;
#3903 = VECTOR ( 'NONE', #1242, 1000.000000000000000 ) ;
#3904 = CARTESIAN_POINT ( 'NONE',  ( 4.000000000000000000, -0.05000000000000000278, 3.500000000000000000 ) ) ;
#3905 = VECTOR ( 'NONE', #3637, 1000.000000000000114 ) ;
#3906 = VECTOR ( 'NONE', #3244, 1000.000000000000000 ) ;
#3907 = EDGE_LOOP ( 'NONE', ( #556, #3425, #1046, #287 ) ) ;
#3908 = DIRECTION ( 'NONE',  ( 0.000000000000000000, 0.5228016640499751899, 0.8524543507230031292 ) ) ;
#3909 = LOCAL_TIME ( 13, 47, 47.00000000000000000, #3785 ) ;
#3910 = CARTESIAN_POINT ( 'NONE',  ( 6.303023128756144011, 2.000000000000000000, -4.000000000000000000 ) ) ;
#3911 = CARTESIAN_POINT ( 'NONE',  ( -6.500000000000000888, -0.5500000000000000444, 1.749999999999925393 ) ) ;
#3912 = VECTOR ( 'NONE', #1736, 1000.000000000000000 ) ;
#3913 = AXIS2_PLACEMENT_3D ( 'NONE', #2190, #3151, #605 ) ;
#3914 = LINE ( 'NONE', #1980, #1233 ) ;
#3915 = VECTOR ( 'NONE', #3548, 1000.000000000000114 ) ;
#3916 = CARTESIAN_POINT ( 'NONE',  ( -0.2499999999999996392, -7.049999999999999822, 1.850000000000000755 ) ) ;
#3917 = DIRECTION ( 'NONE',  ( -0.000000000000000000, 0.5228016640499739687, 0.8524543507230039063 ) ) ;
#3918 = ORIENTED_EDGE ( 'NONE', *, *, #2627, .T. ) ;
#3919 = ORIENTED_EDGE ( 'NONE', *, *, #228, .F. ) ;
#3920 = ORIENTED_EDGE ( 'NONE', *, *, #49, .F. ) ;
#3921 = DIRECTION ( 'NONE',  ( 0.000000000000000000, 0.000000000000000000, 1.000000000000000000 ) ) ;
#3922 = ORIENTED_EDGE ( 'NONE', *, *, #3396, .F. ) ;
#3923 = AXIS2_PLACEMENT_3D ( 'NONE', #3854, #1026, #941 ) ;
#3924 = VECTOR ( 'NONE', #2018, 1000.000000000000114 ) ;
#3925 = PLANE ( 'NONE',  #3125 ) ;
#3926 = EDGE_CURVE ( 'NONE', #202, #896, #2196, .T. ) ;
#3927 = VECTOR ( 'NONE', #4081, 1000.000000000000114 ) ;
#3928 = VERTEX_POINT ( 'NONE', #3492 ) ;
#3929 = CARTESIAN_POINT ( 'NONE',  ( -0.2499999999999993616, -4.881171566221965463, 0.5000000000000006661 ) ) ;
#3930 = VECTOR ( 'NONE', #3309, 1000.000000000000114 ) ;
#3931 = DIRECTION ( 'NONE',  ( 0.000000000000000000, 1.000000000000000000, 0.000000000000000000 ) ) ;
#3932 = DIRECTION ( 'NONE',  ( 1.000000000000000000, 0.000000000000000000, 0.000000000000000000 ) ) ;
#3933 = EDGE_LOOP ( 'NONE', ( #2274, #186, #2051, #2144 ) ) ;
#3934 = PLANE ( 'NONE',  #2835 ) ;
#3935 = CARTESIAN_POINT ( 'NONE',  ( -0.2500000000000001110, -2.352236359014713507, 5.798160435808648039 ) ) ;
#3936 = CARTESIAN_POINT ( 'NONE',  ( 6.500000000000000000, 8.000000000000000000, -2.000000000000000000 ) ) ;
#3937 = CARTESIAN_POINT ( 'NONE',  ( 6.303023128756144011, 2.000000000000000000, 4.000000000000000000 ) ) ;
#3938 = CARTESIAN_POINT ( 'NONE',  ( -7.500000000000000888, 10.00000000000000178, -3.660135036185412361 ) ) ;
#3939 = ORIENTED_EDGE ( 'NONE', *, *, #1829, .F. ) ;
#3940 = ORIENTED_EDGE ( 'NONE', *, *, #3628, .F. ) ;
#3941 = PLANE ( 'NONE',  #1691 ) ;
#3942 = VERTEX_POINT ( 'NONE', #1139 ) ;
#3943 = EDGE_CURVE ( 'NONE', #1356, #2734, #787, .T. ) ;
#3944 = EDGE_CURVE ( 'NONE', #3016, #2228, #3812, .T. ) ;
#3945 = PLANE ( 'NONE',  #574 ) ;
#3946 = ADVANCED_FACE ( 'NONE', ( #2725 ), #2100, .F. ) ;
#3947 = ADVANCED_FACE ( 'NONE', ( #1118 ), #3368, .T. ) ;
#3948 = ORIENTED_EDGE ( 'NONE', *, *, #45, .F. ) ;
#3949 = FACE_OUTER_BOUND ( 'NONE', #3772, .T. ) ;
#3950 = CARTESIAN_POINT ( 'NONE',  ( -5.499999999999999112, 0.000000000000000000, -0.5000000000000006661 ) ) ;
#3951 = ORIENTED_EDGE ( 'NONE', *, *, #2709, .F. ) ;
#3952 = DIRECTION ( 'NONE',  ( -0.9805806756909202226, 0.1961161351381837115, 0.000000000000000000 ) ) ;
#3953 = CARTESIAN_POINT ( 'NONE',  ( -7.500000000000000888, 8.000000000000000000, -5.199999999999999289 ) ) ;
#3954 = PLANE ( 'NONE',  #2857 ) ;
#3955 = ADVANCED_FACE ( 'NONE', ( #2300 ), #1301, .F. ) ;
#3956 = CARTESIAN_POINT ( 'NONE',  ( -0.2499999999999996669, -6.312295081967213228, 2.135245901639347466 ) ) ;
#3957 = CARTESIAN_POINT ( 'NONE',  ( 1.249999999999999334, -0.05000000000000000278, 3.500000000000036859 ) ) ;
#3958 = ORIENTED_EDGE ( 'NONE', *, *, #606, .F. ) ;
#3959 = ORIENTED_EDGE ( 'NONE', *, *, #593, .F. ) ;
#3960 = DIRECTION ( 'NONE',  ( 1.000000000000000000, -0.000000000000000000, -0.000000000000000000 ) ) ;
#3961 = ORIENTED_EDGE ( 'NONE', *, *, #3980, .T. ) ;
#3962 = ORIENTED_EDGE ( 'NONE', *, *, #3023, .F. ) ;
#3963 = CARTESIAN_POINT ( 'NONE',  ( 0.000000000000000000, 0.000000000000000000, -4.000000000000000000 ) ) ;
#3964 = EDGE_CURVE ( 'NONE', #3583, #3144, #3263, .T. ) ;
#3965 = ORIENTED_EDGE ( 'NONE', *, *, #2627, .F. ) ;
#3966 = EDGE_CURVE ( 'NONE', #1744, #3741, #2589, .T. ) ;
#3967 = LINE ( 'NONE', #3650, #3041 ) ;
#3968 = DIRECTION ( 'NONE',  ( 0.000000000000000000, -0.5228016640499751899, -0.8524543507230031292 ) ) ;
#3969 = DIRECTION ( 'NONE',  ( -1.000000000000000000, -0.000000000000000000, -0.000000000000000000 ) ) ;
#3970 = VECTOR ( 'NONE', #2463, 1000.000000000000000 ) ;
#3971 = AXIS2_PLACEMENT_3D ( 'NONE', #4069, #2045, #3426 ) ;
#3972 = ORIENTED_EDGE ( 'NONE', *, *, #3141, .F. ) ;
#3973 = APPROVAL_PERSON_ORGANIZATION ( #1377, #143, #3629 ) ;
#3974 = CARTESIAN_POINT ( 'NONE',  ( 0.2499999999999991396, -7.676576815919440300, 1.728335056061265140 ) ) ;
#3975 = VECTOR ( 'NONE', #3704, 1000.000000000000000 ) ;
#3976 = CARTESIAN_POINT ( 'NONE',  ( 6.500000000000000000, -0.05000000000000000278, -3.500000000000000444 ) ) ;
#3977 = VECTOR ( 'NONE', #1485, 1000.000000000000000 ) ;
#3978 = LINE ( 'NONE', #3661, #1965 ) ;
#3979 = AXIS2_PLACEMENT_3D ( 'NONE', #1591, #2708, #1127 ) ;
#3980 = EDGE_CURVE ( 'NONE', #1557, #668, #3221, .T. ) ;
#3981 = DIRECTION ( 'NONE',  ( 0.000000000000000000, 0.000000000000000000, -1.000000000000000000 ) ) ;
#3982 = CARTESIAN_POINT ( 'NONE',  ( -4.000000000000000888, -0.05000000000000000278, -3.499999999999927169 ) ) ;
#3983 = ORIENTED_EDGE ( 'NONE', *, *, #3897, .F. ) ;
#3984 = ORIENTED_EDGE ( 'NONE', *, *, #1394, .T. ) ;
#3985 = LINE ( 'NONE', #2053, #3722 ) ;
#3986 = ORIENTED_EDGE ( 'NONE', *, *, #3488, .F. ) ;
#3987 = ORIENTED_EDGE ( 'NONE', *, *, #3537, .T. ) ;
#3988 = VERTEX_POINT ( 'NONE', #2884 ) ;
#3989 = FACE_OUTER_BOUND ( 'NONE', #79, .T. ) ;
#3990 = DIRECTION ( 'NONE',  ( 1.000000000000000000, 0.000000000000000000, 0.000000000000000000 ) ) ;
#3991 = VECTOR ( 'NONE', #1939, 1000.000000000000000 ) ;
#3992 = EDGE_CURVE ( 'NONE', #1709, #2422, #1637, .T. ) ;
#3993 = ORIENTED_EDGE ( 'NONE', *, *, #2001, .F. ) ;
#3994 = LINE ( 'NONE', #4019, #155 ) ;
#3995 = DIRECTION ( 'NONE',  ( -0.9805806756909202226, -0.1961161351381839890, 0.000000000000000000 ) ) ;
#3996 = AXIS2_PLACEMENT_3D ( 'NONE', #960, #1612, #1938 ) ;
#3997 = CARTESIAN_POINT ( 'NONE',  ( 0.000000000000000000, 0.000000000000000000, 0.000000000000000000 ) ) ;
#3998 = VECTOR ( 'NONE', #671, 1000.000000000000114 ) ;
#3999 = ORIENTED_EDGE ( 'NONE', *, *, #3513, .F. ) ;
#4000 = VECTOR ( 'NONE', #2038, 1000.000000000000000 ) ;
#4001 = PRODUCT_RELATED_PRODUCT_CATEGORY ( 'detail', '', ( #2933 ) ) ;
#4002 = CARTESIAN_POINT ( 'NONE',  ( -6.303023128756144011, 2.000000000000000000, 2.000000000000000000 ) ) ;
#4003 = CARTESIAN_POINT ( 'NONE',  ( 0.2499999999999991396, -0.5500000000000000444, 1.749999999999962030 ) ) ;
#4004 = EDGE_CURVE ( 'NONE', #320, #1911, #367, .T. ) ;
#4005 = CARTESIAN_POINT ( 'NONE',  ( -5.499999999999999112, -4.881171566221965463, 0.5000000000000006661 ) ) ;
#4006 = CARTESIAN_POINT ( 'NONE',  ( 0.6500000000000002442, 7.320785327544594878, -3.500000000000000000 ) ) ;
#4007 = LINE ( 'NONE', #3327, #288 ) ;
#4008 = EDGE_LOOP ( 'NONE', ( #2333, #3545, #1116, #3570 ) ) ;
#4009 = ORIENTED_EDGE ( 'NONE', *, *, #1527, .F. ) ;
#4010 = LINE ( 'NONE', #1117, #3998 ) ;
#4011 = DIRECTION ( 'NONE',  ( 1.000000000000000000, 0.000000000000000000, 0.000000000000000000 ) ) ;
#4012 = ORIENTED_EDGE ( 'NONE', *, *, #2709, .T. ) ;
#4013 = VERTEX_POINT ( 'NONE', #2866 ) ;
#4014 = VERTEX_POINT ( 'NONE', #2929 ) ;
#4015 = DIRECTION ( 'NONE',  ( -1.000000000000000000, -0.000000000000000000, -0.000000000000000000 ) ) ;
#4016 = EDGE_CURVE ( 'NONE', #2694, #3432, #714, .T. ) ;
#4017 = ORIENTED_EDGE ( 'NONE', *, *, #2578, .T. ) ;
#4018 = EDGE_CURVE ( 'NONE', #2858, #971, #3914, .T. ) ;
#4019 = CARTESIAN_POINT ( 'NONE',  ( -5.499999999999999112, -1.327916433467341450, 2.165234388002261756 ) ) ;
#4020 = CARTESIAN_POINT ( 'NONE',  ( 0.2499999999999994171, -4.881171566221965463, -0.5000000000000008882 ) ) ;
#4021 = MANIFOLD_SOLID_BREP ( 'Saliente-Extruir6', #1638 ) ;
#4022 =( LENGTH_UNIT ( ) NAMED_UNIT ( * ) SI_UNIT ( .MILLI., .METRE. ) );
#4023 = ORIENTED_EDGE ( 'NONE', *, *, #3324, .T. ) ;
#4024 = LINE ( 'NONE', #3408, #2626 ) ;
#4025 = FACE_OUTER_BOUND ( 'NONE', #2675, .T. ) ;
#4026 = CARTESIAN_POINT ( 'NONE',  ( 6.500000000000000000, 2.000000000000000000, -4.000000000000000000 ) ) ;
#4027 = EDGE_CURVE ( 'NONE', #1498, #2229, #1323, .T. ) ;
#4028 = DIRECTION ( 'NONE',  ( -1.000000000000000000, 0.000000000000000000, 0.000000000000000000 ) ) ;
#4029 = ADVANCED_FACE ( 'NONE', ( #2280 ), #1613, .T. ) ;
#4030 = FACE_OUTER_BOUND ( 'NONE', #1786, .T. ) ;
#4031 = DIRECTION ( 'NONE',  ( -1.000000000000000000, -0.000000000000000000, -0.000000000000000000 ) ) ;
#4032 = ORIENTED_EDGE ( 'NONE', *, *, #4033, .F. ) ;
#4033 = EDGE_CURVE ( 'NONE', #3620, #2360, #2222, .T. ) ;
#4034 = ORIENTED_EDGE ( 'NONE', *, *, #3992, .T. ) ;
#4035 = DIRECTION ( 'NONE',  ( 0.000000000000000000, -1.000000000000000000, 0.000000000000000000 ) ) ;
#4036 = DIRECTION ( 'NONE',  ( 1.000000000000000000, 0.000000000000000000, 0.000000000000000000 ) ) ;
#4037 = EDGE_LOOP ( 'NONE', ( #3286, #1140, #674, #2902 ) ) ;
#4038 = VERTEX_POINT ( 'NONE', #3876 ) ;
#4039 = LINE ( 'NONE', #1144, #1177 ) ;
#4040 = ORIENTED_EDGE ( 'NONE', *, *, #2267, .F. ) ;
#4041 = FACE_OUTER_BOUND ( 'NONE', #1771, .T. ) ;
#4042 = PLANE ( 'NONE',  #3728 ) ;
#4043 = CALENDAR_DATE ( 2025, 28, 6 ) ;
#4044 = FACE_OUTER_BOUND ( 'NONE', #122, .T. ) ;
#4045 = CARTESIAN_POINT ( 'NONE',  ( -6.500000000000000888, 0.000000000000000000, 3.500000000000073275 ) ) ;
#4046 = DIRECTION ( 'NONE',  ( -1.000000000000000000, 0.000000000000000000, 1.668003342285391551E-16 ) ) ;
#4047 = CARTESIAN_POINT ( 'NONE',  ( -4.499999999999999112, -0.4954308153680547777, 2.675789429537148489 ) ) ;
#4048 = CARTESIAN_POINT ( 'NONE',  ( -0.6500000000000002442, 7.320785327544594878, 3.500000000000000000 ) ) ;
#4049 = UNCERTAINTY_MEASURE_WITH_UNIT (LENGTH_MEASURE( 1.000000000000000082E-05 ), #4022, 'distance_accuracy_value', 'NONE');
#4050 = VECTOR ( 'NONE', #1256, 1000.000000000000000 ) ;
#4051 = AXIS2_PLACEMENT_3D ( 'NONE', #3660, #461, #3601 ) ;
#4052 = VECTOR ( 'NONE', #359, 1000.000000000000000 ) ;
#4053 = DIRECTION ( 'NONE',  ( 0.000000000000000000, 1.000000000000000000, 0.000000000000000000 ) ) ;
#4054 = DIRECTION ( 'NONE',  ( -0.000000000000000000, -0.000000000000000000, -1.000000000000000000 ) ) ;
#4055 = EDGE_LOOP ( 'NONE', ( #3042, #1410, #2871, #1689, #995, #2416 ) ) ;
#4056 = EDGE_LOOP ( 'NONE', ( #3352, #1098, #2467, #1665 ) ) ;
#4057 = VECTOR ( 'NONE', #3969, 1000.000000000000000 ) ;
#4058 = LINE ( 'NONE', #2444, #3791 ) ;
#4059 = ORIENTED_EDGE ( 'NONE', *, *, #354, .T. ) ;
#4060 = VECTOR ( 'NONE', #3140, 1000.000000000000000 ) ;
#4061 = ORIENTED_EDGE ( 'NONE', *, *, #1219, .T. ) ;
#4062 = DIRECTION ( 'NONE',  ( 0.000000000000000000, -0.8388828164844742696, 0.5443120614198033724 ) ) ;
#4063 = ORIENTED_EDGE ( 'NONE', *, *, #864, .F. ) ;
#4064 = CARTESIAN_POINT ( 'NONE',  ( -6.303023128756144011, 8.000000000000000000, -2.000000000000000000 ) ) ;
#4065 = FACE_OUTER_BOUND ( 'NONE', #2379, .T. ) ;
#4066 = CALENDAR_DATE ( 2025, 28, 6 ) ;
#4067 = VECTOR ( 'NONE', #3199, 1000.000000000000000 ) ;
#4068 = VERTEX_POINT ( 'NONE', #654 ) ;
#4069 = CARTESIAN_POINT ( 'NONE',  ( 0.5000000000000013323, -4.775409836065591662, 3.979508196721303737 ) ) ;
#4070 = AXIS2_PLACEMENT_3D ( 'NONE', #4129, #1848, #3116 ) ;
#4071 = PLANE ( 'NONE',  #3361 ) ;
#4072 = LINE ( 'NONE', #3158, #2984 ) ;
#4073 = VECTOR ( 'NONE', #1806, 1000.000000000000000 ) ;
#4074 = AXIS2_PLACEMENT_3D ( 'NONE', #2555, #2234, #334 ) ;
#4075 = CARTESIAN_POINT ( 'NONE',  ( -4.000000000000000888, -0.05000000000000000278, 3.500000000000073275 ) ) ;
#4076 = DIRECTION ( 'NONE',  ( -1.000000000000000000, -0.000000000000000000, -0.000000000000000000 ) ) ;
#4077 = ORIENTED_EDGE ( 'NONE', *, *, #560, .T. ) ;
#4078 = ORIENTED_EDGE ( 'NONE', *, *, #754, .F. ) ;
#4079 = VERTEX_POINT ( 'NONE', #3514 ) ;
#4080 = ORIENTED_EDGE ( 'NONE', *, *, #1178, .T. ) ;
#4081 = DIRECTION ( 'NONE',  ( -0.1961161351381837115, 0.9805806756909202226, -0.000000000000000000 ) ) ;
#4082 = EDGE_CURVE ( 'NONE', #1356, #824, #2910, .T. ) ;
#4083 = EDGE_CURVE ( 'NONE', #3337, #1709, #3892, .T. ) ;
#4084 = ORIENTED_EDGE ( 'NONE', *, *, #3139, .T. ) ;
#4085 = EDGE_CURVE ( 'NONE', #3438, #1021, #1658, .T. ) ;
#4086 = CARTESIAN_POINT ( 'NONE',  ( -5.000000000000000000, -1.550000000000000266, 2.749999999999962697 ) ) ;
#4087 = EDGE_CURVE ( 'NONE', #1490, #1719, #2947, .T. ) ;
#4088 = DIRECTION ( 'NONE',  ( -0.000000000000000000, 0.000000000000000000, -1.000000000000000000 ) ) ;
#4089 = VERTEX_POINT ( 'NONE', #2262 ) ;
#4090 = DIRECTION ( 'NONE',  ( 1.000000000000000000, 0.000000000000000000, 0.000000000000000000 ) ) ;
#4091 = PLANE ( 'NONE',  #3568 ) ;
#4092 = CARTESIAN_POINT ( 'NONE',  ( 7.499999999999999112, 8.000000000000000000, -5.199999999999999289 ) ) ;
#4093 = CARTESIAN_POINT ( 'NONE',  ( -1.250000000000000222, 0.000000000000000000, -3.499999999999963585 ) ) ;
#4094 = CARTESIAN_POINT ( 'NONE',  ( -4.499999999999999112, 0.8324856180992887822, 0.5105550415348896198 ) ) ;
#4095 = VERTEX_POINT ( 'NONE', #1338 ) ;
#4096 = PLANE ( 'NONE',  #2239 ) ;
#4097 = ORIENTED_EDGE ( 'NONE', *, *, #836, .F. ) ;
#4098 = VERTEX_POINT ( 'NONE', #2621 ) ;
#4099 = FACE_OUTER_BOUND ( 'NONE', #311, .T. ) ;
#4100 = DIRECTION ( 'NONE',  ( 0.000000000000000000, 0.000000000000000000, 1.000000000000000000 ) ) ;
#4101 = ORIENTED_EDGE ( 'NONE', *, *, #3099, .T. ) ;
#4102 = CARTESIAN_POINT ( 'NONE',  ( -5.499999999999999112, -0.05000000000000000278, 1.749999999999925393 ) ) ;
#4103 = CARTESIAN_POINT ( 'NONE',  ( 0.2499999999999995837, 0.1591408342020168010, -1.927676346947565511 ) ) ;
#4104 = CARTESIAN_POINT ( 'NONE',  ( 0.000000000000000000, 7.320785327544594878, -3.500000000000000000 ) ) ;
#4105 = EDGE_CURVE ( 'NONE', #828, #1917, #400, .T. ) ;
#4106 = ORIENTED_EDGE ( 'NONE', *, *, #3943, .T. ) ;
#4107 = DIRECTION ( 'NONE',  ( 0.000000000000000000, 0.000000000000000000, -1.000000000000000000 ) ) ;
#4108 = CARTESIAN_POINT ( 'NONE',  ( -5.000000000000000000, -0.4954308153680547777, 2.675789429537148489 ) ) ;
#4109 = FACE_OUTER_BOUND ( 'NONE', #3900, .T. ) ;
#4110 = CARTESIAN_POINT ( 'NONE',  ( 0.6500000000000002442, 7.320785327544594878, 3.500000000000000000 ) ) ;
#4111 = DIRECTION ( 'NONE',  ( -1.182766006347823109E-16, -0.000000000000000000, 1.000000000000000000 ) ) ;
#4112 = ADVANCED_FACE ( 'NONE', ( #4152 ), #325, .T. ) ;
#4113 = VECTOR ( 'NONE', #1866, 1000.000000000000000 ) ;
#4114 = AXIS2_PLACEMENT_3D ( 'NONE', #2911, #1553, #2868 ) ;
#4115 = ORIENTED_EDGE ( 'NONE', *, *, #2378, .F. ) ;
#4116 = ORIENTED_EDGE ( 'NONE', *, *, #1023, .T. ) ;
#4117 = VECTOR ( 'NONE', #720, 1000.000000000000000 ) ;
#4118 = CIRCLE ( 'NONE', #1552, 4.438511489007002098 ) ;
#4119 = DIRECTION ( 'NONE',  ( 1.000000000000000000, 0.000000000000000000, 0.000000000000000000 ) ) ;
#4120 = CARTESIAN_POINT ( 'NONE',  ( -1.250000000000000222, -0.05000000000000000278, 3.500000000000036859 ) ) ;
#4121 = ORIENTED_EDGE ( 'NONE', *, *, #3588, .T. ) ;
#4122 = DIRECTION ( 'NONE',  ( 0.000000000000000000, 0.000000000000000000, -1.000000000000000000 ) ) ;
#4123 = LINE ( 'NONE', #952, #1969 ) ;
#4124 = EDGE_CURVE ( 'NONE', #3007, #491, #752, .T. ) ;
#4125 = LINE ( 'NONE', #1234, #2226 ) ;
#4126 = EDGE_LOOP ( 'NONE', ( #3444, #1042, #3155, #2684 ) ) ;
#4127 = DIRECTION ( 'NONE',  ( 1.000000000000000000, 0.000000000000000000, 0.000000000000000000 ) ) ;
#4128 = PLANE ( 'NONE',  #3233 ) ;
#4129 = CARTESIAN_POINT ( 'NONE',  ( 4.000000000000000000, -0.05000000000000000278, -3.500000000000000444 ) ) ;
#4130 = CARTESIAN_POINT ( 'NONE',  ( -6.500000000000000000, 2.000000000000000000, -4.000000000000000000 ) ) ;
#4131 = LINE ( 'NONE', #2807, #375 ) ;
#4132 = VECTOR ( 'NONE', #1288, 1000.000000000000000 ) ;
#4133 = EDGE_CURVE ( 'NONE', #4098, #1624, #2407, .T. ) ;
#4134 = PLANE ( 'NONE',  #1014 ) ;
#4135 = DIRECTION ( 'NONE',  ( 1.281329840210141783E-16, 0.000000000000000000, -1.000000000000000000 ) ) ;
#4136 = EDGE_CURVE ( 'NONE', #892, #3002, #3693, .T. ) ;
#4137 = VECTOR ( 'NONE', #199, 1000.000000000000000 ) ;
#4138 = VECTOR ( 'NONE', #898, 1000.000000000000000 ) ;
#4139 = ORIENTED_EDGE ( 'NONE', *, *, #2182, .T. ) ;
#4140 = VERTEX_POINT ( 'NONE', #2089 ) ;
#4141 = DIRECTION ( 'NONE',  ( -0.000000000000000000, -0.000000000000000000, 1.000000000000000000 ) ) ;
#4142 = LINE ( 'NONE', #2876, #3305 ) ;
#4143 = ORIENTED_EDGE ( 'NONE', *, *, #2166, .F. ) ;
#4144 = CARTESIAN_POINT ( 'NONE',  ( -0.2499999999999996392, -0.05000000000000000278, 1.749999999999962030 ) ) ;
#4145 = CARTESIAN_POINT ( 'NONE',  ( 0.2499999999999992506, -9.017213114754094150, 1.110655737704929091 ) ) ;
#4146 = ADVANCED_FACE ( 'NONE', ( #1107 ), #2962, .T. ) ;
#4147 = EDGE_CURVE ( 'NONE', #2449, #3988, #2042, .T. ) ;
#4148 = ORIENTED_EDGE ( 'NONE', *, *, #1606, .T. ) ;
#4149 = DIRECTION ( 'NONE',  ( 0.000000000000000000, -1.000000000000000000, 0.000000000000000000 ) ) ;
#4150 = DIRECTION ( 'NONE',  ( -1.000000000000000000, -0.000000000000000000, -0.000000000000000000 ) ) ;
#4151 = CARTESIAN_POINT ( 'NONE',  ( 0.000000000000000000, 0.000000000000000000, 2.000000000000000000 ) ) ;
#4152 = FACE_OUTER_BOUND ( 'NONE', #3480, .T. ) ;
#4153 = CARTESIAN_POINT ( 'NONE',  ( 0.000000000000000000, -7.049999999999999822, 0.000000000000000000 ) ) ;
#4154 = DIRECTION ( 'NONE',  ( 1.000000000000000000, 0.000000000000000000, 0.000000000000000000 ) ) ;
#4155 = ORIENTED_EDGE ( 'NONE', *, *, #3738, .T. ) ;
#4156 = EDGE_CURVE ( 'NONE', #1624, #3801, #84, .T. ) ;
#4157 = ADVANCED_FACE ( 'NONE', ( #1671 ), #3028, .F. ) ;
#4158 = EDGE_CURVE ( 'NONE', #3928, #313, #1730, .T. ) ;
#4159 = ORIENTED_EDGE ( 'NONE', *, *, #3207, .F. ) ;
#4160 = ORIENTED_EDGE ( 'NONE', *, *, #110, .F. ) ;
#4161 = ORIENTED_EDGE ( 'NONE', *, *, #227, .F. ) ;
#4162 = DIRECTION ( 'NONE',  ( -0.000000000000000000, 1.000000000000000000, -0.000000000000000000 ) ) ;
ENDSEC;
END-ISO-10303-21;
