ISO-10303-21;
HEADER;
FILE_DESCRIPTION (( 'STEP AP203' ),
    '1' );
FILE_NAME ('Case Upper Piece.STEP',
    '2026-01-09T05:57:20',
    ( '' ),
    ( '' ),
    'SwSTEP 2.0',
    'SolidWorks 2026',
    '' );
FILE_SCHEMA (( 'CONFIG_CONTROL_DESIGN' ));
ENDSEC;

DATA;
#1 = PRODUCT_DEFINITION ( 'General', '', #3664, #6860 ) ;
#2 = ORIENTED_EDGE ( 'NONE', *, *, #4563, .T. ) ;
#3 = PLANE ( 'NONE',  #3955 ) ;
#4 = ADVANCED_FACE ( 'NONE', ( #224 ), #307, .F. ) ;
#5 = DIRECTION ( 'NONE',  ( 0.000000000000000000, 0.000000000000000000, 1.000000000000000000 ) ) ;
#6 = DIRECTION ( 'NONE',  ( 0.000000000000000000, 0.000000000000000000, -1.000000000000000000 ) ) ;
#7 = CARTESIAN_POINT ( 'NONE',  ( 7.583914826994232250, 102.6393472897092920, -34.30389276882861793 ) ) ;
#8 = AXIS2_PLACEMENT_3D ( 'NONE', #1923, #6943, #3128 ) ;
#9 = CARTESIAN_POINT ( 'NONE',  ( -12.50000000000001421, 71.95002665055244506, -38.00000000000000000 ) ) ;
#10 = ORIENTED_EDGE ( 'NONE', *, *, #3714, .T. ) ;
#11 = CARTESIAN_POINT ( 'NONE',  ( 26.52625937802345746, 107.1560338558184640, -23.36752504321115609 ) ) ;
#12 = EDGE_LOOP ( 'NONE', ( #1303, #7059, #1519, #1044 ) ) ;
#13 = B_SPLINE_CURVE_WITH_KNOTS ( 'NONE', 3,
 ( #7920, #6629, #6549, #5933 ),
 .UNSPECIFIED., .F., .F.,
 ( 4, 4 ),
 ( 0.000000000000000000, 0.003098714965542303905 ),
 .UNSPECIFIED. ) ;
#14 = ORIENTED_EDGE ( 'NONE', *, *, #5882, .F. ) ;
#15 = CARTESIAN_POINT ( 'NONE',  ( 27.00000000000000355, 105.0000000000000142, -4.000000000000002665 ) ) ;
#16 = ORIENTED_EDGE ( 'NONE', *, *, #3815, .F. ) ;
#17 = DIRECTION ( 'NONE',  ( -0.000000000000000000, 1.000000000000000000, -0.000000000000000000 ) ) ;
#18 = DIRECTION ( 'NONE',  ( -0.8660254037844389297, 0.000000000000000000, 0.4999999999999995004 ) ) ;
#19 = DIRECTION ( 'NONE',  ( -0.000000000000000000, 1.000000000000000000, -7.885106708985486569E-17 ) ) ;
#20 = CARTESIAN_POINT ( 'NONE',  ( 1.894702867164963056, 105.5144149511648095, -36.96540449208497847 ) ) ;
#21 = EDGE_LOOP ( 'NONE', ( #1497, #231, #5014, #6679 ) ) ;
#22 = EDGE_LOOP ( 'NONE', ( #1466, #2334, #4613, #2287 ) ) ;
#23 = EDGE_CURVE ( 'NONE', #7077, #6226, #3373, .T. ) ;
#24 = ORIENTED_EDGE ( 'NONE', *, *, #5633, .T. ) ;
#25 = CARTESIAN_POINT ( 'NONE',  ( -31.68330817057858084, 105.8509778106469383, 19.33226538394609051 ) ) ;
#26 = CARTESIAN_POINT ( 'NONE',  ( 33.50000000000803624, 107.0349506179167065, -8.290654702581191415 ) ) ;
#27 = LINE ( 'NONE', #4591, #2662 ) ;
#28 = CARTESIAN_POINT ( 'NONE',  ( 27.49999999999999645, 0.000000000000000000, -15.87713240271472515 ) ) ;
#29 = LINE ( 'NONE', #3883, #5981 ) ;
#30 = EDGE_CURVE ( 'NONE', #171, #2715, #3417, .T. ) ;
#31 = FACE_OUTER_BOUND ( 'NONE', #3461, .T. ) ;
#32 = B_SPLINE_CURVE_WITH_KNOTS ( 'NONE', 3,
 ( #426, #7978, #1048, #1080, #7943, #349 ),
 .UNSPECIFIED., .F., .F.,
 ( 4, 2, 4 ),
 ( 0.000000000000000000, 0.001007245322344452491, 0.002014490644688904982 ),
 .UNSPECIFIED. ) ;
#33 = FACE_OUTER_BOUND ( 'NONE', #7040, .T. ) ;
#34 = EDGE_CURVE ( 'NONE', #5745, #1623, #1550, .T. ) ;
#35 = ORIENTED_EDGE ( 'NONE', *, *, #6790, .F. ) ;
#36 = CARTESIAN_POINT ( 'NONE',  ( 0.2546131579462911354, 105.9322199231322941, 37.13529568569443740 ) ) ;
#37 = DIRECTION ( 'NONE',  ( 0.000000000000000000, 0.000000000000000000, 1.000000000000000000 ) ) ;
#38 = EDGE_CURVE ( 'NONE', #4353, #7116, #5550, .T. ) ;
#39 = DIRECTION ( 'NONE',  ( 0.000000000000000000, -0.8283227331462885701, -0.5602512380647296508 ) ) ;
#40 = CARTESIAN_POINT ( 'NONE',  ( 3.499999999999996003, 0.000000000000000000, 5.547007749183353632E-15 ) ) ;
#41 = EDGE_LOOP ( 'NONE', ( #976, #2025, #6157, #1906, #4586, #1014, #885, #1825, #1913, #2903, #3662, #5422, #5771, #7340, #3206, #972 ) ) ;
#42 = EDGE_CURVE ( 'NONE', #5932, #2035, #2589, .T. ) ;
#43 = CARTESIAN_POINT ( 'NONE',  ( 6.366059307386345623, 7.294995000639760363, -35.00702198090831985 ) ) ;
#44 = ORIENTED_EDGE ( 'NONE', *, *, #7490, .T. ) ;
#45 = CARTESIAN_POINT ( 'NONE',  ( 4.999999999999984013, 110.0000000000000000, 35.79571668975681575 ) ) ;
#46 = CARTESIAN_POINT ( 'NONE',  ( -12.50000000000002487, 67.95002665055244506, -38.00000000000000000 ) ) ;
#47 = CARTESIAN_POINT ( 'NONE',  ( -16.00000000000000000, 115.0000000000000000, 17.00000000000000000 ) ) ;
#48 = DIRECTION ( 'NONE',  ( -0.000000000000000000, 1.000000000000000000, -0.000000000000000000 ) ) ;
#49 = LINE ( 'NONE', #7065, #7112 ) ;
#50 = ORIENTED_EDGE ( 'NONE', *, *, #7496, .T. ) ;
#51 = ADVANCED_FACE ( 'NONE', ( #1003 ), #6960, .T. ) ;
#52 = CARTESIAN_POINT ( 'NONE',  ( -16.00000000000000000, 110.0000000000000000, -16.00000000000000000 ) ) ;
#53 = ORIENTED_EDGE ( 'NONE', *, *, #4793, .F. ) ;
#54 = EDGE_CURVE ( 'NONE', #5095, #297, #6920, .T. ) ;
#55 = EDGE_LOOP ( 'NONE', ( #3201, #2278, #5920, #1224 ) ) ;
#56 = FACE_OUTER_BOUND ( 'NONE', #303, .T. ) ;
#57 = ORIENTED_EDGE ( 'NONE', *, *, #2633, .F. ) ;
#58 = VECTOR ( 'NONE', #4227, 1000.000000000000000 ) ;
#59 = LINE ( 'NONE', #5034, #6041 ) ;
#60 = DIRECTION ( 'NONE',  ( -0.4999999999999993339, 0.000000000000000000, -0.8660254037844390407 ) ) ;
#61 = LINE ( 'NONE', #602, #4509 ) ;
#62 = CARTESIAN_POINT ( 'NONE',  ( 23.44402524048337710, 102.1108343550939423, -25.14705375222347783 ) ) ;
#63 = ORIENTED_EDGE ( 'NONE', *, *, #3815, .T. ) ;
#64 = ORIENTED_EDGE ( 'NONE', *, *, #3835, .T. ) ;
#65 = VECTOR ( 'NONE', #683, 1000.000000000000000 ) ;
#66 = ORIENTED_EDGE ( 'NONE', *, *, #6173, .T. ) ;
#67 = CARTESIAN_POINT ( 'NONE',  ( -33.50000000000000000, 107.2580183663584563, 12.25961204463533605 ) ) ;
#68 = CARTESIAN_POINT ( 'NONE',  ( 33.50000000000000000, 103.0867217396840800, -12.47833148864981645 ) ) ;
#69 = CARTESIAN_POINT ( 'NONE',  ( -1.898203328634183507, 105.5122710763298528, -36.96445357790487662 ) ) ;
#70 = DIRECTION ( 'NONE',  ( 0.8660254037844388186, 0.000000000000000000, -0.4999999999999997224 ) ) ;
#71 = CARTESIAN_POINT ( 'NONE',  ( 2.449293598294706513E-15, 115.0000000000000000, 20.00000000000000000 ) ) ;
#72 = DIRECTION ( 'NONE',  ( 0.000000000000000000, -1.000000000000000000, 0.000000000000000000 ) ) ;
#73 = DIRECTION ( 'NONE',  ( 0.000000000000000000, 0.000000000000000000, -1.000000000000000000 ) ) ;
#74 = ORIENTED_EDGE ( 'NONE', *, *, #6630, .F. ) ;
#75 = EDGE_CURVE ( 'NONE', #5167, #5244, #2402, .T. ) ;
#76 = CARTESIAN_POINT ( 'NONE',  ( 4.999999999999984013, 47.50247309592896983, 35.79571668975681575 ) ) ;
#77 = CARTESIAN_POINT ( 'NONE',  ( 3.499999999999996003, 1.808887184059105646, 34.61635457139905014 ) ) ;
#78 = CARTESIAN_POINT ( 'NONE',  ( -3.733417588320653291, 101.4660455577538585, -36.41574728538206784 ) ) ;
#79 = VECTOR ( 'NONE', #3465, 1000.000000000000000 ) ;
#80 = CARTESIAN_POINT ( 'NONE',  ( -29.18607640391282132, 104.0178232356040979, -21.80387715024790651 ) ) ;
#81 = VECTOR ( 'NONE', #3171, 1000.000000000000000 ) ;
#82 = CARTESIAN_POINT ( 'NONE',  ( -1.214306433183764966E-14, 80.95002665055245927, 27.13546265191242313 ) ) ;
#83 = ORIENTED_EDGE ( 'NONE', *, *, #1934, .T. ) ;
#84 = DIRECTION ( 'NONE',  ( 0.000000000000000000, -1.000000000000000000, 0.000000000000000000 ) ) ;
#85 = AXIS2_PLACEMENT_3D ( 'NONE', #3993, #7226, #2711 ) ;
#86 = ORIENTED_EDGE ( 'NONE', *, *, #4159, .F. ) ;
#87 = LINE ( 'NONE', #2751, #1043 ) ;
#88 = CYLINDRICAL_SURFACE ( 'NONE', #661, 4.000000000000000000 ) ;
#89 = CARTESIAN_POINT ( 'NONE',  ( -26.71086599497601810, 110.0000000000719211, 27.04416663245050145 ) ) ;
#90 = DIRECTION ( 'NONE',  ( -0.000000000000000000, 1.000000000000000000, -0.000000000000000000 ) ) ;
#91 = ADVANCED_FACE ( 'NONE', ( #3061 ), #8168, .F. ) ;
#92 = CARTESIAN_POINT ( 'NONE',  ( 12.49999999999997335, 85.95002665055245927, -24.53738644055912488 ) ) ;
#93 = ORIENTED_EDGE ( 'NONE', *, *, #6123, .T. ) ;
#94 = AXIS2_PLACEMENT_3D ( 'NONE', #40, #2574, #5094 ) ;
#95 = VECTOR ( 'NONE', #6133, 1000.000000000000000 ) ;
#96 = CARTESIAN_POINT ( 'NONE',  ( 20.37384249072740161, 107.0241564891946382, 26.91962458925064894 ) ) ;
#97 = ORIENTED_EDGE ( 'NONE', *, *, #7584, .F. ) ;
#98 = ORIENTED_EDGE ( 'NONE', *, *, #5339, .F. ) ;
#99 = DIRECTION ( 'NONE',  ( 0.000000000000000000, 0.000000000000000000, -1.000000000000000000 ) ) ;
#100 = ORIENTED_EDGE ( 'NONE', *, *, #4138, .F. ) ;
#101 = EDGE_CURVE ( 'NONE', #5143, #6160, #7505, .T. ) ;
#102 = CC_DESIGN_APPROVAL ( #7259, ( #1 ) ) ;
#103 = CARTESIAN_POINT ( 'NONE',  ( -33.37676242648224445, 104.5575901435535542, 15.18512662539879265 ) ) ;
#104 = COORDINATED_UNIVERSAL_TIME_OFFSET ( 5, 0, .BEHIND. ) ;
#105 = DIRECTION ( 'NONE',  ( 0.000000000000000000, 0.000000000000000000, 1.000000000000000000 ) ) ;
#106 = CARTESIAN_POINT ( 'NONE',  ( 18.27060790677009905, 101.6673426130151796, -28.13392764247312172 ) ) ;
#107 = ORIENTED_EDGE ( 'NONE', *, *, #6778, .F. ) ;
#108 = EDGE_LOOP ( 'NONE', ( #3380, #2007 ) ) ;
#109 = ORIENTED_EDGE ( 'NONE', *, *, #6362, .T. ) ;
#110 = CARTESIAN_POINT ( 'NONE',  ( -31.87169888653342298, 108.0584124460961561, 19.06811704350599612 ) ) ;
#111 = CARTESIAN_POINT ( 'NONE',  ( 33.49999999999999289, 107.0328263279882748, 2.112121642669301913 ) ) ;
#112 = EDGE_CURVE ( 'NONE', #3294, #4432, #2190, .T. ) ;
#113 = AXIS2_PLACEMENT_3D ( 'NONE', #6780, #399, #4864 ) ;
#114 = FACE_OUTER_BOUND ( 'NONE', #2346, .T. ) ;
#115 = CARTESIAN_POINT ( 'NONE',  ( 3.499999999999996003, 4.439165125327534156, 36.39539118850675692 ) ) ;
#116 = PLANE ( 'NONE',  #3457 ) ;
#117 = DIRECTION ( 'NONE',  ( 0.8660254037844393737, 0.000000000000000000, -0.4999999999999987232 ) ) ;
#118 = DIRECTION ( 'NONE',  ( 0.8660254037844384856, -0.000000000000000000, 0.5000000000000002220 ) ) ;
#119 = AXIS2_PLACEMENT_3D ( 'NONE', #8087, #1733, #6881 ) ;
#120 = EDGE_LOOP ( 'NONE', ( #35, #8001, #6063, #128 ) ) ;
#121 = ORIENTED_EDGE ( 'NONE', *, *, #4184, .T. ) ;
#122 = CARTESIAN_POINT ( 'NONE',  ( 31.90237444624975538, 105.9078557482161784, -18.99538020095968349 ) ) ;
#123 = CARTESIAN_POINT ( 'NONE',  ( 3.368536366827511825E-15, 71.95002665055244506, -31.75426480542942898 ) ) ;
#124 = FACE_OUTER_BOUND ( 'NONE', #1995, .T. ) ;
#125 = LINE ( 'NONE', #3319, #4512 ) ;
#126 = VECTOR ( 'NONE', #6824, 1000.000000000000000 ) ;
#127 = CARTESIAN_POINT ( 'NONE',  ( -4.999999999999999112, 110.0000000000000000, -35.79571668975681575 ) ) ;
#128 = ORIENTED_EDGE ( 'NONE', *, *, #4661, .T. ) ;
#129 = CYLINDRICAL_SURFACE ( 'NONE', #7119, 33.00000000000000000 ) ;
#130 = VECTOR ( 'NONE', #5101, 1000.000000000000000 ) ;
#131 = ORIENTED_EDGE ( 'NONE', *, *, #6778, .T. ) ;
#132 = DIRECTION ( 'NONE',  ( 0.000000000000000000, 0.000000000000000000, -1.000000000000000000 ) ) ;
#133 = CARTESIAN_POINT ( 'NONE',  ( -3.500000000000010214, 48.67528175613146146, -33.22798536380059886 ) ) ;
#134 = CARTESIAN_POINT ( 'NONE',  ( -26.58868425842849348, 102.7976417775472839, 23.33148402170328950 ) ) ;
#135 = DIRECTION ( 'NONE',  ( 0.000000000000000000, -3.384826294588891940E-16, 1.000000000000000000 ) ) ;
#136 = DIRECTION ( 'NONE',  ( 0.8660254037844384856, 0.000000000000000000, 0.5000000000000002220 ) ) ;
#137 = VERTEX_POINT ( 'NONE', #3722 ) ;
#138 = VECTOR ( 'NONE', #7044, 999.9999999999998863 ) ;
#139 = CARTESIAN_POINT ( 'NONE',  ( 22.34168959225873863, 110.0000000000269722, 30.75434966569584816 ) ) ;
#140 = ORIENTED_EDGE ( 'NONE', *, *, #1701, .F. ) ;
#141 = EDGE_CURVE ( 'NONE', #6466, #7707, #8213, .T. ) ;
#142 = ORIENTED_EDGE ( 'NONE', *, *, #2680, .F. ) ;
#143 = EDGE_CURVE ( 'NONE', #2388, #1965, #520, .T. ) ;
#144 = CARTESIAN_POINT ( 'NONE',  ( 3.499999999999996003, 100.0000000000000000, 33.22798536380059886 ) ) ;
#145 = ORIENTED_EDGE ( 'NONE', *, *, #1846, .F. ) ;
#146 = VECTOR ( 'NONE', #4077, 1000.000000000000000 ) ;
#147 = CARTESIAN_POINT ( 'NONE',  ( 18.11006087497002426, 110.0000000000000000, 15.00000000000000000 ) ) ;
#148 = CARTESIAN_POINT ( 'NONE',  ( 3.499999999999996003, 99.61636055733491446, 36.38015193797856739 ) ) ;
#149 = DIRECTION ( 'NONE',  ( 0.000000000000000000, -0.1208150920878816870, -0.9926750291630168643 ) ) ;
#150 = VERTEX_POINT ( 'NONE', #6258 ) ;
#151 = ORIENTED_EDGE ( 'NONE', *, *, #5794, .F. ) ;
#152 = EDGE_CURVE ( 'NONE', #6068, #2388, #4428, .T. ) ;
#153 = ORIENTED_EDGE ( 'NONE', *, *, #5727, .T. ) ;
#154 = CARTESIAN_POINT ( 'NONE',  ( -27.83195751866338696, 107.3150695889706441, 22.67754843689889199 ) ) ;
#155 = CARTESIAN_POINT ( 'NONE',  ( 33.50000000000000000, 101.6780911546465092, 2.302635942266837432 ) ) ;
#156 = CARTESIAN_POINT ( 'NONE',  ( 4.078276635808966102E-15, 105.9326517071299065, -37.13546265191241957 ) ) ;
#157 = DIRECTION ( 'NONE',  ( 1.000000000000000000, 0.000000000000000000, 0.000000000000000000 ) ) ;
#158 = CARTESIAN_POINT ( 'NONE',  ( -12.50000000000001421, 76.95002665055244506, -38.00000000000000000 ) ) ;
#159 = CC_DESIGN_DATE_AND_TIME_ASSIGNMENT ( #6404, #4494, ( #1 ) ) ;
#160 = DIRECTION ( 'NONE',  ( 0.000000000000000000, -1.000000000000000000, 0.000000000000000000 ) ) ;
#161 = EDGE_CURVE ( 'NONE', #6937, #7829, #783, .T. ) ;
#162 = ORIENTED_EDGE ( 'NONE', *, *, #1796, .T. ) ;
#163 = ORIENTED_EDGE ( 'NONE', *, *, #1626, .T. ) ;
#164 = CARTESIAN_POINT ( 'NONE',  ( 31.20339376960519928, 105.5906520131702138, -19.94821418597985740 ) ) ;
#165 = DIRECTION ( 'NONE',  ( 0.000000000000000000, 0.000000000000000000, 1.000000000000000000 ) ) ;
#166 = DIRECTION ( 'NONE',  ( -0.000000000000000000, 1.000000000000000000, -0.000000000000000000 ) ) ;
#167 = DIRECTION ( 'NONE',  ( 0.8660254037844387076, 0.000000000000000000, 0.4999999999999999445 ) ) ;
#168 = CARTESIAN_POINT ( 'NONE',  ( 3.499999999999996003, 1.808887184059105646, -34.61635457139905014 ) ) ;
#169 = EDGE_LOOP ( 'NONE', ( #1699, #776, #2163, #1883 ) ) ;
#170 = DIRECTION ( 'NONE',  ( 0.000000000000000000, 1.000000000000000000, 0.000000000000000000 ) ) ;
#171 = VERTEX_POINT ( 'NONE', #3887 ) ;
#172 = DIRECTION ( 'NONE',  ( 0.000000000000000000, 1.000000000000000000, 0.000000000000000000 ) ) ;
#173 = FACE_OUTER_BOUND ( 'NONE', #6278, .T. ) ;
#174 = EDGE_CURVE ( 'NONE', #3550, #6458, #3188, .T. ) ;
#175 = CARTESIAN_POINT ( 'NONE',  ( 14.90715377713894618, 100.3836394426650855, -30.07581878962262323 ) ) ;
#176 = CARTESIAN_POINT ( 'NONE',  ( 38.00000000000000000, 169.9999999999999716, 12.49999999999997868 ) ) ;
#177 = VERTEX_POINT ( 'NONE', #7719 ) ;
#178 =( BOUNDED_CURVE ( )  B_SPLINE_CURVE ( 3, ( #5348, #5186, #3322, #2202 ),
 .UNSPECIFIED., .F., .F. ) 
 B_SPLINE_CURVE_WITH_KNOTS ( ( 4, 4 ),
 ( 6.226844666061073674, 6.339525948298098790 ),
 .UNSPECIFIED. ) 
 CURVE ( )  GEOMETRIC_REPRESENTATION_ITEM ( )  RATIONAL_B_SPLINE_CURVE ( ( 1.000000000000000000, 0.9989421905780699884, 0.9989421905780699884, 1.000000000000000000 ) ) 
 REPRESENTATION_ITEM ( '' )  );
#179 = CARTESIAN_POINT ( 'NONE',  ( 27.55039967300752579, 103.0842735268114581, -22.77623736821226430 ) ) ;
#180 = ORIENTED_EDGE ( 'NONE', *, *, #8055, .F. ) ;
#181 = VERTEX_POINT ( 'NONE', #829 ) ;
#182 = DIRECTION ( 'NONE',  ( -0.000000000000000000, -0.000000000000000000, 1.000000000000000000 ) ) ;
#183 = VERTEX_POINT ( 'NONE', #1450 ) ;
#184 = DIRECTION ( 'NONE',  ( -0.000000000000000000, 1.000000000000000000, -0.000000000000000000 ) ) ;
#185 = EDGE_CURVE ( 'NONE', #3104, #5959, #1863, .T. ) ;
#186 = EDGE_CURVE ( 'NONE', #1638, #1888, #3339, .T. ) ;
#187 = DIRECTION ( 'NONE',  ( 0.000000000000000000, -0.1322104677095565783, -0.9912216665448855268 ) ) ;
#188 = CARTESIAN_POINT ( 'NONE',  ( -6.314882820226580762, 102.9965023232056467, -35.03656873954617623 ) ) ;
#189 = ORIENTED_EDGE ( 'NONE', *, *, #413, .F. ) ;
#190 = VERTEX_POINT ( 'NONE', #5892 ) ;
#191 = ORIENTED_EDGE ( 'NONE', *, *, #3588, .F. ) ;
#192 = CARTESIAN_POINT ( 'NONE',  ( 4.617391055095900754, 100.4702746657336263, -36.01661606709155450 ) ) ;
#193 = FACE_BOUND ( 'NONE', #1676, .T. ) ;
#194 = DIRECTION ( 'NONE',  ( 0.000000000000000000, -1.000000000000000000, 0.000000000000000000 ) ) ;
#195 = CARTESIAN_POINT ( 'NONE',  ( 3.499999999999996003, 2.034439118102898902, 31.44894874669289919 ) ) ;
#196 = AXIS2_PLACEMENT_3D ( 'NONE', #5473, #998, #6842 ) ;
#197 = EDGE_CURVE ( 'NONE', #6447, #6068, #1639, .T. ) ;
#198 = LINE ( 'NONE', #241, #5515 ) ;
#199 = ORIENTED_EDGE ( 'NONE', *, *, #955, .F. ) ;
#200 = ORIENTED_EDGE ( 'NONE', *, *, #2752, .T. ) ;
#201 = CARTESIAN_POINT ( 'NONE',  ( 0.9855453361166648385, 105.8160527862310119, 37.08973861687879037 ) ) ;
#202 = DIRECTION ( 'NONE',  ( -1.000000000000000000, -0.000000000000000000, -0.000000000000000000 ) ) ;
#203 = EDGE_CURVE ( 'NONE', #3876, #7981, #4514, .T. ) ;
#204 = PLANE ( 'NONE',  #1320 ) ;
#205 = CARTESIAN_POINT ( 'NONE',  ( -3.509618943233419053, 100.0000000000000000, -29.72798536380060241 ) ) ;
#206 = DIRECTION ( 'NONE',  ( -0.000000000000000000, 1.000000000000000000, -0.000000000000000000 ) ) ;
#207 = ORIENTED_EDGE ( 'NONE', *, *, #3032, .T. ) ;
#208 = CIRCLE ( 'NONE', #4831, 1.000000000000000888 ) ;
#209 = DIRECTION ( 'NONE',  ( -0.000000000000000000, 1.000000000000000000, -0.000000000000000000 ) ) ;
#210 = VERTEX_POINT ( 'NONE', #5089 ) ;
#211 = VECTOR ( 'NONE', #933, 1000.000000000000114 ) ;
#212 = CARTESIAN_POINT ( 'NONE',  ( 4.999999999999984013, 49.66202142550014287, 35.79571668975681575 ) ) ;
#213 = CIRCLE ( 'NONE', #6433, 1.000000000000000888 ) ;
#214 = CARTESIAN_POINT ( 'NONE',  ( 12.49999999999998757, 76.95002665055244506, 24.53738644055910356 ) ) ;
#215 = CYLINDRICAL_SURFACE ( 'NONE', #6162, 10.00000000000000178 ) ;
#216 = EDGE_CURVE ( 'NONE', #7572, #4986, #6710, .T. ) ;
#217 = CARTESIAN_POINT ( 'NONE',  ( 4.999999999999993783, 110.0000000000000000, -35.79571668975681575 ) ) ;
#218 = ORIENTED_EDGE ( 'NONE', *, *, #718, .F. ) ;
#219 = CARTESIAN_POINT ( 'NONE',  ( 17.25130320699491548, 109.9999999999727720, -33.87290443482839208 ) ) ;
#220 = EDGE_LOOP ( 'NONE', ( #1279, #4920, #7151, #6216, #6617 ) ) ;
#221 = CIRCLE ( 'NONE', #85, 33.00000000000000000 ) ;
#222 = VERTEX_POINT ( 'NONE', #2853 ) ;
#223 = DIRECTION ( 'NONE',  ( -0.4999999999999995004, 0.000000000000000000, -0.8660254037844389297 ) ) ;
#224 = FACE_OUTER_BOUND ( 'NONE', #7802, .T. ) ;
#225 = LINE ( 'NONE', #6030, #8163 ) ;
#226 = CIRCLE ( 'NONE', #6587, 9.999999999999998224 ) ;
#227 = VECTOR ( 'NONE', #5939, 1000.000000000000000 ) ;
#228 = PERSON_AND_ORGANIZATION ( #18446744073709551615, #5642 ) ;
#229 = FACE_OUTER_BOUND ( 'NONE', #8005, .T. ) ;
#230 = DIRECTION ( 'NONE',  ( -0.000000000000000000, -1.000000000000000000, -0.000000000000000000 ) ) ;
#231 = ORIENTED_EDGE ( 'NONE', *, *, #2310, .F. ) ;
#232 = EDGE_LOOP ( 'NONE', ( #189, #4598, #3612, #3767, #2688, #262, #4415 ) ) ;
#233 = EDGE_CURVE ( 'NONE', #6967, #2642, #2194, .T. ) ;
#234 = EDGE_CURVE ( 'NONE', #1310, #7122, #1569, .T. ) ;
#235 = CC_DESIGN_SECURITY_CLASSIFICATION ( #4735, ( #3664 ) ) ;
#236 = ORIENTED_EDGE ( 'NONE', *, *, #4379, .F. ) ;
#237 = CARTESIAN_POINT ( 'NONE',  ( -12.50000000000002487, 67.95002665055244506, 31.46558967083461056 ) ) ;
#238 = EDGE_CURVE ( 'NONE', #6454, #2787, #728, .T. ) ;
#239 = CARTESIAN_POINT ( 'NONE',  ( -8.339404862628233772, 110.0000000000000000, -37.07363384586372490 ) ) ;
#240 = DIRECTION ( 'NONE',  ( 1.000000000000000000, 0.000000000000000000, 0.000000000000000000 ) ) ;
#241 = CARTESIAN_POINT ( 'NONE',  ( -4.999999999999987566, -3.000000000000000000, 35.79571668975682286 ) ) ;
#242 = EDGE_CURVE ( 'NONE', #7957, #5997, #2933, .T. ) ;
#243 = ORIENTED_EDGE ( 'NONE', *, *, #3949, .F. ) ;
#244 = AXIS2_PLACEMENT_3D ( 'NONE', #5519, #8054, #2370 ) ;
#245 = ORIENTED_EDGE ( 'NONE', *, *, #1855, .T. ) ;
#246 = LINE ( 'NONE', #5383, #6161 ) ;
#247 = EDGE_CURVE ( 'NONE', #1748, #6984, #5490, .T. ) ;
#248 = CARTESIAN_POINT ( 'NONE',  ( 23.95907465832724981, 93.43298477222462850, -24.84968983218535499 ) ) ;
#249 = CARTESIAN_POINT ( 'NONE',  ( 32.39084299747752027, 105.9321518905982060, -18.16795298486172783 ) ) ;
#250 = CARTESIAN_POINT ( 'NONE',  ( 32.92174029884095887, 105.5606347184216247, 16.94796412587165335 ) ) ;
#251 = LINE ( 'NONE', #751, #5796 ) ;
#252 = ORIENTED_EDGE ( 'NONE', *, *, #4462, .F. ) ;
#253 = AXIS2_PLACEMENT_3D ( 'NONE', #1364, #3980, #5810 ) ;
#254 = CARTESIAN_POINT ( 'NONE',  ( 28.49999999999999645, -3.000000000000002665, -22.22798536380060597 ) ) ;
#255 = EDGE_CURVE ( 'NONE', #2829, #4144, #7292, .T. ) ;
#256 = ORIENTED_EDGE ( 'NONE', *, *, #6719, .T. ) ;
#257 = DIRECTION ( 'NONE',  ( -0.000000000000000000, -1.000000000000000000, -0.000000000000000000 ) ) ;
#258 = AXIS2_PLACEMENT_3D ( 'NONE', #1933, #1977, #4504 ) ;
#259 = CARTESIAN_POINT ( 'NONE',  ( 14.93354893332297983, 4.890268993415117116, -30.06057953909446567 ) ) ;
#260 = CARTESIAN_POINT ( 'NONE',  ( -3.500000000000010214, 49.91000578519306430, -36.50295964951001793 ) ) ;
#261 = DIRECTION ( 'NONE',  ( 1.000000000000000000, -0.000000000000000000, 1.849002583061117992E-16 ) ) ;
#262 = ORIENTED_EDGE ( 'NONE', *, *, #774, .T. ) ;
#263 = CARTESIAN_POINT ( 'NONE',  ( 25.36202952934051069, 109.9999999999295568, -28.31297881160093866 ) ) ;
#264 = VERTEX_POINT ( 'NONE', #3395 ) ;
#265 = VECTOR ( 'NONE', #3276, 1000.000000000000000 ) ;
#266 = ADVANCED_FACE ( 'NONE', ( #981 ), #1531, .F. ) ;
#267 = EDGE_LOOP ( 'NONE', ( #681, #1929, #6512, #2124, #4624, #1389, #7937, #2983, #4158, #3441 ) ) ;
#268 = CARTESIAN_POINT ( 'NONE',  ( -28.50000000000000711, 20.00000000000000000, 5.672268674043791314 ) ) ;
#269 = ORIENTED_EDGE ( 'NONE', *, *, #2972, .F. ) ;
#270 = CARTESIAN_POINT ( 'NONE',  ( -5.000000000000007994, 2.286323517986049048, -35.79571668975680865 ) ) ;
#271 = APPROVAL_STATUS ( 'not_yet_approved' ) ;
#272 = AXIS2_PLACEMENT_3D ( 'NONE', #5081, #1892, #5750 ) ;
#273 = DIRECTION ( 'NONE',  ( 0.000000000000000000, 6.122860667777164938E-17, 1.000000000000000000 ) ) ;
#274 = DIRECTION ( 'NONE',  ( 0.8660254037844393737, 0.000000000000000000, -0.4999999999999987232 ) ) ;
#275 = ORIENTED_EDGE ( 'NONE', *, *, #234, .F. ) ;
#276 = DIRECTION ( 'NONE',  ( -1.000000000000000000, -0.000000000000000000, -0.000000000000000000 ) ) ;
#277 = ORIENTED_EDGE ( 'NONE', *, *, #3376, .T. ) ;
#278 = VECTOR ( 'NONE', #19, 1000.000000000000000 ) ;
#279 = ORIENTED_EDGE ( 'NONE', *, *, #7243, .T. ) ;
#280 = CARTESIAN_POINT ( 'NONE',  ( 3.499999999999996003, 48.67528175613146146, 34.22798536380060597 ) ) ;
#281 = DIRECTION ( 'NONE',  ( 0.000000000000000000, -0.000000000000000000, 1.000000000000000000 ) ) ;
#282 = LINE ( 'NONE', #7170, #1132 ) ;
#283 = EDGE_CURVE ( 'NONE', #7026, #7883, #246, .T. ) ;
#284 = VECTOR ( 'NONE', #4761, 1000.000000000000000 ) ;
#285 = EDGE_LOOP ( 'NONE', ( #3726, #872 ) ) ;
#286 = ORIENTED_EDGE ( 'NONE', *, *, #855, .F. ) ;
#287 = DIRECTION ( 'NONE',  ( 0.000000000000000000, 0.000000000000000000, 1.000000000000000000 ) ) ;
#288 = LINE ( 'NONE', #4719, #7408 ) ;
#289 = CARTESIAN_POINT ( 'NONE',  ( 36.27641115243482517, 110.0000000000000000, -11.31468045945190504 ) ) ;
#290 = EDGE_CURVE ( 'NONE', #1970, #2759, #2198, .T. ) ;
#291 = DIRECTION ( 'NONE',  ( -1.000000000000000000, 0.000000000000000000, 0.000000000000000000 ) ) ;
#292 = LINE ( 'NONE', #1535, #7916 ) ;
#293 = ORIENTED_EDGE ( 'NONE', *, *, #6264, .T. ) ;
#294 = CARTESIAN_POINT ( 'NONE',  ( -28.50000000000000711, 20.00000000000000000, -6.827731325956209574 ) ) ;
#295 = EDGE_CURVE ( 'NONE', #7204, #6619, #3968, .T. ) ;
#296 = EDGE_CURVE ( 'NONE', #4432, #2379, #13, .T. ) ;
#297 = VERTEX_POINT ( 'NONE', #2233 ) ;
#298 = LINE ( 'NONE', #2824, #5285 ) ;
#299 = LINE ( 'NONE', #2165, #4633 ) ;
#300 = EDGE_CURVE ( 'NONE', #7186, #6528, #1370, .T. ) ;
#301 = CARTESIAN_POINT ( 'NONE',  ( 3.368536366827511825E-15, 76.95002665055244506, -31.75426480542942898 ) ) ;
#302 = CARTESIAN_POINT ( 'NONE',  ( -27.50000000000000355, 110.0000000000000000, -3.968626966596885186 ) ) ;
#303 = EDGE_LOOP ( 'NONE', ( #4331, #6174, #4877, #312 ) ) ;
#304 = FACE_OUTER_BOUND ( 'NONE', #4124, .T. ) ;
#305 = ORIENTED_EDGE ( 'NONE', *, *, #2031, .F. ) ;
#306 = LINE ( 'NONE', #4191, #4749 ) ;
#307 = PLANE ( 'NONE',  #2847 ) ;
#308 = CYLINDRICAL_SURFACE ( 'NONE', #7500, 20.00000000000000000 ) ;
#309 = ADVANCED_FACE ( 'NONE', ( #2895 ), #7958, .F. ) ;
#310 = LINE ( 'NONE', #3494, #408 ) ;
#311 = CARTESIAN_POINT ( 'NONE',  ( 0.000000000000000000, 110.0000000000000000, 0.000000000000000000 ) ) ;
#312 = ORIENTED_EDGE ( 'NONE', *, *, #1361, .F. ) ;
#313 = EDGE_CURVE ( 'NONE', #854, #2312, #910, .T. ) ;
#314 = CARTESIAN_POINT ( 'NONE',  ( 12.49999999999998934, 71.95002665055244506, -38.00000000000000000 ) ) ;
#315 = ORIENTED_EDGE ( 'NONE', *, *, #594, .F. ) ;
#316 = ORIENTED_EDGE ( 'NONE', *, *, #525, .T. ) ;
#317 = CARTESIAN_POINT ( 'NONE',  ( 3.368536366827511825E-15, 85.95002665055245927, -31.75426480542942898 ) ) ;
#318 = CARTESIAN_POINT ( 'NONE',  ( -5.282079500211323442, 107.3909200303653506, -35.71780989752712543 ) ) ;
#319 = CARTESIAN_POINT ( 'NONE',  ( -5.000000000000011546, 102.3783935413852788, 35.79571668975681575 ) ) ;
#320 = EDGE_CURVE ( 'NONE', #3368, #2440, #6707, .T. ) ;
#321 = ORIENTED_EDGE ( 'NONE', *, *, #4399, .T. ) ;
#322 = CARTESIAN_POINT ( 'NONE',  ( -23.50000000000000711, -5.000000000000000000, 13.56773132595621512 ) ) ;
#323 = DIRECTION ( 'NONE',  ( -0.000000000000000000, -1.000000000000000000, -0.000000000000000000 ) ) ;
#324 = VECTOR ( 'NONE', #2921, 1000.000000000000000 ) ;
#325 = DIRECTION ( 'NONE',  ( -1.000000000000000000, -0.000000000000000000, -0.000000000000000000 ) ) ;
#326 = CARTESIAN_POINT ( 'NONE',  ( 33.47306723395129779, 104.0468650111052114, 14.41606418663189437 ) ) ;
#327 = CARTESIAN_POINT ( 'NONE',  ( -35.85643837764494180, 110.0000000000245279, -12.60086096958752400 ) ) ;
#328 = ORIENTED_EDGE ( 'NONE', *, *, #1455, .T. ) ;
#329 = CARTESIAN_POINT ( 'NONE',  ( 27.49999999999999645, 110.0000000000000000, 15.87713240271472159 ) ) ;
#330 = VECTOR ( 'NONE', #182, 1000.000000000000000 ) ;
#331 = ADVANCED_FACE ( 'NONE', ( #4677 ), #3553, .T. ) ;
#332 = EDGE_CURVE ( 'NONE', #3558, #2388, #3478, .T. ) ;
#333 = ORIENTED_EDGE ( 'NONE', *, *, #1004, .F. ) ;
#334 = DIRECTION ( 'NONE',  ( 0.000000000000000000, 0.000000000000000000, 1.000000000000000000 ) ) ;
#335 = LINE ( 'NONE', #4686, #3173 ) ;
#336 = AXIS2_PLACEMENT_3D ( 'NONE', #1849, #7371, #4251 ) ;
#337 = DIRECTION ( 'NONE',  ( 0.000000000000000000, 0.000000000000000000, 1.000000000000000000 ) ) ;
#338 = CARTESIAN_POINT ( 'NONE',  ( -3.469446951953614189E-15, -5.000000000000000000, -27.13546265191242313 ) ) ;
#339 = EDGE_LOOP ( 'NONE', ( #3956, #6936, #2756, #8059 ) ) ;
#340 = CARTESIAN_POINT ( 'NONE',  ( 14.56033359481552303, 109.9999999999528768, -35.11312473757632802 ) ) ;
#341 = AXIS2_PLACEMENT_3D ( 'NONE', #3743, #1884, #4535 ) ;
#342 = CIRCLE ( 'NONE', #7896, 4.000000000000000000 ) ;
#343 = ORIENTED_EDGE ( 'NONE', *, *, #1565, .T. ) ;
#344 = CARTESIAN_POINT ( 'NONE',  ( -33.50000000000000711, 107.0189927906369007, -5.242136806154764628 ) ) ;
#345 = CARTESIAN_POINT ( 'NONE',  ( 29.83471903546789150, 104.5539779550087047, -21.31605027790020301 ) ) ;
#346 = CARTESIAN_POINT ( 'NONE',  ( 1.562181700802836470, 105.6337272365455533, 37.01518104265083764 ) ) ;
#347 = CARTESIAN_POINT ( 'NONE',  ( -3.500000000000010214, 4.467629122400008868, 29.73353886326573203 ) ) ;
#348 = EDGE_CURVE ( 'NONE', #5067, #6266, #523, .T. ) ;
#349 = CARTESIAN_POINT ( 'NONE',  ( -4.999999999999999112, 97.62160645861473540, -35.79571668975681575 ) ) ;
#350 = DIRECTION ( 'NONE',  ( 0.000000000000000000, -0.7923179101546382608, 0.6101084569551437076 ) ) ;
#351 = AXIS2_PLACEMENT_3D ( 'NONE', #2802, #6610, #2256 ) ;
#352 = DIRECTION ( 'NONE',  ( 0.000000000000000000, -1.000000000000000000, 0.000000000000000000 ) ) ;
#353 = ORIENTED_EDGE ( 'NONE', *, *, #4585, .F. ) ;
#354 = AXIS2_PLACEMENT_3D ( 'NONE', #5608, #5025, #7567 ) ;
#355 = CARTESIAN_POINT ( 'NONE',  ( 13.07851516493542121, 101.7877873221361114, -31.13158378462886233 ) ) ;
#356 = ORIENTED_EDGE ( 'NONE', *, *, #7185, .F. ) ;
#357 = EDGE_CURVE ( 'NONE', #2598, #5398, #3381, .T. ) ;
#358 = EDGE_LOOP ( 'NONE', ( #5983, #7888, #5205, #3415, #6786, #7323, #4498, #1615, #6203, #3878 ) ) ;
#359 = VECTOR ( 'NONE', #6426, 1000.000000000000000 ) ;
#360 = VECTOR ( 'NONE', #3598, 1000.000000000000000 ) ;
#361 = DIRECTION ( 'NONE',  ( 1.464997862481517267E-16, 0.6101084569551407100, -0.7923179101546407033 ) ) ;
#362 = CARTESIAN_POINT ( 'NONE',  ( -2.260531514781947138, 107.9015033282491345, -36.89261327255926659 ) ) ;
#363 = LINE ( 'NONE', #2150, #610 ) ;
#364 = VECTOR ( 'NONE', #72, 1000.000000000000000 ) ;
#365 = EDGE_LOOP ( 'NONE', ( #7699, #1566, #1199, #4636 ) ) ;
#366 = EDGE_CURVE ( 'NONE', #7525, #6657, #4998, .T. ) ;
#367 = CARTESIAN_POINT ( 'NONE',  ( 3.775410374669992297, 4.439165125327534156, 36.39539118850675692 ) ) ;
#368 = CARTESIAN_POINT ( 'NONE',  ( 33.50000000000000000, 102.7952317257143022, -11.35168223036939317 ) ) ;
#369 = CARTESIAN_POINT ( 'NONE',  ( 3.499999999999996003, 49.09510637630136642, -30.08043383576606900 ) ) ;
#370 = CARTESIAN_POINT ( 'NONE',  ( 33.24494540446166724, 107.8260213226760555, 15.95329835591454426 ) ) ;
#371 = CARTESIAN_POINT ( 'NONE',  ( 18.11006087497002426, 115.0000000000000000, 16.00000000000000000 ) ) ;
#372 = EDGE_LOOP ( 'NONE', ( #3143, #6945, #742, #1436 ) ) ;
#373 = DIRECTION ( 'NONE',  ( -0.8660254037844387076, 0.000000000000000000, 0.4999999999999997224 ) ) ;
#374 = VERTEX_POINT ( 'NONE', #7413 ) ;
#375 = CARTESIAN_POINT ( 'NONE',  ( -27.50000000000000355, 110.0000000000000000, -15.87713240271471804 ) ) ;
#376 = DIRECTION ( 'NONE',  ( 0.000000000000000000, 0.000000000000000000, 1.000000000000000000 ) ) ;
#377 = LINE ( 'NONE', #2246, #873 ) ;
#378 = CIRCLE ( 'NONE', #3291, 1.000000000000000888 ) ;
#379 = DIRECTION ( 'NONE',  ( 1.000000000000000000, -0.000000000000000000, 1.849002583061117992E-16 ) ) ;
#380 = ORIENTED_EDGE ( 'NONE', *, *, #3778, .F. ) ;
#381 = ADVANCED_FACE ( 'NONE', ( #441 ), #7449, .F. ) ;
#382 = CARTESIAN_POINT ( 'NONE',  ( -11.78785940192078918, 101.8949159985225634, -31.87674423683650815 ) ) ;
#383 = VECTOR ( 'NONE', #7092, 1000.000000000000000 ) ;
#384 = ORIENTED_EDGE ( 'NONE', *, *, #1858, .T. ) ;
#385 = DIRECTION ( 'NONE',  ( 0.000000000000000000, 0.000000000000000000, 1.000000000000000000 ) ) ;
#386 = CARTESIAN_POINT ( 'NONE',  ( 6.499999999999992006, 100.0000000000000000, 33.22798536380059886 ) ) ;
#387 = FACE_BOUND ( 'NONE', #6759, .T. ) ;
#388 = DIRECTION ( 'NONE',  ( 0.000000000000000000, 0.000000000000000000, 1.000000000000000000 ) ) ;
#389 = CARTESIAN_POINT ( 'NONE',  ( -4.485497660534412567, 6.709293918919295940, 36.07736631550225326 ) ) ;
#390 = EDGE_CURVE ( 'NONE', #2327, #583, #3666, .T. ) ;
#391 = FACE_OUTER_BOUND ( 'NONE', #6547, .T. ) ;
#392 = ORIENTED_EDGE ( 'NONE', *, *, #6151, .F. ) ;
#393 = VECTOR ( 'NONE', #982, 1000.000000000000000 ) ;
#394 = CARTESIAN_POINT ( 'NONE',  ( 12.49999999999997691, 62.95002665055243796, 31.46558967083463187 ) ) ;
#395 = ORIENTED_EDGE ( 'NONE', *, *, #4285, .T. ) ;
#396 = ADVANCED_FACE ( 'NONE', ( #6163, #5538 ), #6823, .T. ) ;
#397 =( BOUNDED_CURVE ( )  B_SPLINE_CURVE ( 3, ( #1411, #7807, #2783, #4058 ),
 .UNSPECIFIED., .F., .F. ) 
 B_SPLINE_CURVE_WITH_KNOTS ( ( 4, 4 ),
 ( 2.617993877991495300, 2.750436612813836224 ),
 .UNSPECIFIED. ) 
 CURVE ( )  GEOMETRIC_REPRESENTATION_ITEM ( )  RATIONAL_B_SPLINE_CURVE ( ( 1.000000000000000000, 0.9985387776043365138, 0.9985387776043365138, 1.000000000000000000 ) ) 
 REPRESENTATION_ITEM ( '' )  );
#398 = ORIENTED_EDGE ( 'NONE', *, *, #5372, .F. ) ;
#399 = DIRECTION ( 'NONE',  ( 0.000000000000000000, -1.000000000000000000, 0.000000000000000000 ) ) ;
#400 = VECTOR ( 'NONE', #3680, 1000.000000000000114 ) ;
#401 = FACE_BOUND ( 'NONE', #5214, .T. ) ;
#402 = CARTESIAN_POINT ( 'NONE',  ( -1.562181700801974715, 105.6337272365455817, -37.01518104265094422 ) ) ;
#403 = EDGE_CURVE ( 'NONE', #2787, #2822, #4959, .T. ) ;
#404 = DIRECTION ( 'NONE',  ( 0.5000000000000000000, 0.000000000000000000, 0.8660254037844385966 ) ) ;
#405 = ORIENTED_EDGE ( 'NONE', *, *, #5536, .T. ) ;
#406 = CARTESIAN_POINT ( 'NONE',  ( 12.49999999999997691, 62.95002665055243796, -38.00000000000000000 ) ) ;
#407 = LINE ( 'NONE', #8117, #2648 ) ;
#408 = VECTOR ( 'NONE', #5915, 1000.000000000000000 ) ;
#409 = CARTESIAN_POINT ( 'NONE',  ( 32.69704634830192447, 108.0230196711990089, -17.53967585543566443 ) ) ;
#410 = CARTESIAN_POINT ( 'NONE',  ( 33.28091640517354932, 110.0000000000503064, 18.35549740946595776 ) ) ;
#411 = CARTESIAN_POINT ( 'NONE',  ( -33.36468410970111620, 104.6074589332903173, -15.26176382600614900 ) ) ;
#412 = ORIENTED_EDGE ( 'NONE', *, *, #4306, .T. ) ;
#413 = EDGE_CURVE ( 'NONE', #6236, #684, #2975, .T. ) ;
#414 = CARTESIAN_POINT ( 'NONE',  ( -23.50000000000000711, -3.000000000000002665, 13.56773132595621512 ) ) ;
#415 = ORIENTED_EDGE ( 'NONE', *, *, #7005, .F. ) ;
#416 = LINE ( 'NONE', #6599, #6084 ) ;
#417 = DIRECTION ( 'NONE',  ( 0.000000000000000000, 1.000000000000000000, 0.000000000000000000 ) ) ;
#418 = DIRECTION ( 'NONE',  ( 0.000000000000000000, 1.000000000000000000, 0.000000000000000000 ) ) ;
#419 = ORIENTED_EDGE ( 'NONE', *, *, #6333, .F. ) ;
#420 = CARTESIAN_POINT ( 'NONE',  ( -6.314882820214216430, 102.9965023232095263, 35.03656873955332429 ) ) ;
#421 = ORIENTED_EDGE ( 'NONE', *, *, #186, .T. ) ;
#422 = CARTESIAN_POINT ( 'NONE',  ( -33.50000000000001421, 101.6482647400268320, 1.141498962882769197 ) ) ;
#423 = EDGE_CURVE ( 'NONE', #4348, #7264, #4949, .T. ) ;
#424 = CARTESIAN_POINT ( 'NONE',  ( 2.802909151844141800, 107.8242573164340428, 36.75751044705559423 ) ) ;
#425 = PLANE ( 'NONE',  #2634 ) ;
#426 = CARTESIAN_POINT ( 'NONE',  ( -3.500000000000010214, 98.76527597093840427, -36.50295964951001793 ) ) ;
#427 = LINE ( 'NONE', #1167, #6633 ) ;
#428 = CARTESIAN_POINT ( 'NONE',  ( -3.500000000000010214, 100.0000000000000000, -33.22798536380059886 ) ) ;
#429 = ORIENTED_EDGE ( 'NONE', *, *, #6985, .T. ) ;
#430 = B_SPLINE_CURVE_WITH_KNOTS ( 'NONE', 3,
 ( #1492, #869, #5936, #6516, #5895, #4018, #2743, #5269, #3399, #7806, #4979, #7521, #1326, #1832, #3853, #6386, #704, #80, #2619, #7963 ),
 .UNSPECIFIED., .F., .F.,
 ( 4, 2, 2, 2, 2, 2, 2, 2, 2, 4 ),
 ( 0.000000000000000000, 0.001464925515969593391, 0.002929851031939186782, 0.004394776547908779522, 0.005127239305893569604, 0.005859702063878360553, 0.007324627579847939850, 0.008789553095817517411, 0.01025447861178709758, 0.01171940412775667600 ),
 .UNSPECIFIED. ) ;
#431 = CARTESIAN_POINT ( 'NONE',  ( 18.56546221728275370, 107.0328893880714389, 27.96369342693272131 ) ) ;
#432 = ORIENTED_EDGE ( 'NONE', *, *, #5578, .F. ) ;
#433 = ORIENTED_EDGE ( 'NONE', *, *, #7043, .F. ) ;
#434 = EDGE_CURVE ( 'NONE', #4788, #6909, #4212, .T. ) ;
#435 = CARTESIAN_POINT ( 'NONE',  ( -17.25130320699493680, 109.9999999999727720, 33.87290443482837787 ) ) ;
#436 = DIRECTION ( 'NONE',  ( 0.000000000000000000, 0.000000000000000000, 1.000000000000000000 ) ) ;
#437 = CARTESIAN_POINT ( 'NONE',  ( 2.261229814902365742, 107.9014003926493217, -36.89242993890233180 ) ) ;
#438 = DIRECTION ( 'NONE',  ( 0.000000000000000000, -1.000000000000000000, 0.000000000000000000 ) ) ;
#439 =( BOUNDED_CURVE ( )  B_SPLINE_CURVE ( 3, ( #1119, #7474, #2919, #7319 ),
 .UNSPECIFIED., .F., .T. ) 
 B_SPLINE_CURVE_WITH_KNOTS ( ( 4, 4 ),
 ( 6.226844666061095879, 6.283185307179586232 ),
 .UNSPECIFIED. ) 
 CURVE ( )  GEOMETRIC_REPRESENTATION_ITEM ( )  RATIONAL_B_SPLINE_CURVE ( ( 1.000000000000000000, 0.9997354951724148897, 0.9997354951724148897, 1.000000000000000000 ) ) 
 REPRESENTATION_ITEM ( '' )  );
#440 = ORIENTED_EDGE ( 'NONE', *, *, #6742, .T. ) ;
#441 = FACE_OUTER_BOUND ( 'NONE', #7370, .T. ) ;
#442 = CARTESIAN_POINT ( 'NONE',  ( -3.500000000000010214, 48.67528175613146146, 33.22798536380059886 ) ) ;
#443 = CARTESIAN_POINT ( 'NONE',  ( -3.469446951953614189E-15, 110.0000000000000000, -27.13546265191242313 ) ) ;
#444 = CARTESIAN_POINT ( 'NONE',  ( -1.800000000000000044, -5.000000000000000000, 3.749999999999992895 ) ) ;
#445 = DIRECTION ( 'NONE',  ( 0.4999999999999993339, 0.000000000000000000, -0.8660254037844390407 ) ) ;
#446 = ORIENTED_EDGE ( 'NONE', *, *, #3185, .T. ) ;
#447 = PLANE ( 'NONE',  #6183 ) ;
#448 = ADVANCED_FACE ( 'NONE', ( #8074 ), #1806, .T. ) ;
#449 = ORIENTED_EDGE ( 'NONE', *, *, #2040, .F. ) ;
#450 = CARTESIAN_POINT ( 'NONE',  ( -15.50961894323343060, 48.67528175613146146, -29.72798536380060241 ) ) ;
#451 = PLANE ( 'NONE',  #7687 ) ;
#452 = DIRECTION ( 'NONE',  ( 0.000000000000000000, 0.000000000000000000, -1.000000000000000000 ) ) ;
#453 = ORIENTED_EDGE ( 'NONE', *, *, #5350, .F. ) ;
#454 = CARTESIAN_POINT ( 'NONE',  ( -13.10769474882795471, 107.0240642451339710, -31.11473694401225387 ) ) ;
#455 = ORIENTED_EDGE ( 'NONE', *, *, #7818, .F. ) ;
#456 = DIRECTION ( 'NONE',  ( -0.000000000000000000, 0.000000000000000000, 1.000000000000000000 ) ) ;
#457 = AXIS2_PLACEMENT_3D ( 'NONE', #6271, #2545, #6232 ) ;
#458 = ADVANCED_FACE ( 'NONE', ( #3134 ), #6869, .F. ) ;
#459 = DIRECTION ( 'NONE',  ( 0.000000000000000000, -0.000000000000000000, 1.000000000000000000 ) ) ;
#460 = DIRECTION ( 'NONE',  ( 0.7211340085870314720, -0.5537336804628487652, 0.4163469139795165641 ) ) ;
#461 = CARTESIAN_POINT ( 'NONE',  ( 3.499999999999996003, 100.3836394426650855, -30.07581878962261968 ) ) ;
#462 = CARTESIAN_POINT ( 'NONE',  ( 12.49999999999997691, 110.0000000000000000, 24.53738644055911067 ) ) ;
#463 = DIRECTION ( 'NONE',  ( -0.000000000000000000, -1.000000000000000000, -0.000000000000000000 ) ) ;
#464 = ORIENTED_EDGE ( 'NONE', *, *, #5328, .F. ) ;
#466 = VECTOR ( 'NONE', #1024, 1000.000000000000000 ) ;
#465 = DIRECTION ( 'NONE',  ( 0.000000000000000000, 0.000000000000000000, 1.000000000000000000 ) ) ;
#467 = ORIENTED_EDGE ( 'NONE', *, *, #7970, .T. ) ;
#468 = AXIS2_PLACEMENT_3D ( 'NONE', #761, #924, #4568 ) ;
#469 = VERTEX_POINT ( 'NONE', #4832 ) ;
#470 = CARTESIAN_POINT ( 'NONE',  ( 4.999999999999984013, 110.0000000000000000, 35.79571668975681575 ) ) ;
#471 = LINE ( 'NONE', #3619, #877 ) ;
#472 = AXIS2_PLACEMENT_3D ( 'NONE', #4245, #6198, #7987 ) ;
#473 = VECTOR ( 'NONE', #6748, 1000.000000000000000 ) ;
#474 = CARTESIAN_POINT ( 'NONE',  ( 1.563465860214412695, 105.6332138448351969, -37.01496440145820088 ) ) ;
#475 = CARTESIAN_POINT ( 'NONE',  ( -3.500000000000010214, 48.67528175613146146, 33.22798536380059886 ) ) ;
#476 = VERTEX_POINT ( 'NONE', #1063 ) ;
#477 = ADVANCED_FACE ( 'NONE', ( #4872, #2966 ), #1724, .T. ) ;
#478 = VECTOR ( 'NONE', #2294, 1000.000000000000000 ) ;
#479 = ORIENTED_EDGE ( 'NONE', *, *, #5007, .F. ) ;
#480 = CARTESIAN_POINT ( 'NONE',  ( -23.98109515020223625, 102.2051001523902158, -24.83697629527364725 ) ) ;
#481 = DIRECTION ( 'NONE',  ( -0.000000000000000000, 1.000000000000000000, 0.000000000000000000 ) ) ;
#482 = CARTESIAN_POINT ( 'NONE',  ( 48.31492748803515269, 95.89631336613203416, -10.78783164461059485 ) ) ;
#483 = CARTESIAN_POINT ( 'NONE',  ( -12.17472364124672524, 103.1817811215415048, 31.75223092237986577 ) ) ;
#484 = AXIS2_PLACEMENT_3D ( 'NONE', #6054, #7336, #4216 ) ;
#485 = AXIS2_PLACEMENT_3D ( 'NONE', #2151, #1525, #7048 ) ;
#486 = EDGE_CURVE ( 'NONE', #4004, #4574, #4463, .T. ) ;
#487 = CARTESIAN_POINT ( 'NONE',  ( 3.368536366827511825E-15, 67.95002665055244506, -31.75426480542942898 ) ) ;
#488 = ORIENTED_EDGE ( 'NONE', *, *, #6833, .F. ) ;
#489 = CARTESIAN_POINT ( 'NONE',  ( 28.62444393380492613, 82.74976960655713754, 22.15613762511932805 ) ) ;
#490 = ADVANCED_FACE ( 'NONE', ( #7126 ), #3913, .F. ) ;
#491 = VERTEX_POINT ( 'NONE', #1641 ) ;
#492 = CARTESIAN_POINT ( 'NONE',  ( -15.50961894323343593, 100.5937046943812447, -29.72798536380060241 ) ) ;
#493 = DIRECTION ( 'NONE',  ( 0.000000000000000000, 0.7923179101546407033, -0.6101084569551407100 ) ) ;
#494 = CARTESIAN_POINT ( 'NONE',  ( -3.500000000000010214, 4.664717059371330521, -33.22798536380059886 ) ) ;
#495 = FACE_OUTER_BOUND ( 'NONE', #4256, .T. ) ;
#496 = EDGE_LOOP ( 'NONE', ( #4333, #552, #2450, #799 ) ) ;
#497 = ADVANCED_FACE ( 'NONE', ( #2185 ), #6694, .T. ) ;
#498 = CARTESIAN_POINT ( 'NONE',  ( -18.12861499182024261, 109.9999999999931077, -33.41192321879333349 ) ) ;
#499 = EDGE_LOOP ( 'NONE', ( #3654, #2045, #245, #7808, #5643 ) ) ;
#500 = FACE_OUTER_BOUND ( 'NONE', #5852, .T. ) ;
#501 = CIRCLE ( 'NONE', #5946, 38.00000000000000000 ) ;
#502 = PLANE ( 'NONE',  #7821 ) ;
#503 = DIRECTION ( 'NONE',  ( 0.000000000000000000, 1.000000000000000000, 0.000000000000000000 ) ) ;
#504 = DIRECTION ( 'NONE',  ( -1.000000000000000000, -0.000000000000000000, -0.000000000000000000 ) ) ;
#505 = LINE ( 'NONE', #4271, #533 ) ;
#506 = DIRECTION ( 'NONE',  ( -0.8660254037844384856, 0.000000000000000000, -0.5000000000000002220 ) ) ;
#507 = ORIENTED_EDGE ( 'NONE', *, *, #4953, .F. ) ;
#508 = DIRECTION ( 'NONE',  ( -0.000000000000000000, -1.000000000000000000, -0.000000000000000000 ) ) ;
#509 = VERTEX_POINT ( 'NONE', #237 ) ;
#510 = EDGE_CURVE ( 'NONE', #7281, #6349, #5965, .T. ) ;
#511 = VECTOR ( 'NONE', #7187, 1000.000000000000000 ) ;
#512 = VERTEX_POINT ( 'NONE', #5252 ) ;
#513 = DIRECTION ( 'NONE',  ( -1.000000000000000000, 0.000000000000000000, 0.000000000000000000 ) ) ;
#514 = CARTESIAN_POINT ( 'NONE',  ( 12.49999999999997513, 110.0000000000000000, 31.46558967083463187 ) ) ;
#515 = CARTESIAN_POINT ( 'NONE',  ( 0.000000000000000000, 175.0000000000000000, 0.000000000000000000 ) ) ;
#516 = AXIS2_PLACEMENT_3D ( 'NONE', #6708, #1761, #8033 ) ;
#517 = CARTESIAN_POINT ( 'NONE',  ( 4.348290036376875278, 107.5584280637061028, -36.20372957525059832 ) ) ;
#518 = LINE ( 'NONE', #8069, #6042 ) ;
#519 = ORIENTED_EDGE ( 'NONE', *, *, #2964, .F. ) ;
#520 =( BOUNDED_CURVE ( )  B_SPLINE_CURVE ( 3, ( #7939, #2534, #492, #7592 ),
 .UNSPECIFIED., .F., .F. ) 
 B_SPLINE_CURVE_WITH_KNOTS ( ( 4, 4 ),
 ( 5.779688046854191796, 6.283185307179586232 ),
 .UNSPECIFIED. ) 
 CURVE ( )  GEOMETRIC_REPRESENTATION_ITEM ( )  RATIONAL_B_SPLINE_CURVE ( ( 1.000000000000000000, 0.9789855483870704145, 0.9789855483870704145, 1.000000000000000000 ) ) 
 REPRESENTATION_ITEM ( '' )  );
#521 = VECTOR ( 'NONE', #4303, 1000.000000000000000 ) ;
#522 = VERTEX_POINT ( 'NONE', #2770 ) ;
#523 = LINE ( 'NONE', #4288, #603 ) ;
#524 = CARTESIAN_POINT ( 'NONE',  ( 2.449293598294706513E-15, 115.0000000000000000, 20.00000000000000000 ) ) ;
#525 = EDGE_CURVE ( 'NONE', #7181, #7087, #4566, .T. ) ;
#526 = CARTESIAN_POINT ( 'NONE',  ( 27.83195751867045686, 107.3150695889669493, -22.67754843690596189 ) ) ;
#527 = CARTESIAN_POINT ( 'NONE',  ( 3.499999999999996003, 7.294995000639755922, 35.00702198090831274 ) ) ;
#528 = CARTESIAN_POINT ( 'NONE',  ( -10.00336073680180071, 103.4992560285686807, 33.00984543423489725 ) ) ;
#529 = VECTOR ( 'NONE', #166, 1000.000000000000000 ) ;
#530 = DIRECTION ( 'NONE',  ( 1.040834085586083468E-15, -1.000000000000000000, 0.000000000000000000 ) ) ;
#531 = ORIENTED_EDGE ( 'NONE', *, *, #510, .F. ) ;
#532 = CYLINDRICAL_SURFACE ( 'NONE', #6450, 9.999999999999998224 ) ;
#533 = VECTOR ( 'NONE', #1709, 1000.000000000000227 ) ;
#534 = ORIENTED_EDGE ( 'NONE', *, *, #3163, .T. ) ;
#535 = EDGE_CURVE ( 'NONE', #5381, #6399, #7095, .T. ) ;
#536 = CARTESIAN_POINT ( 'NONE',  ( -28.50000000000000711, 99.00000000000000000, -10.82773132595622201 ) ) ;
#537 = CARTESIAN_POINT ( 'NONE',  ( -12.50000000000001954, 62.95002665055243796, -38.00000000000000000 ) ) ;
#538 = DIRECTION ( 'NONE',  ( 0.000000000000000000, 1.000000000000000000, -0.000000000000000000 ) ) ;
#539 = CARTESIAN_POINT ( 'NONE',  ( 3.499999999999996003, 49.09510637630136642, 30.08043383576606900 ) ) ;
#540 = ORIENTED_EDGE ( 'NONE', *, *, #7855, .F. ) ;
#541 = CIRCLE ( 'NONE', #6640, 10.00000000000000355 ) ;
#542 = CARTESIAN_POINT ( 'NONE',  ( -6.132864528803673387, 107.2580183663584563, -35.14165704909662935 ) ) ;
#543 = VERTEX_POINT ( 'NONE', #857 ) ;
#544 = ORIENTED_EDGE ( 'NONE', *, *, #112, .F. ) ;
#545 = CARTESIAN_POINT ( 'NONE',  ( 33.50000000000000000, -3.000000000000000000, -13.56773132595621334 ) ) ;
#546 = DIRECTION ( 'NONE',  ( 0.000000000000000000, -0.9454345244055186726, -0.3258121545647283956 ) ) ;
#547 = B_SPLINE_CURVE_WITH_KNOTS ( 'NONE', 3,
 ( #5542, #6677, #1582, #7543, #3716, #6209 ),
 .UNSPECIFIED., .F., .F.,
 ( 4, 2, 4 ),
 ( 0.000000000000000000, 0.001007245322344456611, 0.002014490644688913222 ),
 .UNSPECIFIED. ) ;
#548 = DIRECTION ( 'NONE',  ( 0.000000000000000000, 1.000000000000000000, 0.000000000000000000 ) ) ;
#549 = CARTESIAN_POINT ( 'NONE',  ( -15.50961894323343415, 44.90784310405786073, 29.72798536380059886 ) ) ;
#550 = CARTESIAN_POINT ( 'NONE',  ( 12.49999999999998046, 80.95002665055245927, 24.53738644055910711 ) ) ;
#551 = LINE ( 'NONE', #5408, #5923 ) ;
#552 = ORIENTED_EDGE ( 'NONE', *, *, #6485, .F. ) ;
#553 = DIRECTION ( 'NONE',  ( 0.000000000000000000, 1.000000000000000000, 0.000000000000000000 ) ) ;
#554 = ORIENTED_EDGE ( 'NONE', *, *, #4290, .F. ) ;
#555 = ORIENTED_EDGE ( 'NONE', *, *, #4116, .T. ) ;
#556 = DIRECTION ( 'NONE',  ( -0.000000000000000000, 1.000000000000000000, -0.000000000000000000 ) ) ;
#557 = LINE ( 'NONE', #3083, #7268 ) ;
#558 = EDGE_CURVE ( 'NONE', #2598, #5959, #2729, .T. ) ;
#559 = DIRECTION ( 'NONE',  ( -0.000000000000000000, -1.000000000000000000, -0.000000000000000000 ) ) ;
#560 = EDGE_CURVE ( 'NONE', #1545, #862, #977, .T. ) ;
#561 = LINE ( 'NONE', #5742, #630 ) ;
#562 = CARTESIAN_POINT ( 'NONE',  ( 3.464931962498175366, 104.6076740553080526, -36.52565359598706607 ) ) ;
#563 = DIRECTION ( 'NONE',  ( 0.8660254037844384856, 0.000000000000000000, 0.5000000000000002220 ) ) ;
#564 = ORIENTED_EDGE ( 'NONE', *, *, #7383, .F. ) ;
#565 = VERTEX_POINT ( 'NONE', #5296 ) ;
#566 = CARTESIAN_POINT ( 'NONE',  ( -4.741963672924472739, 102.2175564958921825, 35.94469403265458141 ) ) ;
#567 = CARTESIAN_POINT ( 'NONE',  ( 33.50000000000811440, 107.1560338558259105, 11.28865196713670471 ) ) ;
#568 = EDGE_CURVE ( 'NONE', #3635, #2797, #1146, .T. ) ;
#569 = CARTESIAN_POINT ( 'NONE',  ( 29.22285807429857130, 104.0482272178096537, -21.77935397931489803 ) ) ;
#570 = CARTESIAN_POINT ( 'NONE',  ( -28.50000000000000711, 99.00000000000000000, -10.82773132595622201 ) ) ;
#571 = CARTESIAN_POINT ( 'NONE',  ( 30.43558380166733812, 107.8251005603531922, 20.80208916532802377 ) ) ;
#572 =( BOUNDED_CURVE ( )  B_SPLINE_CURVE ( 3, ( #5801, #3840, #695, #2651 ),
 .UNSPECIFIED., .F., .F. ) 
 B_SPLINE_CURVE_WITH_KNOTS ( ( 4, 4 ),
 ( 0.000000000000000000, 2.394455833806000911 ),
 .UNSPECIFIED. ) 
 CURVE ( )  GEOMETRIC_REPRESENTATION_ITEM ( )  RATIONAL_B_SPLINE_CURVE ( ( 1.000000000000000000, 0.5766266991369465300, 0.5766266991369465300, 1.000000000000000000 ) ) 
 REPRESENTATION_ITEM ( '' )  );
#573 = CARTESIAN_POINT ( 'NONE',  ( 3.499999999999996003, 45.73950986304808453, 34.43818234161658864 ) ) ;
#574 = DIRECTION ( 'NONE',  ( -0.000000000000000000, 1.000000000000000000, -0.000000000000000000 ) ) ;
#575 = VERTEX_POINT ( 'NONE', #7835 ) ;
#576 = CARTESIAN_POINT ( 'NONE',  ( -10.00336073679136106, 103.4992560285690217, -33.00984543424069528 ) ) ;
#577 = CARTESIAN_POINT ( 'NONE',  ( -28.50000000000000711, 37.50000000000000711, -0.0003810567665955832961 ) ) ;
#578 = DIRECTION ( 'NONE',  ( 1.477860147117641871E-16, 0.6009664534901713040, 0.7992742469136897565 ) ) ;
#579 = FACE_OUTER_BOUND ( 'NONE', #3161, .T. ) ;
#580 = ORIENTED_EDGE ( 'NONE', *, *, #320, .T. ) ;
#581 = CARTESIAN_POINT ( 'NONE',  ( -21.69080905658487879, 101.8925922954157102, -26.15927358794489166 ) ) ;
#582 = EDGE_CURVE ( 'NONE', #3684, #6530, #5336, .T. ) ;
#583 = VERTEX_POINT ( 'NONE', #2228 ) ;
#584 = ORIENTED_EDGE ( 'NONE', *, *, #2266, .F. ) ;
#585 = CARTESIAN_POINT ( 'NONE',  ( -23.50000000000000711, -3.000000000000002665, -13.56773132595622400 ) ) ;
#586 = CARTESIAN_POINT ( 'NONE',  ( -3.940115036605809529, 109.9999999999739231, 37.79681365907257629 ) ) ;
#587 = CARTESIAN_POINT ( 'NONE',  ( 3.368536366827511825E-15, 67.95002665055244506, -31.75426480542942898 ) ) ;
#588 = AXIS2_PLACEMENT_3D ( 'NONE', #5769, #84, #5141 ) ;
#589 = CARTESIAN_POINT ( 'NONE',  ( -3.500000000000010214, 5.899441088432931579, -36.50295964951001793 ) ) ;
#590 = CARTESIAN_POINT ( 'NONE',  ( 4.617391055095897201, 99.13286458556835612, -36.01661606709155450 ) ) ;
#591 = ORIENTED_EDGE ( 'NONE', *, *, #946, .T. ) ;
#592 = FACE_OUTER_BOUND ( 'NONE', #7688, .T. ) ;
#593 = ORIENTED_EDGE ( 'NONE', *, *, #1999, .T. ) ;
#594 = EDGE_CURVE ( 'NONE', #4801, #5474, #4008, .T. ) ;
#595 = VECTOR ( 'NONE', #889, 1000.000000000000000 ) ;
#596 = AXIS2_PLACEMENT_3D ( 'NONE', #6492, #5287, #810 ) ;
#597 = EDGE_LOOP ( 'NONE', ( #6273, #7619, #3057, #2793, #2226 ) ) ;
#598 = ADVANCED_FACE ( 'NONE', ( #7205 ), #6040, .F. ) ;
#599 = CARTESIAN_POINT ( 'NONE',  ( 30.54095610815091177, 169.9999999999999716, 12.49999999999997868 ) ) ;
#600 = VERTEX_POINT ( 'NONE', #280 ) ;
#601 = CARTESIAN_POINT ( 'NONE',  ( 27.93700628980640843, 110.0000000000000000, -25.75895338641143795 ) ) ;
#602 = CARTESIAN_POINT ( 'NONE',  ( -27.50000000000000355, 62.95002665055243796, 15.87713240271471449 ) ) ;
#603 = VECTOR ( 'NONE', #4912, 1000.000000000000000 ) ;
#604 = CARTESIAN_POINT ( 'NONE',  ( -4.741963672924476292, 2.447160563479174211, -35.94469403265459562 ) ) ;
#605 = ORIENTED_EDGE ( 'NONE', *, *, #5817, .T. ) ;
#606 = VECTOR ( 'NONE', #3285, 1000.000000000000227 ) ;
#607 = EDGE_CURVE ( 'NONE', #4898, #7591, #7871, .T. ) ;
#608 = ORIENTED_EDGE ( 'NONE', *, *, #718, .T. ) ;
#609 = CIRCLE ( 'NONE', #2205, 1.000000000000000888 ) ;
#610 = VECTOR ( 'NONE', #5420, 1000.000000000000000 ) ;
#611 = DIRECTION ( 'NONE',  ( 0.000000000000000000, -1.000000000000000000, 0.000000000000000000 ) ) ;
#612 = CARTESIAN_POINT ( 'NONE',  ( 33.50000000000396483, 107.0365030457076472, 1.057789069770832091 ) ) ;
#613 = CARTESIAN_POINT ( 'NONE',  ( -1.214306433183764966E-14, 62.95002665055243796, 27.13546265191242313 ) ) ;
#614 = CARTESIAN_POINT ( 'NONE',  ( -28.50000000000000711, 55.00000000000000711, -10.82773132595621846 ) ) ;
#615 = CARTESIAN_POINT ( 'NONE',  ( 3.499999999999996003, 45.73950986304808453, -34.43818234161658864 ) ) ;
#616 = AXIS2_PLACEMENT_3D ( 'NONE', #2763, #5289, #4621 ) ;
#617 = CARTESIAN_POINT ( 'NONE',  ( -27.93700628980603540, 110.0000000000000000, -25.75895338641183940 ) ) ;
#618 = AXIS2_PLACEMENT_3D ( 'NONE', #9, #8140, #6437 ) ;
#619 = CARTESIAN_POINT ( 'NONE',  ( -4.999999999999986677, 80.95002665055245927, 35.79571668975682286 ) ) ;
#620 = ADVANCED_FACE ( 'NONE', ( #1562 ), #4045, .T. ) ;
#621 = VERTEX_POINT ( 'NONE', #317 ) ;
#622 = CARTESIAN_POINT ( 'NONE',  ( -14.18108755669156196, 102.2206108828751070, -30.50777382058213760 ) ) ;
#623 = CARTESIAN_POINT ( 'NONE',  ( -2.912702927882211237E-17, 80.95002665055245927, -38.68246803570493597 ) ) ;
#624 = CIRCLE ( 'NONE', #7377, 3.499999999999999556 ) ;
#625 = CARTESIAN_POINT ( 'NONE',  ( 3.499999999999996003, 102.9216760515308380, 31.98414357995329382 ) ) ;
#626 = CARTESIAN_POINT ( 'NONE',  ( 4.653657836759941941E-15, 110.0000000000000000, 38.00000000000000000 ) ) ;
#627 = ORIENTED_EDGE ( 'NONE', *, *, #1207, .F. ) ;
#628 = DIRECTION ( 'NONE',  ( -1.000000000000000000, 0.000000000000000000, 0.000000000000000000 ) ) ;
#629 = AXIS2_PLACEMENT_3D ( 'NONE', #2145, #1558, #1981 ) ;
#630 = VECTOR ( 'NONE', #647, 1000.000000000000000 ) ;
#631 = VERTEX_POINT ( 'NONE', #7287 ) ;
#632 = LINE ( 'NONE', #3153, #2355 ) ;
#633 = CARTESIAN_POINT ( 'NONE',  ( -7.677665193353320205, 109.9999999999858034, 37.22248666774309811 ) ) ;
#634 = CARTESIAN_POINT ( 'NONE',  ( -27.93700628980639422, 110.0000000000000000, 25.75895338641144505 ) ) ;
#635 = EDGE_CURVE ( 'NONE', #1509, #3015, #2844, .T. ) ;
#636 = CARTESIAN_POINT ( 'NONE',  ( 3.499999999999996003, 7.520546934683549622, -31.83961615620216890 ) ) ;
#637 = FACE_OUTER_BOUND ( 'NONE', #706, .T. ) ;
#638 = VERTEX_POINT ( 'NONE', #1603 ) ;
#639 = CARTESIAN_POINT ( 'NONE',  ( 28.50000000000040856, 103.4621466860846510, -22.22798536380036794 ) ) ;
#640 = ORIENTED_EDGE ( 'NONE', *, *, #1778, .T. ) ;
#641 = AXIS2_PLACEMENT_3D ( 'NONE', #4234, #2414, #4815 ) ;
#642 = VERTEX_POINT ( 'NONE', #5416 ) ;
#643 = CARTESIAN_POINT ( 'NONE',  ( 12.49999999999997335, 67.95002665055244506, -24.53738644055912488 ) ) ;
#644 = ORIENTED_EDGE ( 'NONE', *, *, #5763, .T. ) ;
#645 = CARTESIAN_POINT ( 'NONE',  ( 0.000000000000000000, 185.0000000000000000, -38.00000000000000000 ) ) ;
#646 = EDGE_CURVE ( 'NONE', #7320, #1664, #3586, .T. ) ;
#647 = DIRECTION ( 'NONE',  ( 0.000000000000000000, -1.000000000000000000, 0.000000000000000000 ) ) ;
#648 = LINE ( 'NONE', #5161, #4374 ) ;
#649 = LINE ( 'NONE', #1844, #81 ) ;
#650 = ORIENTED_EDGE ( 'NONE', *, *, #1294, .T. ) ;
#651 = VECTOR ( 'NONE', #5434, 1000.000000000000114 ) ;
#652 = EDGE_CURVE ( 'NONE', #3833, #1776, #7406, .T. ) ;
#653 = EDGE_LOOP ( 'NONE', ( #6800, #6888, #2363, #1075, #7820 ) ) ;
#654 = VECTOR ( 'NONE', #2934, 1000.000000000000114 ) ;
#655 = CARTESIAN_POINT ( 'NONE',  ( -33.24494540445850532, 107.8260213226948423, 15.95329835590669099 ) ) ;
#656 = CARTESIAN_POINT ( 'NONE',  ( 33.50000000000000711, 101.8949159985146338, 5.729786420120480450 ) ) ;
#657 = DIRECTION ( 'NONE',  ( 0.000000000000000000, -1.000000000000000000, 0.000000000000000000 ) ) ;
#658 = DIRECTION ( 'NONE',  ( -1.000000000000000000, -0.000000000000000000, -0.000000000000000000 ) ) ;
#659 = DIRECTION ( 'NONE',  ( 0.000000000000000000, 1.000000000000000000, -1.301042606982605321E-16 ) ) ;
#660 = CARTESIAN_POINT ( 'NONE',  ( -28.86925732777474707, 103.7560228161018898, -22.01479454620962528 ) ) ;
#661 = AXIS2_PLACEMENT_3D ( 'NONE', #4610, #1463, #1499 ) ;
#662 = LINE ( 'NONE', #5719, #2218 ) ;
#663 =( BOUNDED_CURVE ( )  B_SPLINE_CURVE ( 3, ( #4924, #960, #7971, #4847, #5397, #2284, #2247 ),
 .UNSPECIFIED., .F., .F. ) 
 B_SPLINE_CURVE_WITH_KNOTS ( ( 4, 3, 4 ),
 ( 3.888729473373579992, 6.283185307179586232, 8.677641140985592472 ),
 .UNSPECIFIED. ) 
 CURVE ( )  GEOMETRIC_REPRESENTATION_ITEM ( )  RATIONAL_B_SPLINE_CURVE ( ( 1.000000000000000000, 0.5766266991369448647, 0.5766266991369448647, 1.000000000000000000, 0.5766266991369448647, 0.5766266991369448647, 1.000000000000000000 ) ) 
 REPRESENTATION_ITEM ( '' )  );
#664 = VERTEX_POINT ( 'NONE', #5488 ) ;
#665 = CARTESIAN_POINT ( 'NONE',  ( 3.499999999999996003, 7.520546934683549622, 31.83961615620216890 ) ) ;
#666 = CARTESIAN_POINT ( 'NONE',  ( 7.042715109517686756, 1.808887184059107867, 34.61635457139904304 ) ) ;
#667 = EDGE_CURVE ( 'NONE', #1092, #6763, #4991, .T. ) ;
#668 = CARTESIAN_POINT ( 'NONE',  ( -3.500000000000010214, 101.2347240290616099, -36.50295964951001793 ) ) ;
#669 = ADVANCED_FACE ( 'NONE', ( #6154 ), #6122, .T. ) ;
#670 = DIRECTION ( 'NONE',  ( 0.8660254037844385966, 0.000000000000000000, 0.4999999999999999445 ) ) ;
#671 = VERTEX_POINT ( 'NONE', #6745 ) ;
#672 = CARTESIAN_POINT ( 'NONE',  ( -24.63424144918101533, 102.3326384899905293, -24.45988210373804250 ) ) ;
#673 = CIRCLE ( 'NONE', #6625, 9.999999999999998224 ) ;
#674 = ORIENTED_EDGE ( 'NONE', *, *, #1600, .T. ) ;
#675 = DIRECTION ( 'NONE',  ( 0.000000000000000000, -1.000000000000000000, -3.469446951953611724E-16 ) ) ;
#676 = CARTESIAN_POINT ( 'NONE',  ( -33.50000000000000711, 101.8014505386379085, -4.591252191786187709 ) ) ;
#677 = AXIS2_PLACEMENT_3D ( 'NONE', #5480, #4858, #7397 ) ;
#678 = DIRECTION ( 'NONE',  ( -1.000000000000000000, -0.000000000000000000, -0.000000000000000000 ) ) ;
#679 = ORIENTED_EDGE ( 'NONE', *, *, #7055, .F. ) ;
#680 = CARTESIAN_POINT ( 'NONE',  ( 27.93700628980611711, 110.0000000000000000, 25.75895338641175414 ) ) ;
#681 = ORIENTED_EDGE ( 'NONE', *, *, #6264, .F. ) ;
#682 = ORIENTED_EDGE ( 'NONE', *, *, #5968, .T. ) ;
#683 = DIRECTION ( 'NONE',  ( -1.040834085586083468E-15, 1.000000000000000000, -6.009258394948636125E-16 ) ) ;
#684 = VERTEX_POINT ( 'NONE', #5577 ) ;
#685 = CARTESIAN_POINT ( 'NONE',  ( -31.62830305782246398, 105.8162681600163921, 19.39782206671760179 ) ) ;
#686 = PERSON_AND_ORGANIZATION_ROLE ( 'design_owner' ) ;
#687 = CARTESIAN_POINT ( 'NONE',  ( 4.999999999999984013, 98.83907250709619063, 35.79571668975681575 ) ) ;
#688 = CARTESIAN_POINT ( 'NONE',  ( 3.368536366827511825E-15, 110.0000000000000000, -31.75426480542942898 ) ) ;
#689 = ORIENTED_EDGE ( 'NONE', *, *, #5332, .T. ) ;
#690 = ORIENTED_EDGE ( 'NONE', *, *, #2823, .F. ) ;
#691 = EDGE_CURVE ( 'NONE', #4488, #7439, #6904, .T. ) ;
#692 = ORIENTED_EDGE ( 'NONE', *, *, #5866, .T. ) ;
#693 = CARTESIAN_POINT ( 'NONE',  ( -29.18115783413340125, 107.5588201122033070, 21.86624249523432795 ) ) ;
#694 = CARTESIAN_POINT ( 'NONE',  ( 33.50000000000000000, 101.8925922954157102, -5.705154877666107183 ) ) ;
#695 = CARTESIAN_POINT ( 'NONE',  ( -9.434273629437717190, -0.4776108378846873337, -33.23558761614049217 ) ) ;
#696 = CARTESIAN_POINT ( 'NONE',  ( -23.99694190900105184, 102.2080217676181491, 24.82782716481537122 ) ) ;
#697 = CARTESIAN_POINT ( 'NONE',  ( -12.50000000000001954, 62.95002665055243796, -38.00000000000000000 ) ) ;
#698 = CARTESIAN_POINT ( 'NONE',  ( 0.000000000000000000, 110.0000000000000000, 0.000000000000000000 ) ) ;
#699 = CARTESIAN_POINT ( 'NONE',  ( -4.999999999999999112, 103.4621466860844805, -35.79571668975681575 ) ) ;
#700 = ORIENTED_EDGE ( 'NONE', *, *, #6728, .F. ) ;
#701 = EDGE_CURVE ( 'NONE', #5533, #2829, #5781, .T. ) ;
#702 = FACE_OUTER_BOUND ( 'NONE', #5612, .T. ) ;
#703 = DIRECTION ( 'NONE',  ( 0.000000000000000000, -1.000000000000000000, -0.000000000000000000 ) ) ;
#704 = CARTESIAN_POINT ( 'NONE',  ( -29.83641964359922127, 104.5553844900514520, -21.31468872937217895 ) ) ;
#705 = DIRECTION ( 'NONE',  ( -0.000000000000000000, 1.000000000000000000, -0.000000000000000000 ) ) ;
#706 = EDGE_LOOP ( 'NONE', ( #2851, #5795, #6420, #7057, #464, #6438, #989 ) ) ;
#707 = CARTESIAN_POINT ( 'NONE',  ( -25.67009350024151004, 107.1012350799853152, -23.86183264320859010 ) ) ;
#708 = EDGE_CURVE ( 'NONE', #2642, #4668, #471, .T. ) ;
#709 = ORIENTED_EDGE ( 'NONE', *, *, #486, .T. ) ;
#710 = DIRECTION ( 'NONE',  ( 0.000000000000000000, 0.07103043809259564079, -0.9974741484692092319 ) ) ;
#711 = PLANE ( 'NONE',  #7015 ) ;
#712 = DIRECTION ( 'NONE',  ( 1.000000000000000000, -0.000000000000000000, -1.849002583061117992E-16 ) ) ;
#713 = CARTESIAN_POINT ( 'NONE',  ( 2.449293598294706513E-15, 110.0000000000000000, 20.00000000000000000 ) ) ;
#714 = DIRECTION ( 'NONE',  ( 0.000000000000000000, -1.000000000000000000, 0.000000000000000000 ) ) ;
#715 = VERTEX_POINT ( 'NONE', #3004 ) ;
#716 = CARTESIAN_POINT ( 'NONE',  ( 3.499999999999996003, 102.5380366088657524, -35.13631015413126590 ) ) ;
#717 = ORIENTED_EDGE ( 'NONE', *, *, #8093, .T. ) ;
#718 = EDGE_CURVE ( 'NONE', #7800, #2506, #609, .T. ) ;
#719 = ORIENTED_EDGE ( 'NONE', *, *, #2289, .F. ) ;
#720 = CARTESIAN_POINT ( 'NONE',  ( -27.50000000000000355, 76.95002665055244506, 15.87713240271471449 ) ) ;
#721 = ORIENTED_EDGE ( 'NONE', *, *, #3854, .T. ) ;
#722 = VECTOR ( 'NONE', #2956, 1000.000000000000000 ) ;
#723 = CARTESIAN_POINT ( 'NONE',  ( -33.09253879996465741, 105.3002645459061739, 16.42570264959532267 ) ) ;
#724 = PERSON_AND_ORGANIZATION ( #18446744073709551615, #5642 ) ;
#725 = CARTESIAN_POINT ( 'NONE',  ( 0.000000000000000000, 110.0000000000000000, -27.00000000000000355 ) ) ;
#726 = DIRECTION ( 'NONE',  ( -0.000000000000000000, -0.000000000000000000, 1.000000000000000000 ) ) ;
#727 = ORIENTED_EDGE ( 'NONE', *, *, #6573, .F. ) ;
#728 = CIRCLE ( 'NONE', #5359, 8.000000000000000000 ) ;
#729 = ORIENTED_EDGE ( 'NONE', *, *, #859, .T. ) ;
#730 = VECTOR ( 'NONE', #6902, 1000.000000000000000 ) ;
#731 = ORIENTED_EDGE ( 'NONE', *, *, #4028, .T. ) ;
#732 = CARTESIAN_POINT ( 'NONE',  ( -33.50000000000000000, 103.4621466860844805, 13.56773132595621689 ) ) ;
#733 = CARTESIAN_POINT ( 'NONE',  ( 37.95972071847654661, 109.9999999999678408, 2.011428736726931898 ) ) ;
#734 = VECTOR ( 'NONE', #6061, 1000.000000000000000 ) ;
#735 = CARTESIAN_POINT ( 'NONE',  ( -4.649983526716850335, 103.7407098413427065, -35.99779879482765210 ) ) ;
#736 = DIRECTION ( 'NONE',  ( -0.000000000000000000, 1.000000000000000000, -0.000000000000000000 ) ) ;
#737 = CARTESIAN_POINT ( 'NONE',  ( -3.500000000000010214, 100.1970879369712719, -29.73353886326572848 ) ) ;
#738 = ADVANCED_FACE ( 'NONE', ( #3706 ), #2343, .F. ) ;
#739 = DIRECTION ( 'NONE',  ( -0.000000000000000000, -0.000000000000000000, 1.000000000000000000 ) ) ;
#740 = CARTESIAN_POINT ( 'NONE',  ( 33.49999999999999289, 103.4621466860844947, 30.88823940164500215 ) ) ;
#741 = VECTOR ( 'NONE', #5378, 1000.000000000000000 ) ;
#742 = ORIENTED_EDGE ( 'NONE', *, *, #2470, .F. ) ;
#743 = B_SPLINE_CURVE_WITH_KNOTS ( 'NONE', 3,
 ( #1893, #2062, #2652, #3263, #3138, #5802, #696, #3218, #4419, #5129 ),
 .UNSPECIFIED., .F., .F.,
 ( 4, 2, 2, 2, 4 ),
 ( 0.01153473002802705115, 0.01558276985057726292, 0.01963080967312747643, 0.02367884949567768821, 0.02772688931822789998 ),
 .UNSPECIFIED. ) ;
#744 = EDGE_LOOP ( 'NONE', ( #2024, #5493, #6749, #10, #4538 ) ) ;
#745 = CARTESIAN_POINT ( 'NONE',  ( 4.650373837794109733, 103.7403992094338179, 35.99757344862211283 ) ) ;
#746 = CARTESIAN_POINT ( 'NONE',  ( -28.50000000000000711, 99.00000000000000000, -10.82773132595622201 ) ) ;
#747 = LINE ( 'NONE', #6385, #2123 ) ;
#748 = AXIS2_PLACEMENT_3D ( 'NONE', #3418, #5404, #5913 ) ;
#749 = EDGE_CURVE ( 'NONE', #4446, #509, #8148, .T. ) ;
#750 = CARTESIAN_POINT ( 'NONE',  ( -3.733417588320651515, 50.14132731388529862, 36.41574728538208205 ) ) ;
#751 = CARTESIAN_POINT ( 'NONE',  ( 3.499999999999996003, 99.61636055733491446, -36.38015193797856739 ) ) ;
#752 = VERTEX_POINT ( 'NONE', #4906 ) ;
#753 = FACE_BOUND ( 'NONE', #6012, .T. ) ;
#754 = EDGE_CURVE ( 'NONE', #6821, #4348, #7443, .T. ) ;
#755 = VECTOR ( 'NONE', #5503, 1000.000000000000000 ) ;
#756 = VECTOR ( 'NONE', #1769, 1000.000000000000000 ) ;
#757 = ORIENTED_EDGE ( 'NONE', *, *, #6231, .F. ) ;
#758 = FACE_OUTER_BOUND ( 'NONE', #339, .T. ) ;
#759 = DIRECTION ( 'NONE',  ( 0.000000000000000000, 0.000000000000000000, 1.000000000000000000 ) ) ;
#760 = CARTESIAN_POINT ( 'NONE',  ( 3.775410374669999847, 4.439165125327534156, -36.39539118850675692 ) ) ;
#761 = CARTESIAN_POINT ( 'NONE',  ( 0.000000000000000000, 110.0000000000000000, 0.000000000000000000 ) ) ;
#762 = DIRECTION ( 'NONE',  ( 1.000000000000000000, 0.000000000000000000, -0.000000000000000000 ) ) ;
#763 = ORIENTED_EDGE ( 'NONE', *, *, #4551, .F. ) ;
#764 = AXIS2_PLACEMENT_3D ( 'NONE', #4518, #3557, #6131 ) ;
#765 = DIRECTION ( 'NONE',  ( 0.000000000000000000, 1.000000000000000000, 0.000000000000000000 ) ) ;
#766 = ORIENTED_EDGE ( 'NONE', *, *, #6112, .F. ) ;
#767 = ORIENTED_EDGE ( 'NONE', *, *, #4837, .T. ) ;
#768 = PLANE ( 'NONE',  #4042 ) ;
#769 = ORIENTED_EDGE ( 'NONE', *, *, #6866, .F. ) ;
#770 = DIRECTION ( 'NONE',  ( -0.000000000000000000, 1.000000000000000000, -0.000000000000000000 ) ) ;
#771 = DIRECTION ( 'NONE',  ( -1.000000000000000000, -0.000000000000000000, -0.000000000000000000 ) ) ;
#772 = CARTESIAN_POINT ( 'NONE',  ( 3.499999999999996003, 97.46196339113423335, -31.31966057346993892 ) ) ;
#773 = ORIENTED_EDGE ( 'NONE', *, *, #4332, .F. ) ;
#774 = EDGE_CURVE ( 'NONE', #8199, #3104, #3259, .T. ) ;
#775 = ORIENTED_EDGE ( 'NONE', *, *, #7887, .F. ) ;
#776 = ORIENTED_EDGE ( 'NONE', *, *, #7457, .T. ) ;
#777 = CARTESIAN_POINT ( 'NONE',  ( -30.23395312600257512, 107.7827008013912859, 20.99491223002184626 ) ) ;
#778 = CARTESIAN_POINT ( 'NONE',  ( 37.96044734402045862, 109.9999999999723457, -1.996385391772724338 ) ) ;
#779 = VECTOR ( 'NONE', #3606, 1000.000000000000114 ) ;
#780 = CARTESIAN_POINT ( 'NONE',  ( -2.333337141559240546, 105.2937377429732351, -36.86879842884631131 ) ) ;
#781 = PLANE ( 'NONE',  #2060 ) ;
#782 = CARTESIAN_POINT ( 'NONE',  ( -28.50000000000000711, 20.00000000000000000, -6.827731325956209574 ) ) ;
#783 = B_SPLINE_CURVE_WITH_KNOTS ( 'NONE', 3,
 ( #3144, #2877, #5052, #345, #5402, #4778, #6469, #4471, #164, #2026, #6421, #122, #7803, #5262, #2660, #7678, #1280, #5721, #7134, #1323, #1942, #5180 ),
 .UNSPECIFIED., .F., .F.,
 ( 4, 2, 2, 2, 2, 2, 2, 2, 2, 2, 4 ),
 ( 0.000000000000000000, 0.001460768288728872284, 0.002921536577457744567, 0.003651920721822187431, 0.004382304866186630295, 0.005112689010551074026, 0.005843073154915516890, 0.007303841443644393944, 0.008764609732373270998, 0.01022537802110214458, 0.01168614630983101643 ),
 .UNSPECIFIED. ) ;
#784 = DIRECTION ( 'NONE',  ( -0.000000000000000000, 1.000000000000000000, -0.000000000000000000 ) ) ;
#785 = VECTOR ( 'NONE', #1943, 1000.000000000000000 ) ;
#786 = ORIENTED_EDGE ( 'NONE', *, *, #7143, .F. ) ;
#787 = ADVANCED_FACE ( 'NONE', ( #1130, #6861, #1177, #8024, #8109, #1216, #6083, #401 ), #4865, .F. ) ;
#788 = ORIENTED_EDGE ( 'NONE', *, *, #3223, .T. ) ;
#789 = CARTESIAN_POINT ( 'NONE',  ( -4.999999999999999112, 7.043110600756643969, -35.79571668975681575 ) ) ;
#790 = DIRECTION ( 'NONE',  ( -1.000000000000000000, -0.000000000000000000, -0.000000000000000000 ) ) ;
#791 = FACE_OUTER_BOUND ( 'NONE', #5746, .T. ) ;
#792 = CARTESIAN_POINT ( 'NONE',  ( -3.500000000000010214, 100.0000000000000000, 32.22798536380059886 ) ) ;
#793 = AXIS2_PLACEMENT_3D ( 'NONE', #5021, #6929, #1246 ) ;
#794 = CARTESIAN_POINT ( 'NONE',  ( -16.00000000000000000, 110.0000000000000000, 15.00000000000000000 ) ) ;
#795 = ORIENTED_EDGE ( 'NONE', *, *, #6750, .F. ) ;
#796 = DIRECTION ( 'NONE',  ( 0.000000000000000000, 0.000000000000000000, -1.000000000000000000 ) ) ;
#797 = EDGE_CURVE ( 'NONE', #476, #3292, #4310, .T. ) ;
#798 = AXIS2_PLACEMENT_3D ( 'NONE', #133, #7018, #3860 ) ;
#799 = ORIENTED_EDGE ( 'NONE', *, *, #1707, .F. ) ;
#800 = DIRECTION ( 'NONE',  ( -1.000000000000000000, -0.000000000000000000, -0.000000000000000000 ) ) ;
#801 = CARTESIAN_POINT ( 'NONE',  ( -16.00000000000000000, 115.0000000000000000, -15.00000000000000000 ) ) ;
#802 = CARTESIAN_POINT ( 'NONE',  ( -18.74414122166645313, 101.6780911546465092, 27.86053305564745486 ) ) ;
#803 = DIRECTION ( 'NONE',  ( -0.000000000000000000, 1.000000000000000000, -0.000000000000000000 ) ) ;
#804 = DIRECTION ( 'NONE',  ( 0.000000000000000000, 0.000000000000000000, 1.000000000000000000 ) ) ;
#805 = ORIENTED_EDGE ( 'NONE', *, *, #2476, .T. ) ;
#806 = AXIS2_PLACEMENT_3D ( 'NONE', #6709, #951, #6634 ) ;
#807 = CARTESIAN_POINT ( 'NONE',  ( 6.917187753147533869, 102.7957765528996532, -34.68882782439002455 ) ) ;
#808 = VERTEX_POINT ( 'NONE', #2425 ) ;
#809 = ORIENTED_EDGE ( 'NONE', *, *, #1449, .T. ) ;
#810 = DIRECTION ( 'NONE',  ( 0.000000000000000000, -0.000000000000000000, 1.000000000000000000 ) ) ;
#811 = ORIENTED_EDGE ( 'NONE', *, *, #4506, .T. ) ;
#812 = AXIS2_PLACEMENT_3D ( 'NONE', #6497, #2764, #350 ) ;
#813 = CARTESIAN_POINT ( 'NONE',  ( -3.469446951953614189E-15, 80.95002665055245927, -27.13546265191242313 ) ) ;
#814 = COORDINATED_UNIVERSAL_TIME_OFFSET ( 5, 0, .BEHIND. ) ;
#815 = DIRECTION ( 'NONE',  ( 0.000000000000000000, 1.000000000000000000, 0.000000000000000000 ) ) ;
#816 = DIRECTION ( 'NONE',  ( 0.000000000000000000, -1.000000000000000000, 0.000000000000000000 ) ) ;
#817 = VERTEX_POINT ( 'NONE', #1680 ) ;
#818 = ORIENTED_EDGE ( 'NONE', *, *, #1505, .F. ) ;
#819 = EDGE_CURVE ( 'NONE', #6657, #4241, #7236, .T. ) ;
#820 = EDGE_LOOP ( 'NONE', ( #2575, #1328 ) ) ;
#821 = CARTESIAN_POINT ( 'NONE',  ( -31.27681371804925092, 105.6347904760103802, 19.85822135256439225 ) ) ;
#822 = CARTESIAN_POINT ( 'NONE',  ( 4.250298230435316071, 104.0480133563404763, 36.19726275999269660 ) ) ;
#823 = CARTESIAN_POINT ( 'NONE',  ( -3.500000000000010214, 100.0000000000000000, -33.22798536380059886 ) ) ;
#824 = LINE ( 'NONE', #3350, #3779 ) ;
#825 = DIRECTION ( 'NONE',  ( 1.776356839400250859E-15, 0.000000000000000000, -1.000000000000000000 ) ) ;
#826 = ORIENTED_EDGE ( 'NONE', *, *, #357, .T. ) ;
#827 = ADVANCED_FACE ( 'NONE', ( #1261 ), #2638, .F. ) ;
#828 = EDGE_LOOP ( 'NONE', ( #605, #7253 ) ) ;
#829 = CARTESIAN_POINT ( 'NONE',  ( -28.50000000000000711, 0.000000000000000000, -6.827731325956207797 ) ) ;
#830 = DIRECTION ( 'NONE',  ( -1.000000000000000000, -0.000000000000000000, -0.000000000000000000 ) ) ;
#831 = CARTESIAN_POINT ( 'NONE',  ( 3.499999999999996003, 2.034439118102898902, -31.44894874669289919 ) ) ;
#832 = LINE ( 'NONE', #4556, #2795 ) ;
#833 = CARTESIAN_POINT ( 'NONE',  ( -16.00000000000000000, 110.0000000000000000, 17.00000000000000000 ) ) ;
#834 = VERTEX_POINT ( 'NONE', #5704 ) ;
#835 = DIRECTION ( 'NONE',  ( 0.8660254037844384856, 0.000000000000000000, 0.5000000000000002220 ) ) ;
#836 = VERTEX_POINT ( 'NONE', #601 ) ;
#837 = DIRECTION ( 'NONE',  ( 0.8660254037844389297, -0.000000000000000000, -0.4999999999999995004 ) ) ;
#838 = DIRECTION ( 'NONE',  ( -0.000000000000000000, 1.000000000000000000, 0.000000000000000000 ) ) ;
#839 = LINE ( 'NONE', #3366, #606 ) ;
#840 = EDGE_CURVE ( 'NONE', #1267, #6489, #1966, .T. ) ;
#841 = DIRECTION ( 'NONE',  ( 0.000000000000000000, 0.000000000000000000, -1.000000000000000000 ) ) ;
#842 = ORIENTED_EDGE ( 'NONE', *, *, #7851, .T. ) ;
#843 = CARTESIAN_POINT ( 'NONE',  ( 26.58868425842997141, 102.7976417775551994, -23.33148402170242974 ) ) ;
#844 = ORIENTED_EDGE ( 'NONE', *, *, #708, .T. ) ;
#845 = EDGE_CURVE ( 'NONE', #5504, #7574, #59, .T. ) ;
#846 = ORIENTED_EDGE ( 'NONE', *, *, #4129, .F. ) ;
#847 = LINE ( 'NONE', #720, #2725 ) ;
#848 = DIRECTION ( 'NONE',  ( 0.8660254037844387076, 0.000000000000000000, 0.4999999999999999445 ) ) ;
#849 = LINE ( 'NONE', #7864, #6576 ) ;
#850 = DIRECTION ( 'NONE',  ( 0.000000000000000000, -0.1322104677095565783, -0.9912216665448855268 ) ) ;
#851 = EDGE_CURVE ( 'NONE', #6179, #491, #6279, .T. ) ;
#852 = DIRECTION ( 'NONE',  ( 0.000000000000000000, 0.000000000000000000, 1.000000000000000000 ) ) ;
#853 = VERTEX_POINT ( 'NONE', #7575 ) ;
#854 = VERTEX_POINT ( 'NONE', #7703 ) ;
#855 = EDGE_CURVE ( 'NONE', #1351, #5177, #6323, .T. ) ;
#856 = EDGE_LOOP ( 'NONE', ( #3997, #6649 ) ) ;
#857 = CARTESIAN_POINT ( 'NONE',  ( 12.49999999999997335, 80.95002665055245927, -24.53738644055912488 ) ) ;
#858 = CARTESIAN_POINT ( 'NONE',  ( -4.988753912262300361, 110.0000000000493969, -37.67763861167237138 ) ) ;
#859 = EDGE_CURVE ( 'NONE', #1174, #1970, #1304, .T. ) ;
#860 = DIRECTION ( 'NONE',  ( 0.000000000000000000, -0.07103043809259534935, 0.9974741484692091209 ) ) ;
#861 = CARTESIAN_POINT ( 'NONE',  ( 27.49999999999999645, 85.95002665055245927, -15.87713240271472515 ) ) ;
#862 = VERTEX_POINT ( 'NONE', #5199 ) ;
#863 = VECTOR ( 'NONE', #3758, 1000.000000000000000 ) ;
#864 = VECTOR ( 'NONE', #3575, 1000.000000000000000 ) ;
#865 = VERTEX_POINT ( 'NONE', #5661 ) ;
#866 = CARTESIAN_POINT ( 'NONE',  ( -3.469446951953614189E-15, 67.95002665055244506, -27.13546265191242313 ) ) ;
#867 = PLANE ( 'NONE',  #1702 ) ;
#868 = CARTESIAN_POINT ( 'NONE',  ( 33.50000000000000000, 107.2580183663584563, -12.25961204463535026 ) ) ;
#869 = CARTESIAN_POINT ( 'NONE',  ( -33.50000000000000000, 103.7408661126230385, -13.97212226837527815 ) ) ;
#870 = AXIS2_PLACEMENT_3D ( 'NONE', #6787, #1271, #1393 ) ;
#871 = CARTESIAN_POINT ( 'NONE',  ( -28.50000000000000711, 0.000000000000000000, -6.827731325956207797 ) ) ;
#872 = ORIENTED_EDGE ( 'NONE', *, *, #7091, .T. ) ;
#873 = VECTOR ( 'NONE', #6827, 1000.000000000000227 ) ;
#874 = EDGE_CURVE ( 'NONE', #8123, #2870, #5832, .T. ) ;
#875 = PLANE ( 'NONE',  #1910 ) ;
#876 = ORIENTED_EDGE ( 'NONE', *, *, #8055, .T. ) ;
#877 = VECTOR ( 'NONE', #3084, 1000.000000000000000 ) ;
#878 = CARTESIAN_POINT ( 'NONE',  ( -4.741963672924481621, 97.78244350410783170, 35.94469403265458851 ) ) ;
#879 = AXIS2_PLACEMENT_3D ( 'NONE', #5119, #4497, #2014 ) ;
#880 = FACE_OUTER_BOUND ( 'NONE', #496, .T. ) ;
#881 = CARTESIAN_POINT ( 'NONE',  ( -3.981630956429011547, 50.34352703414523944, -36.31282312856293260 ) ) ;
#882 = CYLINDRICAL_SURFACE ( 'NONE', #1939, 3.500000000000003109 ) ;
#883 = ORIENTED_EDGE ( 'NONE', *, *, #7052, .F. ) ;
#884 = CARTESIAN_POINT ( 'NONE',  ( 5.943447933994864485, 103.0867217397221225, -35.25101677109847742 ) ) ;
#885 = ORIENTED_EDGE ( 'NONE', *, *, #4868, .F. ) ;
#886 = VECTOR ( 'NONE', #7816, 1000.000000000000000 ) ;
#887 = ORIENTED_EDGE ( 'NONE', *, *, #3578, .T. ) ;
#888 = CARTESIAN_POINT ( 'NONE',  ( -16.00000000000000000, 110.0000000000000000, -16.00000000000000000 ) ) ;
#889 = DIRECTION ( 'NONE',  ( -1.000000000000000000, -0.000000000000000000, -0.000000000000000000 ) ) ;
#890 = EDGE_CURVE ( 'NONE', #5881, #1822, #3784, .T. ) ;
#891 = DIRECTION ( 'NONE',  ( -1.000000000000000000, -0.000000000000000000, -0.000000000000000000 ) ) ;
#892 = VECTOR ( 'NONE', #7012, 1000.000000000000114 ) ;
#893 = AXIS2_PLACEMENT_3D ( 'NONE', #6215, #73, #5132 ) ;
#894 = CARTESIAN_POINT ( 'NONE',  ( 3.499999999999996003, 4.890268993415121557, -30.06057953909446212 ) ) ;
#895 = CARTESIAN_POINT ( 'NONE',  ( 0.000000000000000000, 115.0000000000000000, 0.000000000000000000 ) ) ;
#896 = ORIENTED_EDGE ( 'NONE', *, *, #1668, .F. ) ;
#897 = CARTESIAN_POINT ( 'NONE',  ( 3.499999999999996003, 4.890268993415121557, 30.06057953909446212 ) ) ;
#898 = ORIENTED_EDGE ( 'NONE', *, *, #646, .F. ) ;
#899 = ORIENTED_EDGE ( 'NONE', *, *, #3118, .T. ) ;
#900 = EDGE_CURVE ( 'NONE', #1802, #4986, #3167, .T. ) ;
#901 = CARTESIAN_POINT ( 'NONE',  ( 11.70133080589670627, 102.9216760515308380, -31.98414357995329382 ) ) ;
#902 = LINE ( 'NONE', #3429, #3834 ) ;
#903 = EDGE_CURVE ( 'NONE', #600, #3906, #2065, .T. ) ;
#904 = CARTESIAN_POINT ( 'NONE',  ( -5.386611730503886086, 102.6193731320962428, 35.57250630307854067 ) ) ;
#905 = ADVANCED_FACE ( 'NONE', ( #6941 ), #2010, .T. ) ;
#906 = ORIENTED_EDGE ( 'NONE', *, *, #1809, .F. ) ;
#907 = EDGE_CURVE ( 'NONE', #1487, #2588, #6632, .T. ) ;
#908 = AXIS2_PLACEMENT_3D ( 'NONE', #4695, #1002, #385 ) ;
#909 = ORIENTED_EDGE ( 'NONE', *, *, #851, .F. ) ;
#910 = LINE ( 'NONE', #1646, #5369 ) ;
#911 = CARTESIAN_POINT ( 'NONE',  ( 33.50000000000000711, 103.4621466860844947, 13.56773132595622400 ) ) ;
#912 = CARTESIAN_POINT ( 'NONE',  ( -12.50000000000001421, 71.95002665055244506, -38.00000000000000000 ) ) ;
#913 = CYLINDRICAL_SURFACE ( 'NONE', #944, 1.000000000000000888 ) ;
#914 = FACE_BOUND ( 'NONE', #7488, .T. ) ;
#915 = VERTEX_POINT ( 'NONE', #2879 ) ;
#916 = CIRCLE ( 'NONE', #8201, 9.999999999999998224 ) ;
#917 = CARTESIAN_POINT ( 'NONE',  ( -12.50000000000001421, 110.0000000000000000, 31.46558967083461056 ) ) ;
#918 = EDGE_CURVE ( 'NONE', #7869, #853, #6300, .T. ) ;
#919 = ORIENTED_EDGE ( 'NONE', *, *, #3778, .T. ) ;
#920 = CARTESIAN_POINT ( 'NONE',  ( 35.88523373199622313, 185.0000000000000000, -12.50000000000002132 ) ) ;
#921 = EDGE_CURVE ( 'NONE', #3487, #6059, #1475, .T. ) ;
#922 = AXIS2_PLACEMENT_3D ( 'NONE', #1005, #3534, #1666 ) ;
#923 = DIRECTION ( 'NONE',  ( -0.000000000000000000, -1.000000000000000000, -0.000000000000000000 ) ) ;
#924 = DIRECTION ( 'NONE',  ( 0.000000000000000000, 1.000000000000000000, 0.000000000000000000 ) ) ;
#925 = DIRECTION ( 'NONE',  ( 0.000000000000000000, 0.000000000000000000, 1.000000000000000000 ) ) ;
#926 = ORIENTED_EDGE ( 'NONE', *, *, #1234, .F. ) ;
#927 = CARTESIAN_POINT ( 'NONE',  ( 10.07083331980091323, 110.0000000000626699, -36.65304328763421182 ) ) ;
#928 = VECTOR ( 'NONE', #7305, 1000.000000000000000 ) ;
#929 = VERTEX_POINT ( 'NONE', #7825 ) ;
#930 = CARTESIAN_POINT ( 'NONE',  ( -37.38867934034688290, 110.0000000000460005, 6.857222500618948224 ) ) ;
#931 = ORIENTED_EDGE ( 'NONE', *, *, #30, .F. ) ;
#932 = EDGE_CURVE ( 'NONE', #966, #7066, #4698, .T. ) ;
#933 = DIRECTION ( 'NONE',  ( -0.8641059175186223129, -0.06654285144977366284, -0.4988917840877250542 ) ) ;
#934 = VECTOR ( 'NONE', #325, 1000.000000000000000 ) ;
#935 = DIRECTION ( 'NONE',  ( 0.000000000000000000, 1.000000000000000000, 0.000000000000000000 ) ) ;
#936 = CARTESIAN_POINT ( 'NONE',  ( 3.499999999999996003, 48.25545713596157071, 36.37553689183513228 ) ) ;
#937 = ORIENTED_EDGE ( 'NONE', *, *, #6392, .T. ) ;
#938 = DIRECTION ( 'NONE',  ( -0.000000000000000000, -1.000000000000000000, -0.000000000000000000 ) ) ;
#939 = ORIENTED_EDGE ( 'NONE', *, *, #2422, .T. ) ;
#940 = ORIENTED_EDGE ( 'NONE', *, *, #1316, .F. ) ;
#941 = DIRECTION ( 'NONE',  ( 0.000000000000000000, 1.000000000000000000, 0.000000000000000000 ) ) ;
#942 = LINE ( 'NONE', #6044, #8079 ) ;
#943 = CARTESIAN_POINT ( 'NONE',  ( -12.50000000000001421, 76.95002665055244506, -38.00000000000000000 ) ) ;
#944 = AXIS2_PLACEMENT_3D ( 'NONE', #6754, #2937, #5308 ) ;
#945 = EDGE_CURVE ( 'NONE', #8104, #1338, #2227, .T. ) ;
#946 = EDGE_CURVE ( 'NONE', #7907, #6238, #849, .T. ) ;
#947 = ORIENTED_EDGE ( 'NONE', *, *, #3352, .F. ) ;
#948 = ORIENTED_EDGE ( 'NONE', *, *, #646, .T. ) ;
#949 = DIRECTION ( 'NONE',  ( 0.000000000000000000, 0.000000000000000000, 1.000000000000000000 ) ) ;
#950 = DIRECTION ( 'NONE',  ( -0.000000000000000000, -1.000000000000000000, -0.000000000000000000 ) ) ;
#951 = DIRECTION ( 'NONE',  ( 0.000000000000000000, 1.000000000000000000, 0.000000000000000000 ) ) ;
#952 = DIRECTION ( 'NONE',  ( -1.000000000000000000, 0.000000000000000000, 0.000000000000000000 ) ) ;
#953 = ORIENTED_EDGE ( 'NONE', *, *, #2738, .T. ) ;
#954 = DIRECTION ( 'NONE',  ( 0.000000000000000000, 0.000000000000000000, 1.000000000000000000 ) ) ;
#955 = EDGE_CURVE ( 'NONE', #1202, #5167, #3340, .T. ) ;
#956 = ORIENTED_EDGE ( 'NONE', *, *, #7984, .F. ) ;
#957 = DIRECTION ( 'NONE',  ( -2.443700522082979405E-14, 0.3258121545647281736, 0.9454345244055190056 ) ) ;
#958 = LINE ( 'NONE', #2905, #4882 ) ;
#959 = LINE ( 'NONE', #4770, #993 ) ;
#960 = CARTESIAN_POINT ( 'NONE',  ( -9.434273629437692321, 9.807044956627354537, 33.23558761614051349 ) ) ;
#961 = EDGE_LOOP ( 'NONE', ( #7111, #2006 ) ) ;
#962 = EDGE_CURVE ( 'NONE', #7196, #1210, #4179, .T. ) ;
#963 = CARTESIAN_POINT ( 'NONE',  ( 22.35809049635415846, 110.0000000000327987, -30.74251180290463736 ) ) ;
#964 = ORIENTED_EDGE ( 'NONE', *, *, #6833, .T. ) ;
#965 = CARTESIAN_POINT ( 'NONE',  ( -33.49999999999602807, 107.0190482527000171, 5.219737826421967597 ) ) ;
#966 = VERTEX_POINT ( 'NONE', #6572 ) ;
#967 = DIRECTION ( 'NONE',  ( -0.8660254037844389297, 0.000000000000000000, 0.4999999999999995004 ) ) ;
#968 = DIRECTION ( 'NONE',  ( 0.000000000000000000, 0.000000000000000000, 1.000000000000000000 ) ) ;
#969 = CARTESIAN_POINT ( 'NONE',  ( -3.981630956429009771, 2.996471781357547215, 36.31282312856295391 ) ) ;
#970 = DIRECTION ( 'NONE',  ( -0.8660254037844387076, 0.000000000000000000, 0.4999999999999999445 ) ) ;
#971 = LINE ( 'NONE', #7121, #2067 ) ;
#972 = ORIENTED_EDGE ( 'NONE', *, *, #5364, .F. ) ;
#973 = LINE ( 'NONE', #6035, #364 ) ;
#974 = ORIENTED_EDGE ( 'NONE', *, *, #535, .F. ) ;
#975 = ADVANCED_FACE ( 'NONE', ( #2095 ), #308, .F. ) ;
#976 = ORIENTED_EDGE ( 'NONE', *, *, #5312, .F. ) ;
#977 = LINE ( 'NONE', #7952, #5375 ) ;
#978 = CARTESIAN_POINT ( 'NONE',  ( -3.589110316682049273, 110.0000000000033253, -37.83179282480045202 ) ) ;
#979 = CARTESIAN_POINT ( 'NONE',  ( -27.00000000000000355, 110.0000000000000000, -3.999999999999999112 ) ) ;
#980 = ORIENTED_EDGE ( 'NONE', *, *, #962, .F. ) ;
#981 = FACE_OUTER_BOUND ( 'NONE', #7125, .T. ) ;
#982 = DIRECTION ( 'NONE',  ( -0.8660254037844387076, 0.000000000000000000, 0.4999999999999999445 ) ) ;
#983 = CIRCLE ( 'NONE', #196, 9.999999999999998224 ) ;
#984 = CARTESIAN_POINT ( 'NONE',  ( 16.00000000000000000, 115.0000000000000000, -16.00000000000000000 ) ) ;
#985 = CARTESIAN_POINT ( 'NONE',  ( -3.509618943233419053, 48.67528175613146146, -29.72798536380060241 ) ) ;
#986 = VERTEX_POINT ( 'NONE', #3375 ) ;
#987 = CARTESIAN_POINT ( 'NONE',  ( 3.499999999999996003, 100.3836394426650855, 30.07581878962261968 ) ) ;
#988 = VECTOR ( 'NONE', #3703, 1000.000000000000000 ) ;
#989 = ORIENTED_EDGE ( 'NONE', *, *, #2705, .F. ) ;
#990 = EDGE_CURVE ( 'NONE', #2440, #4968, #6046, .T. ) ;
#991 = LINE ( 'NONE', #6016, #4211 ) ;
#992 = CARTESIAN_POINT ( 'NONE',  ( -12.50000000000001421, 76.95002665055244506, -38.00000000000000000 ) ) ;
#993 = VECTOR ( 'NONE', #1188, 1000.000000000000000 ) ;
#994 = CARTESIAN_POINT ( 'NONE',  ( 23.50000000000000711, 110.0000000000000000, 13.56773132595622577 ) ) ;
#995 = EDGE_CURVE ( 'NONE', #3571, #5076, #7278, .T. ) ;
#996 = CARTESIAN_POINT ( 'NONE',  ( 3.499999999999996003, 1.808887184059105646, 34.61635457139905014 ) ) ;
#997 = EDGE_LOOP ( 'NONE', ( #5334, #883, #1548, #8154 ) ) ;
#998 = DIRECTION ( 'NONE',  ( 0.000000000000000000, -1.000000000000000000, -0.000000000000000000 ) ) ;
#999 = VECTOR ( 'NONE', #17, 1000.000000000000000 ) ;
#1000 = AXIS2_PLACEMENT_3D ( 'NONE', #5291, #274, #2884 ) ;
#1001 = VERTEX_POINT ( 'NONE', #270 ) ;
#1002 = DIRECTION ( 'NONE',  ( 0.000000000000000000, 1.000000000000000000, 0.000000000000000000 ) ) ;
#1003 = FACE_OUTER_BOUND ( 'NONE', #1618, .T. ) ;
#1004 = EDGE_CURVE ( 'NONE', #817, #7983, #225, .T. ) ;
#1005 = CARTESIAN_POINT ( 'NONE',  ( -27.00000000000000355, 105.0000000000000142, 0.000000000000000000 ) ) ;
#1006 = DIRECTION ( 'NONE',  ( 0.8660254037844387076, 0.000000000000000000, -0.4999999999999999445 ) ) ;
#1007 = CARTESIAN_POINT ( 'NONE',  ( 6.499999999999992006, 100.0000000000000000, -33.22798536380059886 ) ) ;
#1008 = DIRECTION ( 'NONE',  ( 0.000000000000000000, 0.000000000000000000, -1.000000000000000000 ) ) ;
#1009 = CIRCLE ( 'NONE', #5642, 38.00000000000000000 ) ;
#1010 = CARTESIAN_POINT ( 'NONE',  ( 27.49999999999999645, 110.0000000000000000, 15.87713240271472159 ) ) ;
#1011 = ORIENTED_EDGE ( 'NONE', *, *, #7373, .T. ) ;
#1012 = CIRCLE ( 'NONE', #1678, 7.999999999999996447 ) ;
#1013 = CARTESIAN_POINT ( 'NONE',  ( 14.92084900156627469, 107.0328263279883032, 30.06791184811605788 ) ) ;
#1014 = ORIENTED_EDGE ( 'NONE', *, *, #6098, .T. ) ;
#1015 = EDGE_LOOP ( 'NONE', ( #2356, #6427, #1412, #7972, #842, #6369, #4692, #6191 ) ) ;
#1016 = CARTESIAN_POINT ( 'NONE',  ( -12.75581078525196155, 110.0000000000470948, 35.80815737299534618 ) ) ;
#1017 = VECTOR ( 'NONE', #3056, 1000.000000000000000 ) ;
#1018 = CARTESIAN_POINT ( 'NONE',  ( 0.000000000000000000, 175.0000000000000000, 0.000000000000000000 ) ) ;
#1019 = EDGE_CURVE ( 'NONE', #3824, #512, #5239, .T. ) ;
#1020 = CARTESIAN_POINT ( 'NONE',  ( 4.999999999999993783, 3.552555715023483884, -35.79571668975681575 ) ) ;
#1021 = VECTOR ( 'NONE', #4123, 1000.000000000000000 ) ;
#1022 =( BOUNDED_CURVE ( )  B_SPLINE_CURVE ( 3, ( #2505, #6396, #2546, #2629 ),
 .UNSPECIFIED., .F., .T. ) 
 B_SPLINE_CURVE_WITH_KNOTS ( ( 4, 4 ),
 ( 0.3911560407759567259, 0.5235987755982984826 ),
 .UNSPECIFIED. ) 
 CURVE ( )  GEOMETRIC_REPRESENTATION_ITEM ( )  RATIONAL_B_SPLINE_CURVE ( ( 1.000000000000000000, 0.9985387776043365138, 0.9985387776043365138, 1.000000000000000000 ) ) 
 REPRESENTATION_ITEM ( '' )  );
#1023 = ORIENTED_EDGE ( 'NONE', *, *, #283, .F. ) ;
#1024 = DIRECTION ( 'NONE',  ( -0.000000000000000000, 1.000000000000000000, -0.000000000000000000 ) ) ;
#1025 = CARTESIAN_POINT ( 'NONE',  ( -1.214306433183764966E-14, 67.95002665055244506, 27.13546265191242313 ) ) ;
#1026 = DIRECTION ( 'NONE',  ( 0.000000000000000000, 0.000000000000000000, 1.000000000000000000 ) ) ;
#1027 = LINE ( 'NONE', #2818, #284 ) ;
#1028 = CARTESIAN_POINT ( 'NONE',  ( -4.000000000000012434, -3.000000000000000000, 34.06366588218793368 ) ) ;
#1029 = ORIENTED_EDGE ( 'NONE', *, *, #6785, .F. ) ;
#1030 = B_SPLINE_CURVE_WITH_KNOTS ( 'NONE', 3,
 ( #3746, #6282, #5665, #20, #8196, #2557, #5074, #1925, #7280, #6033 ),
 .UNSPECIFIED., .F., .F.,
 ( 4, 2, 2, 2, 4 ),
 ( 0.005842947602542429390, 0.007300426703406753468, 0.008757905804271076677, 0.01021538490513540162, 0.01167286400599972483 ),
 .UNSPECIFIED. ) ;
#1031 = DIRECTION ( 'NONE',  ( 0.000000000000000000, 0.000000000000000000, 1.000000000000000000 ) ) ;
#1032 = ADVANCED_FACE ( 'NONE', ( #7783 ), #7110, .T. ) ;
#1033 = AXIS2_PLACEMENT_3D ( 'NONE', #1826, #6846, #1163 ) ;
#1034 = ORIENTED_EDGE ( 'NONE', *, *, #2254, .F. ) ;
#1035 = CARTESIAN_POINT ( 'NONE',  ( 4.605769670132744409, 5.204491666718068288, -36.02332567682837805 ) ) ;
#1036 = LINE ( 'NONE', #7266, #928 ) ;
#1037 = CIRCLE ( 'NONE', #6865, 38.00000000000000000 ) ;
#1038 = CARTESIAN_POINT ( 'NONE',  ( -3.500000000000010214, 48.47819381916019665, -29.73353886326572848 ) ) ;
#1039 = ORIENTED_EDGE ( 'NONE', *, *, #2373, .T. ) ;
#1040 = CARTESIAN_POINT ( 'NONE',  ( 3.499999999999996003, 4.664717059371330521, 32.22798536380059886 ) ) ;
#1041 = EDGE_CURVE ( 'NONE', #929, #7516, #7777, .T. ) ;
#1042 = EDGE_CURVE ( 'NONE', #1267, #5437, #2216, .T. ) ;
#1043 = VECTOR ( 'NONE', #5226, 1000.000000000000000 ) ;
#1044 = ORIENTED_EDGE ( 'NONE', *, *, #1019, .T. ) ;
#1045 = CARTESIAN_POINT ( 'NONE',  ( -37.80284144563377424, 110.0000000000326708, -3.991418448520897666 ) ) ;
#1046 = PLANE ( 'NONE',  #922 ) ;
#1047 = DIRECTION ( 'NONE',  ( 0.4999999999999999445, -0.000000000000000000, 0.8660254037844387076 ) ) ;
#1048 = CARTESIAN_POINT ( 'NONE',  ( -3.981630956429006218, 98.33175472198622913, -36.31282312856293260 ) ) ;
#1049 = CARTESIAN_POINT ( 'NONE',  ( -3.500000000000010214, 5.899441088432931579, 36.50295964951001793 ) ) ;
#1050 = DIRECTION ( 'NONE',  ( 0.000000000000000000, 0.8993531712388825872, -0.4372229104044813575 ) ) ;
#1051 = ORIENTED_EDGE ( 'NONE', *, *, #4649, .T. ) ;
#1052 = VECTOR ( 'NONE', #1647, 1000.000000000000000 ) ;
#1053 = CARTESIAN_POINT ( 'NONE',  ( 11.83874414298561817, 109.9999999999263736, 36.12065126973706697 ) ) ;
#1054 = ORIENTED_EDGE ( 'NONE', *, *, #932, .T. ) ;
#1055 = EDGE_LOOP ( 'NONE', ( #2153, #7904, #980, #3241 ) ) ;
#1056 = CARTESIAN_POINT ( 'NONE',  ( -11.80919094341746423, 101.8925922954236540, 31.86442846561117648 ) ) ;
#1057 = AXIS2_PLACEMENT_3D ( 'NONE', #5762, #7721, #39 ) ;
#1058 = CARTESIAN_POINT ( 'NONE',  ( -3.500000000000010214, 100.0000000000000000, 33.22798536380059886 ) ) ;
#1059 = CARTESIAN_POINT ( 'NONE',  ( 0.4587646236269264377, 105.9324228796426581, -37.13537416673374025 ) ) ;
#1060 = EDGE_CURVE ( 'NONE', #2035, #2717, #6704, .T. ) ;
#1061 = CIRCLE ( 'NONE', #806, 4.000000000000000000 ) ;
#1062 = EDGE_LOOP ( 'NONE', ( #795, #3747, #1848, #333, #3117, #6809, #4436, #7934, #3412, #2541, #398, #1162, #811, #1694, #4405, #269 ) ) ;
#1063 = CARTESIAN_POINT ( 'NONE',  ( 35.88523373199623734, 175.0000000000000000, 12.49999999999998046 ) ) ;
#1064 = LINE ( 'NONE', #3593, #5969 ) ;
#1065 = CARTESIAN_POINT ( 'NONE',  ( 33.52755819589257413, 107.5583500663227738, 14.33569138443209212 ) ) ;
#1066 = ORIENTED_EDGE ( 'NONE', *, *, #2705, .T. ) ;
#1067 = LINE ( 'NONE', #329, #360 ) ;
#1068 = EDGE_CURVE ( 'NONE', #5429, #8143, #2138, .T. ) ;
#1069 = VERTEX_POINT ( 'NONE', #2951 ) ;
#1070 = DIRECTION ( 'NONE',  ( 0.000000000000000000, -1.000000000000000000, -0.000000000000000000 ) ) ;
#1071 = FACE_OUTER_BOUND ( 'NONE', #267, .T. ) ;
#1072 = CARTESIAN_POINT ( 'NONE',  ( -35.88523373199622313, 185.0000000000000000, -12.50000000000002132 ) ) ;
#1073 = ORIENTED_EDGE ( 'NONE', *, *, #1999, .F. ) ;
#1074 = DIRECTION ( 'NONE',  ( 0.000000000000000000, -1.000000000000000000, 0.000000000000000000 ) ) ;
#1075 = ORIENTED_EDGE ( 'NONE', *, *, #2680, .T. ) ;
#1076 = DIRECTION ( 'NONE',  ( -1.000000000000000000, 0.000000000000000000, -0.000000000000000000 ) ) ;
#1077 = CARTESIAN_POINT ( 'NONE',  ( 1.455152488995480997, 109.9999999999820375, 37.97886045333090266 ) ) ;
#1078 = LINE ( 'NONE', #6110, #7669 ) ;
#1079 = EDGE_CURVE ( 'NONE', #631, #2644, #2914, .T. ) ;
#1080 = CARTESIAN_POINT ( 'NONE',  ( -4.485497660534401021, 97.95542314045206922, -36.07736631550223194 ) ) ;
#1081 = LINE ( 'NONE', #2293, #1331 ) ;
#1082 = PLANE ( 'NONE',  #7502 ) ;
#1083 = ORIENTED_EDGE ( 'NONE', *, *, #995, .T. ) ;
#1084 = CARTESIAN_POINT ( 'NONE',  ( -2.923634084225898988, 104.9233550563218955, 40.37042896124471270 ) ) ;
#1085 = ORIENTED_EDGE ( 'NONE', *, *, #6952, .F. ) ;
#1086 = ORIENTED_EDGE ( 'NONE', *, *, #7872, .F. ) ;
#1087 = CARTESIAN_POINT ( 'NONE',  ( -10.07083331979035989, 110.0000000000650431, 36.65304328764014485 ) ) ;
#1088 = CARTESIAN_POINT ( 'NONE',  ( -39.25000000000001421, -3.000000000000000000, 13.71206889325361722 ) ) ;
#1089 = EDGE_CURVE ( 'NONE', #7122, #5745, #7353, .T. ) ;
#1090 = CARTESIAN_POINT ( 'NONE',  ( -23.50000000000000711, -3.000000000000002665, 13.56773132595621512 ) ) ;
#1091 = CARTESIAN_POINT ( 'NONE',  ( 38.00000000000000000, 169.9999999999999716, -12.50000000000002132 ) ) ;
#1092 = VERTEX_POINT ( 'NONE', #5443 ) ;
#1093 = ADVANCED_FACE ( 'NONE', ( #7469, #6805, #1784, #7395 ), #2291, .T. ) ;
#1094 = ORIENTED_EDGE ( 'NONE', *, *, #2408, .F. ) ;
#1095 = CARTESIAN_POINT ( 'NONE',  ( -3.500000000000010214, 101.2347240290616099, 36.50295964951001793 ) ) ;
#1096 = PLANE ( 'NONE',  #516 ) ;
#1097 = EDGE_CURVE ( 'NONE', #6967, #4287, #6230, .T. ) ;
#1098 = CARTESIAN_POINT ( 'NONE',  ( 30.84439605608559987, 105.3489062731679411, -20.35804236671449630 ) ) ;
#1099 = CARTESIAN_POINT ( 'NONE',  ( -13.04266937159197504, 102.8687171015318711, 31.21885421145545081 ) ) ;
#1100 = CARTESIAN_POINT ( 'NONE',  ( -33.46392604153372474, 107.6509583806878965, -14.87268885103291538 ) ) ;
#1101 = VERTEX_POINT ( 'NONE', #4194 ) ;
#1102 = CARTESIAN_POINT ( 'NONE',  ( -16.00000000000000000, 110.0000000000000000, -15.00000000000000000 ) ) ;
#1103 = VECTOR ( 'NONE', #5107, 1000.000000000000227 ) ;
#1104 = ORIENTED_EDGE ( 'NONE', *, *, #7148, .T. ) ;
#1105 = LINE ( 'NONE', #6760, #2771 ) ;
#1106 = LINE ( 'NONE', #5682, #521 ) ;
#1107 = EDGE_CURVE ( 'NONE', #5467, #836, #1009, .T. ) ;
#1108 = CARTESIAN_POINT ( 'NONE',  ( -27.00000000000000355, 105.0000000000000142, -3.999999999999999112 ) ) ;
#1109 = ORIENTED_EDGE ( 'NONE', *, *, #7457, .F. ) ;
#1110 = VECTOR ( 'NONE', #3816, 1000.000000000000000 ) ;
#1111 = CARTESIAN_POINT ( 'NONE',  ( -17.23791197532721498, 109.9999999999688498, -33.87979683112991580 ) ) ;
#1112 = VERTEX_POINT ( 'NONE', #5478 ) ;
#1113 = DIRECTION ( 'NONE',  ( 3.469446951953610738E-16, -1.000000000000000000, -2.003086131649542499E-16 ) ) ;
#1114 = VECTOR ( 'NONE', #6954, 1000.000000000000000 ) ;
#1115 = CARTESIAN_POINT ( 'NONE',  ( -0.7397002155224486897, 110.0000000000439115, 37.99993946334319617 ) ) ;
#1116 = DIRECTION ( 'NONE',  ( 0.000000000000000000, 1.000000000000000000, -0.000000000000000000 ) ) ;
#1117 = CARTESIAN_POINT ( 'NONE',  ( 32.96027030176477979, 105.5141815624791661, 16.84172528303399119 ) ) ;
#1118 = DIRECTION ( 'NONE',  ( 0.000000000000000000, -1.000000000000000000, 0.000000000000000000 ) ) ;
#1119 = CARTESIAN_POINT ( 'NONE',  ( -3.500000000000010214, 4.861804996342586449, -29.73353886326572848 ) ) ;
#1120 = ORIENTED_EDGE ( 'NONE', *, *, #7851, .F. ) ;
#1122 = AXIS2_PLACEMENT_3D ( 'NONE', #6542, #7168, #2268 ) ;
#1121 = CARTESIAN_POINT ( 'NONE',  ( -12.50000000000002487, 110.0000000000000000, 31.46558967083461056 ) ) ;
#1123 = ORIENTED_EDGE ( 'NONE', *, *, #3894, .T. ) ;
#1124 = VECTOR ( 'NONE', #7671, 1000.000000000000000 ) ;
#1125 = EDGE_CURVE ( 'NONE', #4658, #5381, #4315, .T. ) ;
#1126 = ORIENTED_EDGE ( 'NONE', *, *, #4171, .T. ) ;
#1127 = CARTESIAN_POINT ( 'NONE',  ( 3.499999999999996003, 51.19122902904495476, 35.16533991401915671 ) ) ;
#1128 = CARTESIAN_POINT ( 'NONE',  ( -5.000000000000005329, 103.4621466860844947, 35.79571668975681575 ) ) ;
#1129 = UNCERTAINTY_MEASURE_WITH_UNIT (LENGTH_MEASURE( 1.000000000000000082E-05 ), #4992, 'distance_accuracy_value', 'NONE');
#1130 = FACE_BOUND ( 'NONE', #5759, .T. ) ;
#1131 = VECTOR ( 'NONE', #4205, 1000.000000000000000 ) ;
#1132 = VECTOR ( 'NONE', #1605, 1000.000000000000000 ) ;
#1133 = CARTESIAN_POINT ( 'NONE',  ( 31.50000000000000000, -3.000000000000000000, -13.56773132595622755 ) ) ;
#1134 = CYLINDRICAL_SURFACE ( 'NONE', #6831, 1.000000000000000888 ) ;
#1135 = ORIENTED_EDGE ( 'NONE', *, *, #5494, .T. ) ;
#1136 = EDGE_CURVE ( 'NONE', #4574, #1767, #3675, .T. ) ;
#1137 = VECTOR ( 'NONE', #1698, 1000.000000000000000 ) ;
#1138 = ORIENTED_EDGE ( 'NONE', *, *, #5007, .T. ) ;
#1139 = CARTESIAN_POINT ( 'NONE',  ( 7.583914826994217151, 102.6393472897092920, 34.30389276882862504 ) ) ;
#1140 = PLANE ( 'NONE',  #6088 ) ;
#1141 = CARTESIAN_POINT ( 'NONE',  ( 27.49999999999999289, -5.000000000000000000, -20.49593455623172744 ) ) ;
#1142 = PLANE ( 'NONE',  #6958 ) ;
#1143 = CARTESIAN_POINT ( 'NONE',  ( 29.90116340323896438, 104.6089011690928743, 21.26233711343822819 ) ) ;
#1144 = VECTOR ( 'NONE', #2321, 1000.000000000000000 ) ;
#1145 = AXIS2_PLACEMENT_3D ( 'NONE', #4549, #160, #6545 ) ;
#1146 =( BOUNDED_CURVE ( )  B_SPLINE_CURVE ( 3, ( #1482, #4790, #192, #2148 ),
 .UNSPECIFIED., .F., .F. ) 
 B_SPLINE_CURVE_WITH_KNOTS ( ( 4, 4 ),
 ( 0.3911560407759567259, 0.5235987755982984826 ),
 .UNSPECIFIED. ) 
 CURVE ( )  GEOMETRIC_REPRESENTATION_ITEM ( )  RATIONAL_B_SPLINE_CURVE ( ( 1.000000000000000000, 0.9985387776043365138, 0.9985387776043365138, 1.000000000000000000 ) ) 
 REPRESENTATION_ITEM ( '' )  );
#1147 = CARTESIAN_POINT ( 'NONE',  ( 11.70133080589670627, 102.9216760515308380, -31.98414357995329382 ) ) ;
#1148 = ORIENTED_EDGE ( 'NONE', *, *, #6602, .F. ) ;
#1149 = DIRECTION ( 'NONE',  ( -0.000000000000000000, 1.000000000000000000, -8.673617379884035472E-17 ) ) ;
#1150 = EDGE_CURVE ( 'NONE', #7401, #5246, #5412, .T. ) ;
#1151 = AXIS2_PLACEMENT_3D ( 'NONE', #5705, #6365, #60 ) ;
#1152 = ORIENTED_EDGE ( 'NONE', *, *, #2902, .F. ) ;
#1153 = CARTESIAN_POINT ( 'NONE',  ( -10.37282535144954743, 103.4805719403808837, -32.80305572133363512 ) ) ;
#1154 = DIRECTION ( 'NONE',  ( -1.464997862481517267E-16, -0.6101084569551407100, -0.7923179101546407033 ) ) ;
#1155 = CYLINDRICAL_SURFACE ( 'NONE', #6620, 9.999999999999998224 ) ;
#1156 = LINE ( 'NONE', #7636, #6315 ) ;
#1157 = ORIENTED_EDGE ( 'NONE', *, *, #5526, .T. ) ;
#1158 = CARTESIAN_POINT ( 'NONE',  ( -20.70914413702588064, 109.9999999999709814, -31.87651904305697315 ) ) ;
#1159 = EDGE_CURVE ( 'NONE', #3848, #1203, #1078, .T. ) ;
#1160 = ORIENTED_EDGE ( 'NONE', *, *, #1248, .T. ) ;
#1161 = EDGE_CURVE ( 'NONE', #3496, #2200, #3072, .T. ) ;
#1162 = ORIENTED_EDGE ( 'NONE', *, *, #667, .F. ) ;
#1163 = DIRECTION ( 'NONE',  ( 0.000000000000000000, 0.000000000000000000, 1.000000000000000000 ) ) ;
#1164 = CARTESIAN_POINT ( 'NONE',  ( 3.823745289727952024, 48.25545713596157071, -36.37553689183513228 ) ) ;
#1165 = CARTESIAN_POINT ( 'NONE',  ( 27.50000000000000355, -5.000000000000000000, 20.49593455623173810 ) ) ;
#1166 = CARTESIAN_POINT ( 'NONE',  ( -4.741963672924479845, 2.447160563479179096, 35.94469403265459562 ) ) ;
#1167 = CARTESIAN_POINT ( 'NONE',  ( 0.7053737329728582139, 96.61542593754232655, 38.27522032109376227 ) ) ;
#1168 = CARTESIAN_POINT ( 'NONE',  ( 3.499999999999996003, 7.294995000639755922, -35.00702198090831274 ) ) ;
#1169 = ORIENTED_EDGE ( 'NONE', *, *, #7644, .F. ) ;
#1170 = CARTESIAN_POINT ( 'NONE',  ( 13.10769474882487806, 107.0240642451339710, 31.11473694401229295 ) ) ;
#1171 = ORIENTED_EDGE ( 'NONE', *, *, #3977, .F. ) ;
#1172 = VECTOR ( 'NONE', #1372, 1000.000000000000114 ) ;
#1173 = ADVANCED_FACE ( 'NONE', ( #1667 ), #425, .T. ) ;
#1174 = VERTEX_POINT ( 'NONE', #3031 ) ;
#1175 = DIRECTION ( 'NONE',  ( -0.8660254037844385966, 0.000000000000000000, -0.5000000000000002220 ) ) ;
#1176 = CARTESIAN_POINT ( 'NONE',  ( -37.38519404735855289, 110.0000000000532907, -6.876057515973930556 ) ) ;
#1177 = FACE_BOUND ( 'NONE', #1429, .T. ) ;
#1178 = CIRCLE ( 'NONE', #5017, 3.499999999999999556 ) ;
#1179 = CARTESIAN_POINT ( 'NONE',  ( -0.4548989388533024036, 105.9328795684962614, -37.13555076350313300 ) ) ;
#1180 = DIRECTION ( 'NONE',  ( 0.000000000000000000, 1.000000000000000000, 0.000000000000000000 ) ) ;
#1181 = ORIENTED_EDGE ( 'NONE', *, *, #3468, .T. ) ;
#1182 = VECTOR ( 'NONE', #3524, 1000.000000000000000 ) ;
#1183 = ORIENTED_EDGE ( 'NONE', *, *, #1768, .T. ) ;
#1184 = CARTESIAN_POINT ( 'NONE',  ( -17.07726878698288075, 101.6357702476447002, -28.82290230451678070 ) ) ;
#1185 = DIRECTION ( 'NONE',  ( 0.000000000000000000, 0.000000000000000000, 1.000000000000000000 ) ) ;
#1186 = DIRECTION ( 'NONE',  ( 0.000000000000000000, -1.000000000000000000, 0.000000000000000000 ) ) ;
#1187 = EDGE_CURVE ( 'NONE', #7684, #7320, #6603, .T. ) ;
#1188 = DIRECTION ( 'NONE',  ( -0.000000000000000000, -0.000000000000000000, 1.000000000000000000 ) ) ;
#1189 = CARTESIAN_POINT ( 'NONE',  ( 31.27681371805151400, 105.6347904760072680, 19.85822135256146836 ) ) ;
#1190 = AXIS2_PLACEMENT_3D ( 'NONE', #6342, #7680, #2742 ) ;
#1191 = CARTESIAN_POINT ( 'NONE',  ( -32.54379649941265029, 109.9999999999499920, -19.63275302443562254 ) ) ;
#1192 = DIRECTION ( 'NONE',  ( 0.000000000000000000, -1.000000000000000000, 0.000000000000000000 ) ) ;
#1193 = AXIS2_PLACEMENT_3D ( 'NONE', #1262, #5664, #5036 ) ;
#1194 = ORIENTED_EDGE ( 'NONE', *, *, #7984, .T. ) ;
#1195 = CARTESIAN_POINT ( 'NONE',  ( -7.033625669869579156, 103.2139488718563598, -34.63016873317174316 ) ) ;
#1196 = FACE_OUTER_BOUND ( 'NONE', #6889, .T. ) ;
#1197 = FACE_OUTER_BOUND ( 'NONE', #2957, .T. ) ;
#1198 = CARTESIAN_POINT ( 'NONE',  ( -3.469446951953614189E-15, 71.95002665055244506, -27.13546265191242313 ) ) ;
#1199 = ORIENTED_EDGE ( 'NONE', *, *, #3536, .T. ) ;
#1200 = CYLINDRICAL_SURFACE ( 'NONE', #1384, 9.999999999999998224 ) ;
#1201 = ADVANCED_FACE ( 'NONE', ( #387, #4151 ), #4855, .T. ) ;
#1202 = VERTEX_POINT ( 'NONE', #4892 ) ;
#1203 = VERTEX_POINT ( 'NONE', #6687 ) ;
#1204 = CARTESIAN_POINT ( 'NONE',  ( 4.041334437186266200E-15, 185.0000000000000000, 33.00000000000000000 ) ) ;
#1205 = CARTESIAN_POINT ( 'NONE',  ( -2.261229814905136415, 107.9014003926524481, 36.89242993890233180 ) ) ;
#1206 = DIRECTION ( 'NONE',  ( 0.8660254037844387076, 0.000000000000000000, 0.4999999999999999445 ) ) ;
#1207 = EDGE_CURVE ( 'NONE', #2200, #1240, #7432, .T. ) ;
#1208 = CARTESIAN_POINT ( 'NONE',  ( -15.50961894323343415, 52.44272040820506930, 29.72798536380059886 ) ) ;
#1209 = DIRECTION ( 'NONE',  ( 0.000000000000000000, -1.000000000000000000, 0.000000000000000000 ) ) ;
#1210 = VERTEX_POINT ( 'NONE', #4931 ) ;
#1211 = CARTESIAN_POINT ( 'NONE',  ( 3.499999999999996003, 4.890268993415121557, 30.06057953909446212 ) ) ;
#1212 = VERTEX_POINT ( 'NONE', #1165 ) ;
#1213 = ORIENTED_EDGE ( 'NONE', *, *, #4229, .T. ) ;
#1214 = LINE ( 'NONE', #4277, #1529 ) ;
#1215 = ORIENTED_EDGE ( 'NONE', *, *, #1583, .T. ) ;
#1216 = FACE_BOUND ( 'NONE', #3159, .T. ) ;
#1217 = APPROVAL ( #7033, 'Coincident' ) ;
#1218 = DIRECTION ( 'NONE',  ( 0.000000000000000000, 0.000000000000000000, -1.000000000000000000 ) ) ;
#1219 = FACE_OUTER_BOUND ( 'NONE', #2170, .T. ) ;
#1220 = B_SPLINE_CURVE_WITH_KNOTS ( 'NONE', 3,
 ( #8036, #5003, #3717, #2435, #8120, #1894, #5543, #528, #4955, #1811, #6828, #483, #6791, #1099, #3095, #4381, #5628, #4294, #2485, #1853 ),
 .UNSPECIFIED., .F., .F.,
 ( 4, 2, 2, 2, 2, 2, 2, 2, 2, 4 ),
 ( 1.353716739831596371E-14, 0.001272135122710805902, 0.002544270245408074890, 0.003816405368105343227, 0.005088540490802611997, 0.006360675613499880768, 0.007632810736197148671, 0.008268878297545790429, 0.008904945858894432187, 0.01017708098159173478 ),
 .UNSPECIFIED. ) ;
#1221 = CARTESIAN_POINT ( 'NONE',  ( 20.21918839628248676, 101.7675690934920141, -27.00891417231548886 ) ) ;
#1222 = ORIENTED_EDGE ( 'NONE', *, *, #797, .T. ) ;
#1223 = EDGE_CURVE ( 'NONE', #3651, #3496, #8135, .T. ) ;
#1224 = ORIENTED_EDGE ( 'NONE', *, *, #1352, .F. ) ;
#1225 = DIRECTION ( 'NONE',  ( 0.000000000000000000, -0.000000000000000000, -1.000000000000000000 ) ) ;
#1226 = LINE ( 'NONE', #3750, #3169 ) ;
#1227 = FACE_OUTER_BOUND ( 'NONE', #6971, .T. ) ;
#1228 = DIRECTION ( 'NONE',  ( -1.000000000000000000, 0.000000000000000000, 0.000000000000000000 ) ) ;
#1229 = DIRECTION ( 'NONE',  ( 1.709455358784207150E-16, -0.3811132095897422079, 0.9245283778641979477 ) ) ;
#1230 = CARTESIAN_POINT ( 'NONE',  ( -28.29181316014496517, 107.3909644144547855, -22.43318957930950219 ) ) ;
#1231 = DIRECTION ( 'NONE',  ( 0.000000000000000000, 0.000000000000000000, 1.000000000000000000 ) ) ;
#1232 = VERTEX_POINT ( 'NONE', #47 ) ;
#1233 = B_SPLINE_CURVE_WITH_KNOTS ( 'NONE', 3,
 ( #5836, #1264, #3874, #5707, #604, #6367 ),
 .UNSPECIFIED., .F., .F.,
 ( 4, 2, 4 ),
 ( 0.000000000000000000, 0.001007245322344457478, 0.002014490644688914957 ),
 .UNSPECIFIED. ) ;
#1234 = EDGE_CURVE ( 'NONE', #7516, #2812, #3284, .T. ) ;
#1235 =( BOUNDED_CURVE ( )  B_SPLINE_CURVE ( 3, ( #6552, #2075, #7138, #205 ),
 .UNSPECIFIED., .F., .F. ) 
 B_SPLINE_CURVE_WITH_KNOTS ( ( 4, 4 ),
 ( 6.226844666061093214, 6.283185307179586232 ),
 .UNSPECIFIED. ) 
 CURVE ( )  GEOMETRIC_REPRESENTATION_ITEM ( )  RATIONAL_B_SPLINE_CURVE ( ( 1.000000000000000000, 0.9997354951724146677, 0.9997354951724146677, 1.000000000000000000 ) ) 
 REPRESENTATION_ITEM ( '' )  );
#1236 = VERTEX_POINT ( 'NONE', #7564 ) ;
#1237 = CARTESIAN_POINT ( 'NONE',  ( -15.50961894323343060, 100.0000000000000000, -29.72798536380060241 ) ) ;
#1238 = FACE_OUTER_BOUND ( 'NONE', #2820, .T. ) ;
#1239 = DIRECTION ( 'NONE',  ( 1.000000000000000000, 0.000000000000000000, 0.000000000000000000 ) ) ;
#1240 = VERTEX_POINT ( 'NONE', #587 ) ;
#1241 = DIRECTION ( 'NONE',  ( 0.000000000000000000, -1.000000000000000000, 0.000000000000000000 ) ) ;
#1242 = EDGE_CURVE ( 'NONE', #4287, #6984, #5775, .T. ) ;
#1243 = ORIENTED_EDGE ( 'NONE', *, *, #3789, .F. ) ;
#1244 = ORIENTED_EDGE ( 'NONE', *, *, #635, .F. ) ;
#1245 = FACE_OUTER_BOUND ( 'NONE', #2281, .T. ) ;
#1246 = DIRECTION ( 'NONE',  ( 2.664535259100376091E-15, 0.000000000000000000, 1.000000000000000000 ) ) ;
#1247 = CARTESIAN_POINT ( 'NONE',  ( 33.50000000000000000, 80.95002665055245927, -19.34123401785247509 ) ) ;
#1248 = EDGE_CURVE ( 'NONE', #7607, #5411, #378, .T. ) ;
#1249 = AXIS2_PLACEMENT_3D ( 'NONE', #1674, #4321, #465 ) ;
#1250 = LINE ( 'NONE', #636, #1110 ) ;
#1251 = LINE ( 'NONE', #5105, #2076 ) ;
#1252 = EDGE_LOOP ( 'NONE', ( #2322, #3904 ) ) ;
#1253 = CARTESIAN_POINT ( 'NONE',  ( 24.63286855510695261, 110.0000000000488711, 28.95093487239004659 ) ) ;
#1254 = ORIENTED_EDGE ( 'NONE', *, *, #486, .F. ) ;
#1255 = VECTOR ( 'NONE', #4962, 1000.000000000000114 ) ;
#1256 = ADVANCED_FACE ( 'NONE', ( #3861 ), #1998, .F. ) ;
#1257 = AXIS2_PLACEMENT_3D ( 'NONE', #4443, #6893, #8182 ) ;
#1258 = ORIENTED_EDGE ( 'NONE', *, *, #2928, .F. ) ;
#1259 = CARTESIAN_POINT ( 'NONE',  ( 3.499999999999996003, 4.439165125327534156, 36.39539118850675692 ) ) ;
#1260 = ORIENTED_EDGE ( 'NONE', *, *, #38, .F. ) ;
#1261 = FACE_OUTER_BOUND ( 'NONE', #7897, .T. ) ;
#1262 = CARTESIAN_POINT ( 'NONE',  ( -0.8000000000000001554, -5.000000000000000000, 3.750000000000000000 ) ) ;
#1263 = AXIS2_PLACEMENT_3D ( 'NONE', #7176, #2154, #2273 ) ;
#1264 = CARTESIAN_POINT ( 'NONE',  ( -3.733417588320766534, 3.198671501617787349, -36.41574728538199679 ) ) ;
#1265 = EDGE_LOOP ( 'NONE', ( #5196, #1343, #8145, #5970 ) ) ;
#1266 = AXIS2_PLACEMENT_3D ( 'NONE', #994, #2396, #7498 ) ;
#1267 = VERTEX_POINT ( 'NONE', #6892 ) ;
#1268 = AXIS2_PLACEMENT_3D ( 'NONE', #515, #4825, #7364 ) ;
#1269 = AXIS2_PLACEMENT_3D ( 'NONE', #475, #7368, #3087 ) ;
#1270 = EDGE_CURVE ( 'NONE', #4968, #4660, #7643, .T. ) ;
#1271 = DIRECTION ( 'NONE',  ( -1.000000000000000000, 0.000000000000000000, 0.000000000000000000 ) ) ;
#1272 = CARTESIAN_POINT ( 'NONE',  ( 33.49999999999602807, 107.0365219452670829, -1.048388473612505978 ) ) ;
#1273 = DIRECTION ( 'NONE',  ( -1.000000000000000000, -0.000000000000000000, -0.000000000000000000 ) ) ;
#1274 = CARTESIAN_POINT ( 'NONE',  ( 12.49999999999998757, 71.95002665055244506, -31.46558967083462477 ) ) ;
#1275 = DIRECTION ( 'NONE',  ( 0.000000000000000000, 0.3258121545647274520, 0.9454345244055191166 ) ) ;
#1276 = CARTESIAN_POINT ( 'NONE',  ( 0.8000000000000001554, 0.000000000000000000, 3.750000000000000000 ) ) ;
#1277 = VECTOR ( 'NONE', #6235, 1000.000000000000000 ) ;
#1278 = CARTESIAN_POINT ( 'NONE',  ( 31.50000000000000000, -3.000000000000000000, -13.56773132595622400 ) ) ;
#1279 = ORIENTED_EDGE ( 'NONE', *, *, #2361, .F. ) ;
#1280 = CARTESIAN_POINT ( 'NONE',  ( 33.09253879996465031, 105.3002645459061881, -16.42570264959534043 ) ) ;
#1281 = LINE ( 'NONE', #3804, #5537 ) ;
#1282 = AXIS2_PLACEMENT_3D ( 'NONE', #6553, #4557, #5346 ) ;
#1283 = VECTOR ( 'NONE', #373, 1000.000000000000114 ) ;
#1284 = PLANE ( 'NONE',  #1057 ) ;
#1285 = DIRECTION ( 'NONE',  ( 0.000000000000000000, 0.000000000000000000, -1.000000000000000000 ) ) ;
#1286 = VERTEX_POINT ( 'NONE', #6269 ) ;
#1287 = EDGE_CURVE ( 'NONE', #2265, #2925, #3156, .T. ) ;
#1288 = FACE_OUTER_BOUND ( 'NONE', #2798, .T. ) ;
#1289 = ORIENTED_EDGE ( 'NONE', *, *, #5307, .T. ) ;
#1290 = DIRECTION ( 'NONE',  ( 0.8644263440539589061, 0.06074093299148014546, 0.4990767824341571512 ) ) ;
#1291 = CARTESIAN_POINT ( 'NONE',  ( 38.00000000000000000, 175.0000000000000000, 12.49999999999998046 ) ) ;
#1292 = CARTESIAN_POINT ( 'NONE',  ( -33.50000000000001421, 102.1625068585167782, -7.996525540744070071 ) ) ;
#1293 = CARTESIAN_POINT ( 'NONE',  ( -5.000000000000011546, 46.29688821474618976, 35.79571668975681575 ) ) ;
#1294 = EDGE_CURVE ( 'NONE', #2588, #6729, #8113, .T. ) ;
#1295 = CARTESIAN_POINT ( 'NONE',  ( -33.50000000000000711, 0.000000000000000000, -6.827731325956207797 ) ) ;
#1296 = VERTEX_POINT ( 'NONE', #760 ) ;
#1297 = EDGE_CURVE ( 'NONE', #2440, #7242, #5022, .T. ) ;
#1298 = CARTESIAN_POINT ( 'NONE',  ( 21.27042555878157870, 107.0190482526920590, 26.40198211356442570 ) ) ;
#1299 = ORIENTED_EDGE ( 'NONE', *, *, #5940, .T. ) ;
#1300 = VECTOR ( 'NONE', #4232, 1000.000000000000000 ) ;
#1301 = EDGE_LOOP ( 'NONE', ( #3214, #6305, #6672, #6487 ) ) ;
#1302 = CARTESIAN_POINT ( 'NONE',  ( 3.499999999999996003, 100.3836394426650855, 30.07581878962261968 ) ) ;
#1303 = ORIENTED_EDGE ( 'NONE', *, *, #5152, .T. ) ;
#1304 = LINE ( 'NONE', #645, #5242 ) ;
#1305 = APPLICATION_PROTOCOL_DEFINITION ( 'international standard', 'config_control_design', 1994, #4548 ) ;
#1306 = CARTESIAN_POINT ( 'NONE',  ( -9.434273629437702979, 94.85767210274399019, -33.23558761614049928 ) ) ;
#1307 = DIRECTION ( 'NONE',  ( -1.000000000000000000, -0.000000000000000000, -0.000000000000000000 ) ) ;
#1308 = EDGE_LOOP ( 'NONE', ( #100, #97 ) ) ;
#1309 = CIRCLE ( 'NONE', #7402, 1.000000000000000000 ) ;
#1310 = VERTEX_POINT ( 'NONE', #7062 ) ;
#1311 = ADVANCED_FACE ( 'NONE', ( #4398 ), #1425, .F. ) ;
#1312 = ORIENTED_EDGE ( 'NONE', *, *, #1749, .F. ) ;
#1313 = CARTESIAN_POINT ( 'NONE',  ( -33.28091640516780814, 110.0000000000516422, 18.35549740947707065 ) ) ;
#1314 = CARTESIAN_POINT ( 'NONE',  ( 37.80489288349271959, 110.0000000000276543, -3.971295917511016516 ) ) ;
#1315 = DIRECTION ( 'NONE',  ( 0.000000000000000000, 0.000000000000000000, 1.000000000000000000 ) ) ;
#1316 = EDGE_CURVE ( 'NONE', #836, #3294, #501, .T. ) ;
#1317 = CARTESIAN_POINT ( 'NONE',  ( 3.499999999999996003, 100.0000000000000000, -32.22798536380059886 ) ) ;
#1318 = LINE ( 'NONE', #5130, #6289 ) ;
#1319 = DIRECTION ( 'NONE',  ( -1.000000000000000000, -1.040834085586083468E-15, 0.000000000000000000 ) ) ;
#1320 = AXIS2_PLACEMENT_3D ( 'NONE', #2572, #5092, #7136 ) ;
#1321 = LINE ( 'NONE', #3674, #5790 ) ;
#1322 = ORIENTED_EDGE ( 'NONE', *, *, #7339, .F. ) ;
#1323 = CARTESIAN_POINT ( 'NONE',  ( 33.47568275028794460, 104.0187599430035732, -14.37529386188632330 ) ) ;
#1324 = CARTESIAN_POINT ( 'NONE',  ( 3.499999999999996003, 97.46196339113423335, -31.31966057346993892 ) ) ;
#1325 = CARTESIAN_POINT ( 'NONE',  ( 16.00000000000000000, 110.0000000000000000, -16.00000000000000000 ) ) ;
#1326 = CARTESIAN_POINT ( 'NONE',  ( -31.64158028071146944, 105.8354865937371443, -19.39284130318458921 ) ) ;
#1327 = CARTESIAN_POINT ( 'NONE',  ( -3.500000000000010214, 100.0000000000000000, 34.22798536380060597 ) ) ;
#1328 = ORIENTED_EDGE ( 'NONE', *, *, #5526, .F. ) ;
#1329 = EDGE_CURVE ( 'NONE', #6104, #3081, #557, .T. ) ;
#1330 = CARTESIAN_POINT ( 'NONE',  ( 3.499999999999996003, 7.294995000639755922, -35.00702198090831274 ) ) ;
#1331 = VECTOR ( 'NONE', #8138, 1000.000000000000000 ) ;
#1332 = EDGE_LOOP ( 'NONE', ( #2613, #7641, #5069, #6493, #2973, #2110, #7344 ) ) ;
#1333 = DIRECTION ( 'NONE',  ( 0.000000000000000000, -1.000000000000000000, 0.000000000000000000 ) ) ;
#1334 = DIRECTION ( 'NONE',  ( 0.000000000000000000, -1.000000000000000000, 0.000000000000000000 ) ) ;
#1335 = CARTESIAN_POINT ( 'NONE',  ( 3.499999999999996003, 100.0000000000000000, -33.22798536380059886 ) ) ;
#1336 = LINE ( 'NONE', #4316, #7479 ) ;
#1337 = VECTOR ( 'NONE', #4420, 999.9999999999998863 ) ;
#1338 = VERTEX_POINT ( 'NONE', #8065 ) ;
#1339 = LINE ( 'NONE', #716, #7470 ) ;
#1340 = ORIENTED_EDGE ( 'NONE', *, *, #2394, .T. ) ;
#1341 = VERTEX_POINT ( 'NONE', #3546 ) ;
#1342 = LINE ( 'NONE', #5237, #65 ) ;
#1343 = ORIENTED_EDGE ( 'NONE', *, *, #348, .T. ) ;
#1344 = EDGE_CURVE ( 'NONE', #7244, #4353, #7482, .T. ) ;
#1345 = CARTESIAN_POINT ( 'NONE',  ( -31.20339376960520639, 105.5906520131702422, 19.94821418597986096 ) ) ;
#1346 = DIRECTION ( 'NONE',  ( 0.000000000000000000, -1.000000000000000000, 0.000000000000000000 ) ) ;
#1347 = DIRECTION ( 'NONE',  ( 0.000000000000000000, -0.9200893390015717488, -0.3917085756728471702 ) ) ;
#1348 = DIRECTION ( 'NONE',  ( 0.8641059175186225350, 0.06654285144977345468, -0.4988917840877246102 ) ) ;
#1349 = ORIENTED_EDGE ( 'NONE', *, *, #3880, .F. ) ;
#1350 = ORIENTED_EDGE ( 'NONE', *, *, #5050, .F. ) ;
#1351 = VERTEX_POINT ( 'NONE', #6082 ) ;
#1352 = EDGE_CURVE ( 'NONE', #5829, #6226, #1692, .T. ) ;
#1353 = CARTESIAN_POINT ( 'NONE',  ( -28.84297112998203616, 110.0000000000208047, 24.74973095231224818 ) ) ;
#1354 = DIRECTION ( 'NONE',  ( 0.000000000000000000, 1.000000000000000000, 0.000000000000000000 ) ) ;
#1355 = CARTESIAN_POINT ( 'NONE',  ( 3.499999999999996003, 48.25545713596157071, -36.37553689183513228 ) ) ;
#1356 = EDGE_CURVE ( 'NONE', #6609, #2068, #7986, .T. ) ;
#1357 = LINE ( 'NONE', #6413, #5100 ) ;
#1358 = CARTESIAN_POINT ( 'NONE',  ( -27.00000000000000355, 110.0000000000000000, 3.999999999999999112 ) ) ;
#1359 = CARTESIAN_POINT ( 'NONE',  ( -3.509618943233419053, 48.67528175613146146, -29.72798536380060241 ) ) ;
#1360 = FACE_OUTER_BOUND ( 'NONE', #4696, .T. ) ;
#1361 = EDGE_CURVE ( 'NONE', #671, #5601, #7363, .T. ) ;
#1362 = EDGE_LOOP ( 'NONE', ( #4122, #4812, #5139, #7429, #3249, #6005 ) ) ;
#1363 = CARTESIAN_POINT ( 'NONE',  ( -3.500000000000010214, 5.899441088432931579, -36.50295964951001793 ) ) ;
#1364 = CARTESIAN_POINT ( 'NONE',  ( -27.00000000000000355, 115.0000000000000000, 0.000000000000000000 ) ) ;
#1365 = DIRECTION ( 'NONE',  ( 0.000000000000000000, 0.000000000000000000, -1.000000000000000000 ) ) ;
#1366 = CARTESIAN_POINT ( 'NONE',  ( -4.485497660534403686, 46.63070489658349516, -36.07736631550223905 ) ) ;
#1367 = CARTESIAN_POINT ( 'NONE',  ( -1.214306433183764966E-14, 76.95002665055244506, 27.13546265191242313 ) ) ;
#1368 = ORIENTED_EDGE ( 'NONE', *, *, #4837, .F. ) ;
#1369 = DIRECTION ( 'NONE',  ( 0.000000000000000000, 0.000000000000000000, 1.000000000000000000 ) ) ;
#1370 =( BOUNDED_CURVE ( )  B_SPLINE_CURVE ( 3, ( #6666, #5423, #4131, #367 ),
 .UNSPECIFIED., .F., .F. ) 
 B_SPLINE_CURVE_WITH_KNOTS ( ( 4, 4 ),
 ( 2.617993877991495300, 2.754453286918320476 ),
 .UNSPECIFIED. ) 
 CURVE ( )  GEOMETRIC_REPRESENTATION_ITEM ( )  RATIONAL_B_SPLINE_CURVE ( ( 1.000000000000000000, 0.9984488377092299860, 0.9984488377092299860, 1.000000000000000000 ) ) 
 REPRESENTATION_ITEM ( '' )  );
#1371 = ORIENTED_EDGE ( 'NONE', *, *, #5104, .T. ) ;
#1372 = DIRECTION ( 'NONE',  ( -0.8641059175186225350, -0.06654285144977359345, 0.4988917840877246102 ) ) ;
#1373 = ADVANCED_FACE ( 'NONE', ( #1677 ), #2850, .F. ) ;
#1374 = DIRECTION ( 'NONE',  ( 0.000000000000000000, 0.000000000000000000, 1.000000000000000000 ) ) ;
#1375 = CARTESIAN_POINT ( 'NONE',  ( -33.50000000000000711, 101.6781246944578783, -2.303535879582142787 ) ) ;
#1376 = DIRECTION ( 'NONE',  ( 0.8641059175186223129, 0.06654285144977351019, 0.4988917840877250542 ) ) ;
#1377 = FACE_OUTER_BOUND ( 'NONE', #5668, .T. ) ;
#1378 = EDGE_LOOP ( 'NONE', ( #876, #690, #6139, #805, #5702 ) ) ;
#1379 = CARTESIAN_POINT ( 'NONE',  ( 0.000000000000000000, 115.0000000000000000, 31.00000000000000355 ) ) ;
#1380 = ORIENTED_EDGE ( 'NONE', *, *, #4462, .T. ) ;
#1381 = ORIENTED_EDGE ( 'NONE', *, *, #3345, .T. ) ;
#1382 = CYLINDRICAL_SURFACE ( 'NONE', #5625, 1.000000000000000888 ) ;
#1383 = ORIENTED_EDGE ( 'NONE', *, *, #4028, .F. ) ;
#1384 = AXIS2_PLACEMENT_3D ( 'NONE', #3151, #1993, #6347 ) ;
#1385 = CARTESIAN_POINT ( 'NONE',  ( -30.14858354603826740, 104.8146581701279985, 21.04964256114535459 ) ) ;
#1386 = FACE_OUTER_BOUND ( 'NONE', #4572, .T. ) ;
#1387 = CARTESIAN_POINT ( 'NONE',  ( 27.49999999999999645, 105.0000000000000142, 15.87713240271472159 ) ) ;
#1388 = DIRECTION ( 'NONE',  ( 0.000000000000000000, 0.000000000000000000, -1.000000000000000000 ) ) ;
#1389 = ORIENTED_EDGE ( 'NONE', *, *, #4414, .F. ) ;
#1390 = VERTEX_POINT ( 'NONE', #6570 ) ;
#1391 = EDGE_CURVE ( 'NONE', #4348, #3651, #306, .T. ) ;
#1392 = VERTEX_POINT ( 'NONE', #3488 ) ;
#1393 = DIRECTION ( 'NONE',  ( 0.000000000000000000, 0.000000000000000000, -1.000000000000000000 ) ) ;
#1394 = VECTOR ( 'NONE', #3050, 1000.000000000000000 ) ;
#1395 = DIRECTION ( 'NONE',  ( 0.000000000000000000, 0.000000000000000000, 1.000000000000000000 ) ) ;
#1396 = AXIS2_PLACEMENT_3D ( 'NONE', #1522, #7289, #240 ) ;
#1397 = LINE ( 'NONE', #3926, #138 ) ;
#1398 = DIRECTION ( 'NONE',  ( 0.000000000000000000, 0.000000000000000000, -1.000000000000000000 ) ) ;
#1399 = FACE_OUTER_BOUND ( 'NONE', #3212, .T. ) ;
#1400 = ADVANCED_FACE ( 'NONE', ( #2172 ), #2252, .F. ) ;
#1401 = DIRECTION ( 'NONE',  ( 0.000000000000000000, -1.000000000000000000, 0.000000000000000000 ) ) ;
#1402 = VECTOR ( 'NONE', #3044, 999.9999999999998863 ) ;
#1403 = VECTOR ( 'NONE', #6613, 1000.000000000000000 ) ;
#1404 = ORIENTED_EDGE ( 'NONE', *, *, #6439, .T. ) ;
#1405 = VERTEX_POINT ( 'NONE', #7861 ) ;
#1406 = DIRECTION ( 'NONE',  ( 0.000000000000000000, -0.1208150920878816731, -0.9926750291630168643 ) ) ;
#1407 = DIRECTION ( 'NONE',  ( -0.8660254037844388186, -0.000000000000000000, 0.4999999999999998335 ) ) ;
#1408 = VECTOR ( 'NONE', #1511, 1000.000000000000000 ) ;
#1409 = CARTESIAN_POINT ( 'NONE',  ( -3.981630956429018209, 50.34352703414524655, 36.31282312856293970 ) ) ;
#1410 = VECTOR ( 'NONE', #6691, 1000.000000000000000 ) ;
#1411 = CARTESIAN_POINT ( 'NONE',  ( 4.999999999999984013, 98.83907250709619063, 35.79571668975681575 ) ) ;
#1412 = ORIENTED_EDGE ( 'NONE', *, *, #5249, .T. ) ;
#1413 = LINE ( 'NONE', #3442, #6680 ) ;
#1414 = AXIS2_PLACEMENT_3D ( 'NONE', #871, #5937, #5309 ) ;
#1415 = VECTOR ( 'NONE', #7004, 1000.000000000000000 ) ;
#1416 = ORIENTED_EDGE ( 'NONE', *, *, #1455, .F. ) ;
#1417 = DIRECTION ( 'NONE',  ( 0.000000000000000000, 0.000000000000000000, 1.000000000000000000 ) ) ;
#1418 = FACE_BOUND ( 'NONE', #5484, .T. ) ;
#1419 = CARTESIAN_POINT ( 'NONE',  ( -20.39230525117206128, 107.0240642451339994, 26.90896510954516074 ) ) ;
#1420 = FACE_OUTER_BOUND ( 'NONE', #3130, .T. ) ;
#1421 = DIRECTION ( 'NONE',  ( 0.4999999999999997224, 0.000000000000000000, -0.8660254037844387076 ) ) ;
#1422 = ORIENTED_EDGE ( 'NONE', *, *, #6734, .F. ) ;
#1423 = EDGE_CURVE ( 'NONE', #5900, #1174, #6331, .T. ) ;
#1424 = CIRCLE ( 'NONE', #4602, 3.999999999999999112 ) ;
#1425 =( BOUNDED_SURFACE ( )  B_SPLINE_SURFACE ( 3, 2, ( 
 ( #634, #3198, #5822 ),
 ( #5731, #2581, #5102 ),
 ( #89, #2627, #134 ),
 ( #5147, #7691, #4977 ),
 ( #7519, #1830, #2038 ),
 ( #3948, #6483, #5190 ),
 ( #4565, #1419, #7729 ),
 ( #7105, #3328, #802 ),
 ( #5864, #2671, #7404 ),
 ( #1752, #1640, #2960 ),
 ( #435, #3704, #3656 ),
 ( #4162, #4278, #8023 ),
 ( #6241, #4789, #1056 ),
 ( #1016, #6744, #6698 ),
 ( #5614, #4204, #8108 ),
 ( #1087, #5529, #4905 ),
 ( #2300, #3001, #1716 ),
 ( #5452, #7324, #1128 ) ),
 .UNSPECIFIED., .F., .F., .F. ) 
 B_SPLINE_SURFACE_WITH_KNOTS ( ( 4, 2, 2, 2, 2, 2, 2, 2, 4 ),
 ( 3, 3 ),
 ( 0.009965649778360254757, 0.01343514958618366624, 0.01690464939400707772, 0.02037414920183049094, 0.02384364900965390416, 0.02731314881747731738, 0.03078264862530073059, 0.03425214843312414381, 0.03772164824094755703 ),
 ( 0.000000000000000000, 1.000000000000000000 ),
 .UNSPECIFIED. ) 
 GEOMETRIC_REPRESENTATION_ITEM ( )  RATIONAL_B_SPLINE_SURFACE ( (
 ( 1.000000000000000000, 0.9279975443815923208, 1.000000000000000000),
 ( 1.000000000000000000, 0.9209930832333742545, 1.000000000000000000),
 ( 1.000000000000000000, 0.9144482892598589929, 1.000000000000000000),
 ( 1.000000000000000000, 0.9027709600963128578, 1.000000000000000000),
 ( 1.000000000000000000, 0.8976402609429123824, 1.000000000000000000),
 ( 1.000000000000000000, 0.8892163811831350628, 1.000000000000000000),
 ( 1.000000000000000000, 0.8859248568116125933, 1.000000000000000000),
 ( 1.000000000000000000, 0.8814867487825498449, 1.000000000000000000),
 ( 1.000000000000000000, 0.8803441999453320843, 1.000000000000000000),
 ( 1.000000000000000000, 0.8803375011827545560, 1.000000000000000000),
 ( 1.000000000000000000, 0.8814660938549440106, 1.000000000000000000),
 ( 1.000000000000000000, 0.8858669186949502672, 1.000000000000000000),
 ( 1.000000000000000000, 0.8891380208974122290, 1.000000000000000000),
 ( 1.000000000000000000, 0.8975431435314831230, 1.000000000000000000),
 ( 1.000000000000000000, 0.9026754717182231547, 1.000000000000000000),
 ( 1.000000000000000000, 0.9144070449188622662, 1.000000000000000000),
 ( 1.000000000000000000, 0.9210358855322279270, 1.000000000000000000),
 ( 1.000000000000000000, 0.9279975443815889902, 1.000000000000000000) ) ) 
 REPRESENTATION_ITEM ( '' )  SURFACE ( )  );
#1426 = CARTESIAN_POINT ( 'NONE',  ( 21.71214059808160357, 101.8949159985225634, -26.14695781671952446 ) ) ;
#1427 = ORIENTED_EDGE ( 'NONE', *, *, #5466, .F. ) ;
#1428 = EDGE_LOOP ( 'NONE', ( #395, #1258, #7949, #5449 ) ) ;
#1429 = EDGE_LOOP ( 'NONE', ( #5657, #2418 ) ) ;
#1430 = DIRECTION ( 'NONE',  ( 0.000000000000000000, 0.1208150920878809098, 0.9926750291630169754 ) ) ;
#1431 = ORIENTED_EDGE ( 'NONE', *, *, #4037, .T. ) ;
#1432 = CARTESIAN_POINT ( 'NONE',  ( -3.500000000000010214, 4.664717059371330521, -29.72798536380060241 ) ) ;
#1433 = CARTESIAN_POINT ( 'NONE',  ( -3.469446951953614189E-15, 80.95002665055245927, -27.13546265191242313 ) ) ;
#1434 = LINE ( 'NONE', #3962, #6700 ) ;
#1435 = VERTEX_POINT ( 'NONE', #3416 ) ;
#1436 = ORIENTED_EDGE ( 'NONE', *, *, #4269, .T. ) ;
#1437 = EDGE_CURVE ( 'NONE', #2547, #5745, #5953, .T. ) ;
#1438 = ORIENTED_EDGE ( 'NONE', *, *, #5943, .T. ) ;
#1439 = DIRECTION ( 'NONE',  ( -1.000000000000000000, -0.000000000000000000, -0.000000000000000000 ) ) ;
#1440 = DIRECTION ( 'NONE',  ( 0.000000000000000000, 1.000000000000000000, 0.000000000000000000 ) ) ;
#1441 = VECTOR ( 'NONE', #4268, 1000.000000000000000 ) ;
#1442 = CARTESIAN_POINT ( 'NONE',  ( 6.499999999999992006, 100.0000000000000000, -33.22798536380059886 ) ) ;
#1443 = LINE ( 'NONE', #614, #1537 ) ;
#1444 = FACE_OUTER_BOUND ( 'NONE', #4533, .T. ) ;
#1445 = CARTESIAN_POINT ( 'NONE',  ( 3.499999999999996003, 48.25545713596157071, -36.37553689183513228 ) ) ;
#1446 = AXIS2_PLACEMENT_3D ( 'NONE', #2979, #2318, #3723 ) ;
#1447 = ORIENTED_EDGE ( 'NONE', *, *, #7484, .F. ) ;
#1448 = ORIENTED_EDGE ( 'NONE', *, *, #3568, .T. ) ;
#1449 = EDGE_CURVE ( 'NONE', #4064, #3434, #2832, .T. ) ;
#1450 = CARTESIAN_POINT ( 'NONE',  ( 4.999999999999993783, 47.50247309592896983, -35.79571668975681575 ) ) ;
#1451 = LINE ( 'NONE', #5722, #785 ) ;
#1452 = CARTESIAN_POINT ( 'NONE',  ( 0.000000000000000000, 185.0000000000000000, 0.000000000000000000 ) ) ;
#1453 = CARTESIAN_POINT ( 'NONE',  ( -3.500000000000010214, 4.467629122400074593, -29.73353886326572848 ) ) ;
#1454 = CIRCLE ( 'NONE', #6343, 4.000000000000002665 ) ;
#1455 = EDGE_CURVE ( 'NONE', #2189, #3920, #4738, .T. ) ;
#1456 = FACE_BOUND ( 'NONE', #3290, .T. ) ;
#1457 = ORIENTED_EDGE ( 'NONE', *, *, #5649, .T. ) ;
#1458 = CARTESIAN_POINT ( 'NONE',  ( -38.23565846324640205, 50.27568437598664985, 60.75783574210280591 ) ) ;
#1459 = VECTOR ( 'NONE', #4651, 1000.000000000000000 ) ;
#1460 = ORIENTED_EDGE ( 'NONE', *, *, #3257, .F. ) ;
#1461 = EDGE_CURVE ( 'NONE', #583, #5652, #3730, .T. ) ;
#1462 = DIRECTION ( 'NONE',  ( 0.5000000000000170974, 0.000000000000000000, -0.8660254037844287156 ) ) ;
#1463 = DIRECTION ( 'NONE',  ( -0.000000000000000000, 1.000000000000000000, -0.000000000000000000 ) ) ;
#1464 = DIRECTION ( 'NONE',  ( 0.000000000000000000, 0.000000000000000000, -1.000000000000000000 ) ) ;
#1465 = FACE_OUTER_BOUND ( 'NONE', #2920, .T. ) ;
#1466 = ORIENTED_EDGE ( 'NONE', *, *, #5554, .F. ) ;
#1467 = VECTOR ( 'NONE', #2269, 1000.000000000000000 ) ;
#1468 = PLANE ( 'NONE',  #3627 ) ;
#1469 = ORIENTED_EDGE ( 'NONE', *, *, #5466, .T. ) ;
#1470 = ORIENTED_EDGE ( 'NONE', *, *, #3179, .T. ) ;
#1471 = DIRECTION ( 'NONE',  ( -0.8660254037844389297, 0.000000000000000000, 0.4999999999999995004 ) ) ;
#1472 = EDGE_LOOP ( 'NONE', ( #3818, #6924 ) ) ;
#1473 = ADVANCED_FACE ( 'NONE', ( #500 ), #2500, .F. ) ;
#1474 = VECTOR ( 'NONE', #1786, 1000.000000000000000 ) ;
#1475 = LINE ( 'NONE', #5327, #211 ) ;
#1476 = PERSON_AND_ORGANIZATION_ROLE ( 'classification_officer' ) ;
#1477 = DIRECTION ( 'NONE',  ( 0.000000000000000000, -1.000000000000000000, 0.000000000000000000 ) ) ;
#1478 = CARTESIAN_POINT ( 'NONE',  ( 3.499999999999996003, 48.25545713596157071, 36.37553689183513228 ) ) ;
#1479 = EDGE_LOOP ( 'NONE', ( #4312, #2231, #252, #2069 ) ) ;
#1480 = ORIENTED_EDGE ( 'NONE', *, *, #5328, .T. ) ;
#1481 = VERTEX_POINT ( 'NONE', #7467 ) ;
#1482 = CARTESIAN_POINT ( 'NONE',  ( 3.812573934246227481, 99.61636055733491446, -36.38015193797856739 ) ) ;
#1483 = ADVANCED_FACE ( 'NONE', ( #1245 ), #3, .F. ) ;
#1484 = CARTESIAN_POINT ( 'NONE',  ( 27.49999999999999645, 105.0000000000000142, -3.968626966596889627 ) ) ;
#1485 = CYLINDRICAL_SURFACE ( 'NONE', #5245, 9.999999999999998224 ) ;
#1486 = CARTESIAN_POINT ( 'NONE',  ( -1.044870271209150442E-14, 110.0000000000000000, 31.75426480542942187 ) ) ;
#1487 = VERTEX_POINT ( 'NONE', #4890 ) ;
#1488 = ORIENTED_EDGE ( 'NONE', *, *, #4393, .T. ) ;
#1489 = CARTESIAN_POINT ( 'NONE',  ( -3.509618943233422161, 48.60954231303986717, -29.72798536380060597 ) ) ;
#1490 = CARTESIAN_POINT ( 'NONE',  ( 33.50000000000000711, 102.3362239455569522, 9.123644951373625744 ) ) ;
#1491 = CARTESIAN_POINT ( 'NONE',  ( 31.37823220548004244, 109.9999999999952394, -21.43670050321184206 ) ) ;
#1492 = CARTESIAN_POINT ( 'NONE',  ( -33.50000000000000711, 103.4621466860844947, -13.56773132595622400 ) ) ;
#1493 = PLANE ( 'NONE',  #1414 ) ;
#1494 = ORIENTED_EDGE ( 'NONE', *, *, #7887, .T. ) ;
#1495 = DIRECTION ( 'NONE',  ( -0.000000000000000000, -1.000000000000000000, -0.000000000000000000 ) ) ;
#1496 = EDGE_CURVE ( 'NONE', #150, #5495, #5006, .T. ) ;
#1497 = ORIENTED_EDGE ( 'NONE', *, *, #5451, .F. ) ;
#1498 = CARTESIAN_POINT ( 'NONE',  ( 3.823745289727952024, 48.25545713596157071, -36.37553689183513228 ) ) ;
#1499 = DIRECTION ( 'NONE',  ( 0.000000000000000000, 0.000000000000000000, 1.000000000000000000 ) ) ;
#1500 = DIRECTION ( 'NONE',  ( -1.000000000000000000, -0.000000000000000000, -0.000000000000000000 ) ) ;
#1501 = CARTESIAN_POINT ( 'NONE',  ( -10.00000000000000888, 103.4621466860844947, 44.45597072760119772 ) ) ;
#1502 = EDGE_LOOP ( 'NONE', ( #1243, #2690, #3046, #6409 ) ) ;
#1503 = CARTESIAN_POINT ( 'NONE',  ( 19.87126680086150543, 109.9999999999929230, -32.40580272773925685 ) ) ;
#1504 = ORIENTED_EDGE ( 'NONE', *, *, #7510, .F. ) ;
#1505 = EDGE_CURVE ( 'NONE', #6160, #2900, #2542, .T. ) ;
#1506 = EDGE_LOOP ( 'NONE', ( #2767, #5450, #3831, #7038, #3858, #7831, #1824, #6775 ) ) ;
#1507 = ADVANCED_FACE ( 'NONE', ( #2367 ), #2501, .T. ) ;
#1508 = CARTESIAN_POINT ( 'NONE',  ( 3.499999999999996003, 102.5380366088657524, -35.13631015413126590 ) ) ;
#1509 = VERTEX_POINT ( 'NONE', #6803 ) ;
#1510 =( BOUNDED_CURVE ( )  B_SPLINE_CURVE ( 3, ( #4723, #3630, #2199, #985 ),
 .UNSPECIFIED., .F., .F. ) 
 B_SPLINE_CURVE_WITH_KNOTS ( ( 4, 4 ),
 ( 6.226844666061091438, 6.283185307179586232 ),
 .UNSPECIFIED. ) 
 CURVE ( )  GEOMETRIC_REPRESENTATION_ITEM ( )  RATIONAL_B_SPLINE_CURVE ( ( 1.000000000000000000, 0.9997354951724146677, 0.9997354951724146677, 1.000000000000000000 ) ) 
 REPRESENTATION_ITEM ( '' )  );
#1511 = DIRECTION ( 'NONE',  ( 0.000000000000000000, -1.000000000000000000, 0.000000000000000000 ) ) ;
#1512 = LINE ( 'NONE', #4002, #146 ) ;
#1513 = ADVANCED_FACE ( 'NONE', ( #5517 ), #3110, .F. ) ;
#1514 = DIRECTION ( 'NONE',  ( -0.000000000000000000, 1.000000000000000000, 0.000000000000000000 ) ) ;
#1515 = ORIENTED_EDGE ( 'NONE', *, *, #2122, .T. ) ;
#1516 = DIRECTION ( 'NONE',  ( 0.000000000000000000, 0.8283227331462885701, -0.5602512380647296508 ) ) ;
#1517 = ORIENTED_EDGE ( 'NONE', *, *, #300, .T. ) ;
#1518 = ADVANCED_FACE ( 'NONE', ( #7430 ), #5019, .T. ) ;
#1519 = ORIENTED_EDGE ( 'NONE', *, *, #5430, .F. ) ;
#1520 = DIRECTION ( 'NONE',  ( 0.000000000000000000, 0.000000000000000000, -1.000000000000000000 ) ) ;
#1521 = DIRECTION ( 'NONE',  ( 0.000000000000000000, 1.000000000000000000, 0.000000000000000000 ) ) ;
#1522 = CARTESIAN_POINT ( 'NONE',  ( -31.50000000000000711, -3.000000000000000000, -13.56773132595621689 ) ) ;
#1523 = CIRCLE ( 'NONE', #2841, 33.00000000000000000 ) ;
#1524 = ADVANCED_FACE ( 'NONE', ( #8133 ), #4313, .F. ) ;
#1525 = DIRECTION ( 'NONE',  ( -0.000000000000000000, 1.000000000000000000, -0.000000000000000000 ) ) ;
#1526 = EDGE_CURVE ( 'NONE', #4945, #7466, #1037, .T. ) ;
#1527 = ORIENTED_EDGE ( 'NONE', *, *, #7210, .F. ) ;
#1528 = VECTOR ( 'NONE', #1899, 1000.000000000000000 ) ;
#1529 = VECTOR ( 'NONE', #7441, 1000.000000000000000 ) ;
#1530 = ORIENTED_EDGE ( 'NONE', *, *, #7314, .F. ) ;
#1531 = CYLINDRICAL_SURFACE ( 'NONE', #4298, 4.000000000000000000 ) ;
#1532 = DIRECTION ( 'NONE',  ( 1.000000000000000000, -0.000000000000000000, -0.000000000000000000 ) ) ;
#1533 = LINE ( 'NONE', #912, #5840 ) ;
#1534 = FACE_BOUND ( 'NONE', #6014, .T. ) ;
#1535 = CARTESIAN_POINT ( 'NONE',  ( -33.50000000000000711, 80.95002665055245927, 19.34123401785247154 ) ) ;
#1536 = ORIENTED_EDGE ( 'NONE', *, *, #2987, .T. ) ;
#1537 = VECTOR ( 'NONE', #1936, 1000.000000000000000 ) ;
#1538 = CARTESIAN_POINT ( 'NONE',  ( 0.000000000000000000, 105.0000000000000142, -27.00000000000000355 ) ) ;
#1539 = ORIENTED_EDGE ( 'NONE', *, *, #5737, .F. ) ;
#1540 = CARTESIAN_POINT ( 'NONE',  ( 4.228239662652788944, 48.03807772532029929, -36.20814825262807801 ) ) ;
#1541 = AXIS2_PLACEMENT_3D ( 'NONE', #6406, #3129, #6944 ) ;
#1542 = CARTESIAN_POINT ( 'NONE',  ( 4.605769670132735527, 5.204491666718068288, 36.02332567682837805 ) ) ;
#1543 = DIRECTION ( 'NONE',  ( -0.000000000000000000, -1.000000000000000000, -0.000000000000000000 ) ) ;
#1544 = CARTESIAN_POINT ( 'NONE',  ( 38.00000000000000000, 175.0000000000000000, 12.49999999999998046 ) ) ;
#1545 = VERTEX_POINT ( 'NONE', #1204 ) ;
#1546 = CARTESIAN_POINT ( 'NONE',  ( 23.14546764211608121, 109.9999999999461124, -30.15327890194785709 ) ) ;
#1547 = CIRCLE ( 'NONE', #6047, 10.00000000000000178 ) ;
#1548 = ORIENTED_EDGE ( 'NONE', *, *, #7832, .F. ) ;
#1549 = CARTESIAN_POINT ( 'NONE',  ( 27.50000000000000000, -5.000000000000000000, -20.49593455623172389 ) ) ;
#1550 = LINE ( 'NONE', #4074, #6560 ) ;
#1551 = DIRECTION ( 'NONE',  ( -3.469446951953611231E-16, 1.000000000000000000, -2.003086131649543978E-16 ) ) ;
#1552 = EDGE_CURVE ( 'NONE', #2715, #2523, #2412, .T. ) ;
#1553 = CIRCLE ( 'NONE', #7118, 1.000000000000000888 ) ;
#1554 = VECTOR ( 'NONE', #4511, 1000.000000000000114 ) ;
#1555 = CARTESIAN_POINT ( 'NONE',  ( 3.499999999999996003, 7.520546934683549622, 31.83961615620216890 ) ) ;
#1556 = LINE ( 'NONE', #936, #2860 ) ;
#1557 = ORIENTED_EDGE ( 'NONE', *, *, #1329, .F. ) ;
#1558 = DIRECTION ( 'NONE',  ( 0.000000000000000000, -1.000000000000000000, 0.000000000000000000 ) ) ;
#1559 = ORIENTED_EDGE ( 'NONE', *, *, #1778, .F. ) ;
#1560 =( BOUNDED_CURVE ( )  B_SPLINE_CURVE ( 3, ( #3034, #4782, #5220, #1453 ),
 .UNSPECIFIED., .F., .F. ) 
 B_SPLINE_CURVE_WITH_KNOTS ( ( 4, 4 ),
 ( 0.000000000000000000, 0.05634064111849072798 ),
 .UNSPECIFIED. ) 
 CURVE ( )  GEOMETRIC_REPRESENTATION_ITEM ( )  RATIONAL_B_SPLINE_CURVE ( ( 1.000000000000000000, 0.9997354951724148897, 0.9997354951724148897, 1.000000000000000000 ) ) 
 REPRESENTATION_ITEM ( '' )  );
#1561 = ORIENTED_EDGE ( 'NONE', *, *, #4856, .F. ) ;
#1562 = FACE_OUTER_BOUND ( 'NONE', #6132, .T. ) ;
#1563 = DIRECTION ( 'NONE',  ( 0.000000000000000000, 0.000000000000000000, 1.000000000000000000 ) ) ;
#1564 = CARTESIAN_POINT ( 'NONE',  ( 3.499999999999996003, 48.67528175613146146, -34.22798536380060597 ) ) ;
#1565 = EDGE_CURVE ( 'NONE', #181, #6283, #3644, .T. ) ;
#1566 = ORIENTED_EDGE ( 'NONE', *, *, #6468, .F. ) ;
#1567 = VECTOR ( 'NONE', #5360, 1000.000000000000000 ) ;
#1568 = EDGE_LOOP ( 'NONE', ( #6947, #4365, #4457, #4863, #140, #1635, #3499, #826, #4231, #2511, #4226 ) ) ;
#1569 = LINE ( 'NONE', #3470, #7885 ) ;
#1570 = LINE ( 'NONE', #6631, #1052 ) ;
#1571 = ADVANCED_FACE ( 'NONE', ( #6308 ), #6768, .F. ) ;
#1572 = CARTESIAN_POINT ( 'NONE',  ( 33.52755819588328023, 107.5583500663289414, -14.33569138443205304 ) ) ;
#1573 = CARTESIAN_POINT ( 'NONE',  ( -12.50000000000001599, 76.95002665055244506, -31.46558967083461056 ) ) ;
#1574 = CARTESIAN_POINT ( 'NONE',  ( -3.469446951953614189E-15, -3.000000000000002665, -27.13546265191242313 ) ) ;
#1575 = ORIENTED_EDGE ( 'NONE', *, *, #3397, .T. ) ;
#1576 = VECTOR ( 'NONE', #3235, 1000.000000000000000 ) ;
#1577 = DIRECTION ( 'NONE',  ( -0.000000000000000000, 1.000000000000000000, -0.000000000000000000 ) ) ;
#1578 = ORIENTED_EDGE ( 'NONE', *, *, #5842, .T. ) ;
#1579 = CARTESIAN_POINT ( 'NONE',  ( 3.823745289727939145, 48.25545713596157071, 36.37553689183513228 ) ) ;
#1580 = AXIS2_PLACEMENT_3D ( 'NONE', #7450, #7541, #6752 ) ;
#1581 = CARTESIAN_POINT ( 'NONE',  ( -3.500000000000010214, 3.429993030309729463, 36.50295964951001793 ) ) ;
#1582 = CARTESIAN_POINT ( 'NONE',  ( -3.981630956429007107, 47.00703647811769059, 36.31282312856293260 ) ) ;
#1583 = EDGE_CURVE ( 'NONE', #7983, #5187, #632, .T. ) ;
#1584 = PLANE ( 'NONE',  #8030 ) ;
#1585 = ORIENTED_EDGE ( 'NONE', *, *, #2808, .T. ) ;
#1586 = DIRECTION ( 'NONE',  ( 1.000000000000000000, 0.000000000000000000, 0.000000000000000000 ) ) ;
#1587 = VECTOR ( 'NONE', #5863, 1000.000000000000000 ) ;
#1588 = EDGE_LOOP ( 'NONE', ( #8031, #3039, #5910, #7743 ) ) ;
#1589 = CARTESIAN_POINT ( 'NONE',  ( -33.50000000000000711, 107.0247856067772716, -7.295269864737283783 ) ) ;
#1590 = ORIENTED_EDGE ( 'NONE', *, *, #5461, .F. ) ;
#1591 = CARTESIAN_POINT ( 'NONE',  ( 3.071348960120108273, 107.7816947185835232, 36.67889968037098924 ) ) ;
#1592 = CARTESIAN_POINT ( 'NONE',  ( -27.50000000000000355, 0.000000000000000000, 15.87713240271471449 ) ) ;
#1593 = CARTESIAN_POINT ( 'NONE',  ( 30.76553229096338882, 105.2959072538400562, 20.45215324140999158 ) ) ;
#1594 = AXIS2_PLACEMENT_3D ( 'NONE', #4914, #2308, #2483 ) ;
#1595 = DIRECTION ( 'NONE',  ( 0.000000000000000000, -0.000000000000000000, 1.000000000000000000 ) ) ;
#1596 = CARTESIAN_POINT ( 'NONE',  ( 16.00000000000000000, 110.0000000000000000, -17.00000000000000000 ) ) ;
#1597 = ORIENTED_EDGE ( 'NONE', *, *, #1159, .T. ) ;
#1598 = CARTESIAN_POINT ( 'NONE',  ( -33.50000000000000711, 7.653575834721456542E-16, 5.672268674043793091 ) ) ;
#1599 = ORIENTED_EDGE ( 'NONE', *, *, #1763, .F. ) ;
#1600 = EDGE_CURVE ( 'NONE', #3920, #7948, #4354, .T. ) ;
#1601 = VECTOR ( 'NONE', #1990, 1000.000000000000000 ) ;
#1602 = ORIENTED_EDGE ( 'NONE', *, *, #1701, .T. ) ;
#1603 = CARTESIAN_POINT ( 'NONE',  ( 3.499999999999996003, 99.61636055733491446, -36.38015193797856739 ) ) ;
#1604 = CARTESIAN_POINT ( 'NONE',  ( -4.250298230433423363, 104.0480133563405047, -36.19726275999349241 ) ) ;
#1605 = DIRECTION ( 'NONE',  ( -0.000000000000000000, -0.000000000000000000, 1.000000000000000000 ) ) ;
#1606 = AXIS2_PLACEMENT_3D ( 'NONE', #5977, #6635, #7216 ) ;
#1607 = EDGE_CURVE ( 'NONE', #6257, #6830, #6464, .T. ) ;
#1608 = ORIENTED_EDGE ( 'NONE', *, *, #101, .T. ) ;
#1609 = DIRECTION ( 'NONE',  ( -0.000000000000000000, -0.000000000000000000, -1.000000000000000000 ) ) ;
#1610 = ADVANCED_FACE ( 'NONE', ( #758 ), #3282, .F. ) ;
#1611 = DIRECTION ( 'NONE',  ( 0.000000000000000000, 0.000000000000000000, -1.000000000000000000 ) ) ;
#1612 = CARTESIAN_POINT ( 'NONE',  ( 33.57359003389657914, 107.3905954822370177, -13.28237650571544926 ) ) ;
#1613 = CARTESIAN_POINT ( 'NONE',  ( 33.28302625882711396, 104.8774166941863086, 15.68532823158022538 ) ) ;
#1614 = CARTESIAN_POINT ( 'NONE',  ( -32.58695835514716066, 105.8491185971578687, -17.76562983500204496 ) ) ;
#1615 = ORIENTED_EDGE ( 'NONE', *, *, #1316, .T. ) ;
#1616 = FACE_OUTER_BOUND ( 'NONE', #2179, .T. ) ;
#1617 = EDGE_CURVE ( 'NONE', #915, #2863, #3363, .T. ) ;
#1618 = EDGE_LOOP ( 'NONE', ( #6442, #5051, #3985, #2995 ) ) ;
#1619 = LINE ( 'NONE', #4140, #7675 ) ;
#1620 = DIRECTION ( 'NONE',  ( -1.000000000000000000, 0.000000000000000000, 0.000000000000000000 ) ) ;
#1621 = DIRECTION ( 'NONE',  ( 0.000000000000000000, -1.000000000000000000, 0.000000000000000000 ) ) ;
#1622 = CARTESIAN_POINT ( 'NONE',  ( 38.00000000000000000, 175.0000000000000000, -12.50000000000002132 ) ) ;
#1623 = VERTEX_POINT ( 'NONE', #6391 ) ;
#1624 = LINE ( 'NONE', #3528, #58 ) ;
#1625 = CC_DESIGN_PERSON_AND_ORGANIZATION_ASSIGNMENT ( #7159, #5956, ( #3664 ) ) ;
#1626 = EDGE_CURVE ( 'NONE', #836, #6937, #4476, .T. ) ;
#1627 = ORIENTED_EDGE ( 'NONE', *, *, #4006, .F. ) ;
#1628 = CARTESIAN_POINT ( 'NONE',  ( -33.50000000000000711, 103.0867217396914697, 12.47833148864723540 ) ) ;
#1629 = DIRECTION ( 'NONE',  ( -1.000000000000000000, -0.000000000000000000, -0.000000000000000000 ) ) ;
#1630 = FACE_BOUND ( 'NONE', #2560, .T. ) ;
#1631 = DIRECTION ( 'NONE',  ( 0.000000000000000000, -1.000000000000000000, 0.000000000000000000 ) ) ;
#1632 = DIRECTION ( 'NONE',  ( 0.000000000000000000, -0.7992742469136896455, 0.6009664534901714150 ) ) ;
#1633 = CARTESIAN_POINT ( 'NONE',  ( -15.50961894323343060, 48.67528175613146146, -29.72798536380060241 ) ) ;
#1634 = LINE ( 'NONE', #4154, #1410 ) ;
#1635 = ORIENTED_EDGE ( 'NONE', *, *, #185, .T. ) ;
#1636 = DIRECTION ( 'NONE',  ( 0.000000000000000000, -1.000000000000000000, 0.000000000000000000 ) ) ;
#1637 = ORIENTED_EDGE ( 'NONE', *, *, #7738, .F. ) ;
#1638 = VERTEX_POINT ( 'NONE', #3859 ) ;
#1639 =( BOUNDED_CURVE ( )  B_SPLINE_CURVE ( 3, ( #3935, #4638, #5216, #2070 ),
 .UNSPECIFIED., .F., .F. ) 
 B_SPLINE_CURVE_WITH_KNOTS ( ( 4, 4 ),
 ( 3.888729473373583101, 4.169352413170958727 ),
 .UNSPECIFIED. ) 
 CURVE ( )  GEOMETRIC_REPRESENTATION_ITEM ( )  RATIONAL_B_SPLINE_CURVE ( ( 1.000000000000000000, 0.9934483231342672305, 0.9934483231342672305, 1.000000000000000000 ) ) 
 REPRESENTATION_ITEM ( '' )  );
#1640 = CARTESIAN_POINT ( 'NONE',  ( -15.84206894881809013, 107.0365219452750267, 29.53604526358740756 ) ) ;
#1641 = CARTESIAN_POINT ( 'NONE',  ( 27.49999999999999645, 0.000000000000000000, 15.87713240271472159 ) ) ;
#1642 = PLANE ( 'NONE',  #4887 ) ;
#1643 = DIRECTION ( 'NONE',  ( 0.000000000000000000, 0.000000000000000000, -1.000000000000000000 ) ) ;
#1644 = EDGE_CURVE ( 'NONE', #4395, #5523, #4082, .T. ) ;
#1645 = ORIENTED_EDGE ( 'NONE', *, *, #6973, .F. ) ;
#1646 = CARTESIAN_POINT ( 'NONE',  ( -33.50000000000000711, 99.00000000000000000, -10.82773132595622201 ) ) ;
#1647 = DIRECTION ( 'NONE',  ( 1.000000000000000000, -0.000000000000000000, 1.849002583061117992E-16 ) ) ;
#1648 = AXIS2_PLACEMENT_3D ( 'NONE', #7858, #3413, #7152 ) ;
#1649 = CARTESIAN_POINT ( 'NONE',  ( 32.16467817330460832, 109.9999999999787264, -20.24705474499061708 ) ) ;
#1650 = EDGE_CURVE ( 'NONE', #1888, #210, #7309, .T. ) ;
#1651 = CARTESIAN_POINT ( 'NONE',  ( 35.38078816687499284, 109.9999999999775326, 13.88040701827439705 ) ) ;
#1652 = CARTESIAN_POINT ( 'NONE',  ( -33.50000000000000711, 103.7551335478006393, -13.99282273155356293 ) ) ;
#1653 = ORIENTED_EDGE ( 'NONE', *, *, #238, .F. ) ;
#1654 = CARTESIAN_POINT ( 'NONE',  ( -30.54095610815089401, 185.0000000000000000, -12.50000000000002132 ) ) ;
#1655 = VECTOR ( 'NONE', #4894, 1000.000000000000000 ) ;
#1656 = ORIENTED_EDGE ( 'NONE', *, *, #2323, .T. ) ;
#1657 = DIRECTION ( 'NONE',  ( -1.000000000000000000, -0.000000000000000000, -0.000000000000000000 ) ) ;
#1658 = DIRECTION ( 'NONE',  ( 0.000000000000000000, 0.000000000000000000, 1.000000000000000000 ) ) ;
#1659 = VECTOR ( 'NONE', #135, 1000.000000000000000 ) ;
#1660 = CARTESIAN_POINT ( 'NONE',  ( 3.499999999999996003, 7.520546934683549622, -31.83961615620216890 ) ) ;
#1661 = EDGE_LOOP ( 'NONE', ( #5367, #1561 ) ) ;
#1662 = CARTESIAN_POINT ( 'NONE',  ( -1.214306433183764966E-14, 110.0000000000000000, 27.13546265191242313 ) ) ;
#1663 = VECTOR ( 'NONE', #6200, 1000.000000000000227 ) ;
#1664 = VERTEX_POINT ( 'NONE', #3195 ) ;
#1665 = CARTESIAN_POINT ( 'NONE',  ( -33.50000000000000711, 102.1592061883329023, 7.973505932702299681 ) ) ;
#1666 = DIRECTION ( 'NONE',  ( 0.000000000000000000, -0.000000000000000000, 1.000000000000000000 ) ) ;
#1667 = FACE_OUTER_BOUND ( 'NONE', #3089, .T. ) ;
#1668 = EDGE_CURVE ( 'NONE', #5787, #3876, #1996, .T. ) ;
#1669 = CARTESIAN_POINT ( 'NONE',  ( -33.50000000000000711, 37.50000000000000711, -0.0003810567665955832961 ) ) ;
#1670 = CARTESIAN_POINT ( 'NONE',  ( 0.000000000000000000, 110.0000000000000000, -27.00000000000000355 ) ) ;
#1671 = CARTESIAN_POINT ( 'NONE',  ( 18.11006087497002426, 110.0000000000000000, 16.00000000000000000 ) ) ;
#1672 = VERTEX_POINT ( 'NONE', #1953 ) ;
#1673 = VECTOR ( 'NONE', #1050, 1000.000000000000000 ) ;
#1674 = CARTESIAN_POINT ( 'NONE',  ( 27.00000000000000355, 105.0000000000000142, 0.000000000000000000 ) ) ;
#1675 = ORIENTED_EDGE ( 'NONE', *, *, #5971, .T. ) ;
#1676 = EDGE_LOOP ( 'NONE', ( #3531, #7850 ) ) ;
#1677 = FACE_OUTER_BOUND ( 'NONE', #3643, .T. ) ;
#1678 = AXIS2_PLACEMENT_3D ( 'NONE', #338, #2869, #452 ) ;
#1679 = AXIS2_PLACEMENT_3D ( 'NONE', #1445, #7172, #7716 ) ;
#1680 = CARTESIAN_POINT ( 'NONE',  ( 12.49999999999998757, 71.95002665055244506, -24.53738644055911777 ) ) ;
#1681 = CARTESIAN_POINT ( 'NONE',  ( 6.132864528804198301, 107.2580183663584421, -35.14165704909630250 ) ) ;
#1682 = CARTESIAN_POINT ( 'NONE',  ( 3.775410374669999847, 4.439165125327534156, -36.39539118850675692 ) ) ;
#1683 = EDGE_CURVE ( 'NONE', #5695, #7697, #5729, .T. ) ;
#1684 = ORIENTED_EDGE ( 'NONE', *, *, #4901, .T. ) ;
#1685 = CARTESIAN_POINT ( 'NONE',  ( -3.733417588320655511, 101.4660455577538301, 36.41574728538208205 ) ) ;
#1686 = CYLINDRICAL_SURFACE ( 'NONE', #3027, 1.000000000000000888 ) ;
#1687 = LINE ( 'NONE', #1808, #3705 ) ;
#1688 = FACE_OUTER_BOUND ( 'NONE', #3254, .T. ) ;
#1689 = DIRECTION ( 'NONE',  ( -0.000000000000000000, 1.000000000000000000, -0.000000000000000000 ) ) ;
#1690 = EDGE_LOOP ( 'NONE', ( #1530, #7610, #5323, #1422 ) ) ;
#1691 = DIRECTION ( 'NONE',  ( 0.000000000000000000, 1.000000000000000000, 0.000000000000000000 ) ) ;
#1692 = CIRCLE ( 'NONE', #113, 38.00000000000000000 ) ;
#1693 = EDGE_CURVE ( 'NONE', #1664, #6909, #1309, .T. ) ;
#1694 = ORIENTED_EDGE ( 'NONE', *, *, #7304, .T. ) ;
#1695 = CARTESIAN_POINT ( 'NONE',  ( 3.999999999999985345, -5.000000000000000000, 34.06366588218793368 ) ) ;
#1696 = DIRECTION ( 'NONE',  ( -0.000000000000000000, 1.000000000000000000, -0.000000000000000000 ) ) ;
#1697 = VECTOR ( 'NONE', #1773, 1000.000000000000000 ) ;
#1698 = DIRECTION ( 'NONE',  ( -0.000000000000000000, 1.000000000000000000, -0.000000000000000000 ) ) ;
#1699 = ORIENTED_EDGE ( 'NONE', *, *, #141, .T. ) ;
#1700 = CARTESIAN_POINT ( 'NONE',  ( -15.44475094927993908, 110.0000000000311502, -34.73393025140443768 ) ) ;
#1701 = EDGE_CURVE ( 'NONE', #3104, #7665, #2625, .T. ) ;
#1702 = AXIS2_PLACEMENT_3D ( 'NONE', #5264, #6550, #7878 ) ;
#1703 = VERTEX_POINT ( 'NONE', #5772 ) ;
#1704 = CARTESIAN_POINT ( 'NONE',  ( -37.80489288349308907, 110.0000000000271001, 3.971295917495645256 ) ) ;
#1705 = FACE_OUTER_BOUND ( 'NONE', #6274, .T. ) ;
#1706 = DIRECTION ( 'NONE',  ( 1.000000000000000000, -0.000000000000000000, -1.849002583061117992E-16 ) ) ;
#1707 = EDGE_CURVE ( 'NONE', #3335, #6619, #87, .T. ) ;
#1708 = DIRECTION ( 'NONE',  ( 0.8660254037844393737, 0.000000000000000000, 0.4999999999999990563 ) ) ;
#1709 = DIRECTION ( 'NONE',  ( -0.5614378006234317375, -0.7613913545005387418, 0.3241462653231692581 ) ) ;
#1710 = FACE_OUTER_BOUND ( 'NONE', #1838, .T. ) ;
#1711 = EDGE_LOOP ( 'NONE', ( #3640, #8212 ) ) ;
#1712 = CARTESIAN_POINT ( 'NONE',  ( 10.06550233038881892, 110.0000000000736264, 36.65437182495980295 ) ) ;
#1713 = ORIENTED_EDGE ( 'NONE', *, *, #4803, .T. ) ;
#1714 = EDGE_CURVE ( 'NONE', #190, #5963, #2083, .T. ) ;
#1715 = ORIENTED_EDGE ( 'NONE', *, *, #2892, .T. ) ;
#1716 = CARTESIAN_POINT ( 'NONE',  ( -5.943447933987844323, 103.0867217396887696, 35.25101677110254172 ) ) ;
#1717 = AXIS2_PLACEMENT_3D ( 'NONE', #8034, #4292, #2350 ) ;
#1718 = CARTESIAN_POINT ( 'NONE',  ( 38.00000000000000000, 175.0000000000000000, -12.50000000000002132 ) ) ;
#1719 = CARTESIAN_POINT ( 'NONE',  ( 2.426230657734957497, 105.2354900289817863, -36.83913510600535801 ) ) ;
#1720 = CARTESIAN_POINT ( 'NONE',  ( -15.50961894323343415, 8.432155711444911717, -29.72798536380060597 ) ) ;
#1721 = VECTOR ( 'NONE', #3881, 1000.000000000000000 ) ;
#1722 = ORIENTED_EDGE ( 'NONE', *, *, #1150, .T. ) ;
#1723 = EDGE_CURVE ( 'NONE', #6238, #297, #2669, .T. ) ;
#1724 = PLANE ( 'NONE',  #870 ) ;
#1725 = LINE ( 'NONE', #6165, #7813 ) ;
#1726 = CIRCLE ( 'NONE', #5040, 9.999999999999998224 ) ;
#1727 = DIRECTION ( 'NONE',  ( 0.000000000000000000, 1.000000000000000000, 0.000000000000000000 ) ) ;
#1728 = CARTESIAN_POINT ( 'NONE',  ( 30.69274460092381673, 105.2371647133170285, 20.51844322377159457 ) ) ;
#1729 = DIRECTION ( 'NONE',  ( 0.8660254037844389297, 1.359144826292516203E-15, 0.4999999999999996669 ) ) ;
#1730 = ORIENTED_EDGE ( 'NONE', *, *, #2055, .T. ) ;
#1731 = LINE ( 'NONE', #3517, #1283 ) ;
#1732 = ORIENTED_EDGE ( 'NONE', *, *, #3431, .T. ) ;
#1733 = DIRECTION ( 'NONE',  ( 1.000000000000000000, -0.000000000000000000, -0.000000000000000000 ) ) ;
#1734 = CARTESIAN_POINT ( 'NONE',  ( 12.49999999999997691, 62.95002665055243796, -38.00000000000000000 ) ) ;
#1735 = CARTESIAN_POINT ( 'NONE',  ( 3.499999999999996003, 102.9216760515308380, -31.98414357995329382 ) ) ;
#1736 = VERTEX_POINT ( 'NONE', #7060 ) ;
#1737 = EDGE_CURVE ( 'NONE', #1203, #1351, #6522, .T. ) ;
#1738 = EDGE_LOOP ( 'NONE', ( #6927, #2047, #4031, #7909, #3856 ) ) ;
#1739 = CARTESIAN_POINT ( 'NONE',  ( -33.50000000000000711, 110.0000000000000000, 19.34123401785247154 ) ) ;
#1740 = CARTESIAN_POINT ( 'NONE',  ( -6.132864528804217841, 107.2580183663584563, 35.14165704909630961 ) ) ;
#1741 = CARTESIAN_POINT ( 'NONE',  ( 3.499999999999996003, 48.25545713596157071, -36.37553689183513228 ) ) ;
#1742 = CARTESIAN_POINT ( 'NONE',  ( -3.500000000000010214, 3.429993030309729463, 36.50295964951001793 ) ) ;
#1743 = DIRECTION ( 'NONE',  ( 0.000000000000000000, 0.000000000000000000, -1.000000000000000000 ) ) ;
#1744 = EDGE_CURVE ( 'NONE', #5963, #7211, #5188, .T. ) ;
#1745 = DIRECTION ( 'NONE',  ( 0.000000000000000000, 0.000000000000000000, 1.000000000000000000 ) ) ;
#1746 = EDGE_LOOP ( 'NONE', ( #3615, #1222, #640, #440 ) ) ;
#1747 = LINE ( 'NONE', #1084, #324 ) ;
#1748 = VERTEX_POINT ( 'NONE', #7727 ) ;
#1749 = EDGE_CURVE ( 'NONE', #7840, #3622, #4480, .T. ) ;
#1750 = ORIENTED_EDGE ( 'NONE', *, *, #3376, .F. ) ;
#1751 = CARTESIAN_POINT ( 'NONE',  ( 14.90715377713894618, 100.3836394426650855, 30.07581878962262323 ) ) ;
#1752 = CARTESIAN_POINT ( 'NONE',  ( -18.13648300077256437, 110.0000000000070770, 33.40765300143807792 ) ) ;
#1753 = EDGE_CURVE ( 'NONE', #853, #7857, #3946, .T. ) ;
#1754 = DIRECTION ( 'NONE',  ( 0.000000000000000000, 0.000000000000000000, -1.000000000000000000 ) ) ;
#1755 = CARTESIAN_POINT ( 'NONE',  ( -2.525993000290675194, 110.0000000000096207, -37.91763688427781176 ) ) ;
#1756 = LINE ( 'NONE', #3708, #3255 ) ;
#1757 = EDGE_LOOP ( 'NONE', ( #5736, #2805, #5288, #896, #5782, #3007 ) ) ;
#1758 = EDGE_CURVE ( 'NONE', #5533, #715, #991, .T. ) ;
#1759 = ORIENTED_EDGE ( 'NONE', *, *, #4520, .F. ) ;
#1760 = DIRECTION ( 'NONE',  ( -1.000000000000000000, -0.000000000000000000, -0.000000000000000000 ) ) ;
#1761 = DIRECTION ( 'NONE',  ( -1.313354635091721417E-17, 0.9974741484692092319, -0.07103043809259564079 ) ) ;
#1762 = DIRECTION ( 'NONE',  ( -0.000000000000000000, 1.000000000000000000, -0.000000000000000000 ) ) ;
#1763 = EDGE_CURVE ( 'NONE', #1822, #6489, #7968, .T. ) ;
#1764 = DIRECTION ( 'NONE',  ( 0.000000000000000000, 0.000000000000000000, -1.000000000000000000 ) ) ;
#1765 = CARTESIAN_POINT ( 'NONE',  ( 30.97298180615017316, 110.0000000000054428, 22.01817392159740194 ) ) ;
#1766 = CARTESIAN_POINT ( 'NONE',  ( 28.49999999999999645, 110.0000000000000000, -22.22798536380060597 ) ) ;
#1767 = VERTEX_POINT ( 'NONE', #3563 ) ;
#1768 = EDGE_CURVE ( 'NONE', #2715, #671, #2865, .T. ) ;
#1769 = DIRECTION ( 'NONE',  ( 0.000000000000000000, 1.000000000000000000, 0.000000000000000000 ) ) ;
#1770 = AXIS2_PLACEMENT_3D ( 'NONE', #1914, #765, #4487 ) ;
#1771 = ORIENTED_EDGE ( 'NONE', *, *, #4145, .T. ) ;
#1772 = DIRECTION ( 'NONE',  ( -1.000000000000000000, -0.000000000000000000, -0.000000000000000000 ) ) ;
#1773 = DIRECTION ( 'NONE',  ( -0.000000000000000000, 1.000000000000000000, -0.000000000000000000 ) ) ;
#1774 = FACE_OUTER_BOUND ( 'NONE', #8177, .T. ) ;
#1775 = DIRECTION ( 'NONE',  ( 0.8660254037844385966, 0.000000000000000000, 0.4999999999999999445 ) ) ;
#1776 = VERTEX_POINT ( 'NONE', #3522 ) ;
#1777 = CIRCLE ( 'NONE', #5228, 4.000000000000000000 ) ;
#1778 = EDGE_CURVE ( 'NONE', #3292, #6466, #7889, .T. ) ;
#1779 = CARTESIAN_POINT ( 'NONE',  ( -17.73856710025349059, 101.6482647400347901, -28.44110154533535706 ) ) ;
#1780 = EDGE_LOOP ( 'NONE', ( #3952, #6939, #2637, #412 ) ) ;
#1781 = ORIENTED_EDGE ( 'NONE', *, *, #7526, .T. ) ;
#1782 = DIRECTION ( 'NONE',  ( 2.664535259100376091E-15, 0.000000000000000000, 1.000000000000000000 ) ) ;
#1783 = CARTESIAN_POINT ( 'NONE',  ( -2.211743045682580178, 105.3472154415148196, 36.89028505228750277 ) ) ;
#1784 = FACE_BOUND ( 'NONE', #5324, .T. ) ;
#1785 = PLANE ( 'NONE',  #457 ) ;
#1786 = DIRECTION ( 'NONE',  ( 0.000000000000000000, 1.000000000000000000, -0.000000000000000000 ) ) ;
#1787 = LINE ( 'NONE', #8058, #6176 ) ;
#1788 = ORIENTED_EDGE ( 'NONE', *, *, #2162, .T. ) ;
#1789 = CARTESIAN_POINT ( 'NONE',  ( 9.554943959727077996, 107.0353440241442513, 33.16591856846664399 ) ) ;
#1790 = ORIENTED_EDGE ( 'NONE', *, *, #510, .T. ) ;
#1791 = AXIS2_PLACEMENT_3D ( 'NONE', #1478, #2837, #7199 ) ;
#1792 = EDGE_LOOP ( 'NONE', ( #6793, #2885, #93, #1213, #906, #7157, #846, #2406, #1904, #7862, #2769, #3807, #7718, #1181, #6117, #1066, #4072, #3018, #4200, #1790, #2496, #455, #4823, #5561, #519, #8061, #4860, #5527, #818, #3867, #1169, #6296, #1416, #1086 ) ) ;
#1793 = EDGE_CURVE ( 'NONE', #183, #2644, #8153, .T. ) ;
#1794 = DIRECTION ( 'NONE',  ( -0.000000000000000000, -1.000000000000000000, -0.000000000000000000 ) ) ;
#1795 = CARTESIAN_POINT ( 'NONE',  ( -36.27641115243470438, 110.0000000000000000, -11.31468045945225143 ) ) ;
#1796 = EDGE_CURVE ( 'NONE', #1296, #5029, #2271, .T. ) ;
#1797 = CARTESIAN_POINT ( 'NONE',  ( 0.000000000000000000, 185.0000000000000000, -33.00000000000000000 ) ) ;
#1798 = AXIS2_PLACEMENT_3D ( 'NONE', #6144, #1047, #1006 ) ;
#1799 = VECTOR ( 'NONE', #261, 1000.000000000000000 ) ;
#1800 = CARTESIAN_POINT ( 'NONE',  ( 2.801539772488866653, 107.8244558353253808, -36.75786096241286316 ) ) ;
#1801 = CARTESIAN_POINT ( 'NONE',  ( 3.499999999999996003, 2.034439118102898902, 31.44894874669289919 ) ) ;
#1802 = VERTEX_POINT ( 'NONE', #5394 ) ;
#1803 = VECTOR ( 'NONE', #3141, 999.9999999999998863 ) ;
#1804 = CIRCLE ( 'NONE', #2342, 9.999999999999998224 ) ;
#1805 = EDGE_LOOP ( 'NONE', ( #7412, #1109, #1527, #974 ) ) ;
#1806 = CYLINDRICAL_SURFACE ( 'NONE', #3387, 9.999999999999998224 ) ;
#1807 = CARTESIAN_POINT ( 'NONE',  ( -12.50000000000002487, 67.95002665055244506, -38.00000000000000000 ) ) ;
#1808 = CARTESIAN_POINT ( 'NONE',  ( 12.49999999999997691, 80.95002665055245927, -38.00000000000000000 ) ) ;
#1809 = EDGE_CURVE ( 'NONE', #4550, #5720, #416, .T. ) ;
#1810 = CARTESIAN_POINT ( 'NONE',  ( -8.339404862628699178, 110.0000000000000000, 37.07363384586362542 ) ) ;
#1811 = CARTESIAN_POINT ( 'NONE',  ( -11.10293347851142798, 103.4038340324291738, 32.38604705674311646 ) ) ;
#1812 = CIRCLE ( 'NONE', #5265, 1.000000000000000888 ) ;
#1813 = FACE_OUTER_BOUND ( 'NONE', #4645, .T. ) ;
#1814 = CARTESIAN_POINT ( 'NONE',  ( -3.469446951953614189E-15, 110.0000000000000000, -27.13546265191242313 ) ) ;
#1815 = EDGE_CURVE ( 'NONE', #6467, #4446, #7812, .T. ) ;
#1816 =( BOUNDED_SURFACE ( )  B_SPLINE_SURFACE ( 3, 2, ( 
 ( #5028, #1878, #639 ),
 ( #5697, #11, #179 ),
 ( #2830, #5949, #843 ),
 ( #263, #2211, #2713 ),
 ( #5357, #6647, #2132 ),
 ( #1546, #4111, #1426 ),
 ( #963, #7776, #6527 ),
 ( #7192, #4571, #5399 ),
 ( #1503, #5906, #3332 ),
 ( #6606, #2796, #7935 ),
 ( #219, #5282, #3486 ),
 ( #4070, #6023, #3953 ),
 ( #340, #2089, #3369 ),
 ( #4029, #7109, #6488 ),
 ( #6565, #2758, #5869 ),
 ( #927, #5322, #807 ),
 ( #7819, #4656, #884 ),
 ( #5233, #4615, #3452 ) ),
 .UNSPECIFIED., .F., .F., .T. ) 
 B_SPLINE_SURFACE_WITH_KNOTS ( ( 4, 2, 2, 2, 2, 2, 2, 2, 4 ),
 ( 3, 3 ),
 ( 0.009965649778360273839, 0.01343514958618368185, 0.01690464939400709160, 0.02037414920183049788, 0.02384364900965390763, 0.02731314881747731738, 0.03078264862530072365, 0.03425214843312412993, 0.03772164824094754315 ),
 ( 0.000000000000000000, 1.000000000000000000 ),
 .UNSPECIFIED. ) 
 GEOMETRIC_REPRESENTATION_ITEM ( )  RATIONAL_B_SPLINE_SURFACE ( (
 ( 1.000000000000000000, 0.9279975443815918767, 1.000000000000000000),
 ( 1.000000000000000000, 0.9209930832332318129, 1.000000000000000000),
 ( 1.000000000000000000, 0.9144482892600489521, 1.000000000000000000),
 ( 1.000000000000000000, 0.9027709600961222325, 1.000000000000000000),
 ( 1.000000000000000000, 0.8976402609427857060, 1.000000000000000000),
 ( 1.000000000000000000, 0.8892163811832617393, 1.000000000000000000),
 ( 1.000000000000000000, 0.8859248568116125933, 1.000000000000000000),
 ( 1.000000000000000000, 0.8814867487825498449, 1.000000000000000000),
 ( 1.000000000000000000, 0.8803441999454592048, 1.000000000000000000),
 ( 1.000000000000000000, 0.8803375011826269914, 1.000000000000000000),
 ( 1.000000000000000000, 0.8814660938550707980, 1.000000000000000000),
 ( 1.000000000000000000, 0.8858669186948234797, 1.000000000000000000),
 ( 1.000000000000000000, 0.8891380208972218258, 1.000000000000000000),
 ( 1.000000000000000000, 0.8975431435316730822, 1.000000000000000000),
 ( 1.000000000000000000, 0.9026754717182231547, 1.000000000000000000),
 ( 1.000000000000000000, 0.9144070449188622662, 1.000000000000000000),
 ( 1.000000000000000000, 0.9210358855322277050, 1.000000000000000000),
 ( 1.000000000000000000, 0.9279975443815887681, 1.000000000000000000) ) ) 
 REPRESENTATION_ITEM ( '' )  SURFACE ( )  );
#1817 = ORIENTED_EDGE ( 'NONE', *, *, #5191, .F. ) ;
#1818 = CARTESIAN_POINT ( 'NONE',  ( 3.170955903122016473, 7.163633792220985619, 36.85171579144900278 ) ) ;
#1819 = DIRECTION ( 'NONE',  ( 0.8660254037844387076, 0.000000000000000000, -0.4999999999999997780 ) ) ;
#1820 = CARTESIAN_POINT ( 'NONE',  ( 12.49999999999997868, 110.0000000000000000, -24.53738644055912133 ) ) ;
#1821 = LINE ( 'NONE', #3147, #3404 ) ;
#1822 = VERTEX_POINT ( 'NONE', #7852 ) ;
#1823 = CARTESIAN_POINT ( 'NONE',  ( 0.000000000000000000, 110.0000000000000000, 0.000000000000000000 ) ) ;
#1824 = ORIENTED_EDGE ( 'NONE', *, *, #2338, .T. ) ;
#1825 = ORIENTED_EDGE ( 'NONE', *, *, #4796, .F. ) ;
#1826 = CARTESIAN_POINT ( 'NONE',  ( 18.11006087497002426, 110.0000000000000000, 16.00000000000000000 ) ) ;
#1827 = EDGE_CURVE ( 'NONE', #6541, #752, #916, .T. ) ;
#1828 = VECTOR ( 'NONE', #3532, 1000.000000000000000 ) ;
#1829 = CARTESIAN_POINT ( 'NONE',  ( -0.9055462538884988533, 105.8497714316641662, 37.10420917509205907 ) ) ;
#1830 = CARTESIAN_POINT ( 'NONE',  ( -23.06788903032459004, 107.0247856067930741, 25.36421609441233471 ) ) ;
#1831 = CARTESIAN_POINT ( 'NONE',  ( -3.500000000000010214, 48.67528175613146146, 34.22798536380060597 ) ) ;
#1832 = CARTESIAN_POINT ( 'NONE',  ( -31.06446126399887575, 105.5135983589379833, -20.12487716080963907 ) ) ;
#1833 = DIRECTION ( 'NONE',  ( -0.000000000000000000, -0.000000000000000000, 1.000000000000000000 ) ) ;
#1834 = ORIENTED_EDGE ( 'NONE', *, *, #5554, .T. ) ;
#1835 = CARTESIAN_POINT ( 'NONE',  ( -31.50000000000000711, -5.000000000000000000, -13.56773132595622400 ) ) ;
#1836 = ORIENTED_EDGE ( 'NONE', *, *, #1287, .F. ) ;
#1837 = CIRCLE ( 'NONE', #119, 3.499999999999999556 ) ;
#1838 = EDGE_LOOP ( 'NONE', ( #4492, #4531, #6697, #1094 ) ) ;
#1839 = FACE_OUTER_BOUND ( 'NONE', #6195, .T. ) ;
#1840 = ORIENTED_EDGE ( 'NONE', *, *, #3663, .F. ) ;
#1841 = DIRECTION ( 'NONE',  ( 0.8660254037844385966, 0.000000000000000000, 0.5000000000000002220 ) ) ;
#1842 = CIRCLE ( 'NONE', #258, 20.00000000000000000 ) ;
#1843 = CARTESIAN_POINT ( 'NONE',  ( 0.7397002155147669455, 110.0000000000439115, -37.99993946334319617 ) ) ;
#1844 = CARTESIAN_POINT ( 'NONE',  ( 38.00000000000000000, 175.0000000000000000, 12.49999999999998046 ) ) ;
#1845 = EDGE_LOOP ( 'NONE', ( #4030, #6901, #5106, #2152, #4039, #131, #6358, #6262, #3040, #2676, #721, #5837, #1732, #4167, #4682, #256, #4862, #4130, #5556, #2337, #6777, #7421, #1448, #3174, #580, #5222, #3426, #3204, #6107, #1597, #7677, #5071, #7284, #3346 ) ) ;
#1846 = EDGE_CURVE ( 'NONE', #5827, #1341, #7929, .T. ) ;
#1847 = AXIS2_PLACEMENT_3D ( 'NONE', #3565, #7969, #376 ) ;
#1848 = ORIENTED_EDGE ( 'NONE', *, *, #1583, .F. ) ;
#1849 = CARTESIAN_POINT ( 'NONE',  ( -3.500000000000010214, 48.67528175613146146, 33.22798536380059886 ) ) ;
#1850 = CARTESIAN_POINT ( 'NONE',  ( 36.53638037480051537, 110.0000000001691802, 10.48118362091912914 ) ) ;
#1851 = CARTESIAN_POINT ( 'NONE',  ( 29.61275668941107853, 107.6511012311465265, -21.54374304171934185 ) ) ;
#1852 = CARTESIAN_POINT ( 'NONE',  ( -16.00000000000000000, 110.0000000000000000, 17.00000000000000000 ) ) ;
#1853 = CARTESIAN_POINT ( 'NONE',  ( -14.75730584316622007, 101.6887210729898356, 30.16233353463929134 ) ) ;
#1854 = VECTOR ( 'NONE', #3972, 1000.000000000000000 ) ;
#1855 = EDGE_CURVE ( 'NONE', #3571, #3550, #4768, .T. ) ;
#1856 = CARTESIAN_POINT ( 'NONE',  ( -29.71344684510752643, 109.9999999999789537, -23.69762102823031569 ) ) ;
#1857 = DIRECTION ( 'NONE',  ( 0.000000000000000000, 0.000000000000000000, -1.000000000000000000 ) ) ;
#1858 = EDGE_CURVE ( 'NONE', #7466, #2327, #2643, .T. ) ;
#1859 = VECTOR ( 'NONE', #2721, 1000.000000000000227 ) ;
#1860 = ORIENTED_EDGE ( 'NONE', *, *, #6043, .T. ) ;
#1861 = CARTESIAN_POINT ( 'NONE',  ( -20.63754351694224809, 25.43684963023154566, -50.59755934062415150 ) ) ;
#1862 = LINE ( 'NONE', #6175, #6338 ) ;
#1863 = B_SPLINE_CURVE_WITH_KNOTS ( 'NONE', 3,
 ( #4600, #745, #7008, #7759, #3979, #2570, #3272, #3803, #201, #3849, #36, #3225, #6513, #2740, #5134, #5760, #5809, #1986, #6383, #3355 ),
 .UNSPECIFIED., .F., .F.,
 ( 4, 2, 2, 2, 2, 2, 2, 2, 2, 4 ),
 ( 0.000000000000000000, 0.001459108000749964303, 0.002918216001499928606, 0.004377324002249893126, 0.005106878002624874735, 0.005836432002999857212, 0.007295540003749821298, 0.008754648004499786251, 0.01021375600524974947, 0.01167286400599971442 ),
 .UNSPECIFIED. ) ;
#1864 = DIRECTION ( 'NONE',  ( 0.000000000000000000, 0.000000000000000000, -1.000000000000000000 ) ) ;
#1865 = CARTESIAN_POINT ( 'NONE',  ( -12.50000000000002487, 85.95002665055245927, -24.53738644055908935 ) ) ;
#1866 = EDGE_LOOP ( 'NONE', ( #3967, #3152, #7824, #5582 ) ) ;
#1867 = EDGE_CURVE ( 'NONE', #264, #3433, #6932, .T. ) ;
#1868 = DIRECTION ( 'NONE',  ( 0.000000000000000000, 0.000000000000000000, 1.000000000000000000 ) ) ;
#1869 =( BOUNDED_CURVE ( )  B_SPLINE_CURVE ( 3, ( #5063, #3114, #1208, #5606, #549, #6395, #1293 ),
 .UNSPECIFIED., .F., .F. ) 
 B_SPLINE_CURVE_WITH_KNOTS ( ( 4, 3, 4 ),
 ( 3.888729473373581325, 6.283185307179586232, 8.677641140985590695 ),
 .UNSPECIFIED. ) 
 CURVE ( )  GEOMETRIC_REPRESENTATION_ITEM ( )  RATIONAL_B_SPLINE_CURVE ( ( 1.000000000000000000, 0.5766266991369453088, 0.5766266991369453088, 1.000000000000000000, 0.5766266991369454198, 0.5766266991369454198, 1.000000000000000000 ) ) 
 REPRESENTATION_ITEM ( '' )  );
#1870 = ORIENTED_EDGE ( 'NONE', *, *, #1068, .F. ) ;
#1871 = EDGE_LOOP ( 'NONE', ( #4373, #6319, #3077, #8151, #6248, #4981 ) ) ;
#1872 = CARTESIAN_POINT ( 'NONE',  ( 27.49999999999999645, 110.0000000000000000, 15.87713240271472159 ) ) ;
#1873 = CARTESIAN_POINT ( 'NONE',  ( -7.013896763491716868, 110.0000000000181473, 37.35331789611652198 ) ) ;
#1874 = DIRECTION ( 'NONE',  ( 0.000000000000000000, 0.000000000000000000, -1.000000000000000000 ) ) ;
#1875 = CYLINDRICAL_SURFACE ( 'NONE', #5902, 9.999999999999998224 ) ;
#1876 = CARTESIAN_POINT ( 'NONE',  ( 3.499999999999996003, 51.19122902904495476, -35.16533991401915671 ) ) ;
#1877 = ORIENTED_EDGE ( 'NONE', *, *, #7079, .T. ) ;
#1878 = CARTESIAN_POINT ( 'NONE',  ( 27.36713547119623158, 107.2580183663584847, -22.88204500446083145 ) ) ;
#1879 = ORIENTED_EDGE ( 'NONE', *, *, #4084, .T. ) ;
#1880 = EDGE_CURVE ( 'NONE', #600, #5026, #4685, .T. ) ;
#1881 = ORIENTED_EDGE ( 'NONE', *, *, #1526, .F. ) ;
#1882 = PLANE ( 'NONE',  #5492 ) ;
#1883 = ORIENTED_EDGE ( 'NONE', *, *, #6742, .F. ) ;
#1884 = DIRECTION ( 'NONE',  ( -0.000000000000000000, 1.000000000000000000, -0.000000000000000000 ) ) ;
#1885 = LINE ( 'NONE', #3209, #3987 ) ;
#1886 = CARTESIAN_POINT ( 'NONE',  ( -2.912702927882211237E-17, 67.95002665055244506, -38.68246803570493597 ) ) ;
#1887 = EDGE_LOOP ( 'NONE', ( #3585, #964, #2056, #1684 ) ) ;
#1888 = VERTEX_POINT ( 'NONE', #1579 ) ;
#1889 = CARTESIAN_POINT ( 'NONE',  ( -33.55514580260723534, 107.3148983700230445, 12.76289306426988368 ) ) ;
#1890 = CARTESIAN_POINT ( 'NONE',  ( 33.50000000000000000, 101.6484425686766002, 1.151743217888928417 ) ) ;
#1891 = EDGE_CURVE ( 'NONE', #2379, #5734, #298, .T. ) ;
#1892 = DIRECTION ( 'NONE',  ( -1.000000000000000000, -0.000000000000000000, -0.000000000000000000 ) ) ;
#1893 = CARTESIAN_POINT ( 'NONE',  ( -14.75730584316622007, 101.6887210729898356, 30.16233353463929134 ) ) ;
#1894 = CARTESIAN_POINT ( 'NONE',  ( -8.881605191119005482, 103.4833428304225436, 33.62577529462368631 ) ) ;
#1895 = DIRECTION ( 'NONE',  ( -1.000000000000000000, 0.000000000000000000, 0.000000000000000000 ) ) ;
#1896 = CARTESIAN_POINT ( 'NONE',  ( -16.00000000000000000, 115.0000000000000000, -16.00000000000000000 ) ) ;
#1897 = ORIENTED_EDGE ( 'NONE', *, *, #1723, .F. ) ;
#1898 = ADVANCED_FACE ( 'NONE', ( #5352 ), #2206, .T. ) ;
#1899 = DIRECTION ( 'NONE',  ( -0.000000000000000000, -0.000000000000000000, -1.000000000000000000 ) ) ;
#1900 = CARTESIAN_POINT ( 'NONE',  ( -36.27641115243469727, 110.0000000000000000, -11.31468045945229406 ) ) ;
#1901 = EDGE_CURVE ( 'NONE', #2193, #4478, #1619, .T. ) ;
#1902 = CARTESIAN_POINT ( 'NONE',  ( 12.49999999999997691, 67.95002665055244506, -38.00000000000000000 ) ) ;
#1903 = CARTESIAN_POINT ( 'NONE',  ( -33.50000000000000711, 103.4621466860844947, -13.56773132595622400 ) ) ;
#1904 = ORIENTED_EDGE ( 'NONE', *, *, #5349, .T. ) ;
#1905 = CARTESIAN_POINT ( 'NONE',  ( -26.58281224685482158, 102.7957765528996532, -23.33487422916603293 ) ) ;
#1906 = ORIENTED_EDGE ( 'NONE', *, *, #4705, .F. ) ;
#1907 = CARTESIAN_POINT ( 'NONE',  ( 28.50000000000001066, -3.000000000000000000, 22.22798536380060952 ) ) ;
#1908 = CARTESIAN_POINT ( 'NONE',  ( -1.563465860214798386, 105.6332138448352111, 37.01496440145815825 ) ) ;
#1909 = CARTESIAN_POINT ( 'NONE',  ( 33.50000000000000000, 67.95002665055244506, -19.34123401785247509 ) ) ;
#1910 = AXIS2_PLACEMENT_3D ( 'NONE', #6597, #2121, #7099 ) ;
#1911 = CARTESIAN_POINT ( 'NONE',  ( 4.999999999999993783, 5.672675879974220514, -35.79571668975681575 ) ) ;
#1912 = CARTESIAN_POINT ( 'NONE',  ( -35.88523373199622313, 169.9999999999999716, -12.50000000000002132 ) ) ;
#1913 = ORIENTED_EDGE ( 'NONE', *, *, #3835, .F. ) ;
#1914 = CARTESIAN_POINT ( 'NONE',  ( 18.11006087497002426, 115.0000000000000000, 16.00000000000000000 ) ) ;
#1915 = EDGE_LOOP ( 'NONE', ( #4939, #6665, #3792, #4648 ) ) ;
#1916 = AXIS2_PLACEMENT_3D ( 'NONE', #7611, #1918, #2592 ) ;
#1917 = VERTEX_POINT ( 'NONE', #5551 ) ;
#1918 = DIRECTION ( 'NONE',  ( -1.000000000000000000, -0.000000000000000000, -0.000000000000000000 ) ) ;
#1919 = VERTEX_POINT ( 'NONE', #1695 ) ;
#1920 = EDGE_CURVE ( 'NONE', #7965, #5907, #1837, .T. ) ;
#1921 = CARTESIAN_POINT ( 'NONE',  ( -28.84962688290053379, 103.7403997830039657, 22.02612818884205481 ) ) ;
#1922 = DIRECTION ( 'NONE',  ( 0.000000000000000000, 0.000000000000000000, 1.000000000000000000 ) ) ;
#1923 = CARTESIAN_POINT ( 'NONE',  ( 0.000000000000000000, 110.0000000000000000, 0.000000000000000000 ) ) ;
#1924 = AXIS2_PLACEMENT_3D ( 'NONE', #1018, #941, #7246 ) ;
#1925 = CARTESIAN_POINT ( 'NONE',  ( 4.289321044496978708, 104.0180947221853955, -36.17799847348710074 ) ) ;
#1926 = VERTEX_POINT ( 'NONE', #3759 ) ;
#1927 = VECTOR ( 'NONE', #3094, 1000.000000000000000 ) ;
#1928 = ORIENTED_EDGE ( 'NONE', *, *, #3551, .T. ) ;
#1929 = ORIENTED_EDGE ( 'NONE', *, *, #1827, .F. ) ;
#1930 = AXIS2_PLACEMENT_3D ( 'NONE', #3502, #4126, #1520 ) ;
#1931 = AXIS2_PLACEMENT_3D ( 'NONE', #2387, #6086, #404 ) ;
#1932 = CARTESIAN_POINT ( 'NONE',  ( -29.71344684509643130, 109.9999999999791953, 23.69762102824399363 ) ) ;
#1933 = CARTESIAN_POINT ( 'NONE',  ( 0.000000000000000000, 110.0000000000000000, 0.000000000000000000 ) ) ;
#1934 = EDGE_CURVE ( 'NONE', #2822, #2588, #6259, .T. ) ;
#1935 = CARTESIAN_POINT ( 'NONE',  ( -28.50000000000000000, 103.4621466860844947, -22.22798536380060952 ) ) ;
#1936 = DIRECTION ( 'NONE',  ( 0.000000000000000000, -3.384826294588891940E-16, 1.000000000000000000 ) ) ;
#1937 = DIRECTION ( 'NONE',  ( 0.000000000000000000, -1.301042606982605321E-16, -1.000000000000000000 ) ) ;
#1938 = CARTESIAN_POINT ( 'NONE',  ( -12.50000000000002487, 67.95002665055244506, -38.00000000000000000 ) ) ;
#1939 = AXIS2_PLACEMENT_3D ( 'NONE', #3287, #3411, #925 ) ;
#1940 = LINE ( 'NONE', #4469, #1415 ) ;
#1941 = ORIENTED_EDGE ( 'NONE', *, *, #7895, .F. ) ;
#1942 = CARTESIAN_POINT ( 'NONE',  ( 33.50000000000000000, 103.7411725120713584, -13.97256681995614080 ) ) ;
#1943 = DIRECTION ( 'NONE',  ( -0.8660254037844387076, 0.000000000000000000, -0.4999999999999999445 ) ) ;
#1944 = VECTOR ( 'NONE', #670, 1000.000000000000114 ) ;
#1945 = CIRCLE ( 'NONE', #485, 9.999999999999998224 ) ;
#1946 = PLANE ( 'NONE',  #7956 ) ;
#1947 = DIRECTION ( 'NONE',  ( -0.8660254037844389297, 0.000000000000000000, 0.4999999999999995004 ) ) ;
#1948 = ORIENTED_EDGE ( 'NONE', *, *, #2827, .T. ) ;
#1949 = DIRECTION ( 'NONE',  ( 0.000000000000000000, 1.000000000000000000, 0.000000000000000000 ) ) ;
#1950 = ADVANCED_FACE ( 'NONE', ( #4844 ), #7460, .F. ) ;
#1951 =( GEOMETRIC_REPRESENTATION_CONTEXT ( 3 ) GLOBAL_UNCERTAINTY_ASSIGNED_CONTEXT ( ( #1129 ) ) GLOBAL_UNIT_ASSIGNED_CONTEXT ( ( #4992, #7531, #4410 ) ) REPRESENTATION_CONTEXT ( 'NONE', 'WORKASPACE' ) );
#1952 = ORIENTED_EDGE ( 'NONE', *, *, #7644, .T. ) ;
#1953 = CARTESIAN_POINT ( 'NONE',  ( -16.00000000000000000, 110.0000000000000000, 15.00000000000000000 ) ) ;
#1954 = LINE ( 'NONE', #5774, #130 ) ;
#1955 = CARTESIAN_POINT ( 'NONE',  ( -33.50000000000000711, 103.4621466860844947, 13.56773132595621689 ) ) ;
#1956 = CARTESIAN_POINT ( 'NONE',  ( 3.499999999999996003, 100.3836394426650855, -30.07581878962261968 ) ) ;
#1957 = DIRECTION ( 'NONE',  ( 0.000000000000000000, 0.1208150920878809098, -0.9926750291630169754 ) ) ;
#1958 = ORIENTED_EDGE ( 'NONE', *, *, #8083, .F. ) ;
#1959 = CARTESIAN_POINT ( 'NONE',  ( 27.55655206601146645, 103.0867217396988309, 22.77268528245529566 ) ) ;
#1960 = ORIENTED_EDGE ( 'NONE', *, *, #7079, .F. ) ;
#1961 = EDGE_CURVE ( 'NONE', #1545, #3833, #5820, .T. ) ;
#1962 = AXIS2_PLACEMENT_3D ( 'NONE', #888, #6683, #2214 ) ;
#1963 = ORIENTED_EDGE ( 'NONE', *, *, #4911, .T. ) ;
#1964 = DIRECTION ( 'NONE',  ( 0.8660254037844384856, 0.000000000000000000, 0.5000000000000001110 ) ) ;
#1965 = VERTEX_POINT ( 'NONE', #1237 ) ;
#1966 = LINE ( 'NONE', #2514, #3916 ) ;
#1967 = PERSON_AND_ORGANIZATION ( #18446744073709551615, #5642 ) ;
#1968 = FACE_OUTER_BOUND ( 'NONE', #6596, .T. ) ;
#1969 = CARTESIAN_POINT ( 'NONE',  ( 25.35553207063915337, 102.4976369047727047, -24.04344476927523644 ) ) ;
#1970 = VERTEX_POINT ( 'NONE', #2358 ) ;
#1971 = VECTOR ( 'NONE', #257, 1000.000000000000000 ) ;
#1972 = ORIENTED_EDGE ( 'NONE', *, *, #1758, .T. ) ;
#1973 = EDGE_CURVE ( 'NONE', #5167, #3370, #6797, .T. ) ;
#1974 = ORIENTED_EDGE ( 'NONE', *, *, #5350, .T. ) ;
#1975 = AXIS2_PLACEMENT_3D ( 'NONE', #3197, #7431, #1374 ) ;
#1976 = CARTESIAN_POINT ( 'NONE',  ( -30.97298180615047158, 110.0000000000048175, 22.01817392159640363 ) ) ;
#1977 = DIRECTION ( 'NONE',  ( 0.000000000000000000, 1.000000000000000000, 0.000000000000000000 ) ) ;
#1978 = DIRECTION ( 'NONE',  ( -1.000000000000000000, -0.000000000000000000, -0.000000000000000000 ) ) ;
#1979 = CARTESIAN_POINT ( 'NONE',  ( 36.27641115243481806, 110.0000000000000000, -11.31468045945190504 ) ) ;
#1980 = CARTESIAN_POINT ( 'NONE',  ( 3.499999999999996003, 97.07832394846914781, -34.47182714764789324 ) ) ;
#1981 = DIRECTION ( 'NONE',  ( 0.000000000000000000, 0.000000000000000000, 1.000000000000000000 ) ) ;
#1982 = AXIS2_PLACEMENT_3D ( 'NONE', #7772, #7061, #3898 ) ;
#1983 = CARTESIAN_POINT ( 'NONE',  ( -1.044870271209150442E-14, 62.95002665055243796, 31.75426480542942187 ) ) ;
#1984 = ADVANCED_FACE ( 'NONE', ( #1196 ), #6921, .F. ) ;
#1985 = ORIENTED_EDGE ( 'NONE', *, *, #366, .T. ) ;
#1986 = CARTESIAN_POINT ( 'NONE',  ( -4.288516099972031093, 104.0187150697393577, 36.17840127101284509 ) ) ;
#1987 = CARTESIAN_POINT ( 'NONE',  ( 6.499999999999992006, 48.67528175613146146, -34.22798536380060597 ) ) ;
#1988 = CIRCLE ( 'NONE', #7420, 10.00000000000000000 ) ;
#1989 = CARTESIAN_POINT ( 'NONE',  ( -4.741963672924470963, 102.2175564958921825, -35.94469403265458141 ) ) ;
#1990 = DIRECTION ( 'NONE',  ( 1.000000000000000000, -0.000000000000000000, -1.849002583061117992E-16 ) ) ;
#1991 = PLANE ( 'NONE',  #764 ) ;
#1992 = EDGE_LOOP ( 'NONE', ( #5149, #2390, #6096, #5341 ) ) ;
#1993 = DIRECTION ( 'NONE',  ( 0.000000000000000000, -1.000000000000000000, -0.000000000000000000 ) ) ;
#1994 = AXIS2_PLACEMENT_3D ( 'NONE', #1133, #4329, #3660 ) ;
#1995 = EDGE_LOOP ( 'NONE', ( #2807, #4666, #4684, #1312, #8050, #4703, #2911, #5303 ) ) ;
#1996 = LINE ( 'NONE', #5819, #2232 ) ;
#1997 = DIRECTION ( 'NONE',  ( -0.000000000000000000, 1.000000000000000000, -0.000000000000000000 ) ) ;
#1998 = PLANE ( 'NONE',  #4869 ) ;
#1999 = EDGE_CURVE ( 'NONE', #4660, #3368, #6741, .T. ) ;
#2000 = CARTESIAN_POINT ( 'NONE',  ( 23.50000000000000000, 110.0000000000000000, -13.56773132595622045 ) ) ;
#2001 = CIRCLE ( 'NONE', #7300, 2.000000000000000444 ) ;
#2002 = CARTESIAN_POINT ( 'NONE',  ( -3.509618943233419053, 100.0000000000000000, -29.72798536380060241 ) ) ;
#2003 = VERTEX_POINT ( 'NONE', #7384 ) ;
#2004 =( BOUNDED_SURFACE ( )  B_SPLINE_SURFACE ( 3, 2, ( 
 ( #289, #868, #3555 ),
 ( #2235, #6092, #2817 ),
 ( #7295, #1612, #4798 ),
 ( #4133, #1572, #7962 ),
 ( #2156, #4055, #3512 ),
 ( #5306, #4017, #4095 ),
 ( #2897, #4679, #7880 ),
 ( #5425, #409, #5344 ),
 ( #2196, #7215, #249 ),
 ( #2275, #7845, #7333 ),
 ( #1649, #2936, #5460 ),
 ( #4720, #4642, #7178 ),
 ( #1491, #6551, #7257 ),
 ( #7415, #4336, #1098 ),
 ( #6753, #5586, #3093 ),
 ( #3668, #1851, #6290 ),
 ( #3715, #5541, #4378 ),
 ( #6251, #6913, #569 ),
 ( #6871, #526, #3136 ),
 ( #3628, #3011, #6129 ) ),
 .UNSPECIFIED., .F., .F., .F. ) 
 B_SPLINE_SURFACE_WITH_KNOTS ( ( 4, 2, 2, 2, 2, 2, 2, 2, 2, 4 ),
 ( 3, 3 ),
 ( 0.01869760982556356935, 0.02138880736877029481, 0.02408000491197701681, 0.02677120245518374228, 0.02946239999839046775, 0.03215359754159718975, 0.03349919631320055768, 0.03484479508480391868, 0.03753599262801064762, 0.04022719017121736962 ),
 ( 0.000000000000000000, 1.000000000000000000 ),
 .UNSPECIFIED. ) 
 GEOMETRIC_REPRESENTATION_ITEM ( )  RATIONAL_B_SPLINE_SURFACE ( (
 ( 1.000000000000000000, 0.9279975443815888791, 1.000000000000000000),
 ( 1.000000000000000000, 0.9360061951465689090, 1.000000000000000000),
 ( 1.000000000000000000, 0.9430791429130257475, 1.000000000000000000),
 ( 1.000000000000000000, 0.9554085820975822818, 1.000000000000000000),
 ( 1.000000000000000000, 0.9606798265835978512, 1.000000000000000000),
 ( 1.000000000000000000, 0.9692921343163042325, 1.000000000000000000),
 ( 1.000000000000000000, 0.9725534326878748637, 1.000000000000000000),
 ( 1.000000000000000000, 0.9769770899098293437, 1.000000000000000000),
 ( 1.000000000000000000, 0.9781406239486120091, 1.000000000000000000),
 ( 1.000000000000000000, 0.9781549245343229559, 1.000000000000000000),
 ( 1.000000000000000000, 0.9770043683341811391, 1.000000000000000000),
 ( 1.000000000000000000, 0.9736911517005736316, 1.000000000000000000),
 ( 1.000000000000000000, 0.9723204763168317166, 1.000000000000000000),
 ( 1.000000000000000000, 0.9690520316975222981, 1.000000000000000000),
 ( 1.000000000000000000, 0.9671461770174527572, 1.000000000000000000),
 ( 1.000000000000000000, 0.9606876576569802761, 1.000000000000000000),
 ( 1.000000000000000000, 0.9554381267591304239, 1.000000000000000000),
 ( 1.000000000000000000, 0.9431112669878786159, 1.000000000000000000),
 ( 1.000000000000000000, 0.9360304610775953549, 1.000000000000000000),
 ( 1.000000000000000000, 0.9279975443815891012, 1.000000000000000000) ) ) 
 REPRESENTATION_ITEM ( '' )  SURFACE ( )  );
#2005 = DIRECTION ( 'NONE',  ( 0.000000000000000000, -0.8993531712388834753, 0.4372229104044794701 ) ) ;
#2006 = ORIENTED_EDGE ( 'NONE', *, *, #7941, .F. ) ;
#2007 = ORIENTED_EDGE ( 'NONE', *, *, #7658, .F. ) ;
#2008 = CARTESIAN_POINT ( 'NONE',  ( 4.999999999999992895, 71.95002665055244506, -35.79571668975681575 ) ) ;
#2009 = ORIENTED_EDGE ( 'NONE', *, *, #6520, .F. ) ;
#2010 = CYLINDRICAL_SURFACE ( 'NONE', #7365, 2.000000000000000888 ) ;
#2011 = EDGE_CURVE ( 'NONE', #3292, #6399, #1105, .T. ) ;
#2012 = CALENDAR_DATE ( 2026, 9, 1 ) ;
#2013 = DIRECTION ( 'NONE',  ( -0.8660254037844384856, 0.000000000000000000, -0.5000000000000001110 ) ) ;
#2014 = DIRECTION ( 'NONE',  ( 0.000000000000000000, 0.000000000000000000, 1.000000000000000000 ) ) ;
#2015 = ORIENTED_EDGE ( 'NONE', *, *, #4435, .T. ) ;
#2016 = EDGE_LOOP ( 'NONE', ( #2168, #5666, #6674, #5464, #5767, #4843 ) ) ;
#2017 = VERTEX_POINT ( 'NONE', #3062 ) ;
#2018 = CARTESIAN_POINT ( 'NONE',  ( -28.39730152219411607, 109.9999999999864002, 25.25973780843638750 ) ) ;
#2019 = CARTESIAN_POINT ( 'NONE',  ( 36.77788327300191185, 110.0000000000635794, -9.604924151597018067 ) ) ;
#2020 = LINE ( 'NONE', #5845, #7290 ) ;
#2021 = DIRECTION ( 'NONE',  ( 0.000000000000000000, 0.000000000000000000, -1.000000000000000000 ) ) ;
#2022 = CARTESIAN_POINT ( 'NONE',  ( 4.999999999999993783, -3.000000000000002665, -35.79571668975681575 ) ) ;
#2023 = CARTESIAN_POINT ( 'NONE',  ( -3.500000000000010214, 100.0000000000000000, -32.22798536380059886 ) ) ;
#2024 = ORIENTED_EDGE ( 'NONE', *, *, #4458, .F. ) ;
#2025 = ORIENTED_EDGE ( 'NONE', *, *, #7738, .T. ) ;
#2026 = CARTESIAN_POINT ( 'NONE',  ( 31.48843032336326431, 105.7504819064264865, -19.58751687574267919 ) ) ;
#2027 = CARTESIAN_POINT ( 'NONE',  ( 3.499999999999996003, 4.890268993415121557, -30.06057953909446212 ) ) ;
#2028 = ADVANCED_FACE ( 'NONE', ( #4222 ), #4302, .F. ) ;
#2029 = CARTESIAN_POINT ( 'NONE',  ( -5.000000000000011546, 110.0000000000000000, 35.79571668975681575 ) ) ;
#2030 = LINE ( 'NONE', #3229, #1601 ) ;
#2031 = EDGE_CURVE ( 'NONE', #137, #1405, #4805, .T. ) ;
#2032 = LINE ( 'NONE', #7847, #3790 ) ;
#2033 = ORIENTED_EDGE ( 'NONE', *, *, #5898, .F. ) ;
#2034 = CARTESIAN_POINT ( 'NONE',  ( 12.49999999999998046, 85.95002665055245927, 24.53738644055910711 ) ) ;
#2035 = VERTEX_POINT ( 'NONE', #4387 ) ;
#2036 = CARTESIAN_POINT ( 'NONE',  ( 27.00000000000000355, 105.0000000000000142, 0.000000000000000000 ) ) ;
#2037 = DIRECTION ( 'NONE',  ( 1.000000000000000000, -0.000000000000000000, -0.000000000000000000 ) ) ;
#2038 = CARTESIAN_POINT ( 'NONE',  ( -23.67487626947740154, 102.1624521163274579, 25.01377184849107849 ) ) ;
#2039 = FACE_OUTER_BOUND ( 'NONE', #3738, .T. ) ;
#2040 = EDGE_CURVE ( 'NONE', #7153, #6104, #4922, .T. ) ;
#2041 = CARTESIAN_POINT ( 'NONE',  ( 31.50000000000000711, -5.000000000000000000, 13.56773132595620623 ) ) ;
#2042 = ORIENTED_EDGE ( 'NONE', *, *, #2816, .T. ) ;
#2043 = CARTESIAN_POINT ( 'NONE',  ( -28.50000000000001066, 110.0000000000000000, 22.22798536380060241 ) ) ;
#2044 = ORIENTED_EDGE ( 'NONE', *, *, #423, .T. ) ;
#2045 = ORIENTED_EDGE ( 'NONE', *, *, #995, .F. ) ;
#2046 = CARTESIAN_POINT ( 'NONE',  ( 3.499999999999996003, 46.15933448321797528, 31.29063081358204812 ) ) ;
#2047 = ORIENTED_EDGE ( 'NONE', *, *, #2944, .F. ) ;
#2048 = AXIS2_PLACEMENT_3D ( 'NONE', #1823, #7810, #7263 ) ;
#2049 = DIRECTION ( 'NONE',  ( -0.000000000000000000, -1.000000000000000000, -0.000000000000000000 ) ) ;
#2050 = CARTESIAN_POINT ( 'NONE',  ( 4.999999999999993783, 98.83907250709619063, -35.79571668975681575 ) ) ;
#2051 = DIRECTION ( 'NONE',  ( 0.000000000000000000, 0.000000000000000000, 1.000000000000000000 ) ) ;
#2052 = ORIENTED_EDGE ( 'NONE', *, *, #4713, .F. ) ;
#2053 = VERTEX_POINT ( 'NONE', #7506 ) ;
#2054 = AXIS2_PLACEMENT_3D ( 'NONE', #144, #3205, #99 ) ;
#2055 = EDGE_CURVE ( 'NONE', #7516, #929, #3965, .T. ) ;
#2056 = ORIENTED_EDGE ( 'NONE', *, *, #390, .F. ) ;
#2057 = CARTESIAN_POINT ( 'NONE',  ( -33.09216959183826390, 107.9068563916696633, 16.48859223491761838 ) ) ;
#2058 = AXIS2_PLACEMENT_3D ( 'NONE', #7331, #3510, #949 ) ;
#2059 = CARTESIAN_POINT ( 'NONE',  ( 8.339404862628292392, 110.0000000000000000, 37.07363384586371069 ) ) ;
#2060 = AXIS2_PLACEMENT_3D ( 'NONE', #5846, #157, #4592 ) ;
#2061 = CARTESIAN_POINT ( 'NONE',  ( -1.214388735765139504, 105.7519207727546728, -37.06412417416539995 ) ) ;
#2062 = CARTESIAN_POINT ( 'NONE',  ( -15.91316929211894227, 101.6415516699956072, 29.49499546123998783 ) ) ;
#2063 = CARTESIAN_POINT ( 'NONE',  ( 4.999999999999993783, 103.4621466860844805, -35.79571668975681575 ) ) ;
#2064 = CARTESIAN_POINT ( 'NONE',  ( 38.00000000000000000, 169.9999999999999716, -12.50000000000002132 ) ) ;
#2065 = CIRCLE ( 'NONE', #5501, 1.000000000000000888 ) ;
#2066 = EDGE_CURVE ( 'NONE', #2978, #4004, #7272, .T. ) ;
#2067 = VECTOR ( 'NONE', #6498, 1000.000000000000000 ) ;
#2068 = VERTEX_POINT ( 'NONE', #5010 ) ;
#2069 = ORIENTED_EDGE ( 'NONE', *, *, #1437, .T. ) ;
#2070 = CARTESIAN_POINT ( 'NONE',  ( -6.314882820226580762, 102.9965023232056467, -35.03656873954617623 ) ) ;
#2071 = EDGE_CURVE ( 'NONE', #1487, #5120, #4871, .T. ) ;
#2072 = DIRECTION ( 'NONE',  ( -1.000000000000000000, -0.000000000000000000, -0.000000000000000000 ) ) ;
#2073 = DIRECTION ( 'NONE',  ( 0.000000000000000000, 0.000000000000000000, 1.000000000000000000 ) ) ;
#2074 = VECTOR ( 'NONE', #3959, 1000.000000000000000 ) ;
#2075 = CARTESIAN_POINT ( 'NONE',  ( -3.506411780512262766, 100.1314528035831302, -29.72983702006100160 ) ) ;
#2076 = VECTOR ( 'NONE', #2460, 1000.000000000000227 ) ;
#2077 = DIRECTION ( 'NONE',  ( 0.000000000000000000, 0.000000000000000000, 1.000000000000000000 ) ) ;
#2078 = ORIENTED_EDGE ( 'NONE', *, *, #903, .T. ) ;
#2079 = EDGE_CURVE ( 'NONE', #2955, #6119, #1862, .T. ) ;
#2080 = CIRCLE ( 'NONE', #6712, 33.00000000000000000 ) ;
#2081 = VECTOR ( 'NONE', #2974, 1000.000000000000000 ) ;
#2082 = ORIENTED_EDGE ( 'NONE', *, *, #797, .F. ) ;
#2083 = LINE ( 'NONE', #4523, #3300 ) ;
#2084 = FACE_OUTER_BOUND ( 'NONE', #4996, .T. ) ;
#2085 = CYLINDRICAL_SURFACE ( 'NONE', #5235, 1.000000000000000888 ) ;
#2086 = LINE ( 'NONE', #2041, #2996 ) ;
#2087 = VERTEX_POINT ( 'NONE', #2701 ) ;
#2088 = AXIS2_PLACEMENT_3D ( 'NONE', #7047, #117, #3423 ) ;
#2089 = CARTESIAN_POINT ( 'NONE',  ( 12.22957444121847637, 107.0190482527000313, -31.62171993998897790 ) ) ;
#2090 = ORIENTED_EDGE ( 'NONE', *, *, #3839, .F. ) ;
#2091 = EDGE_CURVE ( 'NONE', #7209, #1664, #4601, .T. ) ;
#2092 = ORIENTED_EDGE ( 'NONE', *, *, #5230, .F. ) ;
#2093 = CARTESIAN_POINT ( 'NONE',  ( -3.512828652905694238, 100.0657655464050748, 29.72613223705729624 ) ) ;
#2094 = ORIENTED_EDGE ( 'NONE', *, *, #3964, .T. ) ;
#2095 = FACE_OUTER_BOUND ( 'NONE', #8081, .T. ) ;
#2096 = CARTESIAN_POINT ( 'NONE',  ( -11.57899662505124461, 93.52084130095288117, 31.99733121728583995 ) ) ;
#2097 = CARTESIAN_POINT ( 'NONE',  ( 3.999999999999984457, -3.000000000000002665, 34.06366588218793368 ) ) ;
#2098 = ORIENTED_EDGE ( 'NONE', *, *, #6316, .T. ) ;
#2099 = ORIENTED_EDGE ( 'NONE', *, *, #7844, .F. ) ;
#2100 = AXIS2_PLACEMENT_3D ( 'NONE', #585, #4975, #5060 ) ;
#2101 = ORIENTED_EDGE ( 'NONE', *, *, #4787, .T. ) ;
#2102 = DIRECTION ( 'NONE',  ( -0.000000000000000000, -1.000000000000000000, -0.000000000000000000 ) ) ;
#2103 = FACE_BOUND ( 'NONE', #6239, .T. ) ;
#2104 = AXIS2_PLACEMENT_3D ( 'NONE', #8125, #5636, #8044 ) ;
#2105 = CARTESIAN_POINT ( 'NONE',  ( -6.132864528803834148, 107.2580183663584705, -35.14165704909657251 ) ) ;
#2106 = DIRECTION ( 'NONE',  ( -0.000000000000000000, -0.000000000000000000, 1.000000000000000000 ) ) ;
#2107 = EDGE_CURVE ( 'NONE', #4395, #4092, #1281, .T. ) ;
#2108 = CARTESIAN_POINT ( 'NONE',  ( -12.50000000000002309, 85.95002665055245927, 24.53738644055909646 ) ) ;
#2109 = AXIS2_PLACEMENT_3D ( 'NONE', #7265, #4104, #3480 ) ;
#2110 = ORIENTED_EDGE ( 'NONE', *, *, #4793, .T. ) ;
#2111 = ORIENTED_EDGE ( 'NONE', *, *, #4987, .T. ) ;
#2112 = DIRECTION ( 'NONE',  ( 0.000000000000000000, -0.8283227331462885701, -0.5602512380647296508 ) ) ;
#2113 = CARTESIAN_POINT ( 'NONE',  ( 3.499999999999996003, 97.07832394846914781, -34.47182714764789324 ) ) ;
#2114 = DIRECTION ( 'NONE',  ( 0.000000000000000000, 1.000000000000000000, 0.000000000000000000 ) ) ;
#2115 = EDGE_CURVE ( 'NONE', #5581, #7800, #6514, .T. ) ;
#2116 = LINE ( 'NONE', #3358, #6363 ) ;
#2117 = AXIS2_PLACEMENT_3D ( 'NONE', #5043, #1354, #1395 ) ;
#2118 = CYLINDRICAL_SURFACE ( 'NONE', #3657, 1.000000000000000888 ) ;
#2119 = ORIENTED_EDGE ( 'NONE', *, *, #7798, .F. ) ;
#2120 = PRODUCT_DEFINITION_SHAPE ( 'NONE', 'NONE',  #1 ) ;
#2121 = DIRECTION ( 'NONE',  ( 1.531570873195732766E-16, 0.5602512380647296508, -0.8283227331462885701 ) ) ;
#2122 = EDGE_CURVE ( 'NONE', #7153, #4395, #7936, .T. ) ;
#2123 = VECTOR ( 'NONE', #7053, 1000.000000000000000 ) ;
#2124 = ORIENTED_EDGE ( 'NONE', *, *, #3714, .F. ) ;
#2125 = CARTESIAN_POINT ( 'NONE',  ( -3.469446951953614189E-15, 62.95002665055243796, -27.13546265191242313 ) ) ;
#2126 = CARTESIAN_POINT ( 'NONE',  ( 12.49999999999997691, 110.0000000000000000, 31.46558967083462477 ) ) ;
#2127 = ADVANCED_FACE ( 'NONE', ( #5090 ), #5135, .F. ) ;
#2128 = CARTESIAN_POINT ( 'NONE',  ( -33.50000000000000711, 55.00000000000000711, -10.82773132595621846 ) ) ;
#2129 = DIRECTION ( 'NONE',  ( -0.000000000000000000, 1.000000000000000000, -0.000000000000000000 ) ) ;
#2130 = VERTEX_POINT ( 'NONE', #1900 ) ;
#2131 = AXIS2_PLACEMENT_3D ( 'NONE', #2780, #5935, #1026 ) ;
#2132 = CARTESIAN_POINT ( 'NONE',  ( 23.67487626947825774, 102.1624521163195425, -25.01377184849058466 ) ) ;
#2133 = ORIENTED_EDGE ( 'NONE', *, *, #4048, .T. ) ;
#2134 = EDGE_LOOP ( 'NONE', ( #3120, #3958, #2420, #4083, #3450, #5281, #909, #6879 ) ) ;
#2135 = CYLINDRICAL_SURFACE ( 'NONE', #3901, 33.00000000000000000 ) ;
#2136 = ORIENTED_EDGE ( 'NONE', *, *, #3597, .T. ) ;
#2137 = CIRCLE ( 'NONE', #4774, 3.499999999999999556 ) ;
#2138 = LINE ( 'NONE', #1432, #2074 ) ;
#2139 = EDGE_CURVE ( 'NONE', #6024, #3368, #1451, .T. ) ;
#2140 = DATE_AND_TIME ( #6535, #5266 ) ;
#2141 = FACE_OUTER_BOUND ( 'NONE', #3603, .T. ) ;
#2142 = LINE ( 'NONE', #2765, #5505 ) ;
#2143 = ORIENTED_EDGE ( 'NONE', *, *, #4424, .T. ) ;
#2144 = EDGE_CURVE ( 'NONE', #4092, #2538, #5417, .T. ) ;
#2145 = CARTESIAN_POINT ( 'NONE',  ( -0.8000000000000001554, 0.000000000000000000, -3.750000000000000000 ) ) ;
#2146 = ORIENTED_EDGE ( 'NONE', *, *, #3583, .T. ) ;
#2147 = ORIENTED_EDGE ( 'NONE', *, *, #1973, .F. ) ;
#2148 = CARTESIAN_POINT ( 'NONE',  ( 4.999999999999993783, 100.9891480698419031, -35.79571668975681575 ) ) ;
#2149 = CARTESIAN_POINT ( 'NONE',  ( 0.000000000000000000, 110.0000000000000000, 0.000000000000000000 ) ) ;
#2150 = CARTESIAN_POINT ( 'NONE',  ( 3.499999999999996003, 45.73950986304808453, 34.43818234161658864 ) ) ;
#2151 = CARTESIAN_POINT ( 'NONE',  ( -3.469446951953614189E-15, 62.95002665055243796, -27.13546265191242313 ) ) ;
#2152 = ORIENTED_EDGE ( 'NONE', *, *, #54, .T. ) ;
#2153 = ORIENTED_EDGE ( 'NONE', *, *, #6000, .T. ) ;
#2154 = DIRECTION ( 'NONE',  ( -2.444574963026891127E-17, 0.9912216665448855268, -0.1322104677095568559 ) ) ;
#2155 = FACE_OUTER_BOUND ( 'NONE', #7491, .T. ) ;
#2156 = CARTESIAN_POINT ( 'NONE',  ( 35.12293396239028453, 109.9999999999993037, -14.52153818750307579 ) ) ;
#2157 = DIRECTION ( 'NONE',  ( 0.000000000000000000, 0.000000000000000000, 1.000000000000000000 ) ) ;
#2158 = DIRECTION ( 'NONE',  ( -0.8660254037844387076, 0.000000000000000000, 0.4999999999999997224 ) ) ;
#2159 = ORIENTED_EDGE ( 'NONE', *, *, #6112, .T. ) ;
#2160 = CARTESIAN_POINT ( 'NONE',  ( 0.000000000000000000, 115.0000000000000000, 0.000000000000000000 ) ) ;
#2161 = EDGE_CURVE ( 'NONE', #2498, #4155, #5053, .T. ) ;
#2162 = EDGE_CURVE ( 'NONE', #834, #3487, #3316, .T. ) ;
#2163 = ORIENTED_EDGE ( 'NONE', *, *, #6471, .F. ) ;
#2164 = CARTESIAN_POINT ( 'NONE',  ( -4.485497660534401909, 97.95542314045206922, 36.07736631550226036 ) ) ;
#2165 = CARTESIAN_POINT ( 'NONE',  ( 4.653657836759941941E-15, 185.0000000000000000, 38.00000000000000000 ) ) ;
#2166 = CARTESIAN_POINT ( 'NONE',  ( 11.85216712396695904, 7.520546934683548734, 31.83961615620217600 ) ) ;
#2167 = CARTESIAN_POINT ( 'NONE',  ( 3.499999999999996003, 46.15933448321797528, 31.29063081358204812 ) ) ;
#2168 = ORIENTED_EDGE ( 'NONE', *, *, #112, .T. ) ;
#2169 = CARTESIAN_POINT ( 'NONE',  ( -16.00000000000000000, 115.0000000000000000, -17.00000000000000000 ) ) ;
#2170 = EDGE_LOOP ( 'NONE', ( #8167, #6856, #5154, #7144 ) ) ;
#2171 = ORIENTED_EDGE ( 'NONE', *, *, #1961, .T. ) ;
#2172 = FACE_OUTER_BOUND ( 'NONE', #6899, .T. ) ;
#2173 = ORIENTED_EDGE ( 'NONE', *, *, #2521, .F. ) ;
#2174 = CARTESIAN_POINT ( 'NONE',  ( 0.000000000000000000, 115.0000000000000000, 0.000000000000000000 ) ) ;
#2175 = EDGE_CURVE ( 'NONE', #522, #1286, #4427, .T. ) ;
#2176 = CALENDAR_DATE ( 2026, 9, 1 ) ;
#2177 = PLANE ( 'NONE',  #812 ) ;
#2178 = CARTESIAN_POINT ( 'NONE',  ( 4.999999999999992895, 85.95002665055245927, -35.79571668975681575 ) ) ;
#2179 = EDGE_LOOP ( 'NONE', ( #4499, #2272, #7311, #3989 ) ) ;
#2180 = CARTESIAN_POINT ( 'NONE',  ( 0.7999999999999928280, 0.000000000000000000, -4.750000000000000000 ) ) ;
#2181 = ORIENTED_EDGE ( 'NONE', *, *, #6173, .F. ) ;
#2182 = ADVANCED_FACE ( 'NONE', ( #7051 ), #4554, .F. ) ;
#2183 = AXIS2_PLACEMENT_3D ( 'NONE', #8103, #553, #6077 ) ;
#2184 = ORIENTED_EDGE ( 'NONE', *, *, #6376, .T. ) ;
#2185 = FACE_OUTER_BOUND ( 'NONE', #7261, .T. ) ;
#2186 = DIRECTION ( 'NONE',  ( -0.000000000000000000, 1.000000000000000000, -0.000000000000000000 ) ) ;
#2187 = DIRECTION ( 'NONE',  ( 1.000000000000000000, 0.000000000000000000, 0.000000000000000000 ) ) ;
#2188 = VECTOR ( 'NONE', #48, 1000.000000000000000 ) ;
#2189 = VERTEX_POINT ( 'NONE', #666 ) ;
#2190 = CIRCLE ( 'NONE', #3900, 10.00000000000000000 ) ;
#2191 = AXIS2_PLACEMENT_3D ( 'NONE', #3796, #658, #2021 ) ;
#2192 = EDGE_CURVE ( 'NONE', #8123, #3224, #5951, .T. ) ;
#2193 = VERTEX_POINT ( 'NONE', #8214 ) ;
#2194 = LINE ( 'NONE', #406, #4430 ) ;
#2195 = CARTESIAN_POINT ( 'NONE',  ( 33.50000000000000711, 103.0854138311197943, -12.47453623617409768 ) ) ;
#2196 = CARTESIAN_POINT ( 'NONE',  ( 33.28091640517476435, 110.0000000000513154, -18.35549740946474984 ) ) ;
#2197 = CARTESIAN_POINT ( 'NONE',  ( 33.50000000000000711, 103.4621466860844947, 13.56773132595622222 ) ) ;
#2198 = CIRCLE ( 'NONE', #2058, 38.00000000000000000 ) ;
#2199 = CARTESIAN_POINT ( 'NONE',  ( -3.509618943233422161, 48.74102119922306997, -29.72798536380060597 ) ) ;
#2200 = VERTEX_POINT ( 'NONE', #123 ) ;
#2201 = CIRCLE ( 'NONE', #2326, 3.499999999999999556 ) ;
#2202 = CARTESIAN_POINT ( 'NONE',  ( -3.500000000000010214, 48.47819381916013270, 29.73353886326573203 ) ) ;
#2203 = B_SPLINE_CURVE_WITH_KNOTS ( 'NONE', 3,
 ( #3795, #735, #7748, #6506, #3349, #780, #69, #2061, #7624, #3308, #7128, #156 ),
 .UNSPECIFIED., .F., .F.,
 ( 4, 2, 2, 2, 2, 4 ),
 ( 6.071532165918825601E-18, 0.001460736900635616455, 0.002921473801271225971, 0.004382210701906835704, 0.005112579152224632113, 0.005842947602542429390 ),
 .UNSPECIFIED. ) ;
#2204 = ORIENTED_EDGE ( 'NONE', *, *, #7844, .T. ) ;
#2205 = AXIS2_PLACEMENT_3D ( 'NONE', #4369, #7483, #5530 ) ;
#2206 = PLANE ( 'NONE',  #2109 ) ;
#2207 = FACE_OUTER_BOUND ( 'NONE', #7013, .T. ) ;
#2208 = DIRECTION ( 'NONE',  ( -1.000000000000000000, 0.000000000000000000, 0.000000000000000000 ) ) ;
#2209 = PLANE ( 'NONE',  #4182 ) ;
#2210 = ORIENTED_EDGE ( 'NONE', *, *, #6316, .F. ) ;
#2211 = CARTESIAN_POINT ( 'NONE',  ( 23.94505604027570556, 107.0353440241522094, -24.85778348509487046 ) ) ;
#2212 = VECTOR ( 'NONE', #1401, 1000.000000000000000 ) ;
#2213 = ORIENTED_EDGE ( 'NONE', *, *, #7756, .T. ) ;
#2214 = DIRECTION ( 'NONE',  ( 0.000000000000000000, 0.000000000000000000, 1.000000000000000000 ) ) ;
#2215 = VERTEX_POINT ( 'NONE', #3888 ) ;
#2216 = LINE ( 'NONE', #4741, #5379 ) ;
#2217 = CIRCLE ( 'NONE', #6843, 9.999999999999998224 ) ;
#2218 = VECTOR ( 'NONE', #5085, 1000.000000000000227 ) ;
#2219 = ADVANCED_FACE ( 'NONE', ( #702 ), #5681, .F. ) ;
#2220 = CARTESIAN_POINT ( 'NONE',  ( 3.499999999999996003, 4.890268993415121557, -30.06057953909446212 ) ) ;
#2221 = ORIENTED_EDGE ( 'NONE', *, *, #38, .T. ) ;
#2222 = CARTESIAN_POINT ( 'NONE',  ( 3.499999999999996003, 1.808887184059105646, -34.61635457139905014 ) ) ;
#2223 = ORIENTED_EDGE ( 'NONE', *, *, #8035, .T. ) ;
#2224 = ADVANCED_FACE ( 'NONE', ( #2571 ), #7009, .F. ) ;
#2225 = LOCAL_TIME ( 0, 57, 20.00000000000000000, #104 ) ;
#2226 = ORIENTED_EDGE ( 'NONE', *, *, #54, .F. ) ;
#2227 =( BOUNDED_CURVE ( )  B_SPLINE_CURVE ( 3, ( #6534, #5955, #2720, #347 ),
 .UNSPECIFIED., .F., .F. ) 
 B_SPLINE_CURVE_WITH_KNOTS ( ( 4, 4 ),
 ( 6.226844666061077227, 6.339525948298095237 ),
 .UNSPECIFIED. ) 
 CURVE ( )  GEOMETRIC_REPRESENTATION_ITEM ( )  RATIONAL_B_SPLINE_CURVE ( ( 1.000000000000000000, 0.9989421905780702104, 0.9989421905780702104, 1.000000000000000000 ) ) 
 REPRESENTATION_ITEM ( '' )  );
#2228 = CARTESIAN_POINT ( 'NONE',  ( 33.50000000000000711, -3.000000000000002665, 13.56773132595622400 ) ) ;
#2229 = CARTESIAN_POINT ( 'NONE',  ( -4.348022681822861557, 107.5584781230520122, -36.20383741568952018 ) ) ;
#2230 = FACE_OUTER_BOUND ( 'NONE', #3942, .T. ) ;
#2231 = ORIENTED_EDGE ( 'NONE', *, *, #5968, .F. ) ;
#2232 = VECTOR ( 'NONE', #710, 999.9999999999998863 ) ;
#2233 = CARTESIAN_POINT ( 'NONE',  ( 7.042715109517707184, 1.808887184059102760, -34.61635457139904304 ) ) ;
#2234 = CARTESIAN_POINT ( 'NONE',  ( 33.50000000000000711, 101.8924353490910164, -5.703439506209291743 ) ) ;
#2235 = CARTESIAN_POINT ( 'NONE',  ( 36.07483548938117934, 109.9999999999926388, -11.96095957066699711 ) ) ;
#2236 = CARTESIAN_POINT ( 'NONE',  ( 33.36468410970111620, 104.6074589332903173, 15.26176382600615788 ) ) ;
#2237 = CARTESIAN_POINT ( 'NONE',  ( 16.00000000000000000, 115.0000000000000000, -17.00000000000000000 ) ) ;
#2238 = ORIENTED_EDGE ( 'NONE', *, *, #4393, .F. ) ;
#2239 = EDGE_CURVE ( 'NONE', #6302, #4064, #4878, .T. ) ;
#2240 = AXIS2_PLACEMENT_3D ( 'NONE', #537, #2442, #2491 ) ;
#2241 = CARTESIAN_POINT ( 'NONE',  ( -27.50000000000000355, 110.0000000000000000, -15.87713240271471804 ) ) ;
#2242 = EDGE_LOOP ( 'NONE', ( #2078, #6996, #7780, #3697 ) ) ;
#2243 = CARTESIAN_POINT ( 'NONE',  ( -12.50000000000001421, 76.95002665055244506, -38.00000000000000000 ) ) ;
#2244 = AXIS2_PLACEMENT_3D ( 'NONE', #386, #6504, #2913 ) ;
#2245 = LINE ( 'NONE', #4769, #2782 ) ;
#2246 = CARTESIAN_POINT ( 'NONE',  ( -27.50000000000000355, 80.95002665055245927, 15.87713240271471449 ) ) ;
#2247 = CARTESIAN_POINT ( 'NONE',  ( -5.000000000000011546, 2.286323517986063703, 35.79571668975681575 ) ) ;
#2248 = ORIENTED_EDGE ( 'NONE', *, *, #907, .T. ) ;
#2249 = CARTESIAN_POINT ( 'NONE',  ( -22.34168959225990392, 110.0000000000290186, -30.75434966569868322 ) ) ;
#2250 = CIRCLE ( 'NONE', #7411, 10.00000000000000000 ) ;
#2251 = ORIENTED_EDGE ( 'NONE', *, *, #6164, .F. ) ;
#2252 = CYLINDRICAL_SURFACE ( 'NONE', #1962, 1.000000000000000888 ) ;
#2253 = CARTESIAN_POINT ( 'NONE',  ( -11.46357409631454161, 103.3458200781186491, -32.17581128997601070 ) ) ;
#2254 = EDGE_CURVE ( 'NONE', #7116, #2312, #2615, .T. ) ;
#2255 = FACE_BOUND ( 'NONE', #108, .T. ) ;
#2256 = DIRECTION ( 'NONE',  ( 0.000000000000000000, 0.000000000000000000, -1.000000000000000000 ) ) ;
#2257 = DIRECTION ( 'NONE',  ( 0.8660254037844384856, 0.000000000000000000, 0.5000000000000001110 ) ) ;
#2258 = VECTOR ( 'NONE', #3318, 1000.000000000000000 ) ;
#2259 = DIRECTION ( 'NONE',  ( 0.000000000000000000, 0.000000000000000000, -1.000000000000000000 ) ) ;
#2260 = LINE ( 'NONE', #6075, #478 ) ;
#2261 = ORIENTED_EDGE ( 'NONE', *, *, #3352, .T. ) ;
#2262 = CARTESIAN_POINT ( 'NONE',  ( -3.999999999999998224, -5.000000000000000000, -34.06366588218793368 ) ) ;
#2263 = ORIENTED_EDGE ( 'NONE', *, *, #7100, .F. ) ;
#2264 = AXIS2_PLACEMENT_3D ( 'NONE', #6862, #8068, #6199 ) ;
#2265 = VERTEX_POINT ( 'NONE', #2027 ) ;
#2266 = EDGE_CURVE ( 'NONE', #4475, #1203, #6470, .T. ) ;
#2267 = CARTESIAN_POINT ( 'NONE',  ( -28.50000000000000711, 99.00000000000000000, 9.672268674043777992 ) ) ;
#2268 = DIRECTION ( 'NONE',  ( 0.000000000000000000, 0.000000000000000000, -1.000000000000000000 ) ) ;
#2269 = DIRECTION ( 'NONE',  ( -1.000000000000000000, -0.000000000000000000, -0.000000000000000000 ) ) ;
#2270 = CARTESIAN_POINT ( 'NONE',  ( 35.88523373199623734, 169.9999999999999716, 12.49999999999997868 ) ) ;
#2271 =( BOUNDED_CURVE ( )  B_SPLINE_CURVE ( 3, ( #6101, #5984, #1035, #2282 ),
 .UNSPECIFIED., .F., .F. ) 
 B_SPLINE_CURVE_WITH_KNOTS ( ( 4, 4 ),
 ( 0.3871393666714735837, 0.5235987755982983716 ),
 .UNSPECIFIED. ) 
 CURVE ( )  GEOMETRIC_REPRESENTATION_ITEM ( )  RATIONAL_B_SPLINE_CURVE ( ( 1.000000000000000000, 0.9984488377092299860, 0.9984488377092299860, 1.000000000000000000 ) ) 
 REPRESENTATION_ITEM ( '' )  );
#2272 = ORIENTED_EDGE ( 'NONE', *, *, #8035, .F. ) ;
#2273 = DIRECTION ( 'NONE',  ( 0.000000000000000000, 0.1322104677095568281, 0.9912216665448854158 ) ) ;
#2274 = CARTESIAN_POINT ( 'NONE',  ( 33.50000000000000711, 103.4621466860844947, 13.56773132595622400 ) ) ;
#2275 = CARTESIAN_POINT ( 'NONE',  ( 32.54379649941208186, 109.9999999999486846, -19.63275302443542358 ) ) ;
#2276 = CARTESIAN_POINT ( 'NONE',  ( 32.58695835514715355, 105.8491185971578545, 17.76562983500204140 ) ) ;
#2277 = CARTESIAN_POINT ( 'NONE',  ( -36.27641115243482517, 110.0000000000000000, -11.31468045945189793 ) ) ;
#2278 = ORIENTED_EDGE ( 'NONE', *, *, #5165, .T. ) ;
#2279 = DIRECTION ( 'NONE',  ( 0.4999999999999998335, -0.000000000000000000, 0.8660254037844388186 ) ) ;
#2280 = ADVANCED_FACE ( 'NONE', ( #7804 ), #867, .F. ) ;
#2281 = EDGE_LOOP ( 'NONE', ( #7101, #7007, #4657, #6120 ) ) ;
#2282 = CARTESIAN_POINT ( 'NONE',  ( 4.999999999999993783, 5.672675879974220514, -35.79571668975681575 ) ) ;
#2283 = DIRECTION ( 'NONE',  ( -0.8660254037844387076, 0.000000000000000000, 0.4999999999999999445 ) ) ;
#2284 = CARTESIAN_POINT ( 'NONE',  ( -9.434273629437694098, -0.4776108378846954383, 33.23558761614050638 ) ) ;
#2285 = VERTEX_POINT ( 'NONE', #4054 ) ;
#2286 = CARTESIAN_POINT ( 'NONE',  ( -12.73775653695376420, 110.0000000000534328, -35.81455652841395931 ) ) ;
#2287 = ORIENTED_EDGE ( 'NONE', *, *, #247, .F. ) ;
#2288 = CARTESIAN_POINT ( 'NONE',  ( -33.49999999999209166, 107.0241564892025679, 4.184452875035820085 ) ) ;
#2289 = EDGE_CURVE ( 'NONE', #7829, #2327, #2980, .T. ) ;
#2290 = CARTESIAN_POINT ( 'NONE',  ( 7.012864490704187936, 110.0000000000167546, 37.35350544606042433 ) ) ;
#2291 = PLANE ( 'NONE',  #1798 ) ;
#2292 = CARTESIAN_POINT ( 'NONE',  ( 29.83641964359921772, 104.5553844900514378, 21.31468872937217540 ) ) ;
#2293 = CARTESIAN_POINT ( 'NONE',  ( 33.50000000000000000, 110.0000000000000000, -13.56773132595622400 ) ) ;
#2294 = DIRECTION ( 'NONE',  ( -0.6037141026483987538, -0.7169651616486801826, -0.3485544996776263615 ) ) ;
#2295 = ORIENTED_EDGE ( 'NONE', *, *, #7955, .T. ) ;
#2296 = CARTESIAN_POINT ( 'NONE',  ( 18.12861499182447389, 109.9999999999924398, 33.41192321878970972 ) ) ;
#2297 = ORIENTED_EDGE ( 'NONE', *, *, #2079, .T. ) ;
#2298 = ORIENTED_EDGE ( 'NONE', *, *, #840, .F. ) ;
#2299 = B_SPLINE_CURVE_WITH_KNOTS ( 'NONE', 3,
 ( #3539, #4317, #389, #5521, #6234, #1049 ),
 .UNSPECIFIED., .F., .F.,
 ( 4, 2, 4 ),
 ( 2.453269466693398698E-18, 0.001007245322344453792, 0.002014490644688905416 ),
 .UNSPECIFIED. ) ;
#2300 = CARTESIAN_POINT ( 'NONE',  ( -9.185443184603229838, 110.0000000002286384, 36.88332457868815339 ) ) ;
#2301 = CARTESIAN_POINT ( 'NONE',  ( -16.00000000000000000, 110.0000000000000000, -17.00000000000000000 ) ) ;
#2302 = CARTESIAN_POINT ( 'NONE',  ( 1.460155946164171992, 109.9999999999789821, -37.97863191374371183 ) ) ;
#2303 = CARTESIAN_POINT ( 'NONE',  ( 13.07851516493541411, 101.7877873221361256, 31.13158378462886944 ) ) ;
#2304 = EDGE_CURVE ( 'NONE', #5187, #3651, #2854, .T. ) ;
#2305 = EDGE_LOOP ( 'NONE', ( #1383, #7036, #6055, #1840 ) ) ;
#2306 = DIRECTION ( 'NONE',  ( -1.000000000000000000, -0.000000000000000000, -0.000000000000000000 ) ) ;
#2307 = DIRECTION ( 'NONE',  ( 0.000000000000000000, -0.000000000000000000, 1.000000000000000000 ) ) ;
#2308 = DIRECTION ( 'NONE',  ( 0.000000000000000000, 1.000000000000000000, 0.000000000000000000 ) ) ;
#2309 = CARTESIAN_POINT ( 'NONE',  ( 31.87169888653653516, 108.0584124460961277, 19.06811704351245496 ) ) ;
#2310 = EDGE_CURVE ( 'NONE', #7194, #7609, #3511, .T. ) ;
#2311 = CARTESIAN_POINT ( 'NONE',  ( -33.50000000000000711, 107.2580183663584705, -12.25961204463534671 ) ) ;
#2312 = VERTEX_POINT ( 'NONE', #7255 ) ;
#2313 = PLANE ( 'NONE',  #2478 ) ;
#2314 = AXIS2_PLACEMENT_3D ( 'NONE', #4343, #6835, #6217 ) ;
#2315 = AXIS2_PLACEMENT_3D ( 'NONE', #6532, #6446, #3372 ) ;
#2316 = EDGE_CURVE ( 'NONE', #4478, #5358, #7959, .T. ) ;
#2317 = ORIENTED_EDGE ( 'NONE', *, *, #6346, .F. ) ;
#2318 = DIRECTION ( 'NONE',  ( 1.000000000000000000, 0.000000000000000000, 0.000000000000000000 ) ) ;
#2319 = CARTESIAN_POINT ( 'NONE',  ( 4.999999999999984013, 5.672675879974220514, 35.79571668975681575 ) ) ;
#2320 = CIRCLE ( 'NONE', #6696, 38.00000000000000000 ) ;
#2321 = DIRECTION ( 'NONE',  ( 0.8660254037844389297, 0.000000000000000000, -0.4999999999999995004 ) ) ;
#2322 = ORIENTED_EDGE ( 'NONE', *, *, #2144, .F. ) ;
#2323 = EDGE_CURVE ( 'NONE', #2479, #5963, #1570, .T. ) ;
#2324 = CARTESIAN_POINT ( 'NONE',  ( -6.973740621979477972, 107.1560338558845586, -34.65617701035215958 ) ) ;
#2325 = VECTOR ( 'NONE', #2384, 1000.000000000000000 ) ;
#2326 = AXIS2_PLACEMENT_3D ( 'NONE', #4165, #4208, #6784 ) ;
#2327 = VERTEX_POINT ( 'NONE', #2274 ) ;
#2328 = CARTESIAN_POINT ( 'NONE',  ( -33.50000000000400036, 107.0365030457156479, -1.057789069769586421 ) ) ;
#2329 = CARTESIAN_POINT ( 'NONE',  ( 1.985565842012687821, 107.9363826030469369, 36.94958105947015525 ) ) ;
#2330 = CARTESIAN_POINT ( 'NONE',  ( -0.8000000000000001554, -5.000000000000000000, -3.750000000000000000 ) ) ;
#2331 = LINE ( 'NONE', #461, #2976 ) ;
#2332 = CARTESIAN_POINT ( 'NONE',  ( -0.8000000000000001554, 0.000000000000000000, -3.750000000000000000 ) ) ;
#2333 = CARTESIAN_POINT ( 'NONE',  ( -27.50000000000000355, 110.0000000000000000, 15.87713240271471449 ) ) ;
#2334 = ORIENTED_EDGE ( 'NONE', *, *, #2623, .F. ) ;
#2335 = AXIS2_PLACEMENT_3D ( 'NONE', #1501, #4068, #1421 ) ;
#2336 = CARTESIAN_POINT ( 'NONE',  ( -0.7999999999999928280, -5.000000000000000000, -4.750000000000000000 ) ) ;
#2337 = ORIENTED_EDGE ( 'NONE', *, *, #1242, .T. ) ;
#2338 = EDGE_CURVE ( 'NONE', #264, #7194, #1178, .T. ) ;
#2339 = ORIENTED_EDGE ( 'NONE', *, *, #4614, .F. ) ;
#2340 = DIRECTION ( 'NONE',  ( 0.8660254037844385966, 0.000000000000000000, 0.5000000000000001110 ) ) ;
#2341 = AXIS2_PLACEMENT_3D ( 'NONE', #7387, #7307, #4225 ) ;
#2342 = AXIS2_PLACEMENT_3D ( 'NONE', #5677, #7674, #1231 ) ;
#2343 = PLANE ( 'NONE',  #3513 ) ;
#2344 = CARTESIAN_POINT ( 'NONE',  ( 3.853842523870803394, 107.6505896971853815, -36.41612647072394537 ) ) ;
#2345 = CARTESIAN_POINT ( 'NONE',  ( -4.999999999999999112, 7.043110600756643969, -35.79571668975681575 ) ) ;
#2346 = EDGE_LOOP ( 'NONE', ( #3234, #5831, #8112, #3165, #2932, #446, #3469 ) ) ;
#2347 = CARTESIAN_POINT ( 'NONE',  ( 33.50000000000000711, 110.0000000000000000, 13.56773132595622400 ) ) ;
#2348 = CARTESIAN_POINT ( 'NONE',  ( 33.49999999999602096, 107.0353440241522520, 8.308135083372709673 ) ) ;
#2349 = EDGE_CURVE ( 'NONE', #5177, #7181, #5384, .T. ) ;
#2350 = DIRECTION ( 'NONE',  ( 0.000000000000000000, 0.000000000000000000, 1.000000000000000000 ) ) ;
#2351 = CARTESIAN_POINT ( 'NONE',  ( 28.49999999999992895, 103.4621466860844379, 22.22798536380065926 ) ) ;
#2352 = FACE_OUTER_BOUND ( 'NONE', #5640, .T. ) ;
#2353 = ORIENTED_EDGE ( 'NONE', *, *, #4006, .T. ) ;
#2354 = CARTESIAN_POINT ( 'NONE',  ( -3.500000000000010214, 4.664717059371330521, 33.22798536380059886 ) ) ;
#2355 = VECTOR ( 'NONE', #3691, 1000.000000000000114 ) ;
#2356 = ORIENTED_EDGE ( 'NONE', *, *, #5620, .T. ) ;
#2357 = ADVANCED_FACE ( 'NONE', ( #2779 ), #5304, .F. ) ;
#2358 = CARTESIAN_POINT ( 'NONE',  ( 0.000000000000000000, 110.0000000000000000, -38.00000000000000000 ) ) ;
#2359 = CARTESIAN_POINT ( 'NONE',  ( -3.469446951953614189E-15, 110.0000000000000000, -27.13546265191242313 ) ) ;
#2360 = AXIS2_PLACEMENT_3D ( 'NONE', #3145, #3189, #7679 ) ;
#2361 = EDGE_CURVE ( 'NONE', #7204, #1405, #3356, .T. ) ;
#2362 = PLANE ( 'NONE',  #2477 ) ;
#2363 = ORIENTED_EDGE ( 'NONE', *, *, #4389, .F. ) ;
#2364 = CARTESIAN_POINT ( 'NONE',  ( -11.83874414297936184, 109.9999999999274110, -36.12065126974015783 ) ) ;
#2365 = AXIS2_PLACEMENT_3D ( 'NONE', #1291, #3813, #675 ) ;
#2366 = ORIENTED_EDGE ( 'NONE', *, *, #1607, .T. ) ;
#2367 = FACE_OUTER_BOUND ( 'NONE', #1428, .T. ) ;
#2368 = ADVANCED_FACE ( 'NONE', ( #2155 ), #4678, .F. ) ;
#2369 = CARTESIAN_POINT ( 'NONE',  ( -5.282785790120504643, 107.3907954597091816, 35.71741067013186921 ) ) ;
#2370 = DIRECTION ( 'NONE',  ( 0.000000000000000000, 0.000000000000000000, 1.000000000000000000 ) ) ;
#2371 = LINE ( 'NONE', #4932, #1655 ) ;
#2372 = CARTESIAN_POINT ( 'NONE',  ( 0.8000000000000001554, 0.000000000000000000, 3.750000000000000000 ) ) ;
#2373 = EDGE_CURVE ( 'NONE', #6104, #966, #288, .T. ) ;
#2374 = LINE ( 'NONE', #6737, #6443 ) ;
#2375 = ORIENTED_EDGE ( 'NONE', *, *, #607, .F. ) ;
#2376 = AXIS2_PLACEMENT_3D ( 'NONE', #6260, #6839, #3146 ) ;
#2377 = CYLINDRICAL_SURFACE ( 'NONE', #1249, 4.000000000000002665 ) ;
#2378 = EDGE_LOOP ( 'NONE', ( #8218, #5295, #5814, #4669 ) ) ;
#2379 = VERTEX_POINT ( 'NONE', #3471 ) ;
#2380 = PLANE ( 'NONE',  #3506 ) ;
#2381 = CARTESIAN_POINT ( 'NONE',  ( -33.50000000000000711, 103.4621466860846652, -13.56773132595668585 ) ) ;
#2382 = EDGE_CURVE ( 'NONE', #4539, #4972, #6007, .T. ) ;
#2383 = VECTOR ( 'NONE', #8204, 1000.000000000000114 ) ;
#2384 = DIRECTION ( 'NONE',  ( -0.000000000000000000, 1.000000000000000000, -0.000000000000000000 ) ) ;
#2385 = ADVANCED_FACE ( 'NONE', ( #4913 ), #1096, .F. ) ;
#2386 = CARTESIAN_POINT ( 'NONE',  ( 7.013896763491744402, 110.0000000000196110, -37.35331789611755227 ) ) ;
#2387 = CARTESIAN_POINT ( 'NONE',  ( -27.49999999999999645, -3.000000000000000000, -20.49593455623173455 ) ) ;
#2388 = VERTEX_POINT ( 'NONE', #6788 ) ;
#2389 = AXIS2_PLACEMENT_3D ( 'NONE', #1670, #2953, #4237 ) ;
#2390 = ORIENTED_EDGE ( 'NONE', *, *, #3751, .F. ) ;
#2391 = DIRECTION ( 'NONE',  ( 0.000000000000000000, -1.000000000000000000, 0.000000000000000000 ) ) ;
#2392 = CARTESIAN_POINT ( 'NONE',  ( 3.499999999999996003, 51.61105364921484551, 32.01778838598462329 ) ) ;
#2393 = AXIS2_PLACEMENT_3D ( 'NONE', #4593, #6463, #7672 ) ;
#2394 = EDGE_CURVE ( 'NONE', #177, #8114, #5153, .T. ) ;
#2395 = DIRECTION ( 'NONE',  ( 0.000000000000000000, 0.000000000000000000, -1.000000000000000000 ) ) ;
#2396 = DIRECTION ( 'NONE',  ( 0.000000000000000000, -1.000000000000000000, 0.000000000000000000 ) ) ;
#2397 = CARTESIAN_POINT ( 'NONE',  ( 30.23395312600407792, 107.7827008013849905, 20.99491223001955120 ) ) ;
#2398 = CARTESIAN_POINT ( 'NONE',  ( -31.57723352302761910, 110.0000000000111555, -21.14251073057548425 ) ) ;
#2399 = ORIENTED_EDGE ( 'NONE', *, *, #6057, .F. ) ;
#2400 = FACE_OUTER_BOUND ( 'NONE', #2475, .T. ) ;
#2401 = ORIENTED_EDGE ( 'NONE', *, *, #283, .T. ) ;
#2402 = LINE ( 'NONE', #8086, #863 ) ;
#2403 = CARTESIAN_POINT ( 'NONE',  ( -3.469446951953614189E-15, 76.95002665055244506, -27.13546265191242313 ) ) ;
#2404 = CARTESIAN_POINT ( 'NONE',  ( -3.500000000000010214, 4.664717059371330521, -33.22798536380059886 ) ) ;
#2405 = DIRECTION ( 'NONE',  ( 0.000000000000000000, 0.000000000000000000, 1.000000000000000000 ) ) ;
#2406 = ORIENTED_EDGE ( 'NONE', *, *, #7286, .F. ) ;
#2407 = CARTESIAN_POINT ( 'NONE',  ( -19.86363467967266772, 110.0000000000068923, -32.41048151469347971 ) ) ;
#2408 = EDGE_CURVE ( 'NONE', #4402, #6830, #4289, .T. ) ;
#2409 = ADVANCED_FACE ( 'NONE', ( #4833 ), #1140, .F. ) ;
#2410 = ORIENTED_EDGE ( 'NONE', *, *, #6067, .F. ) ;
#2411 = ORIENTED_EDGE ( 'NONE', *, *, #1161, .T. ) ;
#2412 = LINE ( 'NONE', #6928, #5678 ) ;
#2413 = CARTESIAN_POINT ( 'NONE',  ( -3.059266281217529304, 104.8763505614905966, 36.66606111287106273 ) ) ;
#2414 = DIRECTION ( 'NONE',  ( -1.000000000000000000, 0.000000000000000000, 0.000000000000000000 ) ) ;
#2415 = LINE ( 'NONE', #8100, #3105 ) ;
#2416 = CYLINDRICAL_SURFACE ( 'NONE', #4110, 1.000000000000000000 ) ;
#2417 = CARTESIAN_POINT ( 'NONE',  ( -35.88523373199622313, 175.0000000000000000, -12.50000000000002132 ) ) ;
#2418 = ORIENTED_EDGE ( 'NONE', *, *, #2677, .T. ) ;
#2419 = CARTESIAN_POINT ( 'NONE',  ( 5.949600327001463462, 103.0842735268438162, 35.24746468533995625 ) ) ;
#2420 = ORIENTED_EDGE ( 'NONE', *, *, #7405, .F. ) ;
#2421 = ORIENTED_EDGE ( 'NONE', *, *, #2438, .F. ) ;
#2422 = EDGE_CURVE ( 'NONE', #2717, #4413, #1454, .T. ) ;
#2423 = PLANE ( 'NONE',  #6685 ) ;
#2424 = CARTESIAN_POINT ( 'NONE',  ( -33.50000000000000711, 102.7976417775552136, -11.36073401014954953 ) ) ;
#2425 = CARTESIAN_POINT ( 'NONE',  ( -3.469446951953614189E-15, -3.000000000000002665, -37.13546265191241957 ) ) ;
#2426 = CARTESIAN_POINT ( 'NONE',  ( -1.985565842010996285, 107.9363826030282070, -36.94958105947171134 ) ) ;
#2427 = DIRECTION ( 'NONE',  ( 0.000000000000000000, -0.000000000000000000, -1.000000000000000000 ) ) ;
#2428 = ORIENTED_EDGE ( 'NONE', *, *, #1758, .F. ) ;
#2429 = ADVANCED_FACE ( 'NONE', ( #3051 ), #1686, .F. ) ;
#2430 = ORIENTED_EDGE ( 'NONE', *, *, #4180, .F. ) ;
#2431 = DIRECTION ( 'NONE',  ( -0.000000000000000000, -1.000000000000000000, -0.000000000000000000 ) ) ;
#2432 = LINE ( 'NONE', #4335, #8209 ) ;
#2433 = CARTESIAN_POINT ( 'NONE',  ( 5.852880632526926696, 103.1227610597070026, 35.30330582698076114 ) ) ;
#2434 = LINE ( 'NONE', #570, #1927 ) ;
#2435 = CARTESIAN_POINT ( 'NONE',  ( -7.766861211518180319, 103.3605559346566594, 34.22910941320287748 ) ) ;
#2436 = CARTESIAN_POINT ( 'NONE',  ( -28.49999999999993605, 103.4621466860844379, -22.22798536380065215 ) ) ;
#2437 = FACE_OUTER_BOUND ( 'NONE', #7538, .T. ) ;
#2438 = EDGE_CURVE ( 'NONE', #4478, #6039, #6214, .T. ) ;
#2439 = AXIS2_PLACEMENT_3D ( 'NONE', #1662, #4264, #6106 ) ;
#2440 = VERTEX_POINT ( 'NONE', #3592 ) ;
#2441 = CARTESIAN_POINT ( 'NONE',  ( -8.137179986349282856, 103.4132091417354076, -34.02918287883316850 ) ) ;
#2442 = DIRECTION ( 'NONE',  ( 0.000000000000000000, -1.000000000000000000, 0.000000000000000000 ) ) ;
#2443 = PLANE ( 'NONE',  #7160 ) ;
#2444 = VECTOR ( 'NONE', #2778, 1000.000000000000000 ) ;
#2445 = PLANE ( 'NONE',  #8037 ) ;
#2446 = ORIENTED_EDGE ( 'NONE', *, *, #5926, .T. ) ;
#2447 = AXIS2_PLACEMENT_3D ( 'NONE', #1127, #3655, #4988 ) ;
#2448 = CARTESIAN_POINT ( 'NONE',  ( -3.500000000000010214, 100.1970879369713430, 29.73353886326573203 ) ) ;
#2449 =( BOUNDED_CURVE ( )  B_SPLINE_CURVE ( 3, ( #319, #904, #7796, #5338 ),
 .UNSPECIFIED., .F., .T. ) 
 B_SPLINE_CURVE_WITH_KNOTS ( ( 4, 4 ),
 ( 3.888729473373582657, 4.169352413169784555 ),
 .UNSPECIFIED. ) 
 CURVE ( )  GEOMETRIC_REPRESENTATION_ITEM ( )  RATIONAL_B_SPLINE_CURVE ( ( 1.000000000000000000, 0.9934483231343218534, 0.9934483231343218534, 1.000000000000000000 ) ) 
 REPRESENTATION_ITEM ( '' )  );
#2450 = ORIENTED_EDGE ( 'NONE', *, *, #3988, .T. ) ;
#2451 = ORIENTED_EDGE ( 'NONE', *, *, #3166, .T. ) ;
#2452 = VECTOR ( 'NONE', #4630, 1000.000000000000000 ) ;
#2453 = CARTESIAN_POINT ( 'NONE',  ( -12.50000000000002487, 85.95002665055245927, -38.00000000000000000 ) ) ;
#2454 = CIRCLE ( 'NONE', #8152, 38.00000000000000000 ) ;
#2455 = CARTESIAN_POINT ( 'NONE',  ( -2.426230657734025797, 105.2354900289849553, 36.83913510600560670 ) ) ;
#2456 = CARTESIAN_POINT ( 'NONE',  ( -12.50000000000001421, 110.0000000000000000, -24.53738644055909646 ) ) ;
#2457 = EDGE_CURVE ( 'NONE', #5695, #3571, #1725, .T. ) ;
#2458 = DIRECTION ( 'NONE',  ( 0.000000000000000000, 0.000000000000000000, -1.000000000000000000 ) ) ;
#2459 = CARTESIAN_POINT ( 'NONE',  ( 15.67504983978317767, 101.6430105957574597, 29.63247379114532620 ) ) ;
#2460 = DIRECTION ( 'NONE',  ( 0.000000000000000000, -0.9200893390015717488, 0.3917085756728471702 ) ) ;
#2461 = ORIENTED_EDGE ( 'NONE', *, *, #3431, .F. ) ;
#2463 = VECTOR ( 'NONE', #4751, 1000.000000000000000 ) ;
#2462 = CARTESIAN_POINT ( 'NONE',  ( 9.825123730519479182, 102.1624521163274579, 33.00993020506813735 ) ) ;
#2464 = ORIENTED_EDGE ( 'NONE', *, *, #3443, .F. ) ;
#2465 = CIRCLE ( 'NONE', #7366, 1.000000000000000888 ) ;
#2466 = VERTEX_POINT ( 'NONE', #5459 ) ;
#2467 = FACE_OUTER_BOUND ( 'NONE', #41, .T. ) ;
#2468 = EDGE_LOOP ( 'NONE', ( #6721, #7175, #1590, #3994, #2727 ) ) ;
#2469 = DIRECTION ( 'NONE',  ( -0.8187703157500507700, 0.3258121545647266748, 0.4727172622027389082 ) ) ;
#2470 = EDGE_CURVE ( 'NONE', #6729, #4239, #407, .T. ) ;
#2471 = VECTOR ( 'NONE', #7694, 1000.000000000000000 ) ;
#2472 = APPROVAL_STATUS ( 'not_yet_approved' ) ;
#2473 = CARTESIAN_POINT ( 'NONE',  ( 4.620887891649987367, 49.13104740517515978, -36.01459716756573215 ) ) ;
#2474 = CARTESIAN_POINT ( 'NONE',  ( -33.50000000000000711, 20.00000000000000000, -6.827731325956209574 ) ) ;
#2475 = EDGE_LOOP ( 'NONE', ( #8190, #4804, #5113, #1653 ) ) ;
#2476 = EDGE_CURVE ( 'NONE', #6557, #6236, #2432, .T. ) ;
#2477 = AXIS2_PLACEMENT_3D ( 'NONE', #1660, #6178, #6724 ) ;
#2478 = AXIS2_PLACEMENT_3D ( 'NONE', #4177, #4842, #6097 ) ;
#2479 = VERTEX_POINT ( 'NONE', #2392 ) ;
#2480 = CARTESIAN_POINT ( 'NONE',  ( -5.000000000000011546, 102.3783935413852788, 35.79571668975681575 ) ) ;
#2481 = CARTESIAN_POINT ( 'NONE',  ( 33.50000000000000711, 102.7976417775552136, 11.36073401015257822 ) ) ;
#2482 = EDGE_CURVE ( 'NONE', #6368, #2215, #4950, .T. ) ;
#2483 = DIRECTION ( 'NONE',  ( 0.000000000000000000, 0.000000000000000000, 1.000000000000000000 ) ) ;
#2484 = CARTESIAN_POINT ( 'NONE',  ( -16.57354805514928131, 31.78483361716853750, -48.25121046677256942 ) ) ;
#2485 = CARTESIAN_POINT ( 'NONE',  ( -14.47922736937179877, 101.9801761673795966, 30.32288221634033221 ) ) ;
#2486 = VECTOR ( 'NONE', #739, 1000.000000000000000 ) ;
#2487 = CARTESIAN_POINT ( 'NONE',  ( -33.28091640517411065, 110.0000000000500080, -18.35549740946471786 ) ) ;
#2488 = DIRECTION ( 'NONE',  ( -2.233874173432600755E-17, 0.9926750291630169754, 0.1208150920878816870 ) ) ;
#2489 = ORIENTED_EDGE ( 'NONE', *, *, #4946, .F. ) ;
#2490 = CARTESIAN_POINT ( 'NONE',  ( -6.670581773663242231, 103.1204521361838005, -34.83120585302905425 ) ) ;
#2491 = DIRECTION ( 'NONE',  ( 0.000000000000000000, -0.000000000000000000, -1.000000000000000000 ) ) ;
#2492 = CC_DESIGN_DATE_AND_TIME_ASSIGNMENT ( #5914, #5875, ( #4735 ) ) ;
#2493 = CYLINDRICAL_SURFACE ( 'NONE', #4230, 3.499999999999999556 ) ;
#2494 = EDGE_CURVE ( 'NONE', #5026, #2831, #4629, .T. ) ;
#2495 = CARTESIAN_POINT ( 'NONE',  ( 27.49999999999999645, 0.000000000000000000, -15.87713240271472515 ) ) ;
#2496 = ORIENTED_EDGE ( 'NONE', *, *, #2902, .T. ) ;
#2497 = CARTESIAN_POINT ( 'NONE',  ( -20.70531417177348388, 101.7997572540177771, -26.72824932497574935 ) ) ;
#2498 = VERTEX_POINT ( 'NONE', #8158 ) ;
#2499 = EDGE_LOOP ( 'NONE', ( #1539, #3485, #5918, #6539 ) ) ;
#2500 = PLANE ( 'NONE',  #7393 ) ;
#2501 = TOROIDAL_SURFACE ( 'NONE', #2100, 8.000000000000000000, 2.000000000000000000 ) ;
#2502 = CARTESIAN_POINT ( 'NONE',  ( -0.7999999999999928280, 0.000000000000000000, -4.750000000000000000 ) ) ;
#2503 = CARTESIAN_POINT ( 'NONE',  ( -33.50000000000000000, 101.8924353490909738, 5.703439506209284637 ) ) ;
#2504 = CARTESIAN_POINT ( 'NONE',  ( 11.70133080589679864, 102.9216760515308380, 31.98414357995329382 ) ) ;
#2505 = CARTESIAN_POINT ( 'NONE',  ( 3.812573934246219487, 99.61636055733491446, 36.38015193797856739 ) ) ;
#2506 = VERTEX_POINT ( 'NONE', #2968 ) ;
#2507 = FACE_OUTER_BOUND ( 'NONE', #2784, .T. ) ;
#2508 = ORIENTED_EDGE ( 'NONE', *, *, #2162, .F. ) ;
#2509 = VECTOR ( 'NONE', #790, 1000.000000000000000 ) ;
#2510 = ADVANCED_FACE ( 'NONE', ( #4873 ), #5024, .F. ) ;
#2511 = ORIENTED_EDGE ( 'NONE', *, *, #1867, .T. ) ;
#2512 = DIRECTION ( 'NONE',  ( 0.000000000000000000, 0.000000000000000000, 1.000000000000000000 ) ) ;
#2513 = EDGE_LOOP ( 'NONE', ( #5238, #763, #2263, #1135 ) ) ;
#2514 = CARTESIAN_POINT ( 'NONE',  ( -27.50000000000000355, 105.0000000000000142, -3.968626966596885186 ) ) ;
#2515 = DIRECTION ( 'NONE',  ( 0.8660254037844385966, 0.000000000000000000, 0.4999999999999999445 ) ) ;
#2516 = AXIS2_PLACEMENT_3D ( 'NONE', #1324, #2535, #1406 ) ;
#2517 = LINE ( 'NONE', #5073, #6105 ) ;
#2518 = CARTESIAN_POINT ( 'NONE',  ( 19.57080805570689463, 101.7252980072683926, -27.38325673648406067 ) ) ;
#2519 = ORIENTED_EDGE ( 'NONE', *, *, #7918, .T. ) ;
#2520 = ADVANCED_FACE ( 'NONE', ( #3177 ), #5844, .T. ) ;
#2521 = EDGE_CURVE ( 'NONE', #3224, #8123, #3689, .T. ) ;
#2522 = AXIS2_PLACEMENT_3D ( 'NONE', #4106, #4731, #3481 ) ;
#2523 = VERTEX_POINT ( 'NONE', #6460 ) ;
#2524 = CARTESIAN_POINT ( 'NONE',  ( -34.56098777702261771, 109.9999999999992184, 15.81245348875427048 ) ) ;
#2525 = DIRECTION ( 'NONE',  ( -1.709455358784207150E-16, 0.3811132095897422079, 0.9245283778641979477 ) ) ;
#2526 = DIRECTION ( 'NONE',  ( -1.000000000000000000, -0.000000000000000000, -0.000000000000000000 ) ) ;
#2527 = DIRECTION ( 'NONE',  ( 1.040834085586083468E-15, -1.000000000000000000, -6.009258394948630209E-16 ) ) ;
#2528 = CARTESIAN_POINT ( 'NONE',  ( 30.22590896625513324, 104.8778266705574822, 20.98082998305309488 ) ) ;
#2529 = AXIS2_PLACEMENT_3D ( 'NONE', #1452, #3982, #3805 ) ;
#2530 = DIRECTION ( 'NONE',  ( 0.000000000000000000, 1.000000000000000000, 0.000000000000000000 ) ) ;
#2531 = PLANE ( 'NONE',  #4459 ) ;
#2532 = AXIS2_PLACEMENT_3D ( 'NONE', #5329, #815, #3341 ) ;
#2533 = ORIENTED_EDGE ( 'NONE', *, *, #6900, .T. ) ;
#2534 = CARTESIAN_POINT ( 'NONE',  ( -15.25346497469961449, 101.1686948209038235, -29.87587592648759482 ) ) ;
#2535 = DIRECTION ( 'NONE',  ( 2.233874173432600755E-17, -0.9926750291630169754, 0.1208150920878816870 ) ) ;
#2536 = DIRECTION ( 'NONE',  ( 0.000000000000000000, -0.7992742469136897565, -0.6009664534901713040 ) ) ;
#2537 = DIRECTION ( 'NONE',  ( -0.000000000000000000, 1.000000000000000000, -0.000000000000000000 ) ) ;
#2538 = VERTEX_POINT ( 'NONE', #7622 ) ;
#2539 = PLANE ( 'NONE',  #4690 ) ;
#2540 = EDGE_CURVE ( 'NONE', #6530, #4972, #1842, .T. ) ;
#2541 = ORIENTED_EDGE ( 'NONE', *, *, #635, .T. ) ;
#2542 = LINE ( 'NONE', #6186, #3808 ) ;
#2543 = CARTESIAN_POINT ( 'NONE',  ( -4.348290036375715317, 107.5584280637061028, 36.20372957524751456 ) ) ;
#2544 = DIRECTION ( 'NONE',  ( -1.000000000000000000, -0.000000000000000000, -0.000000000000000000 ) ) ;
#2545 = DIRECTION ( 'NONE',  ( 1.313354635091716024E-17, -0.9974741484692092319, 0.07103043809259536323 ) ) ;
#2546 = CARTESIAN_POINT ( 'NONE',  ( 4.617391055095892760, 100.4702746657336263, 36.01661606709155450 ) ) ;
#2547 = VERTEX_POINT ( 'NONE', #3879 ) ;
#2548 = DIRECTION ( 'NONE',  ( 0.000000000000000000, -1.000000000000000000, 0.000000000000000000 ) ) ;
#2549 = ORIENTED_EDGE ( 'NONE', *, *, #525, .F. ) ;
#2550 = ADVANCED_FACE ( 'NONE', ( #2650 ), #7747, .T. ) ;
#2551 = ORIENTED_EDGE ( 'NONE', *, *, #34, .F. ) ;
#2552 = FACE_OUTER_BOUND ( 'NONE', #6265, .T. ) ;
#2553 = ORIENTED_EDGE ( 'NONE', *, *, #3832, .F. ) ;
#2554 = DIRECTION ( 'NONE',  ( 0.000000000000000000, 0.000000000000000000, -1.000000000000000000 ) ) ;
#2555 = CARTESIAN_POINT ( 'NONE',  ( 0.000000000000000000, 0.000000000000000000, 0.000000000000000000 ) ) ;
#2556 = CARTESIAN_POINT ( 'NONE',  ( -28.50000000000000711, 20.00000000000000000, -6.827731325956209574 ) ) ;
#2557 = CARTESIAN_POINT ( 'NONE',  ( 3.151666431600417706, 104.8170006234333158, -36.63548537950184425 ) ) ;
#2558 = ORIENTED_EDGE ( 'NONE', *, *, #1287, .T. ) ;
#2559 = ORIENTED_EDGE ( 'NONE', *, *, #4399, .F. ) ;
#2560 = EDGE_LOOP ( 'NONE', ( #7612, #3244 ) ) ;
#2561 = CARTESIAN_POINT ( 'NONE',  ( -31.37823220547778647, 109.9999999999951825, 21.43670050321501819 ) ) ;
#2562 = CARTESIAN_POINT ( 'NONE',  ( 33.50000000000000000, 101.8013993413397884, 4.590580049875295110 ) ) ;
#2563 = CARTESIAN_POINT ( 'NONE',  ( -12.50000000000001421, 71.95002665055244506, -38.00000000000000000 ) ) ;
#2564 = CARTESIAN_POINT ( 'NONE',  ( 7.351318463998742558, 45.73950986304808453, -34.43818234161659575 ) ) ;
#2565 = LINE ( 'NONE', #2608, #8091 ) ;
#2566 = EDGE_CURVE ( 'NONE', #7869, #2466, #1226, .T. ) ;
#2567 = PLANE ( 'NONE',  #2880 ) ;
#2568 = DIRECTION ( 'NONE',  ( 0.000000000000000000, 0.000000000000000000, -1.000000000000000000 ) ) ;
#2569 = EDGE_LOOP ( 'NONE', ( #4175, #2173, #5018, #429 ) ) ;
#2570 = CARTESIAN_POINT ( 'NONE',  ( 2.336647507501294907, 105.2919685576288629, 36.86798007480250305 ) ) ;
#2571 = FACE_OUTER_BOUND ( 'NONE', #8090, .T. ) ;
#2572 = CARTESIAN_POINT ( 'NONE',  ( -12.50000000000001421, 71.95002665055244506, -38.00000000000000000 ) ) ;
#2573 = ADVANCED_FACE ( 'NONE', ( #1705 ), #7940, .F. ) ;
#2574 = DIRECTION ( 'NONE',  ( 1.000000000000000000, 0.000000000000000000, 0.000000000000000000 ) ) ;
#2575 = ORIENTED_EDGE ( 'NONE', *, *, #903, .F. ) ;
#2576 = CARTESIAN_POINT ( 'NONE',  ( -12.50000000000001954, 62.95002665055243796, 24.53738644055908935 ) ) ;
#2577 = EDGE_CURVE ( 'NONE', #1212, #1919, #6143, .T. ) ;
#2578 = ORIENTED_EDGE ( 'NONE', *, *, #3588, .T. ) ;
#2579 = CARTESIAN_POINT ( 'NONE',  ( 3.499999999999996003, 97.46196339113423335, 31.31966057346993892 ) ) ;
#2580 = CARTESIAN_POINT ( 'NONE',  ( -31.50000000000000711, -5.000000000000000000, 13.56773132595621689 ) ) ;
#2581 = CARTESIAN_POINT ( 'NONE',  ( -26.52625937803150791, 107.1560338558594907, 23.36752504322912571 ) ) ;
#2582 = ADVANCED_FACE ( 'NONE', ( #7127, #6686, #1630, #2990, #193, #4150, #2103, #4233, #7315, #2255 ), #4193, .T. ) ;
#2583 = VECTOR ( 'NONE', #2005, 1000.000000000000227 ) ;
#2584 = CARTESIAN_POINT ( 'NONE',  ( 3.499999999999996003, 7.294995000639755922, 35.00702198090831274 ) ) ;
#2585 = CARTESIAN_POINT ( 'NONE',  ( -3.500000000000010214, 100.0000000000000000, -33.22798536380059886 ) ) ;
#2586 = ORIENTED_EDGE ( 'NONE', *, *, #2239, .F. ) ;
#2587 = DIRECTION ( 'NONE',  ( 0.000000000000000000, 0.000000000000000000, 1.000000000000000000 ) ) ;
#2588 = VERTEX_POINT ( 'NONE', #7794 ) ;
#2589 = CIRCLE ( 'NONE', #2314, 4.000000000000002665 ) ;
#2590 = VECTOR ( 'NONE', #3797, 1000.000000000000114 ) ;
#2591 = ORIENTED_EDGE ( 'NONE', *, *, #8049, .F. ) ;
#2592 = DIRECTION ( 'NONE',  ( 0.000000000000000000, 0.000000000000000000, 1.000000000000000000 ) ) ;
#2593 = ORIENTED_EDGE ( 'NONE', *, *, #3334, .F. ) ;
#2594 = CARTESIAN_POINT ( 'NONE',  ( -32.40521981937538953, 105.9334516898288712, 18.14405683550544879 ) ) ;
#2595 = LINE ( 'NONE', #1387, #5566 ) ;
#2596 = AXIS2_PLACEMENT_3D ( 'NONE', #3591, #1760, #7540 ) ;
#2597 = CARTESIAN_POINT ( 'NONE',  ( 17.61836238794962384, 101.6516956646777601, -28.51050176834183958 ) ) ;
#2598 = VERTEX_POINT ( 'NONE', #5477 ) ;
#2599 = VECTOR ( 'NONE', #2527, 1000.000000000000000 ) ;
#2600 = ADVANCED_FACE ( 'NONE', ( #5253 ), #1046, .T. ) ;
#2601 = ORIENTED_EDGE ( 'NONE', *, *, #4934, .T. ) ;
#2602 = ORIENTED_EDGE ( 'NONE', *, *, #5737, .T. ) ;
#2603 = AXIS2_PLACEMENT_3D ( 'NONE', #6577, #3421, #2051 ) ;
#2604 = CARTESIAN_POINT ( 'NONE',  ( -31.00889573718039571, 107.9368076561128760, 20.19155024596109627 ) ) ;
#2605 = CARTESIAN_POINT ( 'NONE',  ( 33.50000000000001421, 107.0190482526920732, -5.219737826431571470 ) ) ;
#2606 = CYLINDRICAL_SURFACE ( 'NONE', #6099, 1.000000000000000888 ) ;
#2607 = CARTESIAN_POINT ( 'NONE',  ( -3.500000000000010214, 100.0000000000000000, 33.22798536380059886 ) ) ;
#2608 = CARTESIAN_POINT ( 'NONE',  ( 4.999999999999993783, 110.0000000000000000, -35.79571668975681575 ) ) ;
#2609 = FACE_OUTER_BOUND ( 'NONE', #597, .T. ) ;
#2610 = CIRCLE ( 'NONE', #3523, 2.000000000000000444 ) ;
#2611 = FACE_OUTER_BOUND ( 'NONE', #55, .T. ) ;
#2612 = ADVANCED_FACE ( 'NONE', ( #6071 ), #6726, .F. ) ;
#2613 = ORIENTED_EDGE ( 'NONE', *, *, #2438, .T. ) ;
#2614 = CARTESIAN_POINT ( 'NONE',  ( 4.228239662652777398, 48.03807772532029929, 36.20814825262807801 ) ) ;
#2615 = LINE ( 'NONE', #746, #4755 ) ;
#2616 = AXIS2_PLACEMENT_3D ( 'NONE', #371, #5389, #6636 ) ;
#2617 = CIRCLE ( 'NONE', #6838, 1.000000000000000888 ) ;
#2618 = FACE_OUTER_BOUND ( 'NONE', #3371, .T. ) ;
#2619 = CARTESIAN_POINT ( 'NONE',  ( -28.85009232252588518, 103.7407702065140001, -22.02585946714909326 ) ) ;
#2620 = LINE ( 'NONE', #5055, #892 ) ;
#2621 = ORIENTED_EDGE ( 'NONE', *, *, #1815, .F. ) ;
#2622 = CARTESIAN_POINT ( 'NONE',  ( -26.53190269898317055, 107.1567182980632822, -23.36426687033188188 ) ) ;
#2623 = EDGE_CURVE ( 'NONE', #4801, #2017, #3432, .T. ) ;
#2624 = VERTEX_POINT ( 'NONE', #2502 ) ;
#2625 = LINE ( 'NONE', #45, #1576 ) ;
#2626 = PLANE ( 'NONE',  #3698 ) ;
#2627 = CARTESIAN_POINT ( 'NONE',  ( -25.67534167898597985, 107.1016180047759718, 23.85880260580584533 ) ) ;
#2628 = CARTESIAN_POINT ( 'NONE',  ( 4.999999999999993783, 110.0000000000000000, -35.79571668975681575 ) ) ;
#2629 = CARTESIAN_POINT ( 'NONE',  ( 4.999999999999984013, 100.9891480698419031, 35.79571668975681575 ) ) ;
#2630 = ORIENTED_EDGE ( 'NONE', *, *, #4856, .T. ) ;
#2631 = CARTESIAN_POINT ( 'NONE',  ( 23.12869123158556661, 109.9999999999511289, 30.16618114947112872 ) ) ;
#2632 = EDGE_LOOP ( 'NONE', ( #6246, #1054, #5912, #2998, #5700, #6628 ) ) ;
#2633 = EDGE_CURVE ( 'NONE', #5204, #1748, #4352, .T. ) ;
#2634 = AXIS2_PLACEMENT_3D ( 'NONE', #3608, #503, #8013 ) ;
#2635 = ORIENTED_EDGE ( 'NONE', *, *, #2139, .F. ) ;
#2636 = CARTESIAN_POINT ( 'NONE',  ( -3.512828652905694238, 99.93423445359493940, 29.72613223705729624 ) ) ;
#2637 = ORIENTED_EDGE ( 'NONE', *, *, #4594, .T. ) ;
#2638 = CYLINDRICAL_SURFACE ( 'NONE', #341, 3.999999999999999112 ) ;
#2639 = CALENDAR_DATE ( 2026, 9, 1 ) ;
#2640 = LINE ( 'NONE', #7660, #278 ) ;
#2641 = CARTESIAN_POINT ( 'NONE',  ( 27.25118169968341419, 103.0070142000240594, -22.94899094565731801 ) ) ;
#2642 = VERTEX_POINT ( 'NONE', #8053 ) ;
#2643 = CIRCLE ( 'NONE', #3428, 10.00000000000000711 ) ;
#2644 = VERTEX_POINT ( 'NONE', #1164 ) ;
#2645 = ADVANCED_FACE ( 'NONE', ( #3771, #4440 ), #6187, .T. ) ;
#2646 = ORIENTED_EDGE ( 'NONE', *, *, #7818, .T. ) ;
#2647 = ADVANCED_FACE ( 'NONE', ( #3030, #6229 ), #502, .T. ) ;
#2648 = VECTOR ( 'NONE', #3554, 1000.000000000000000 ) ;
#2649 = CARTESIAN_POINT ( 'NONE',  ( -31.57723352302768660, 110.0000000000111555, 21.14251073057538832 ) ) ;
#2650 = FACE_OUTER_BOUND ( 'NONE', #22, .T. ) ;
#2651 = CARTESIAN_POINT ( 'NONE',  ( -5.000000000000007994, 2.286323517986049048, -35.79571668975680865 ) ) ;
#2652 = CARTESIAN_POINT ( 'NONE',  ( -17.07304379874369360, 101.6355930658793483, 28.82534160261401013 ) ) ;
#2653 = CARTESIAN_POINT ( 'NONE',  ( -12.50000000000001954, 62.95002665055243796, 31.46558967083460701 ) ) ;
#2654 = LINE ( 'NONE', #7830, #6718 ) ;
#2655 = CIRCLE ( 'NONE', #7826, 2.000000000000001776 ) ;
#2656 = DIRECTION ( 'NONE',  ( 0.000000000000000000, -0.000000000000000000, -1.000000000000000000 ) ) ;
#2657 = ORIENTED_EDGE ( 'NONE', *, *, #3166, .F. ) ;
#2658 = EDGE_CURVE ( 'NONE', #5467, #7829, #5293, .T. ) ;
#2659 = EDGE_LOOP ( 'NONE', ( #4342, #6407, #3757, #4265, #7734, #2714, #2723, #1536 ) ) ;
#2660 = CARTESIAN_POINT ( 'NONE',  ( 32.61235561186958876, 105.8374634305872206, -17.71296561415138981 ) ) ;
#2661 = DIRECTION ( 'NONE',  ( -0.000000000000000000, 1.000000000000000000, -0.000000000000000000 ) ) ;
#2662 = VECTOR ( 'NONE', #3217, 1000.000000000000000 ) ;
#2663 = CARTESIAN_POINT ( 'NONE',  ( -4.999999999999999112, 102.3783935413852788, -35.79571668975681575 ) ) ;
#2664 = CARTESIAN_POINT ( 'NONE',  ( -4.485497660534415232, 50.71985861567943488, 36.07736631550225326 ) ) ;
#2665 = LINE ( 'NONE', #794, #359 ) ;
#2666 = ORIENTED_EDGE ( 'NONE', *, *, #1846, .T. ) ;
#2667 = FACE_OUTER_BOUND ( 'NONE', #5785, .T. ) ;
#2668 = ORIENTED_EDGE ( 'NONE', *, *, #3275, .F. ) ;
#2669 = LINE ( 'NONE', #4609, #7006 ) ;
#2670 = PLANE ( 'NONE',  #6755 ) ;
#2671 = CARTESIAN_POINT ( 'NONE',  ( -17.66607220626586283, 107.0365030456997033, 28.48295649189079626 ) ) ;
#2672 = DIRECTION ( 'NONE',  ( 0.000000000000000000, -1.000000000000000000, 0.000000000000000000 ) ) ;
#2673 = CIRCLE ( 'NONE', #4902, 3.499999999999999556 ) ;
#2674 = ADVANCED_FACE ( 'NONE', ( #7602 ), #6974, .F. ) ;
#2675 = DIRECTION ( 'NONE',  ( -0.000000000000000000, -1.000000000000000000, -0.000000000000000000 ) ) ;
#2676 = ORIENTED_EDGE ( 'NONE', *, *, #4414, .T. ) ;
#2677 = EDGE_CURVE ( 'NONE', #1672, #5340, #8067, .T. ) ;
#2678 = DIRECTION ( 'NONE',  ( -0.000000000000000000, 1.000000000000000000, -0.000000000000000000 ) ) ;
#2679 = ORIENTED_EDGE ( 'NONE', *, *, #4060, .F. ) ;
#2680 = EDGE_CURVE ( 'NONE', #1481, #5393, #5821, .T. ) ;
#2681 = VERTEX_POINT ( 'NONE', #801 ) ;
#2682 = FACE_OUTER_BOUND ( 'NONE', #7446, .T. ) ;
#2683 = ORIENTED_EDGE ( 'NONE', *, *, #238, .T. ) ;
#2684 = CARTESIAN_POINT ( 'NONE',  ( 3.368536366827511825E-15, 110.0000000000000000, -31.75426480542942898 ) ) ;
#2685 = DIRECTION ( 'NONE',  ( 0.000000000000000000, -1.000000000000000000, -3.384826294588892433E-16 ) ) ;
#2686 = LINE ( 'NONE', #4537, #3642 ) ;
#2687 = EDGE_LOOP ( 'NONE', ( #4716, #3515 ) ) ;
#2688 = ORIENTED_EDGE ( 'NONE', *, *, #5263, .F. ) ;
#2689 = EDGE_CURVE ( 'NONE', #4821, #7998, #7728, .T. ) ;
#2690 = ORIENTED_EDGE ( 'NONE', *, *, #5476, .F. ) ;
#2691 = CARTESIAN_POINT ( 'NONE',  ( -28.29181316015135295, 107.3909644144484901, 22.43318957930000934 ) ) ;
#2692 = CARTESIAN_POINT ( 'NONE',  ( 37.38867934035143037, 110.0000000000478479, -6.857222500605810289 ) ) ;
#2693 = CARTESIAN_POINT ( 'NONE',  ( -14.75730584316622007, 101.6887210729898356, 30.16233353463929134 ) ) ;
#2694 = ADVANCED_FACE ( 'NONE', ( #880, #1418 ), #4024, .T. ) ;
#2695 = DIRECTION ( 'NONE',  ( -0.8660254037844385966, 0.000000000000000000, -0.5000000000000000000 ) ) ;
#2696 = DIRECTION ( 'NONE',  ( -0.000000000000000000, 0.000000000000000000, 1.000000000000000000 ) ) ;
#2697 = DIRECTION ( 'NONE',  ( 0.7263372651181297934, -0.5445905829773605156, -0.4193510155384082005 ) ) ;
#2698 = VERTEX_POINT ( 'NONE', #7814 ) ;
#2699 = ORIENTED_EDGE ( 'NONE', *, *, #1858, .F. ) ;
#2700 = CARTESIAN_POINT ( 'NONE',  ( -3.733417588320648406, 6.130762617125156133, -36.41574728538206784 ) ) ;
#2701 = CARTESIAN_POINT ( 'NONE',  ( -3.500000000000010214, 4.861804996342586449, -29.73353886326572848 ) ) ;
#2702 = CARTESIAN_POINT ( 'NONE',  ( 27.00000000000000355, 105.0000000000000142, 0.000000000000000000 ) ) ;
#2703 = LINE ( 'NONE', #833, #5928 ) ;
#2704 = EDGE_LOOP ( 'NONE', ( #7097, #3999, #3445, #218 ) ) ;
#2705 = EDGE_CURVE ( 'NONE', #5601, #2193, #7188, .T. ) ;
#2706 = CARTESIAN_POINT ( 'NONE',  ( 30.54095610815089401, 169.9999999999999716, -12.50000000000002132 ) ) ;
#2707 = ORIENTED_EDGE ( 'NONE', *, *, #6664, .F. ) ;
#2708 = DIRECTION ( 'NONE',  ( -1.000000000000000000, -0.000000000000000000, -0.000000000000000000 ) ) ;
#2709 = CARTESIAN_POINT ( 'NONE',  ( 4.999999999999993783, 100.9891480698419031, -35.79571668975681575 ) ) ;
#2710 = FACE_BOUND ( 'NONE', #7788, .T. ) ;
#2711 = DIRECTION ( 'NONE',  ( 0.000000000000000000, 0.000000000000000000, 1.000000000000000000 ) ) ;
#2712 = ORIENTED_EDGE ( 'NONE', *, *, #6874, .F. ) ;
#2713 = CARTESIAN_POINT ( 'NONE',  ( 24.65106883661407977, 102.3361739462322220, -24.45016680707380630 ) ) ;
#2714 = ORIENTED_EDGE ( 'NONE', *, *, #247, .T. ) ;
#2715 = VERTEX_POINT ( 'NONE', #214 ) ;
#2716 = CARTESIAN_POINT ( 'NONE',  ( 27.00000000000000355, 115.0000000000000000, 4.000000000000002665 ) ) ;
#2717 = VERTEX_POINT ( 'NONE', #4481 ) ;
#2718 = VECTOR ( 'NONE', #4100, 1000.000000000000114 ) ;
#2719 = EDGE_CURVE ( 'NONE', #3541, #575, #3327, .T. ) ;
#2720 = CARTESIAN_POINT ( 'NONE',  ( -3.512828652905692461, 4.598951512966264588, 29.72613223705729624 ) ) ;
#2721 = DIRECTION ( 'NONE',  ( 0.000000000000000000, -0.8993531712388834753, -0.4372229104044794701 ) ) ;
#2722 = LINE ( 'NONE', #4581, #1403 ) ;
#2723 = ORIENTED_EDGE ( 'NONE', *, *, #1242, .F. ) ;
#2724 = EDGE_LOOP ( 'NONE', ( #1897, #5708, #899, #1322 ) ) ;
#2725 = VECTOR ( 'NONE', #1964, 1000.000000000000227 ) ;
#2726 =( BOUNDED_CURVE ( )  B_SPLINE_CURVE ( 3, ( #1020, #6863, #5456, #1682 ),
 .UNSPECIFIED., .F., .T. ) 
 B_SPLINE_CURVE_WITH_KNOTS ( ( 4, 4 ),
 ( 2.617993877991494411, 2.754453286918320476 ),
 .UNSPECIFIED. ) 
 CURVE ( )  GEOMETRIC_REPRESENTATION_ITEM ( )  RATIONAL_B_SPLINE_CURVE ( ( 1.000000000000000000, 0.9984488377092299860, 0.9984488377092299860, 1.000000000000000000 ) ) 
 REPRESENTATION_ITEM ( '' )  );
#2727 = ORIENTED_EDGE ( 'NONE', *, *, #5339, .T. ) ;
#2728 = ADVANCED_FACE ( 'NONE', ( #2084 ), #88, .F. ) ;
#2729 = LINE ( 'NONE', #3386, #6567 ) ;
#2730 = CARTESIAN_POINT ( 'NONE',  ( 7.676883490051555903, 109.9999999999846381, 37.22266250538297783 ) ) ;
#2731 = AXIS2_PLACEMENT_3D ( 'NONE', #3409, #5192, #4526 ) ;
#2732 = CYLINDRICAL_SURFACE ( 'NONE', #5558, 3.999999999999999112 ) ;
#2733 = ADVANCED_FACE ( 'NONE', ( #3236 ), #2670, .F. ) ;
#2734 = CARTESIAN_POINT ( 'NONE',  ( 3.368536366827511825E-15, 80.95002665055245927, -31.75426480542942898 ) ) ;
#2735 = LINE ( 'NONE', #2775, #6713 ) ;
#2736 = AXIS2_PLACEMENT_3D ( 'NONE', #4035, #5994, #4000 ) ;
#2737 = ORIENTED_EDGE ( 'NONE', *, *, #300, .F. ) ;
#2738 = EDGE_CURVE ( 'NONE', #7857, #2466, #5427, .T. ) ;
#2739 = ORIENTED_EDGE ( 'NONE', *, *, #4934, .F. ) ;
#2740 = CARTESIAN_POINT ( 'NONE',  ( -1.890787089607199656, 105.5162391578504639, 36.96619194505618111 ) ) ;
#2741 = CARTESIAN_POINT ( 'NONE',  ( -1.380348874026484114E-14, 67.95002665055244506, 38.68246803570493597 ) ) ;
#2742 = DIRECTION ( 'NONE',  ( 0.000000000000000000, -1.000000000000000000, 7.885106708985486569E-17 ) ) ;
#2743 = CARTESIAN_POINT ( 'NONE',  ( -32.96027030176477979, 105.5141815624791661, -16.84172528303398408 ) ) ;
#2744 = AXIS2_PLACEMENT_3D ( 'NONE', #3330, #2675, #841 ) ;
#2745 = CARTESIAN_POINT ( 'NONE',  ( -3.500000000000010214, 99.80291206302874230, -29.73353886326572848 ) ) ;
#2746 = ORIENTED_EDGE ( 'NONE', *, *, #1753, .T. ) ;
#2747 = LINE ( 'NONE', #1458, #2718 ) ;
#2748 = AXIS2_PLACEMENT_3D ( 'NONE', #4307, #6840, #1285 ) ;
#2749 = CIRCLE ( 'NONE', #5929, 38.00000000000000000 ) ;
#2750 = ORIENTED_EDGE ( 'NONE', *, *, #7335, .F. ) ;
#2751 = CARTESIAN_POINT ( 'NONE',  ( -3.500000000000010214, 110.0000000000000000, -29.73353886326572848 ) ) ;
#2752 = EDGE_CURVE ( 'NONE', #5907, #6201, #1954, .T. ) ;
#2753 = CARTESIAN_POINT ( 'NONE',  ( -33.50000000000000711, -3.000000000000002665, 13.56773132595621689 ) ) ;
#2754 = CARTESIAN_POINT ( 'NONE',  ( 3.368536366827511825E-15, 62.95002665055243796, -31.75426480542942898 ) ) ;
#2755 = DIRECTION ( 'NONE',  ( -0.000000000000000000, 1.000000000000000000, -0.000000000000000000 ) ) ;
#2756 = ORIENTED_EDGE ( 'NONE', *, *, #2738, .F. ) ;
#2757 = AXIS2_PLACEMENT_3D ( 'NONE', #5616, #6942, #18 ) ;
#2758 = CARTESIAN_POINT ( 'NONE',  ( 9.570082413557450707, 107.0349506179166923, -33.15717837808384161 ) ) ;
#2759 = VERTEX_POINT ( 'NONE', #6393 ) ;
#2760 = EDGE_LOOP ( 'NONE', ( #4927, #7811, #7173, #1073 ) ) ;
#2761 = DIRECTION ( 'NONE',  ( 0.000000000000000000, 1.000000000000000000, 0.000000000000000000 ) ) ;
#2762 = EDGE_LOOP ( 'NONE', ( #3288, #844, #6397, #5315 ) ) ;
#2763 = CARTESIAN_POINT ( 'NONE',  ( 3.499999999999996003, 4.664717059371330521, 33.22798536380059886 ) ) ;
#2764 = DIRECTION ( 'NONE',  ( 1.464997862481513076E-16, 0.6101084569551438186, 0.7923179101546383718 ) ) ;
#2765 = CARTESIAN_POINT ( 'NONE',  ( 12.49999999999997691, 110.0000000000000000, 24.53738644055911067 ) ) ;
#2766 = ORIENTED_EDGE ( 'NONE', *, *, #8083, .T. ) ;
#2767 = ORIENTED_EDGE ( 'NONE', *, *, #5451, .T. ) ;
#2768 = ADVANCED_FACE ( 'NONE', ( #4524 ), #2626, .T. ) ;
#2769 = ORIENTED_EDGE ( 'NONE', *, *, #2719, .T. ) ;
#2770 = CARTESIAN_POINT ( 'NONE',  ( 3.499999999999996003, 1.808887184059105646, 34.61635457139905014 ) ) ;
#2771 = VECTOR ( 'NONE', #3600, 1000.000000000000000 ) ;
#2772 = CARTESIAN_POINT ( 'NONE',  ( -3.464716512744709043, 104.6078127929929735, -36.52572333693909457 ) ) ;
#2773 = DIRECTION ( 'NONE',  ( 0.000000000000000000, -1.000000000000000000, 0.000000000000000000 ) ) ;
#2774 = ADVANCED_FACE ( 'NONE', ( #4564 ), #5146, .T. ) ;
#2775 = CARTESIAN_POINT ( 'NONE',  ( -2.912702927882211237E-17, 85.95002665055245927, -38.68246803570493597 ) ) ;
#2776 = ORIENTED_EDGE ( 'NONE', *, *, #2958, .F. ) ;
#2777 = ORIENTED_EDGE ( 'NONE', *, *, #5382, .F. ) ;
#2778 = DIRECTION ( 'NONE',  ( -0.8660254037844387076, 0.000000000000000000, -0.4999999999999999445 ) ) ;
#2779 = FACE_OUTER_BOUND ( 'NONE', #1506, .T. ) ;
#2780 = CARTESIAN_POINT ( 'NONE',  ( -16.00000000000000000, 115.0000000000000000, -16.00000000000000000 ) ) ;
#2781 = CARTESIAN_POINT ( 'NONE',  ( 31.68330817057396587, 105.8509778106531627, 19.33226538395207683 ) ) ;
#2782 = VECTOR ( 'NONE', #4807, 1000.000000000000000 ) ;
#2783 = CARTESIAN_POINT ( 'NONE',  ( 4.221003155635242976, 99.39233975324073356, 36.21171289635505275 ) ) ;
#2784 = EDGE_LOOP ( 'NONE', ( #14, #316, #7764, #4109, #544, #940, #163 ) ) ;
#2785 = CYLINDRICAL_SURFACE ( 'NONE', #3791, 3.499999999999999556 ) ;
#2786 = AXIS2_PLACEMENT_3D ( 'NONE', #6662, #7169, #7247 ) ;
#2787 = VERTEX_POINT ( 'NONE', #2580 ) ;
#2788 = CARTESIAN_POINT ( 'NONE',  ( 4.999999999999993783, 47.50247309592896983, -35.79571668975681575 ) ) ;
#2789 = LINE ( 'NONE', #4429, #400 ) ;
#2790 = CARTESIAN_POINT ( 'NONE',  ( 0.000000000000000000, 185.0000000000000000, 0.000000000000000000 ) ) ;
#2791 = B_SPLINE_CURVE_WITH_KNOTS ( 'NONE', 3,
 ( #3649, #3983, #2664, #1409, #750, #5137 ),
 .UNSPECIFIED., .F., .F.,
 ( 4, 2, 4 ),
 ( 8.673617379884035472E-19, 0.001007245322344454443, 0.002014490644688908018 ),
 .UNSPECIFIED. ) ;
#2792 = CARTESIAN_POINT ( 'NONE',  ( -33.50000000000000711, 67.95002665055244506, 19.34123401785247154 ) ) ;
#2793 = ORIENTED_EDGE ( 'NONE', *, *, #1723, .T. ) ;
#2794 = ADVANCED_FACE ( 'NONE', ( #173 ), #711, .T. ) ;
#2795 = VECTOR ( 'NONE', #7722, 1000.000000000000000 ) ;
#2796 = CARTESIAN_POINT ( 'NONE',  ( 15.84206894881397609, 107.0365219452591248, -29.53604526358150295 ) ) ;
#2797 = VERTEX_POINT ( 'NONE', #2709 ) ;
#2798 = EDGE_LOOP ( 'NONE', ( #5679, #6682 ) ) ;
#2799 = CARTESIAN_POINT ( 'NONE',  ( -33.50000000000000711, 102.3326384899905577, 9.103937846080146556 ) ) ;
#2800 = ORIENTED_EDGE ( 'NONE', *, *, #7345, .F. ) ;
#2801 = CIRCLE ( 'NONE', #2389, 4.000000000000000000 ) ;
#2802 = CARTESIAN_POINT ( 'NONE',  ( -3.469446951953614189E-15, -3.000000000000002665, -27.13546265191242313 ) ) ;
#2803 = LINE ( 'NONE', #5290, #7961 ) ;
#2804 = LINE ( 'NONE', #7903, #4583 ) ;
#2805 = ORIENTED_EDGE ( 'NONE', *, *, #7373, .F. ) ;
#2806 = DIRECTION ( 'NONE',  ( 0.000000000000000000, 1.000000000000000000, 0.000000000000000000 ) ) ;
#2807 = ORIENTED_EDGE ( 'NONE', *, *, #4545, .F. ) ;
#2808 = EDGE_CURVE ( 'NONE', #5016, #5177, #3283, .T. ) ;
#2809 = EDGE_LOOP ( 'NONE', ( #1215, #8041, #7438, #4628, #1470, #593, #2635, #2159 ) ) ;
#2810 = CARTESIAN_POINT ( 'NONE',  ( 3.812573934246227481, 99.61636055733491446, -36.38015193797856739 ) ) ;
#2811 = FACE_OUTER_BOUND ( 'NONE', #1915, .T. ) ;
#2812 = VERTEX_POINT ( 'NONE', #5227 ) ;
#2813 = VERTEX_POINT ( 'NONE', #3991 ) ;
#2814 = DIRECTION ( 'NONE',  ( 0.000000000000000000, -1.000000000000000000, 0.000000000000000000 ) ) ;
#2815 = CARTESIAN_POINT ( 'NONE',  ( -3.500000000000010214, 100.0000000000000000, 33.22798536380059886 ) ) ;
#2816 = EDGE_CURVE ( 'NONE', #6528, #2900, #3687, .T. ) ;
#2817 = CARTESIAN_POINT ( 'NONE',  ( 33.50000000000000000, 103.7551335477912318, -13.99282273156067724 ) ) ;
#2818 = CARTESIAN_POINT ( 'NONE',  ( 35.88523373199623023, 185.0000000000000000, 12.49999999999998401 ) ) ;
#2819 = FACE_OUTER_BOUND ( 'NONE', #7167, .T. ) ;
#2820 = EDGE_LOOP ( 'NONE', ( #7867, #4750, #3353, #279, #2223 ) ) ;
#2821 = DIRECTION ( 'NONE',  ( 0.000000000000000000, 1.000000000000000000, 0.000000000000000000 ) ) ;
#2822 = VERTEX_POINT ( 'NONE', #2753 ) ;
#2823 = EDGE_CURVE ( 'NONE', #6458, #6359, #1036, .T. ) ;
#2824 = CARTESIAN_POINT ( 'NONE',  ( 33.79086250829863758, 104.4808395856936869, -19.17330447038908758 ) ) ;
#2825 = DIRECTION ( 'NONE',  ( 0.000000000000000000, 0.000000000000000000, 1.000000000000000000 ) ) ;
#2826 = DIRECTION ( 'NONE',  ( 0.000000000000000000, 1.000000000000000000, 0.000000000000000000 ) ) ;
#2827 = EDGE_CURVE ( 'NONE', #6729, #2130, #2250, .T. ) ;
#2828 = DIRECTION ( 'NONE',  ( 1.776356839400250859E-15, 0.000000000000000000, -1.000000000000000000 ) ) ;
#2829 = VERTEX_POINT ( 'NONE', #6600 ) ;
#2830 = CARTESIAN_POINT ( 'NONE',  ( 26.71086599497890646, 110.0000000000704432, -27.04416663244553831 ) ) ;
#2831 = VERTEX_POINT ( 'NONE', #5985 ) ;
#2832 = LINE ( 'NONE', #1549, #1567 ) ;
#2833 = ORIENTED_EDGE ( 'NONE', *, *, #1496, .T. ) ;
#2834 = EDGE_CURVE ( 'NONE', #5900, #6659, #299, .T. ) ;
#2835 = CARTESIAN_POINT ( 'NONE',  ( -12.50000000000002487, 110.0000000000000000, -31.46558967083460701 ) ) ;
#2836 = FACE_OUTER_BOUND ( 'NONE', #4909, .T. ) ;
#2837 = DIRECTION ( 'NONE',  ( 1.709455358784207150E-16, -0.3811132095897419858, -0.9245283778641980588 ) ) ;
#2838 = ORIENTED_EDGE ( 'NONE', *, *, #4545, .T. ) ;
#2839 = CARTESIAN_POINT ( 'NONE',  ( -3.500000000000010214, 99.80291206302867124, 29.73353886326573203 ) ) ;
#2840 = EDGE_LOOP ( 'NONE', ( #7273, #1160 ) ) ;
#2841 = AXIS2_PLACEMENT_3D ( 'NONE', #6727, #1074, #5513 ) ;
#2842 = ORIENTED_EDGE ( 'NONE', *, *, #2239, .T. ) ;
#2843 = APPROVAL ( #271, 'Coincident' ) ;
#2844 = LINE ( 'NONE', #7912, #2463 ) ;
#2845 = EDGE_CURVE ( 'NONE', #6695, #1736, #335, .T. ) ;
#2846 = CARTESIAN_POINT ( 'NONE',  ( -4.999999999999754863, 103.4621466860846937, -35.79571668975695076 ) ) ;
#2847 = AXIS2_PLACEMENT_3D ( 'NONE', #6533, #4033, #848 ) ;
#2848 = CARTESIAN_POINT ( 'NONE',  ( 0.000000000000000000, 115.0000000000000000, 0.000000000000000000 ) ) ;
#2849 = VECTOR ( 'NONE', #1430, 1000.000000000000114 ) ;
#2850 =( BOUNDED_SURFACE ( )  B_SPLINE_SURFACE ( 3, 2, ( 
 ( #1795, #3042, #2381 ),
 ( #6121, #3617, #4244 ),
 ( #7442, #5575, #2424 ),
 ( #4941, #4326, #6859 ),
 ( #1176, #1589, #3572 ),
 ( #2876, #344, #8010 ),
 ( #1045, #2912, #4113 ),
 ( #4777, #7392, #6608 ),
 ( #7898, #2328, #5325 ),
 ( #6730, #6108, #422 ),
 ( #7975, #4853, #4813 ),
 ( #1704, #2288, #6650 ),
 ( #7350, #965, #5401 ),
 ( #930, #5441, #1665 ),
 ( #7232, #3455, #2799 ),
 ( #7938, #2949, #5992 ),
 ( #7312, #5475, #1628 ),
 ( #4073, #6025, #6069 ) ),
 .UNSPECIFIED., .F., .F., .F. ) 
 B_SPLINE_SURFACE_WITH_KNOTS ( ( 4, 2, 2, 2, 2, 2, 2, 2, 4 ),
 ( 3, 3 ),
 ( 0.009965649778360261696, 0.01343514958618367665, 0.01690464939400709160, 0.02037414920183050829, 0.02384364900965392498, 0.02731314881747734166, 0.03078264862530075835, 0.03425214843312417157, 0.03772164824094759172 ),
 ( 0.000000000000000000, 1.000000000000000000 ),
 .UNSPECIFIED. ) 
 GEOMETRIC_REPRESENTATION_ITEM ( )  RATIONAL_B_SPLINE_SURFACE ( (
 ( 1.000000000000000000, 0.9279975443815923208, 1.000000000000000000),
 ( 1.000000000000000000, 0.9209930832332788864, 1.000000000000000000),
 ( 1.000000000000000000, 0.9144482892599860024, 1.000000000000000000),
 ( 1.000000000000000000, 0.9027709600961860703, 1.000000000000000000),
 ( 1.000000000000000000, 0.8976402609428490997, 1.000000000000000000),
 ( 1.000000000000000000, 0.8892163811831983455, 1.000000000000000000),
 ( 1.000000000000000000, 0.8859248568116758760, 1.000000000000000000),
 ( 1.000000000000000000, 0.8814867487824861181, 1.000000000000000000),
 ( 1.000000000000000000, 0.8803441999453955891, 1.000000000000000000),
 ( 1.000000000000000000, 0.8803375011826908292, 1.000000000000000000),
 ( 1.000000000000000000, 0.8814660938550706870, 1.000000000000000000),
 ( 1.000000000000000000, 0.8858669186948233687, 1.000000000000000000),
 ( 1.000000000000000000, 0.8891380208971586541, 1.000000000000000000),
 ( 1.000000000000000000, 0.8975431435317366979, 1.000000000000000000),
 ( 1.000000000000000000, 0.9026754717182231547, 1.000000000000000000),
 ( 1.000000000000000000, 0.9144070449188622662, 1.000000000000000000),
 ( 1.000000000000000000, 0.9210358855322274829, 1.000000000000000000),
 ( 1.000000000000000000, 0.9279975443815891012, 1.000000000000000000) ) ) 
 REPRESENTATION_ITEM ( '' )  SURFACE ( )  );
#2851 = ORIENTED_EDGE ( 'NONE', *, *, #5314, .F. ) ;
#2852 = AXIS2_PLACEMENT_3D ( 'NONE', #2607, #4466, #6377 ) ;
#2853 = CARTESIAN_POINT ( 'NONE',  ( -27.93700628980612066, 110.0000000000000000, -25.75895338641174703 ) ) ;
#2854 = LINE ( 'NONE', #6667, #393 ) ;
#2855 = DIRECTION ( 'NONE',  ( -0.8660254037844387076, 0.000000000000000000, -0.4999999999999999445 ) ) ;
#2856 = CARTESIAN_POINT ( 'NONE',  ( 35.85643837763840480, 110.0000000000224674, 12.60086096960103319 ) ) ;
#2857 = VECTOR ( 'NONE', #559, 1000.000000000000000 ) ;
#2858 = CARTESIAN_POINT ( 'NONE',  ( 3.499999999999996003, 7.520546934683549622, -31.83961615620216890 ) ) ;
#2859 = VERTEX_POINT ( 'NONE', #1581 ) ;
#2860 = VECTOR ( 'NONE', #5879, 1000.000000000000000 ) ;
#2861 = DIRECTION ( 'NONE',  ( 0.8660254037844387076, 0.000000000000000000, -0.4999999999999997780 ) ) ;
#2862 = EDGE_CURVE ( 'NONE', #4402, #4460, #4361, .T. ) ;
#2863 = VERTEX_POINT ( 'NONE', #6676 ) ;
#2864 = VECTOR ( 'NONE', #1116, 1000.000000000000000 ) ;
#2865 = LINE ( 'NONE', #3407, #3022 ) ;
#2866 = AXIS2_PLACEMENT_3D ( 'NONE', #428, #7398, #7435 ) ;
#2867 = DIRECTION ( 'NONE',  ( -0.000000000000000000, 1.000000000000000000, 0.000000000000000000 ) ) ;
#2868 = DIRECTION ( 'NONE',  ( 1.000000000000000000, 0.000000000000000000, 0.000000000000000000 ) ) ;
#2869 = DIRECTION ( 'NONE',  ( 0.000000000000000000, -1.000000000000000000, 0.000000000000000000 ) ) ;
#2870 = VERTEX_POINT ( 'NONE', #4183 ) ;
#2871 = DIRECTION ( 'NONE',  ( 0.000000000000000000, 0.000000000000000000, -1.000000000000000000 ) ) ;
#2872 = EDGE_CURVE ( 'NONE', #5358, #7281, #958, .T. ) ;
#2873 = VECTOR ( 'NONE', #206, 1000.000000000000000 ) ;
#2874 = AXIS2_PLACEMENT_3D ( 'NONE', #1896, #3719, #3058 ) ;
#2875 = ORIENTED_EDGE ( 'NONE', *, *, #819, .T. ) ;
#2876 = CARTESIAN_POINT ( 'NONE',  ( -37.68623935754173715, 109.9999999999467093, -4.967923509577458319 ) ) ;
#2877 = CARTESIAN_POINT ( 'NONE',  ( 28.84962688290051958, 103.7403997830039231, -22.02612818884205836 ) ) ;
#2878 = CARTESIAN_POINT ( 'NONE',  ( 2.260531514780377726, 107.9015033282428675, 36.89261327255769629 ) ) ;
#2879 = CARTESIAN_POINT ( 'NONE',  ( 4.999999999999984013, -3.000000000000002665, 35.79571668975681575 ) ) ;
#2880 = AXIS2_PLACEMENT_3D ( 'NONE', #1938, #1319, #530 ) ;
#2881 = CC_DESIGN_APPROVAL ( #1217, ( #3664 ) ) ;
#2882 = CARTESIAN_POINT ( 'NONE',  ( 28.50000000000000000, 103.4621466860844947, 22.22798536380061662 ) ) ;
#2883 = DIRECTION ( 'NONE',  ( 0.000000000000000000, -1.000000000000000000, 0.000000000000000000 ) ) ;
#2884 = DIRECTION ( 'NONE',  ( -0.4999999999999987232, 0.000000000000000000, -0.8660254037844393737 ) ) ;
#2885 = ORIENTED_EDGE ( 'NONE', *, *, #1617, .T. ) ;
#2886 = LINE ( 'NONE', #314, #2486 ) ;
#2887 = ORIENTED_EDGE ( 'NONE', *, *, #4105, .T. ) ;
#2888 = ORIENTED_EDGE ( 'NONE', *, *, #5878, .T. ) ;
#2889 = CARTESIAN_POINT ( 'NONE',  ( -27.93700628980614553, 110.0000000000000000, 25.75895338641171861 ) ) ;
#2890 = DIRECTION ( 'NONE',  ( -0.000000000000000000, 1.000000000000000000, 0.000000000000000000 ) ) ;
#2891 = DIRECTION ( 'NONE',  ( 0.000000000000000000, 0.000000000000000000, 1.000000000000000000 ) ) ;
#2892 = EDGE_CURVE ( 'NONE', #664, #2813, #5552, .T. ) ;
#2893 = EDGE_LOOP ( 'NONE', ( #7653, #4701, #8132, #8095, #2833, #50, #4522, #2888 ) ) ;
#2894 = VECTOR ( 'NONE', #4824, 1000.000000000000000 ) ;
#2895 = FACE_OUTER_BOUND ( 'NONE', #6521, .T. ) ;
#2896 = CARTESIAN_POINT ( 'NONE',  ( 33.50000000000000000, 101.6775050010782024, -2.284008995686072740 ) ) ;
#2897 = CARTESIAN_POINT ( 'NONE',  ( 34.26238468519487412, 110.0000000000253948, -16.44978923060838483 ) ) ;
#2898 = CARTESIAN_POINT ( 'NONE',  ( 33.09216959183203244, 107.9068563916696633, 16.48859223491450621 ) ) ;
#2899 = LINE ( 'NONE', #7882, #755 ) ;
#2900 = VERTEX_POINT ( 'NONE', #5395 ) ;
#2901 = LINE ( 'NONE', #7380, #3003 ) ;
#2902 = EDGE_CURVE ( 'NONE', #6349, #210, #5353, .T. ) ;
#2903 = ORIENTED_EDGE ( 'NONE', *, *, #4585, .T. ) ;
#2904 = AXIS2_PLACEMENT_3D ( 'NONE', #3692, #6309, #3155 ) ;
#2905 = CARTESIAN_POINT ( 'NONE',  ( 12.49999999999997691, 110.0000000000000000, 31.46558967083462477 ) ) ;
#2906 = DIRECTION ( 'NONE',  ( 0.000000000000000000, 0.000000000000000000, 1.000000000000000000 ) ) ;
#2907 = LINE ( 'NONE', #1108, #1137 ) ;
#2908 = EDGE_LOOP ( 'NONE', ( #2317, #2489, #2099, #392 ) ) ;
#2909 = CARTESIAN_POINT ( 'NONE',  ( -12.77444105870202229, 101.8013993413398026, -31.30714105171631445 ) ) ;
#2910 = AXIS2_PLACEMENT_3D ( 'NONE', #2404, #3601, #6136 ) ;
#2911 = ORIENTED_EDGE ( 'NONE', *, *, #3334, .T. ) ;
#2912 = CARTESIAN_POINT ( 'NONE',  ( -33.49999999999603517, 107.0240642451339568, -4.205771834482388449 ) ) ;
#2913 = DIRECTION ( 'NONE',  ( 0.000000000000000000, 0.000000000000000000, 1.000000000000000000 ) ) ;
#2914 = LINE ( 'NONE', #1741, #4971 ) ;
#2915 = ADVANCED_FACE ( 'NONE', ( #7385 ), #7890, .F. ) ;
#2916 = CARTESIAN_POINT ( 'NONE',  ( -27.50000000000000355, 67.95002665055244506, 15.87713240271471449 ) ) ;
#2917 = CIRCLE ( 'NONE', #2131, 1.000000000000000888 ) ;
#2918 = DIRECTION ( 'NONE',  ( 0.000000000000000000, 0.000000000000000000, -1.000000000000000000 ) ) ;
#2919 = CARTESIAN_POINT ( 'NONE',  ( -3.509618943233420385, 4.730456502462926593, -29.72798536380060241 ) ) ;
#2920 = EDGE_LOOP ( 'NONE', ( #1138, #7477, #6743, #3313, #2602, #7893 ) ) ;
#2921 = DIRECTION ( 'NONE',  ( 0.7211340085870319161, -0.5537336804628485432, -0.4163469139795161755 ) ) ;
#2922 = EDGE_LOOP ( 'NONE', ( #1608, #98, #4552, #7792 ) ) ;
#2923 = ADVANCED_FACE ( 'NONE', ( #2207 ), #6060, .F. ) ;
#2924 = CIRCLE ( 'NONE', #3186, 8.000000000000000000 ) ;
#2925 = VERTEX_POINT ( 'NONE', #259 ) ;
#2926 = DIRECTION ( 'NONE',  ( 3.469446951953611724E-16, -1.000000000000000000, -2.003086131649541513E-16 ) ) ;
#2927 = DIRECTION ( 'NONE',  ( 0.000000000000000000, -1.000000000000000000, 0.000000000000000000 ) ) ;
#2928 = EDGE_CURVE ( 'NONE', #1917, #4239, #5834, .T. ) ;
#2929 = FACE_OUTER_BOUND ( 'NONE', #4263, .T. ) ;
#2930 = FACE_OUTER_BOUND ( 'NONE', #7600, .T. ) ;
#2931 = EDGE_CURVE ( 'NONE', #2812, #6738, #7951, .T. ) ;
#2932 = ORIENTED_EDGE ( 'NONE', *, *, #197, .F. ) ;
#2933 = LINE ( 'NONE', #5342, #2444 ) ;
#2934 = DIRECTION ( 'NONE',  ( 0.8660254037844387076, 0.000000000000000000, -0.4999999999999997224 ) ) ;
#2935 = EDGE_CURVE ( 'NONE', #7466, #5467, #5696, .T. ) ;
#2936 = CARTESIAN_POINT ( 'NONE',  ( 31.54402012420380075, 108.0237847286217914, -19.53904820892907424 ) ) ;
#2937 = DIRECTION ( 'NONE',  ( -1.000000000000000000, -0.000000000000000000, -0.000000000000000000 ) ) ;
#2938 = CARTESIAN_POINT ( 'NONE',  ( -33.28302625882710686, 104.8774166941863086, -15.68532823158022893 ) ) ;
#2939 = ORIENTED_EDGE ( 'NONE', *, *, #7020, .T. ) ;
#2940 = LINE ( 'NONE', #2241, #4728 ) ;
#2941 = VERTEX_POINT ( 'NONE', #5435 ) ;
#2942 = DIRECTION ( 'NONE',  ( -0.7211340085870326932, 0.5537336804628470999, 0.4163469139795166751 ) ) ;
#2943 = CARTESIAN_POINT ( 'NONE',  ( 3.775410374669992297, 4.439165125327534156, 36.39539118850675692 ) ) ;
#2944 = EDGE_CURVE ( 'NONE', #6566, #7087, #2245, .T. ) ;
#2945 = CARTESIAN_POINT ( 'NONE',  ( -27.00000000000000355, 115.0000000000000000, 0.000000000000000000 ) ) ;
#2946 = ORIENTED_EDGE ( 'NONE', *, *, #3473, .F. ) ;
#2947 = CARTESIAN_POINT ( 'NONE',  ( -5.872397567669783491, 103.1355148780630344, 35.29203771922230004 ) ) ;
#2948 = ORIENTED_EDGE ( 'NONE', *, *, #7484, .T. ) ;
#2949 = CARTESIAN_POINT ( 'NONE',  ( -33.49999999999209166, 107.1012350799853294, 10.30003676713219107 ) ) ;
#2950 = CARTESIAN_POINT ( 'NONE',  ( 3.589110316682538215, 110.0000000000033538, 37.83179282480041650 ) ) ;
#2951 = CARTESIAN_POINT ( 'NONE',  ( -4.000000000000008882, -5.000000000000000000, 34.06366588218793368 ) ) ;
#2952 = CARTESIAN_POINT ( 'NONE',  ( 3.999999999999994227, -3.000000000000000000, -34.06366588218793368 ) ) ;
#2953 = DIRECTION ( 'NONE',  ( 0.000000000000000000, 1.000000000000000000, 0.000000000000000000 ) ) ;
#2954 = DIRECTION ( 'NONE',  ( -0.4999999999999992228, 0.000000000000000000, -0.8660254037844391517 ) ) ;
#2955 = VERTEX_POINT ( 'NONE', #6761 ) ;
#2956 = DIRECTION ( 'NONE',  ( 0.000000000000000000, 1.000000000000000000, 0.000000000000000000 ) ) ;
#2957 = EDGE_LOOP ( 'NONE', ( #3269, #8131, #7080, #5032, #4090, #4391, #4626, #4540 ) ) ;
#2958 = EDGE_CURVE ( 'NONE', #3015, #642, #3408, .T. ) ;
#2959 = VERTEX_POINT ( 'NONE', #7342 ) ;
#2960 = CARTESIAN_POINT ( 'NONE',  ( -15.76143289975204631, 101.6482647400268320, 29.58260050821888143 ) ) ;
#2961 = DIRECTION ( 'NONE',  ( -0.4999999999999679146, 3.330669073875468990E-14, -0.8660254037844572483 ) ) ;
#2962 = CARTESIAN_POINT ( 'NONE',  ( -1.455152488992661475, 109.9999999999807869, -37.97886045333045502 ) ) ;
#2963 = CARTESIAN_POINT ( 'NONE',  ( -33.50000000000000711, 85.95002665055245927, 19.34123401785247154 ) ) ;
#2964 = EDGE_CURVE ( 'NONE', #7560, #190, #2789, .T. ) ;
#2965 = ORIENTED_EDGE ( 'NONE', *, *, #7664, .T. ) ;
#2966 = FACE_OUTER_BOUND ( 'NONE', #21, .T. ) ;
#2967 = EDGE_CURVE ( 'NONE', #491, #6763, #3102, .T. ) ;
#2968 = CARTESIAN_POINT ( 'NONE',  ( -3.500000000000010214, 48.67528175613146146, -32.22798536380059886 ) ) ;
#2969 = AXIS2_PLACEMENT_3D ( 'NONE', #5860, #209, #7142 ) ;
#2970 = CARTESIAN_POINT ( 'NONE',  ( -28.50000000000000711, 37.50000000000000711, -6.000381056766596721 ) ) ;
#2971 = CARTESIAN_POINT ( 'NONE',  ( -28.50000000000000711, 99.00000000000000000, 9.672268674043777992 ) ) ;
#2972 = EDGE_CURVE ( 'NONE', #543, #6328, #7509, .T. ) ;
#2973 = ORIENTED_EDGE ( 'NONE', *, *, #2482, .T. ) ;
#2974 = DIRECTION ( 'NONE',  ( -1.000000000000000000, -0.000000000000000000, -0.000000000000000000 ) ) ;
#2975 = B_SPLINE_CURVE_WITH_KNOTS ( 'NONE', 3,
 ( #8032, #3712, #5583, #1139 ),
 .UNSPECIFIED., .F., .F.,
 ( 4, 4 ),
 ( 1.734723475976807094E-18, 0.004734348970276880744 ),
 .UNSPECIFIED. ) ;
#2976 = VECTOR ( 'NONE', #5565, 1000.000000000000227 ) ;
#2977 =( BOUNDED_CURVE ( )  B_SPLINE_CURVE ( 3, ( #6405, #7615, #1306, #3829 ),
 .UNSPECIFIED., .F., .F. ) 
 B_SPLINE_CURVE_WITH_KNOTS ( ( 4, 4 ),
 ( 0.000000000000000000, 2.394455833806003131 ),
 .UNSPECIFIED. ) 
 CURVE ( )  GEOMETRIC_REPRESENTATION_ITEM ( )  RATIONAL_B_SPLINE_CURVE ( ( 1.000000000000000000, 0.5766266991369458639, 0.5766266991369458639, 1.000000000000000000 ) ) 
 REPRESENTATION_ITEM ( '' )  );
#2978 = VERTEX_POINT ( 'NONE', #7461 ) ;
#2979 = CARTESIAN_POINT ( 'NONE',  ( 3.499999999999996003, 4.664717059371330521, 33.22798536380059886 ) ) ;
#2980 = B_SPLINE_CURVE_WITH_KNOTS ( 'NONE', 3,
 ( #7177, #2195, #368, #4797, #4170, #2234, #6591, #2896, #3396, #4758, #5424, #7293, #4094, #5893, #1490, #5343, #7332, #911 ),
 .UNSPECIFIED., .F., .F.,
 ( 4, 2, 2, 2, 2, 2, 2, 2, 4 ),
 ( 3.469446951953614189E-18, 0.003465861164778496605, 0.006931722329556989741, 0.01039758349433548418, 0.01386344465911397254, 0.01732930582389246438, 0.02079516698867095448, 0.02426102815344944805, 0.02772688931822794162 ),
 .UNSPECIFIED. ) ;
#2981 = DIRECTION ( 'NONE',  ( 0.000000000000000000, -1.000000000000000000, 0.000000000000000000 ) ) ;
#2982 = LINE ( 'NONE', #5436, #3260 ) ;
#2983 = ORIENTED_EDGE ( 'NONE', *, *, #5711, .F. ) ;
#2984 = CARTESIAN_POINT ( 'NONE',  ( -4.999999999999999112, 110.0000000000000000, -35.79571668975681575 ) ) ;
#2985 = ADVANCED_FACE ( 'NONE', ( #1071 ), #1155, .T. ) ;
#2986 = CIRCLE ( 'NONE', #6579, 33.00000000000000000 ) ;
#2987 = EDGE_CURVE ( 'NONE', #4287, #4668, #4345, .T. ) ;
#2988 = EDGE_LOOP ( 'NONE', ( #3024, #1085, #7337, #2586 ) ) ;
#2989 = DIRECTION ( 'NONE',  ( -0.000000000000000000, 0.000000000000000000, 1.000000000000000000 ) ) ;
#2990 = FACE_BOUND ( 'NONE', #1661, .T. ) ;
#2991 = DIRECTION ( 'NONE',  ( 0.000000000000000000, 0.000000000000000000, 1.000000000000000000 ) ) ;
#2992 = DIRECTION ( 'NONE',  ( 0.000000000000000000, 0.000000000000000000, 1.000000000000000000 ) ) ;
#2993 = CARTESIAN_POINT ( 'NONE',  ( -23.50000000000000711, -5.000000000000000000, -13.56773132595622400 ) ) ;
#2994 = DIRECTION ( 'NONE',  ( 0.000000000000000000, -1.000000000000000000, 0.000000000000000000 ) ) ;
#2995 = ORIENTED_EDGE ( 'NONE', *, *, #1356, .F. ) ;
#2996 = VECTOR ( 'NONE', #5987, 1000.000000000000000 ) ;
#2997 = LINE ( 'NONE', #1121, #722 ) ;
#2998 = ORIENTED_EDGE ( 'NONE', *, *, #2967, .T. ) ;
#2999 = VERTEX_POINT ( 'NONE', #8088 ) ;
#3000 = DIRECTION ( 'NONE',  ( 0.5614378006234348462, 0.7613913545005357442, -0.3241462653231710345 ) ) ;
#3001 = CARTESIAN_POINT ( 'NONE',  ( -6.968097301016740630, 107.1567182980728035, 34.65943518321444117 ) ) ;
#3002 = AXIS2_PLACEMENT_3D ( 'NONE', #4605, #3320, #3401 ) ;
#3003 = VECTOR ( 'NONE', #7999, 1000.000000000000114 ) ;
#3004 = CARTESIAN_POINT ( 'NONE',  ( -0.8000000000000001554, -5.000000000000000000, 4.750000000000000000 ) ) ;
#3005 = CARTESIAN_POINT ( 'NONE',  ( -0.9024554228323794502, 105.8506062142090371, -37.10454299045272109 ) ) ;
#3006 = LINE ( 'NONE', #1801, #1663 ) ;
#3007 = ORIENTED_EDGE ( 'NONE', *, *, #2175, .F. ) ;
#3008 = ORIENTED_EDGE ( 'NONE', *, *, #6312, .T. ) ;
#3009 = CARTESIAN_POINT ( 'NONE',  ( -14.75730584315630267, 101.6887210729902336, -30.16233353464501477 ) ) ;
#3010 = DIRECTION ( 'NONE',  ( -0.000000000000000000, 1.000000000000000000, -0.000000000000000000 ) ) ;
#3011 = CARTESIAN_POINT ( 'NONE',  ( 27.36713547119587275, 107.2580183663584705, -22.88204500446104461 ) ) ;
#3012 = EDGE_CURVE ( 'NONE', #3224, #1101, #1106, .T. ) ;
#3013 = CARTESIAN_POINT ( 'NONE',  ( 27.83195751866731271, 107.3150695889614923, 22.67754843689550270 ) ) ;
#3014 = CARTESIAN_POINT ( 'NONE',  ( -33.50000000000000711, 103.4621466860844947, -13.56773132595622222 ) ) ;
#3015 = VERTEX_POINT ( 'NONE', #3760 ) ;
#3016 = DIRECTION ( 'NONE',  ( -1.701247564460903333E-16, 0.3917085756728472257, 0.9200893390015718598 ) ) ;
#3017 = AXIS2_PLACEMENT_3D ( 'NONE', #3326, #5144, #1462 ) ;
#3018 = ORIENTED_EDGE ( 'NONE', *, *, #2316, .T. ) ;
#3019 = CARTESIAN_POINT ( 'NONE',  ( -12.52522261489465727, 103.0759230070375168, -31.53881964115887016 ) ) ;
#3020 = DIRECTION ( 'NONE',  ( 0.000000000000000000, -1.000000000000000000, 0.000000000000000000 ) ) ;
#3021 = DIRECTION ( 'NONE',  ( 0.000000000000000000, 0.000000000000000000, 1.000000000000000000 ) ) ;
#3022 = VECTOR ( 'NONE', #5942, 1000.000000000000000 ) ;
#3023 = FACE_BOUND ( 'NONE', #828, .T. ) ;
#3024 = ORIENTED_EDGE ( 'NONE', *, *, #3507, .F. ) ;
#3025 = CARTESIAN_POINT ( 'NONE',  ( -8.848931163381163145, 102.3361739462401658, -33.57353524648635101 ) ) ;
#3026 = EDGE_CURVE ( 'NONE', #2959, #7281, #8045, .T. ) ;
#3027 = AXIS2_PLACEMENT_3D ( 'NONE', #4213, #3010, #6206 ) ;
#3028 = ORIENTED_EDGE ( 'NONE', *, *, #2382, .F. ) ;
#3029 = DIRECTION ( 'NONE',  ( -0.8660254037844384856, 0.000000000000000000, -0.5000000000000002220 ) ) ;
#3030 = FACE_BOUND ( 'NONE', #820, .T. ) ;
#3031 = CARTESIAN_POINT ( 'NONE',  ( 0.000000000000000000, 185.0000000000000000, -38.00000000000000000 ) ) ;
#3032 = EDGE_CURVE ( 'NONE', #2466, #7857, #6219, .T. ) ;
#3033 = CARTESIAN_POINT ( 'NONE',  ( 0.000000000000000000, 115.0000000000000000, 27.00000000000000355 ) ) ;
#3034 = CARTESIAN_POINT ( 'NONE',  ( -3.509618943233419053, 4.664717059371330521, -29.72798536380060241 ) ) ;
#3035 = CARTESIAN_POINT ( 'NONE',  ( -33.50000000000000711, 110.0000000000000000, 19.34123401785247154 ) ) ;
#3036 = ORIENTED_EDGE ( 'NONE', *, *, #3227, .T. ) ;
#3037 = AXIS2_PLACEMENT_3D ( 'NONE', #625, #8216, #2536 ) ;
#3038 = CARTESIAN_POINT ( 'NONE',  ( -28.50000000000000711, 55.00000000000000000, 9.672268674043781544 ) ) ;
#3039 = ORIENTED_EDGE ( 'NONE', *, *, #2115, .T. ) ;
#3040 = ORIENTED_EDGE ( 'NONE', *, *, #6208, .T. ) ;
#3041 = CARTESIAN_POINT ( 'NONE',  ( -27.49999999999999645, -5.000000000000000000, 20.49593455623173455 ) ) ;
#3042 = CARTESIAN_POINT ( 'NONE',  ( -33.50000000000001421, 107.2580183663584847, -12.25961204463575704 ) ) ;
#3043 = AXIS2_PLACEMENT_3D ( 'NONE', #4874, #1727, #6789 ) ;
#3044 = DIRECTION ( 'NONE',  ( -0.8660254037844388186, 0.000000000000000000, 0.4999999999999998335 ) ) ;
#3045 = DIRECTION ( 'NONE',  ( -1.000000000000000000, -0.000000000000000000, -0.000000000000000000 ) ) ;
#3046 = ORIENTED_EDGE ( 'NONE', *, *, #7345, .T. ) ;
#3047 = ADVANCED_FACE ( 'NONE', ( #4261 ), #6798, .F. ) ;
#3048 = AXIS2_PLACEMENT_3D ( 'NONE', #725, #5118, #4454 ) ;
#3049 = ORIENTED_EDGE ( 'NONE', *, *, #3939, .T. ) ;
#3050 = DIRECTION ( 'NONE',  ( 0.000000000000000000, -1.000000000000000000, 0.000000000000000000 ) ) ;
#3051 = FACE_OUTER_BOUND ( 'NONE', #1780, .T. ) ;
#3052 = VECTOR ( 'NONE', #7001, 1000.000000000000000 ) ;
#3053 = CARTESIAN_POINT ( 'NONE',  ( -3.500000000000010214, 48.87236969310273338, -29.73353886326572848 ) ) ;
#3054 = CARTESIAN_POINT ( 'NONE',  ( 3.499999999999996003, 48.67528175613146146, -33.22798536380059886 ) ) ;
#3055 = CARTESIAN_POINT ( 'NONE',  ( 28.29181316014659942, 107.3909644144547428, 22.43318957930476287 ) ) ;
#3056 = DIRECTION ( 'NONE',  ( 0.000000000000000000, -1.000000000000000000, 0.000000000000000000 ) ) ;
#3057 = ORIENTED_EDGE ( 'NONE', *, *, #6900, .F. ) ;
#3058 = DIRECTION ( 'NONE',  ( 0.000000000000000000, 0.000000000000000000, 1.000000000000000000 ) ) ;
#3059 = ADVANCED_FACE ( 'NONE', ( #1197 ), #451, .F. ) ;
#3060 = VERTEX_POINT ( 'NONE', #3724 ) ;
#3061 = FACE_OUTER_BOUND ( 'NONE', #1588, .T. ) ;
#3062 = CARTESIAN_POINT ( 'NONE',  ( -3.469446951953614189E-15, 71.95002665055244506, -37.13546265191241957 ) ) ;
#3063 = DIRECTION ( 'NONE',  ( 0.000000000000000000, 0.000000000000000000, -1.000000000000000000 ) ) ;
#3064 = CARTESIAN_POINT ( 'NONE',  ( -28.50000000000000711, 37.50000000000000711, -0.0003810567665955832961 ) ) ;
#3065 = ORIENTED_EDGE ( 'NONE', *, *, #4901, .F. ) ;
#3066 = CARTESIAN_POINT ( 'NONE',  ( -9.825123730519205623, 102.1624521163195425, -33.00993020506828657 ) ) ;
#3067 = EDGE_CURVE ( 'NONE', #583, #8073, #2655, .T. ) ;
#3068 = ORIENTED_EDGE ( 'NONE', *, *, #3397, .F. ) ;
#3069 = EDGE_LOOP ( 'NONE', ( #7193, #4985, #1194 ) ) ;
#3070 = DIRECTION ( 'NONE',  ( 0.5000000000000003331, 0.000000000000000000, -0.8660254037844385966 ) ) ;
#3071 = CARTESIAN_POINT ( 'NONE',  ( -1.780744536367121045, 105.5458647204849711, 36.97809015980803338 ) ) ;
#3072 = LINE ( 'NONE', #7316, #6476 ) ;
#3073 = ADVANCED_FACE ( 'NONE', ( #4964 ), #8172, .F. ) ;
#3074 = CARTESIAN_POINT ( 'NONE',  ( 12.60295807341053731, 102.1529510440436326, 31.40614679943579901 ) ) ;
#3075 = CARTESIAN_POINT ( 'NONE',  ( -15.50961894323343415, 44.90784310405786073, -29.72798536380059531 ) ) ;
#3076 = DIRECTION ( 'NONE',  ( 1.000000000000000000, -0.000000000000000000, -0.000000000000000000 ) ) ;
#3077 = ORIENTED_EDGE ( 'NONE', *, *, #7174, .F. ) ;
#3078 = DIRECTION ( 'NONE',  ( -0.000000000000000000, -1.000000000000000000, -0.000000000000000000 ) ) ;
#3079 = ORIENTED_EDGE ( 'NONE', *, *, #3551, .F. ) ;
#3080 = ADVANCED_FACE ( 'NONE', ( #6220 ), #2493, .F. ) ;
#3081 = VERTEX_POINT ( 'NONE', #8126 ) ;
#3082 = DIRECTION ( 'NONE',  ( -0.000000000000000000, -1.000000000000000000, -0.000000000000000000 ) ) ;
#3083 = CARTESIAN_POINT ( 'NONE',  ( -27.50000000000000355, 110.0000000000000000, 15.87713240271471449 ) ) ;
#3084 = DIRECTION ( 'NONE',  ( 0.000000000000000000, 1.000000000000000000, -0.000000000000000000 ) ) ;
#3085 = PERSON_AND_ORGANIZATION_ROLE ( 'creator' ) ;
#3086 = CARTESIAN_POINT ( 'NONE',  ( 5.669050568760601649, 109.9999999999803890, -37.58093893590362455 ) ) ;
#3087 = DIRECTION ( 'NONE',  ( 0.000000000000000000, 0.000000000000000000, -1.000000000000000000 ) ) ;
#3088 = ORIENTED_EDGE ( 'NONE', *, *, #5807, .F. ) ;
#3089 = EDGE_LOOP ( 'NONE', ( #5271, #2090 ) ) ;
#3090 = ADVANCED_FACE ( 'NONE', ( #1774 ), #2443, .F. ) ;
#3091 = CARTESIAN_POINT ( 'NONE',  ( -4.485497660534417008, 102.0445768595479876, 36.07736631550225326 ) ) ;
#3092 = CARTESIAN_POINT ( 'NONE',  ( 33.50000000000394351, 107.1016180047680848, 10.30609684194853592 ) ) ;
#3093 = CARTESIAN_POINT ( 'NONE',  ( 30.69274460092267276, 105.2371647133201833, -20.51844322377269947 ) ) ;
#3094 = DIRECTION ( 'NONE',  ( 0.000000000000000000, -1.000000000000000000, 7.885106708985487801E-17 ) ) ;
#3095 = CARTESIAN_POINT ( 'NONE',  ( -13.21384422593958341, 102.7913250527782907, 31.11220241128295427 ) ) ;
#3096 = CARTESIAN_POINT ( 'NONE',  ( -31.00889573718112402, 107.9368076561066374, -20.19155024596038217 ) ) ;
#3097 = CARTESIAN_POINT ( 'NONE',  ( 3.499999999999996003, 4.890268993415121557, 30.06057953909446212 ) ) ;
#3098 = VECTOR ( 'NONE', #7283, 1000.000000000000000 ) ;
#3099 = EDGE_LOOP ( 'NONE', ( #809, #2353, #7155, #3910, #6390, #1123, #2, #2683, #4635, #1431, #3049, #4910, #2842 ) ) ;
#3100 = CARTESIAN_POINT ( 'NONE',  ( -13.21384422593118479, 102.7913250527822697, -31.11220241128819453 ) ) ;
#3101 = DIRECTION ( 'NONE',  ( 0.8660254037844388186, 0.000000000000000000, -0.4999999999999998335 ) ) ;
#3102 = LINE ( 'NONE', #5637, #5160 ) ;
#3103 = DIRECTION ( 'NONE',  ( 0.000000000000000000, 0.000000000000000000, -1.000000000000000000 ) ) ;
#3104 = VERTEX_POINT ( 'NONE', #6922 ) ;
#3105 = VECTOR ( 'NONE', #5444, 1000.000000000000114 ) ;
#3106 = ADVANCED_FACE ( 'NONE', ( #1238 ), #6299, .T. ) ;
#3107 = FACE_OUTER_BOUND ( 'NONE', #2632, .T. ) ;
#3108 = EDGE_LOOP ( 'NONE', ( #6854, #1034, #1260, #1469 ) ) ;
#3109 = ORIENTED_EDGE ( 'NONE', *, *, #4893, .F. ) ;
#3110 = PLANE ( 'NONE',  #3552 ) ;
#3111 = VECTOR ( 'NONE', #4732, 1000.000000000000114 ) ;
#3112 = CARTESIAN_POINT ( 'NONE',  ( -5.000000000000074607, 103.4621466860844379, 35.79571668975677312 ) ) ;
#3113 = CARTESIAN_POINT ( 'NONE',  ( -33.50000000000000711, 102.3322933238773800, 9.101884726011791216 ) ) ;
#3114 = CARTESIAN_POINT ( 'NONE',  ( -9.434273629437701203, 53.81760965338748548, 33.23558761614050638 ) ) ;
#3115 = EDGE_CURVE ( 'NONE', #5950, #3281, #3570, .T. ) ;
#3116 = CARTESIAN_POINT ( 'NONE',  ( -12.50000000000002487, 67.95002665055244506, -38.00000000000000000 ) ) ;
#3117 = ORIENTED_EDGE ( 'NONE', *, *, #3137, .F. ) ;
#3118 = EDGE_CURVE ( 'NONE', #7907, #6076, #6472, .T. ) ;
#3119 = CARTESIAN_POINT ( 'NONE',  ( 24.63424144918486647, 102.3326384899825712, 24.45988210373582916 ) ) ;
#3120 = ORIENTED_EDGE ( 'NONE', *, *, #3377, .F. ) ;
#3121 = CIRCLE ( 'NONE', #1000, 2.000000000000000000 ) ;
#3122 = ORIENTED_EDGE ( 'NONE', *, *, #185, .F. ) ;
#3123 = CARTESIAN_POINT ( 'NONE',  ( -3.469446951953614189E-15, 76.95002665055244506, -37.13546265191241957 ) ) ;
#3124 = ORIENTED_EDGE ( 'NONE', *, *, #7262, .T. ) ;
#3125 = CARTESIAN_POINT ( 'NONE',  ( -30.60917564686032222, 105.1740095926153629, 20.60373063998866172 ) ) ;
#3126 = VECTOR ( 'NONE', #7900, 1000.000000000000000 ) ;
#3127 = AXIS2_PLACEMENT_3D ( 'NONE', #3817, #1209, #3735 ) ;
#3128 = DIRECTION ( 'NONE',  ( 0.000000000000000000, 0.000000000000000000, 1.000000000000000000 ) ) ;
#3129 = DIRECTION ( 'NONE',  ( 0.8660254037844387076, -6.349528607487564701E-16, 0.5000000000000000000 ) ) ;
#3130 = EDGE_LOOP ( 'NONE', ( #7754, #3203, #729, #5294, #3133, #2146, #405, #1877, #6908, #4425 ) ) ;
#3131 = AXIS2_PLACEMENT_3D ( 'NONE', #3683, #1239, #3103 ) ;
#3132 = VECTOR ( 'NONE', #6465, 1000.000000000000000 ) ;
#3133 = ORIENTED_EDGE ( 'NONE', *, *, #3410, .T. ) ;
#3134 = FACE_OUTER_BOUND ( 'NONE', #1738, .T. ) ;
#3135 = CARTESIAN_POINT ( 'NONE',  ( 38.00011768044579696, 110.0000000000062244, -0.9971714867445774511 ) ) ;
#3136 = CARTESIAN_POINT ( 'NONE',  ( 28.86925732777782017, 103.7560228161008382, -22.01479454620783827 ) ) ;
#3137 = EDGE_CURVE ( 'NONE', #2200, #817, #3228, .T. ) ;
#3138 = CARTESIAN_POINT ( 'NONE',  ( -20.55312427067251946, 101.7816531874166515, 26.81611620534433982 ) ) ;
#3139 = PLANE ( 'NONE',  #7708 ) ;
#3140 = AXIS2_PLACEMENT_3D ( 'NONE', #7321, #1636, #5756 ) ;
#3141 = DIRECTION ( 'NONE',  ( 0.000000000000000000, 0.7923179101546407033, 0.6101084569551407100 ) ) ;
#3142 = CARTESIAN_POINT ( 'NONE',  ( -27.50000000000000355, -5.000000000000000000, -20.49593455623173455 ) ) ;
#3143 = ORIENTED_EDGE ( 'NONE', *, *, #5982, .F. ) ;
#3144 = CARTESIAN_POINT ( 'NONE',  ( 28.49999999999999645, 103.4621466860844947, -22.22798536380060597 ) ) ;
#3145 = CARTESIAN_POINT ( 'NONE',  ( 18.11006087497002426, 110.0000000000000000, 16.00000000000000000 ) ) ;
#3146 = DIRECTION ( 'NONE',  ( 0.000000000000000000, -0.000000000000000000, -1.000000000000000000 ) ) ;
#3147 = CARTESIAN_POINT ( 'NONE',  ( 4.898587196589412829E-16, 105.0000000000000142, 23.00000000000000355 ) ) ;
#3148 = VERTEX_POINT ( 'NONE', #7805 ) ;
#3149 = ADVANCED_FACE ( 'NONE', ( #3852 ), #1284, .T. ) ;
#3150 = AXIS2_PLACEMENT_3D ( 'NONE', #2330, #5564, #2991 ) ;
#3151 = CARTESIAN_POINT ( 'NONE',  ( -23.50000000000000711, 110.0000000000000000, -13.56773132595622400 ) ) ;
#3152 = ORIENTED_EDGE ( 'NONE', *, *, #161, .F. ) ;
#3153 = CARTESIAN_POINT ( 'NONE',  ( 27.49999999999999645, 76.95002665055244506, -15.87713240271472515 ) ) ;
#3154 = AXIS2_PLACEMENT_3D ( 'NONE', #2403, #1070, #4344 ) ;
#3155 = DIRECTION ( 'NONE',  ( 0.000000000000000000, 0.000000000000000000, -1.000000000000000000 ) ) ;
#3156 = LINE ( 'NONE', #3899, #8198 ) ;
#3157 = CARTESIAN_POINT ( 'NONE',  ( 11.70133080589670627, 102.9216760515308380, -31.98414357995329382 ) ) ;
#3158 = CYLINDRICAL_SURFACE ( 'NONE', #5644, 3.499999999999999556 ) ;
#3159 = EDGE_LOOP ( 'NONE', ( #7775, #4161 ) ) ;
#3160 = CARTESIAN_POINT ( 'NONE',  ( 36.79834732054320057, 3.032239079114567915, -17.43693230445598275 ) ) ;
#3161 = EDGE_LOOP ( 'NONE', ( #7418, #7291, #2184, #769 ) ) ;
#3162 = ORIENTED_EDGE ( 'NONE', *, *, #5453, .F. ) ;
#3163 = EDGE_CURVE ( 'NONE', #2797, #4432, #747, .T. ) ;
#3164 = DIRECTION ( 'NONE',  ( 0.000000000000000000, 0.8993531712388825872, -0.4372229104044813575 ) ) ;
#3165 = ORIENTED_EDGE ( 'NONE', *, *, #152, .F. ) ;
#3166 = EDGE_CURVE ( 'NONE', #4322, #6467, #3938, .T. ) ;
#3167 = LINE ( 'NONE', #8192, #999 ) ;
#3168 = CARTESIAN_POINT ( 'NONE',  ( -23.50000000000000711, 110.0000000000000000, 13.56773132595621512 ) ) ;
#3169 = VECTOR ( 'NONE', #6288, 1000.000000000000000 ) ;
#3170 = CARTESIAN_POINT ( 'NONE',  ( 4.999999999999984013, 85.95002665055245927, 35.79571668975681575 ) ) ;
#3171 = DIRECTION ( 'NONE',  ( -1.000000000000000000, -0.000000000000000000, -0.000000000000000000 ) ) ;
#3172 = ORIENTED_EDGE ( 'NONE', *, *, #5088, .T. ) ;
#3173 = VECTOR ( 'NONE', #5469, 1000.000000000000114 ) ;
#3174 = ORIENTED_EDGE ( 'NONE', *, *, #2139, .T. ) ;
#3175 = ADVANCED_FACE ( 'NONE', ( #791 ), #204, .F. ) ;
#3176 = CARTESIAN_POINT ( 'NONE',  ( -35.12293396238787579, 110.0000000000007816, 14.52153818751066616 ) ) ;
#3177 = FACE_OUTER_BOUND ( 'NONE', #6475, .T. ) ;
#3178 = DIRECTION ( 'NONE',  ( 0.000000000000000000, 0.000000000000000000, 1.000000000000000000 ) ) ;
#3179 = EDGE_CURVE ( 'NONE', #6821, #4660, #5964, .T. ) ;
#3180 = LINE ( 'NONE', #5716, #3509 ) ;
#3181 = CARTESIAN_POINT ( 'NONE',  ( -1.044870271209150442E-14, 110.0000000000000000, 31.75426480542942187 ) ) ;
#3182 = VECTOR ( 'NONE', #4631, 1000.000000000000000 ) ;
#3183 = CARTESIAN_POINT ( 'NONE',  ( -28.84297112997076340, 110.0000000000210463, -24.74973095232615350 ) ) ;
#3184 = PLANE ( 'NONE',  #3267 ) ;
#3185 = EDGE_CURVE ( 'NONE', #6447, #4460, #3303, .T. ) ;
#3186 = AXIS2_PLACEMENT_3D ( 'NONE', #5995, #1477, #7786 ) ;
#3187 = ORIENTED_EDGE ( 'NONE', *, *, #1880, .T. ) ;
#3188 = LINE ( 'NONE', #6340, #3504 ) ;
#3189 = DIRECTION ( 'NONE',  ( 0.000000000000000000, 1.000000000000000000, 0.000000000000000000 ) ) ;
#3190 = LINE ( 'NONE', #7995, #934 ) ;
#3191 = CARTESIAN_POINT ( 'NONE',  ( -3.500000000000010214, 110.0000000000000000, 36.50295964951001793 ) ) ;
#3192 = ORIENTED_EDGE ( 'NONE', *, *, #3115, .F. ) ;
#3193 = CARTESIAN_POINT ( 'NONE',  ( -26.70704995320337360, 110.0000000000632951, -27.04811913604261875 ) ) ;
#3194 = ORIENTED_EDGE ( 'NONE', *, *, #4888, .F. ) ;
#3195 = CARTESIAN_POINT ( 'NONE',  ( 0.7999999999999928280, -5.000000000000000000, -4.750000000000000000 ) ) ;
#3196 = EDGE_CURVE ( 'NONE', #3081, #6179, #5136, .T. ) ;
#3197 = CARTESIAN_POINT ( 'NONE',  ( -16.00000000000000000, 110.0000000000000000, 16.00000000000000000 ) ) ;
#3198 = CARTESIAN_POINT ( 'NONE',  ( -27.36713547119625289, 107.2580183663584847, 22.88204500446082434 ) ) ;
#3199 = PLANE ( 'NONE',  #5909 ) ;
#3200 = LINE ( 'NONE', #3903, #2471 ) ;
#3201 = ORIENTED_EDGE ( 'NONE', *, *, #3286, .F. ) ;
#3202 = CYLINDRICAL_SURFACE ( 'NONE', #8006, 1.000000000000000888 ) ;
#3203 = ORIENTED_EDGE ( 'NONE', *, *, #3616, .F. ) ;
#3204 = ORIENTED_EDGE ( 'NONE', *, *, #242, .T. ) ;
#3205 = DIRECTION ( 'NONE',  ( 1.000000000000000000, 0.000000000000000000, 0.000000000000000000 ) ) ;
#3206 = ORIENTED_EDGE ( 'NONE', *, *, #5088, .F. ) ;
#3207 = CARTESIAN_POINT ( 'NONE',  ( -32.03305809897265988, 105.9322440649508508, 18.78772589297867057 ) ) ;
#3208 = APPROVAL_ROLE ( '' ) ;
#3209 = CARTESIAN_POINT ( 'NONE',  ( -3.469446951953614189E-15, 110.0000000000000000, -37.13546265191241957 ) ) ;
#3210 = CARTESIAN_POINT ( 'NONE',  ( -35.88523373199623734, 169.9999999999999716, 12.49999999999997868 ) ) ;
#3211 = ORIENTED_EDGE ( 'NONE', *, *, #6648, .T. ) ;
#3212 = EDGE_LOOP ( 'NONE', ( #7744, #7695, #2668, #7076 ) ) ;
#3213 = ADVANCED_FACE ( 'NONE', ( #2618 ), #7093, .F. ) ;
#3214 = ORIENTED_EDGE ( 'NONE', *, *, #6471, .T. ) ;
#3215 = CARTESIAN_POINT ( 'NONE',  ( -31.54402012420379009, 108.0237847286155954, 19.53904820893219352 ) ) ;
#3216 = CARTESIAN_POINT ( 'NONE',  ( 33.49999999999999289, 107.0240642451339710, 4.205771834472231241 ) ) ;
#3217 = DIRECTION ( 'NONE',  ( 0.000000000000000000, 0.000000000000000000, 1.000000000000000000 ) ) ;
#3218 = CARTESIAN_POINT ( 'NONE',  ( -26.26556544843430885, 102.7029453184847085, 23.51803675363365898 ) ) ;
#3219 = FACE_OUTER_BOUND ( 'NONE', #7899, .T. ) ;
#3220 = ADVANCED_FACE ( 'NONE', ( #5894 ), #1946, .F. ) ;
#3221 = CARTESIAN_POINT ( 'NONE',  ( 3.499999999999996003, 51.61105364921484551, 32.01778838598462329 ) ) ;
#3222 = FACE_OUTER_BOUND ( 'NONE', #7580, .T. ) ;
#3223 = EDGE_CURVE ( 'NONE', #1210, #1917, #4516, .T. ) ;
#3224 = VERTEX_POINT ( 'NONE', #5856 ) ;
#3225 = CARTESIAN_POINT ( 'NONE',  ( -0.4892933073755559303, 105.9334981500382753, 37.13578996226718942 ) ) ;
#3226 = CARTESIAN_POINT ( 'NONE',  ( -27.00000000000000355, 110.0000000000000000, 0.000000000000000000 ) ) ;
#3227 = EDGE_CURVE ( 'NONE', #3148, #3433, #6962, .T. ) ;
#3228 = LINE ( 'NONE', #7010, #3828 ) ;
#3229 = CARTESIAN_POINT ( 'NONE',  ( 3.499999999999996003, 97.46196339113423335, -31.31966057346993892 ) ) ;
#3230 = DIRECTION ( 'NONE',  ( -1.000000000000000000, 0.000000000000000000, 0.000000000000000000 ) ) ;
#3231 = ORIENTED_EDGE ( 'NONE', *, *, #5898, .T. ) ;
#3232 = ADVANCED_FACE ( 'NONE', ( #124 ), #4603, .F. ) ;
#3233 = FACE_BOUND ( 'NONE', #1015, .T. ) ;
#3234 = ORIENTED_EDGE ( 'NONE', *, *, #4258, .T. ) ;
#3235 = DIRECTION ( 'NONE',  ( 0.000000000000000000, -1.000000000000000000, 0.000000000000000000 ) ) ;
#3236 = FACE_OUTER_BOUND ( 'NONE', #2659, .T. ) ;
#3237 = CARTESIAN_POINT ( 'NONE',  ( -33.50000000000000711, 101.8949712989102920, -5.730351397206860931 ) ) ;
#3238 = AXIS2_PLACEMENT_3D ( 'NONE', #158, #3974, #2696 ) ;
#3239 = DIRECTION ( 'NONE',  ( 0.000000000000000000, -1.000000000000000000, 0.000000000000000000 ) ) ;
#3240 = DIRECTION ( 'NONE',  ( 0.000000000000000000, 0.000000000000000000, 1.000000000000000000 ) ) ;
#3241 = ORIENTED_EDGE ( 'NONE', *, *, #3939, .F. ) ;
#3242 = EDGE_CURVE ( 'NONE', #3833, #1545, #8220, .T. ) ;
#3243 = CARTESIAN_POINT ( 'NONE',  ( 23.05019982735595008, 107.0246128570802995, 25.37442896050639618 ) ) ;
#3244 = ORIENTED_EDGE ( 'NONE', *, *, #5176, .F. ) ;
#3245 = EDGE_CURVE ( 'NONE', #2498, #6518, #3190, .T. ) ;
#3246 = CIRCLE ( 'NONE', #2852, 3.499999999999999556 ) ;
#3247 = ORIENTED_EDGE ( 'NONE', *, *, #6181, .T. ) ;
#3248 = PLANE ( 'NONE',  #7088 ) ;
#3249 = ORIENTED_EDGE ( 'NONE', *, *, #174, .F. ) ;
#3250 = CARTESIAN_POINT ( 'NONE',  ( -33.30241632024087295, 104.8193241061011065, 15.59194351845146542 ) ) ;
#3251 = APPROVAL_ROLE ( '' ) ;
#3252 = CARTESIAN_POINT ( 'NONE',  ( 6.499999999999992006, 100.0000000000000000, -34.22798536380060597 ) ) ;
#3253 = CARTESIAN_POINT ( 'NONE',  ( 3.499999999999996003, 7.294995000639755922, -35.00702198090831274 ) ) ;
#3254 = EDGE_LOOP ( 'NONE', ( #7379, #3065, #2699, #1881 ) ) ;
#3255 = VECTOR ( 'NONE', #4827, 1000.000000000000227 ) ;
#3256 = ORIENTED_EDGE ( 'NONE', *, *, #6247, .T. ) ;
#3257 = EDGE_CURVE ( 'NONE', #469, #7218, #1061, .T. ) ;
#3258 = EDGE_LOOP ( 'NONE', ( #887, #2428, #1120, #5321 ) ) ;
#3259 = CIRCLE ( 'NONE', #7902, 10.00000000000000178 ) ;
#3260 = VECTOR ( 'NONE', #1775, 1000.000000000000114 ) ;
#3261 = CARTESIAN_POINT ( 'NONE',  ( -36.07483548937938878, 109.9999999999897966, 11.96095957066443383 ) ) ;
#3262 = CARTESIAN_POINT ( 'NONE',  ( 37.68902482639866491, 109.9999999999521521, -4.946943588108636547 ) ) ;
#3263 = CARTESIAN_POINT ( 'NONE',  ( -19.39661239367119094, 101.7057962546644916, 27.48382864885204313 ) ) ;
#3264 = LINE ( 'NONE', #5803, #3052 ) ;
#3265 = LINE ( 'NONE', #4080, #4990 ) ;
#3266 = AXIS2_PLACEMENT_3D ( 'NONE', #6604, #5355, #5947 ) ;
#3267 = AXIS2_PLACEMENT_3D ( 'NONE', #8122, #8166, #4958 ) ;
#3268 = PLANE ( 'NONE',  #1679 ) ;
#3269 = ORIENTED_EDGE ( 'NONE', *, *, #6531, .T. ) ;
#3270 = EDGE_LOOP ( 'NONE', ( #328, #2181, #4444, #3562 ) ) ;
#3271 = EDGE_CURVE ( 'NONE', #3362, #7359, #3437, .T. ) ;
#3272 = CARTESIAN_POINT ( 'NONE',  ( 1.902103012389545711, 105.5104557967599135, 36.96366917352267478 ) ) ;
#3273 = DIRECTION ( 'NONE',  ( -1.000000000000000000, -0.000000000000000000, -0.000000000000000000 ) ) ;
#3274 = AXIS2_PLACEMENT_3D ( 'NONE', #1198, #4347, #7596 ) ;
#3275 = EDGE_CURVE ( 'NONE', #7264, #3496, #1533, .T. ) ;
#3276 = DIRECTION ( 'NONE',  ( -0.000000000000000000, 1.000000000000000000, -0.000000000000000000 ) ) ;
#3277 = DIRECTION ( 'NONE',  ( -0.8660254037844384856, 0.000000000000000000, -0.5000000000000001110 ) ) ;
#3278 = DIRECTION ( 'NONE',  ( -1.000000000000000000, -0.000000000000000000, -0.000000000000000000 ) ) ;
#3279 = ORIENTED_EDGE ( 'NONE', *, *, #4946, .T. ) ;
#3280 = CARTESIAN_POINT ( 'NONE',  ( -12.50000000000002487, 80.95002665055245927, -38.00000000000000000 ) ) ;
#3281 = VERTEX_POINT ( 'NONE', #3472 ) ;
#3282 = CYLINDRICAL_SURFACE ( 'NONE', #5672, 1.000000000000000888 ) ;
#3283 = LINE ( 'NONE', #7104, #1587 ) ;
#3284 = LINE ( 'NONE', #4525, #5140 ) ;
#3285 = DIRECTION ( 'NONE',  ( 0.8660254037844384856, 0.000000000000000000, 0.5000000000000001110 ) ) ;
#3286 = EDGE_CURVE ( 'NONE', #4155, #5829, #6009, .T. ) ;
#3287 = CARTESIAN_POINT ( 'NONE',  ( -3.500000000000010214, 48.67528175613146146, 33.22798536380059886 ) ) ;
#3288 = ORIENTED_EDGE ( 'NONE', *, *, #233, .T. ) ;
#3289 = CARTESIAN_POINT ( 'NONE',  ( 26.53190269898107445, 107.1567182980642770, 23.36426687032729177 ) ) ;
#3290 = EDGE_LOOP ( 'NONE', ( #953, #207 ) ) ;
#3291 = AXIS2_PLACEMENT_3D ( 'NONE', #1335, #2544, #6 ) ;
#3292 = VERTEX_POINT ( 'NONE', #6593 ) ;
#3293 = DIRECTION ( 'NONE',  ( -2.444574963026886813E-17, 0.9912216665448856379, 0.1322104677095566061 ) ) ;
#3294 = VERTEX_POINT ( 'NONE', #4172 ) ;
#3295 = EDGE_CURVE ( 'NONE', #2681, #7439, #2917, .T. ) ;
#3296 = DIRECTION ( 'NONE',  ( 0.5614378006234344021, 0.7613913545005360772, 0.3241462653231712565 ) ) ;
#3297 = DIRECTION ( 'NONE',  ( 1.701247564460903333E-16, -0.3917085756728472257, 0.9200893390015718598 ) ) ;
#3298 = CARTESIAN_POINT ( 'NONE',  ( 27.87816275582165559, 103.2146998399824440, -22.58700326411911163 ) ) ;
#3299 = ORIENTED_EDGE ( 'NONE', *, *, #3742, .T. ) ;
#3300 = VECTOR ( 'NONE', #5276, 1000.000000000000000 ) ;
#3301 = ORIENTED_EDGE ( 'NONE', *, *, #7895, .T. ) ;
#3302 = ORIENTED_EDGE ( 'NONE', *, *, #5807, .T. ) ;
#3303 = B_SPLINE_CURVE_WITH_KNOTS ( 'NONE', 3,
 ( #2663, #1989, #3357, #4555, #78, #668 ),
 .UNSPECIFIED., .F., .F.,
 ( 4, 2, 4 ),
 ( 6.938893903907228378E-18, 0.001007245322344458779, 0.002014490644688910620 ),
 .UNSPECIFIED. ) ;
#3304 = VECTOR ( 'NONE', #202, 1000.000000000000000 ) ;
#3305 = CARTESIAN_POINT ( 'NONE',  ( -33.06043213369623146, 105.3565354504719664, 16.53251746539275047 ) ) ;
#3306 = CARTESIAN_POINT ( 'NONE',  ( -3.469446951953614189E-15, 110.0000000000000000, -27.13546265191242313 ) ) ;
#3307 = EDGE_CURVE ( 'NONE', #7742, #4470, #6050, .T. ) ;
#3308 = CARTESIAN_POINT ( 'NONE',  ( -0.4953863161776759227, 105.9083378304700034, -37.12614292044580111 ) ) ;
#3309 = LINE ( 'NONE', #28, #7230 ) ;
#3310 = LINE ( 'NONE', #5172, #4166 ) ;
#3311 = AXIS2_PLACEMENT_3D ( 'NONE', #5277, #2037, #6434 ) ;
#3312 = DIRECTION ( 'NONE',  ( 0.4999999999999996669, 0.000000000000000000, 0.8660254037844389297 ) ) ;
#3313 = ORIENTED_EDGE ( 'NONE', *, *, #7652, .F. ) ;
#3314 = ORIENTED_EDGE ( 'NONE', *, *, #3894, .F. ) ;
#3315 = CARTESIAN_POINT ( 'NONE',  ( -4.741963672924471851, 6.882273555263491716, -35.94469403265458141 ) ) ;
#3316 = LINE ( 'NONE', #7720, #383 ) ;
#3317 = AXIS2_PLACEMENT_3D ( 'NONE', #7634, #703, #4473 ) ;
#3318 = DIRECTION ( 'NONE',  ( 0.8660254037844388186, 0.000000000000000000, -0.4999999999999997224 ) ) ;
#3319 = CARTESIAN_POINT ( 'NONE',  ( 33.50000000000000000, 62.95002665055243796, -19.34123401785247509 ) ) ;
#3320 = DIRECTION ( 'NONE',  ( -0.000000000000000000, 1.000000000000000000, -0.000000000000000000 ) ) ;
#3321 = ORIENTED_EDGE ( 'NONE', *, *, #3801, .T. ) ;
#3322 = CARTESIAN_POINT ( 'NONE',  ( -3.512828652905694238, 48.60951620972638665, 29.72613223705729624 ) ) ;
#3323 = ADVANCED_FACE ( 'NONE', ( #7922 ), #2004, .F. ) ;
#3324 = VECTOR ( 'NONE', #7865, 999.9999999999998863 ) ;
#3325 = ORIENTED_EDGE ( 'NONE', *, *, #1934, .F. ) ;
#3326 = CARTESIAN_POINT ( 'NONE',  ( 33.50000000000036238, 103.4621466860845231, -30.88823940164482451 ) ) ;
#3327 = LINE ( 'NONE', #2126, #6496 ) ;
#3328 = CARTESIAN_POINT ( 'NONE',  ( -18.57915099843663498, 107.0328263279882890, 27.95579020544141002 ) ) ;
#3329 = CARTESIAN_POINT ( 'NONE',  ( 0.000000000000000000, 169.9999999999999716, 0.000000000000000000 ) ) ;
#3330 = CARTESIAN_POINT ( 'NONE',  ( 0.8000000000000001554, 0.000000000000000000, -3.750000000000000000 ) ) ;
#3331 = ORIENTED_EDGE ( 'NONE', *, *, #4332, .T. ) ;
#3332 = CARTESIAN_POINT ( 'NONE',  ( 17.74743888532524494, 101.6484425686766144, -28.43597941783597349 ) ) ;
#3333 = ORIENTED_EDGE ( 'NONE', *, *, #840, .T. ) ;
#3334 = EDGE_CURVE ( 'NONE', #2717, #4776, #1064, .T. ) ;
#3335 = VERTEX_POINT ( 'NONE', #3053 ) ;
#3336 = ADVANCED_FACE ( 'NONE', ( #1227 ), #7451, .T. ) ;
#3337 = CARTESIAN_POINT ( 'NONE',  ( -12.50000000000001421, 76.95002665055244506, -38.00000000000000000 ) ) ;
#3338 = ORIENTED_EDGE ( 'NONE', *, *, #2382, .T. ) ;
#3339 =( BOUNDED_CURVE ( )  B_SPLINE_CURVE ( 3, ( #76, #7090, #2614, #4553 ),
 .UNSPECIFIED., .F., .F. ) 
 B_SPLINE_CURVE_WITH_KNOTS ( ( 4, 4 ),
 ( 2.617993877991495300, 2.749227903369875214 ),
 .UNSPECIFIED. ) 
 CURVE ( )  GEOMETRIC_REPRESENTATION_ITEM ( )  RATIONAL_B_SPLINE_CURVE ( ( 1.000000000000000000, 0.9985653174226137851, 0.9985653174226137851, 1.000000000000000000 ) ) 
 REPRESENTATION_ITEM ( '' )  );
#3340 = LINE ( 'NONE', #2835, #1408 ) ;
#3341 = DIRECTION ( 'NONE',  ( 0.000000000000000000, -0.000000000000000000, 1.000000000000000000 ) ) ;
#3342 = CARTESIAN_POINT ( 'NONE',  ( -5.000000000000011546, 67.95002665055244506, 35.79571668975681575 ) ) ;
#3343 = ORIENTED_EDGE ( 'NONE', *, *, #5989, .F. ) ;
#3344 = ORIENTED_EDGE ( 'NONE', *, *, #1004, .T. ) ;
#3345 = EDGE_CURVE ( 'NONE', #684, #3104, #5274, .T. ) ;
#3346 = ORIENTED_EDGE ( 'NONE', *, *, #5882, .T. ) ;
#3347 = CARTESIAN_POINT ( 'NONE',  ( -31.93387055012121678, 105.9331469466237792, 18.96022203625503977 ) ) ;
#3348 = CARTESIAN_POINT ( 'NONE',  ( 5.282079500220313584, 107.3909200303841232, 35.71780989753339242 ) ) ;
#3349 = CARTESIAN_POINT ( 'NONE',  ( -3.154465973972500947, 104.8151262837712352, -36.63449586491734777 ) ) ;
#3350 = CARTESIAN_POINT ( 'NONE',  ( 12.49999999999997691, 80.95002665055245927, -38.00000000000000000 ) ) ;
#3351 = DIRECTION ( 'NONE',  ( -0.8187703157500383355, -0.3258121545647283956, 0.4727172622027589477 ) ) ;
#3352 = EDGE_CURVE ( 'NONE', #2978, #1767, #5000, .T. ) ;
#3353 = ORIENTED_EDGE ( 'NONE', *, *, #2476, .F. ) ;
#3354 = ORIENTED_EDGE ( 'NONE', *, *, #2823, .T. ) ;
#3355 = CARTESIAN_POINT ( 'NONE',  ( -5.000000000000011546, 103.4621466860844947, 35.79571668975681575 ) ) ;
#3356 = LINE ( 'NONE', #5974, #3304 ) ;
#3357 = CARTESIAN_POINT ( 'NONE',  ( -4.485497660534405462, 102.0445768595479876, -36.07736631550224615 ) ) ;
#3358 = CARTESIAN_POINT ( 'NONE',  ( -27.50000000000000355, 71.95002665055244506, 15.87713240271471449 ) ) ;
#3359 = LINE ( 'NONE', #168, #5256 ) ;
#3360 = ORIENTED_EDGE ( 'NONE', *, *, #7970, .F. ) ;
#3361 = FACE_OUTER_BOUND ( 'NONE', #1265, .T. ) ;
#3362 = VERTEX_POINT ( 'NONE', #4952 ) ;
#3363 = LINE ( 'NONE', #1907, #8052 ) ;
#3364 = DIRECTION ( 'NONE',  ( 0.000000000000000000, -0.7923179101546382608, -0.6101084569551437076 ) ) ;
#3365 = EDGE_CURVE ( 'NONE', #5523, #6489, #5166, .T. ) ;
#3366 = CARTESIAN_POINT ( 'NONE',  ( -27.50000000000000355, 85.95002665055245927, 15.87713240271471449 ) ) ;
#3367 = CARTESIAN_POINT ( 'NONE',  ( -3.500000000000010214, 110.0000000000000000, -36.50295964951001793 ) ) ;
#3368 = VERTEX_POINT ( 'NONE', #7497 ) ;
#3369 = CARTESIAN_POINT ( 'NONE',  ( 11.80919094341767739, 101.8925922954157244, -31.86442846561104147 ) ) ;
#3370 = VERTEX_POINT ( 'NONE', #5499 ) ;
#3371 = EDGE_LOOP ( 'NONE', ( #5124, #1427, #6918, #4848 ) ) ;
#3372 = DIRECTION ( 'NONE',  ( -3.469446951953611231E-16, 1.000000000000000000, 0.000000000000000000 ) ) ;
#3373 = LINE ( 'NONE', #6571, #595 ) ;
#3374 = AXIS2_PLACEMENT_3D ( 'NONE', #1538, #1577, #6477 ) ;
#3375 = CARTESIAN_POINT ( 'NONE',  ( -3.500000000000010214, 98.76527597093840427, -36.50295964951001793 ) ) ;
#3376 = EDGE_CURVE ( 'NONE', #6467, #6349, #673, .T. ) ;
#3377 = EDGE_CURVE ( 'NONE', #7840, #4413, #4253, .T. ) ;
#3378 = LINE ( 'NONE', #7161, #4895 ) ;
#3379 = DIRECTION ( 'NONE',  ( -1.000000000000000000, -0.000000000000000000, -0.000000000000000000 ) ) ;
#3380 = ORIENTED_EDGE ( 'NONE', *, *, #5842, .F. ) ;
#3381 = B_SPLINE_CURVE_WITH_KNOTS ( 'NONE', 3,
 ( #2480, #566, #3091, #7494, #1685, #1095 ),
 .UNSPECIFIED., .F., .F.,
 ( 4, 2, 4 ),
 ( 8.673617379884035472E-19, 0.001007245322344452925, 0.002014490644688904982 ),
 .UNSPECIFIED. ) ;
#3382 = VECTOR ( 'NONE', #2112, 1000.000000000000000 ) ;
#3383 = ORIENTED_EDGE ( 'NONE', *, *, #900, .F. ) ;
#3384 = AXIS2_PLACEMENT_3D ( 'NONE', #7565, #6311, #5650 ) ;
#3385 = ORIENTED_EDGE ( 'NONE', *, *, #691, .F. ) ;
#3386 = CARTESIAN_POINT ( 'NONE',  ( -5.000000000000011546, 110.0000000000000000, 35.79571668975681575 ) ) ;
#3387 = AXIS2_PLACEMENT_3D ( 'NONE', #6287, #2391, #6751 ) ;
#3388 = CIRCLE ( 'NONE', #4168, 33.00000000000000000 ) ;
#3389 = LINE ( 'NONE', #4711, #1467 ) ;
#3390 = DIRECTION ( 'NONE',  ( -0.8660254037844385966, 0.000000000000000000, -0.4999999999999999445 ) ) ;
#3391 = VECTOR ( 'NONE', #7031, 1000.000000000000000 ) ;
#3392 = CIRCLE ( 'NONE', #1541, 2.000000000000001776 ) ;
#3393 = ORIENTED_EDGE ( 'NONE', *, *, #5922, .F. ) ;
#3394 = ORIENTED_EDGE ( 'NONE', *, *, #5249, .F. ) ;
#3395 = CARTESIAN_POINT ( 'NONE',  ( -3.500000000000010214, 98.76527597093840427, 36.50295964951001793 ) ) ;
#3396 = CARTESIAN_POINT ( 'NONE',  ( 33.50000000000000711, 101.6482450974854288, -1.140244526780172851 ) ) ;
#3397 = EDGE_CURVE ( 'NONE', #4069, #575, #1687, .T. ) ;
#3398 = DIRECTION ( 'NONE',  ( 1.000000000000000000, -0.000000000000000000, -1.849002583061117992E-16 ) ) ;
#3399 = CARTESIAN_POINT ( 'NONE',  ( -32.60595280736474422, 105.8203154429886865, -17.70770153340962239 ) ) ;
#3400 = CIRCLE ( 'NONE', #3266, 1.000000000000000888 ) ;
#3401 = DIRECTION ( 'NONE',  ( 1.040834085586084257E-15, 0.000000000000000000, -1.000000000000000000 ) ) ;
#3402 = ORIENTED_EDGE ( 'NONE', *, *, #4835, .T. ) ;
#3403 = CARTESIAN_POINT ( 'NONE',  ( 6.499999999999992006, 4.664717059371330521, 34.22798536380060597 ) ) ;
#3404 = VECTOR ( 'NONE', #705, 1000.000000000000000 ) ;
#3405 = VECTOR ( 'NONE', #4879, 1000.000000000000114 ) ;
#3406 = EDGE_LOOP ( 'NONE', ( #1771, #757, #2052, #5548, #3354 ) ) ;
#3407 = CARTESIAN_POINT ( 'NONE',  ( 12.49999999999998757, 76.95002665055244506, -38.00000000000000000 ) ) ;
#3408 = LINE ( 'NONE', #5944, #6094 ) ;
#3409 = CARTESIAN_POINT ( 'NONE',  ( 27.00000000000000355, 115.0000000000000000, 0.000000000000000000 ) ) ;
#3410 = EDGE_CURVE ( 'NONE', #2759, #222, #5703, .T. ) ;
#3411 = DIRECTION ( 'NONE',  ( -1.000000000000000000, -0.000000000000000000, -0.000000000000000000 ) ) ;
#3412 = ORIENTED_EDGE ( 'NONE', *, *, #6531, .F. ) ;
#3413 = DIRECTION ( 'NONE',  ( 0.000000000000000000, 1.000000000000000000, 0.000000000000000000 ) ) ;
#3414 = ORIENTED_EDGE ( 'NONE', *, *, #6479, .F. ) ;
#3415 = ORIENTED_EDGE ( 'NONE', *, *, #5263, .T. ) ;
#3416 = CARTESIAN_POINT ( 'NONE',  ( 0.7999999999999928280, 0.000000000000000000, 4.750000000000000000 ) ) ;
#3417 = LINE ( 'NONE', #5954, #5093 ) ;
#3418 = CARTESIAN_POINT ( 'NONE',  ( -3.999999999999998224, -3.000000000000000000, -34.06366588218793368 ) ) ;
#3419 = PERSON_AND_ORGANIZATION_ROLE ( 'creator' ) ;
#3420 = LINE ( 'NONE', #5241, #6509 ) ;
#3421 = DIRECTION ( 'NONE',  ( -1.000000000000000000, 0.000000000000000000, 0.000000000000000000 ) ) ;
#3422 = ORIENTED_EDGE ( 'NONE', *, *, #4138, .T. ) ;
#3423 = DIRECTION ( 'NONE',  ( -0.4999999999999987232, 0.000000000000000000, -0.8660254037844393737 ) ) ;
#3424 = ORIENTED_EDGE ( 'NONE', *, *, #4835, .F. ) ;
#3425 = EDGE_CURVE ( 'NONE', #7834, #4488, #5305, .T. ) ;
#3426 = ORIENTED_EDGE ( 'NONE', *, *, #4101, .T. ) ;
#3427 = CARTESIAN_POINT ( 'NONE',  ( 0.000000000000000000, 115.0000000000000000, -20.00000000000000000 ) ) ;
#3428 = AXIS2_PLACEMENT_3D ( 'NONE', #4023, #957, #4806 ) ;
#3429 = CARTESIAN_POINT ( 'NONE',  ( -1.800000000000000044, -5.000000000000000000, -3.749999999999992895 ) ) ;
#3430 = PLANE ( 'NONE',  #8026 ) ;
#3431 = EDGE_CURVE ( 'NONE', #2999, #7359, #6166, .T. ) ;
#3432 = CIRCLE ( 'NONE', #5546, 9.999999999999998224 ) ;
#3433 = VERTEX_POINT ( 'NONE', #6825 ) ;
#3434 = VERTEX_POINT ( 'NONE', #1141 ) ;
#3435 = CARTESIAN_POINT ( 'NONE',  ( -27.39554375920826246, 103.0226519211757505, -22.86564347172987866 ) ) ;
#3436 = DIRECTION ( 'NONE',  ( -0.7211340085870322492, 0.5537336804628475440, -0.4163469139795169527 ) ) ;
#3437 = LINE ( 'NONE', #369, #4236 ) ;
#3438 = DIRECTION ( 'NONE',  ( 0.000000000000000000, 1.000000000000000000, 0.000000000000000000 ) ) ;
#3439 = AXIS2_PLACEMENT_3D ( 'NONE', #4066, #8003, #2825 ) ;
#3440 = DIRECTION ( 'NONE',  ( -0.000000000000000000, 1.000000000000000000, -0.000000000000000000 ) ) ;
#3441 = ORIENTED_EDGE ( 'NONE', *, *, #6952, .T. ) ;
#3442 = CARTESIAN_POINT ( 'NONE',  ( -33.50000000000000711, 76.95002665055244506, 19.34123401785247154 ) ) ;
#3443 = EDGE_CURVE ( 'NONE', #3599, #7114, #6207, .T. ) ;
#3444 = VECTOR ( 'NONE', #1273, 1000.000000000000000 ) ;
#3445 = ORIENTED_EDGE ( 'NONE', *, *, #8029, .T. ) ;
#3446 = CARTESIAN_POINT ( 'NONE',  ( -33.50000000000000711, 62.95002665055243796, 19.34123401785247154 ) ) ;
#3447 = CARTESIAN_POINT ( 'NONE',  ( -43.50000000000001421, 103.4621466860842673, -13.56773132595674802 ) ) ;
#3448 = DIRECTION ( 'NONE',  ( 0.8660254037844387076, 0.000000000000000000, -0.4999999999999999445 ) ) ;
#3449 = LINE ( 'NONE', #2167, #5380 ) ;
#3450 = ORIENTED_EDGE ( 'NONE', *, *, #667, .T. ) ;
#3451 = VECTOR ( 'NONE', #6852, 1000.000000000000000 ) ;
#3452 = CARTESIAN_POINT ( 'NONE',  ( 4.999999999999991118, 103.4621466860844805, -35.79571668975681575 ) ) ;
#3453 = EDGE_CURVE ( 'NONE', #642, #966, #27, .T. ) ;
#3454 = ORIENTED_EDGE ( 'NONE', *, *, #962, .T. ) ;
#3455 = CARTESIAN_POINT ( 'NONE',  ( -33.50000000000803624, 107.0349506179166923, 8.290654702578173385 ) ) ;
#3456 = VERTEX_POINT ( 'NONE', #2693 ) ;
#3457 = AXIS2_PLACEMENT_3D ( 'NONE', #782, #1937, #659 ) ;
#3458 = DIRECTION ( 'NONE',  ( 0.000000000000000000, -0.07103043809259533548, -0.9974741484692091209 ) ) ;
#3459 = CARTESIAN_POINT ( 'NONE',  ( 12.52882292609832326, 2.034439118102875810, 31.44894874669290630 ) ) ;
#3460 = FACE_OUTER_BOUND ( 'NONE', #4202, .T. ) ;
#3461 = EDGE_LOOP ( 'NONE', ( #4676, #4513, #6361, #7928 ) ) ;
#3462 = CYLINDRICAL_SURFACE ( 'NONE', #7220, 3.500000000000003109 ) ;
#3463 = ORIENTED_EDGE ( 'NONE', *, *, #6392, .F. ) ;
#3464 = EDGE_LOOP ( 'NONE', ( #2098, #1340 ) ) ;
#3465 = DIRECTION ( 'NONE',  ( -0.000000000000000000, -1.000000000000000000, -0.000000000000000000 ) ) ;
#3466 = DIRECTION ( 'NONE',  ( -3.469446951953611231E-16, 1.000000000000000000, -2.003086131649543485E-16 ) ) ;
#3467 = CARTESIAN_POINT ( 'NONE',  ( -1.214306433183764966E-14, 110.0000000000000000, 27.13546265191242313 ) ) ;
#3468 = EDGE_CURVE ( 'NONE', #2068, #671, #4544, .T. ) ;
#3469 = ORIENTED_EDGE ( 'NONE', *, *, #2862, .F. ) ;
#3470 = CARTESIAN_POINT ( 'NONE',  ( -28.50000000000000711, 7.653575834721456542E-16, 5.672268674043793091 ) ) ;
#3471 = CARTESIAN_POINT ( 'NONE',  ( 7.583914826994232250, 102.6393472897092920, -34.30389276882861793 ) ) ;
#3472 = CARTESIAN_POINT ( 'NONE',  ( 16.00000000000000000, 110.0000000000000000, -15.00000000000000000 ) ) ;
#3473 = EDGE_CURVE ( 'NONE', #8073, #1212, #6501, .T. ) ;
#3474 = CARTESIAN_POINT ( 'NONE',  ( 33.55514580257910495, 107.3148983700041725, 12.76289306427724668 ) ) ;
#3475 = CARTESIAN_POINT ( 'NONE',  ( -36.07483548937570106, 109.9999999999890861, -11.96095957067421622 ) ) ;
#3476 = ORIENTED_EDGE ( 'NONE', *, *, #7361, .F. ) ;
#3477 = CARTESIAN_POINT ( 'NONE',  ( -2.912702927882211237E-17, 110.0000000000000000, -38.68246803570493597 ) ) ;
#3478 = B_SPLINE_CURVE_WITH_KNOTS ( 'NONE', 3,
 ( #4053, #3435, #6205, #480, #3625, #8157, #6910, #1184, #5623, #3009 ),
 .UNSPECIFIED., .F., .F.,
 ( 4, 2, 2, 2, 4 ),
 ( 0.000000000000000000, 0.004043257225238051922, 0.008086514450476103844, 0.01212977167571415577, 0.01617302890095220769 ),
 .UNSPECIFIED. ) ;
#3479 = ORIENTED_EDGE ( 'NONE', *, *, #5755, .F. ) ;
#3480 = DIRECTION ( 'NONE',  ( 0.000000000000000000, 0.1208150920878808959, -0.9926750291630169754 ) ) ;
#3481 = DIRECTION ( 'NONE',  ( 0.000000000000000000, 0.000000000000000000, 1.000000000000000000 ) ) ;
#3482 = EDGE_CURVE ( 'NONE', #7244, #5111, #2020, .T. ) ;
#3483 = DIRECTION ( 'NONE',  ( 1.000000000000000000, -0.000000000000000000, 1.849002583061117992E-16 ) ) ;
#3484 = CARTESIAN_POINT ( 'NONE',  ( 3.775410374669992297, 4.439165125327534156, 36.39539118850675692 ) ) ;
#3485 = ORIENTED_EDGE ( 'NONE', *, *, #2752, .F. ) ;
#3486 = CARTESIAN_POINT ( 'NONE',  ( 14.77080330967274868, 101.6775501992645729, -30.15454076871836264 ) ) ;
#3487 = VERTEX_POINT ( 'NONE', #7712 ) ;
#3488 = CARTESIAN_POINT ( 'NONE',  ( -16.00000000000000000, 115.0000000000000000, 15.00000000000000000 ) ) ;
#3489 = CARTESIAN_POINT ( 'NONE',  ( -9.257119675773674672, 103.5007008681410383, -33.42156019207531870 ) ) ;
#3490 = CARTESIAN_POINT ( 'NONE',  ( 4.630717739800619626, 103.7560426587624107, 36.00892190208985255 ) ) ;
#3491 = DIRECTION ( 'NONE',  ( 0.000000000000000000, 0.000000000000000000, -1.000000000000000000 ) ) ;
#3492 = EDGE_CURVE ( 'NONE', #631, #6355, #5128, .T. ) ;
#3493 = CARTESIAN_POINT ( 'NONE',  ( 31.64158028071146234, 105.8354865937371727, 19.39284130318459987 ) ) ;
#3494 = CARTESIAN_POINT ( 'NONE',  ( -3.500000000000010214, 110.0000000000000000, 36.50295964951001793 ) ) ;
#3495 = PLANE ( 'NONE',  #1791 ) ;
#3496 = VERTEX_POINT ( 'NONE', #6412 ) ;
#3497 = EDGE_CURVE ( 'NONE', #6257, #1965, #4418, .T. ) ;
#3498 = DIRECTION ( 'NONE',  ( 0.000000000000000000, -0.7923179101546382608, -0.6101084569551438186 ) ) ;
#3499 = ORIENTED_EDGE ( 'NONE', *, *, #558, .F. ) ;
#3500 = VECTOR ( 'NONE', #1241, 1000.000000000000000 ) ;
#3501 = ORIENTED_EDGE ( 'NONE', *, *, #4171, .F. ) ;
#3502 = CARTESIAN_POINT ( 'NONE',  ( 12.49999999999997691, 67.95002665055244506, -38.00000000000000000 ) ) ;
#3503 = CARTESIAN_POINT ( 'NONE',  ( -1.780183680879578345, 105.5461337513325049, -36.97821050536529697 ) ) ;
#3504 = VECTOR ( 'NONE', #5853, 1000.000000000000227 ) ;
#3505 = CYLINDRICAL_SURFACE ( 'NONE', #4447, 20.00000000000000000 ) ;
#3506 = AXIS2_PLACEMENT_3D ( 'NONE', #3823, #5528, #1175 ) ;
#3507 = EDGE_CURVE ( 'NONE', #808, #6302, #3981, .T. ) ;
#3508 = ORIENTED_EDGE ( 'NONE', *, *, #5662, .F. ) ;
#3509 = VECTOR ( 'NONE', #7084, 1000.000000000000000 ) ;
#3510 = DIRECTION ( 'NONE',  ( 0.000000000000000000, 1.000000000000000000, 0.000000000000000000 ) ) ;
#3511 = LINE ( 'NONE', #4132, #7547 ) ;
#3512 = CARTESIAN_POINT ( 'NONE',  ( 33.28302625882711396, 104.8774166941862944, -15.68532823158020406 ) ) ;
#3513 = AXIS2_PLACEMENT_3D ( 'NONE', #1718, #1754, #6242 ) ;
#3514 = DIRECTION ( 'NONE',  ( -3.469446951953611231E-16, 1.000000000000000000, 0.000000000000000000 ) ) ;
#3515 = ORIENTED_EDGE ( 'NONE', *, *, #5755, .T. ) ;
#3516 = VECTOR ( 'NONE', #563, 1000.000000000000114 ) ;
#3517 = CARTESIAN_POINT ( 'NONE',  ( -1.044870271209150442E-14, 80.95002665055245927, 31.75426480542942187 ) ) ;
#3518 = EDGE_CURVE ( 'NONE', #7264, #5486, #1397, .T. ) ;
#3519 = EDGE_CURVE ( 'NONE', #1236, #7737, #2203, .T. ) ;
#3520 = VERTEX_POINT ( 'NONE', #7670 ) ;
#3521 = AXIS2_PLACEMENT_3D ( 'NONE', #813, #184, #7234 ) ;
#3522 = CARTESIAN_POINT ( 'NONE',  ( 0.000000000000000000, 115.0000000000000000, -33.00000000000000000 ) ) ;
#3523 = AXIS2_PLACEMENT_3D ( 'NONE', #2097, #4623, #2954 ) ;
#3524 = DIRECTION ( 'NONE',  ( 0.000000000000000000, -1.000000000000000000, 0.000000000000000000 ) ) ;
#3525 = DIRECTION ( 'NONE',  ( 0.000000000000000000, 1.000000000000000000, 0.000000000000000000 ) ) ;
#3526 = CARTESIAN_POINT ( 'NONE',  ( -35.88523373199623734, 175.0000000000000000, 12.49999999999998046 ) ) ;
#3527 = EDGE_LOOP ( 'NONE', ( #3775, #919, #7399, #6152, #3424, #5185, #7706, #2410 ) ) ;
#3528 = CARTESIAN_POINT ( 'NONE',  ( 3.499999999999996003, 99.61636055733491446, -36.38015193797856739 ) ) ;
#3529 = VECTOR ( 'NONE', #1149, 1000.000000000000000 ) ;
#3530 = ADVANCED_FACE ( 'NONE', ( #114 ), #5044, .F. ) ;
#3531 = ORIENTED_EDGE ( 'NONE', *, *, #4661, .F. ) ;
#3532 = DIRECTION ( 'NONE',  ( -1.000000000000000000, -0.000000000000000000, -0.000000000000000000 ) ) ;
#3533 = DIRECTION ( 'NONE',  ( 0.000000000000000000, 0.000000000000000000, 1.000000000000000000 ) ) ;
#3534 = DIRECTION ( 'NONE',  ( 0.000000000000000000, 1.000000000000000000, 0.000000000000000000 ) ) ;
#3535 = DIRECTION ( 'NONE',  ( 0.000000000000000000, 0.000000000000000000, 1.000000000000000000 ) ) ;
#3536 = EDGE_CURVE ( 'NONE', #1736, #4576, #4505, .T. ) ;
#3537 = CIRCLE ( 'NONE', #2088, 2.000000000000000000 ) ;
#3538 = CARTESIAN_POINT ( 'NONE',  ( 31.91129675951993860, 105.9323209603946907, 18.99868218888412841 ) ) ;
#3539 = CARTESIAN_POINT ( 'NONE',  ( -5.000000000000011546, 7.043110600756588902, 35.79571668975681575 ) ) ;
#3540 = DIRECTION ( 'NONE',  ( 0.5000000000000003331, 0.000000000000000000, -0.8660254037844385966 ) ) ;
#3541 = VERTEX_POINT ( 'NONE', #6375 ) ;
#3542 = CARTESIAN_POINT ( 'NONE',  ( 17.65793105117612427, 107.0365219452591106, 28.48765678997588324 ) ) ;
#3543 = ORIENTED_EDGE ( 'NONE', *, *, #7872, .T. ) ;
#3544 = ADVANCED_FACE ( 'NONE', ( #6332 ), #2606, .F. ) ;
#3545 = ORIENTED_EDGE ( 'NONE', *, *, #3734, .F. ) ;
#3546 = CARTESIAN_POINT ( 'NONE',  ( -12.50000000000001599, 76.95002665055244506, 31.46558967083461056 ) ) ;
#3547 = CARTESIAN_POINT ( 'NONE',  ( 7.677665193352708251, 109.9999999999816822, -37.22248666773959513 ) ) ;
#3548 = DIRECTION ( 'NONE',  ( 0.000000000000000000, 0.000000000000000000, 1.000000000000000000 ) ) ;
#3549 = CC_DESIGN_PERSON_AND_ORGANIZATION_ASSIGNMENT ( #3872, #686, ( #6623 ) ) ;
#3550 = VERTEX_POINT ( 'NONE', #5715 ) ;
#3551 = EDGE_CURVE ( 'NONE', #8143, #1001, #572, .T. ) ;
#3552 = AXIS2_PLACEMENT_3D ( 'NONE', #8051, #4929, #7601 ) ;
#3553 = PLANE ( 'NONE',  #7486 ) ;
#3554 = DIRECTION ( 'NONE',  ( 0.000000000000000000, -1.000000000000000000, -0.000000000000000000 ) ) ;
#3555 = CARTESIAN_POINT ( 'NONE',  ( 33.50000000000000000, 103.4621466860844805, -13.56773132595622755 ) ) ;
#3556 = CARTESIAN_POINT ( 'NONE',  ( 32.39084299747820239, 105.9321518906109105, 18.16795298486057675 ) ) ;
#3557 = DIRECTION ( 'NONE',  ( 1.000000000000000000, 0.000000000000000000, 0.000000000000000000 ) ) ;
#3558 = VERTEX_POINT ( 'NONE', #1935 ) ;
#3559 = VECTOR ( 'NONE', #800, 1000.000000000000000 ) ;
#3560 = DIRECTION ( 'NONE',  ( -0.5509046671155009012, -0.7715819660501483934, 0.3180649578569552105 ) ) ;
#3561 =( BOUNDED_SURFACE ( )  B_SPLINE_SURFACE ( 3, 2, ( 
 ( #4861, #7982, #5610 ),
 ( #4274, #4362, #2419 ),
 ( #1712, #7400, #7476 ),
 ( #1053, #1789, #4201 ),
 ( #8142, #4240, #2462 ),
 ( #5524, #8060, #4984 ),
 ( #3699, #1170, #6149 ),
 ( #6810, #1013, #3581 ),
 ( #2296, #5448, #7524 ),
 ( #6739, #3542, #4820 ),
 ( #6118, #431, #8018 ),
 ( #139, #96, #6981 ),
 ( #2631, #1298, #5735 ),
 ( #1253, #3243, #5150 ),
 ( #7569, #6935, #3119 ),
 ( #5066, #5655, #3776 ),
 ( #7650, #3289, #1959 ),
 ( #680, #8185, #5195 ) ),
 .UNSPECIFIED., .F., .F., .F. ) 
 B_SPLINE_SURFACE_WITH_KNOTS ( ( 4, 2, 2, 2, 2, 2, 2, 2, 4 ),
 ( 3, 3 ),
 ( 0.009965649778360270369, 0.01343514958618369226, 0.01690464939400711242, 0.02037414920183053257, 0.02384364900965395620, 0.02731314881747737983, 0.03078264862530079998, 0.03425214843312422014, 0.03772164824094764030 ),
 ( 0.000000000000000000, 1.000000000000000000 ),
 .UNSPECIFIED. ) 
 GEOMETRIC_REPRESENTATION_ITEM ( )  RATIONAL_B_SPLINE_SURFACE ( (
 ( 1.000000000000000000, 0.9279975443815923208, 1.000000000000000000),
 ( 1.000000000000000000, 0.9209930832333742545, 1.000000000000000000),
 ( 1.000000000000000000, 0.9144482892598591040, 1.000000000000000000),
 ( 1.000000000000000000, 0.9027709600963127468, 1.000000000000000000),
 ( 1.000000000000000000, 0.8976402609429123824, 1.000000000000000000),
 ( 1.000000000000000000, 0.8892163811831350628, 1.000000000000000000),
 ( 1.000000000000000000, 0.8859248568115489775, 1.000000000000000000),
 ( 1.000000000000000000, 0.8814867487826134607, 1.000000000000000000),
 ( 1.000000000000000000, 0.8803441999455228206, 1.000000000000000000),
 ( 1.000000000000000000, 0.8803375011825633756, 1.000000000000000000),
 ( 1.000000000000000000, 0.8814660938550709091, 1.000000000000000000),
 ( 1.000000000000000000, 0.8858669186948235907, 1.000000000000000000),
 ( 1.000000000000000000, 0.8891380208972855526, 1.000000000000000000),
 ( 1.000000000000000000, 0.8975431435316100215, 1.000000000000000000),
 ( 1.000000000000000000, 0.9026754717180319743, 1.000000000000000000),
 ( 1.000000000000000000, 0.9144070449190536687, 1.000000000000000000),
 ( 1.000000000000000000, 0.9210358855320844862, 1.000000000000000000),
 ( 1.000000000000000000, 0.9279975443815892122, 1.000000000000000000) ) ) 
 REPRESENTATION_ITEM ( '' )  SURFACE ( )  );
#3562 = ORIENTED_EDGE ( 'NONE', *, *, #6592, .T. ) ;
#3563 = CARTESIAN_POINT ( 'NONE',  ( -33.50000000000000711, 37.50000000000000711, -6.000381056766596721 ) ) ;
#3564 = AXIS2_PLACEMENT_3D ( 'NONE', #6422, #4472, #3850 ) ;
#3565 = CARTESIAN_POINT ( 'NONE',  ( -3.500000000000010214, 4.664717059371330521, 33.22798536380059886 ) ) ;
#3566 = CARTESIAN_POINT ( 'NONE',  ( -36.27641115243482517, 110.0000000000000000, 11.31468045945189083 ) ) ;
#3567 = ORIENTED_EDGE ( 'NONE', *, *, #2066, .T. ) ;
#3568 = EDGE_CURVE ( 'NONE', #5474, #6024, #5170, .T. ) ;
#3569 = CARTESIAN_POINT ( 'NONE',  ( -5.433792520293168948, 103.2895282203780312, 35.54526646139311197 ) ) ;
#3570 = CIRCLE ( 'NONE', #4097, 1.000000000000000888 ) ;
#3571 = VERTEX_POINT ( 'NONE', #4047 ) ;
#3572 = CARTESIAN_POINT ( 'NONE',  ( -33.50000000000000711, 102.1624521163195425, -7.996158356575173265 ) ) ;
#3573 = CARTESIAN_POINT ( 'NONE',  ( 2.428112502131253070, 105.2344648248208046, 36.83865243848352122 ) ) ;
#3574 = DIRECTION ( 'NONE',  ( 0.000000000000000000, 1.000000000000000000, 0.000000000000000000 ) ) ;
#3575 = DIRECTION ( 'NONE',  ( 0.000000000000000000, -1.000000000000000000, 0.000000000000000000 ) ) ;
#3576 = AXIS2_PLACEMENT_3D ( 'NONE', #2149, #1521, #1563 ) ;
#3577 = CARTESIAN_POINT ( 'NONE',  ( -5.000000000000007994, 46.29688821474618976, -35.79571668975680865 ) ) ;
#3578 = EDGE_CURVE ( 'NONE', #2813, #715, #3389, .T. ) ;
#3579 = CARTESIAN_POINT ( 'NONE',  ( 3.499999999999996003, 4.439165125327534156, 36.39539118850675692 ) ) ;
#3580 = EDGE_LOOP ( 'NONE', ( #3590, #3109, #4099, #2461 ) ) ;
#3581 = CARTESIAN_POINT ( 'NONE',  ( 14.75585877833203874, 101.6780911546465092, 30.16316899791083017 ) ) ;
#3582 = ORIENTED_EDGE ( 'NONE', *, *, #1294, .F. ) ;
#3583 = EDGE_CURVE ( 'NONE', #222, #2130, #7166, .T. ) ;
#3584 = CIRCLE ( 'NONE', #7030, 1.000000000000000000 ) ;
#3585 = ORIENTED_EDGE ( 'NONE', *, *, #6123, .F. ) ;
#3586 = LINE ( 'NONE', #4942, #5916 ) ;
#3587 = CARTESIAN_POINT ( 'NONE',  ( 0.5848537558512203471, 108.0581119958964393, -37.13532552790094599 ) ) ;
#3588 = EDGE_CURVE ( 'NONE', #6909, #664, #6584, .T. ) ;
#3589 = CARTESIAN_POINT ( 'NONE',  ( 0.000000000000000000, 110.0000000000000000, 27.00000000000000355 ) ) ;
#3590 = ORIENTED_EDGE ( 'NONE', *, *, #7756, .F. ) ;
#3591 = CARTESIAN_POINT ( 'NONE',  ( 6.499999999999992006, 4.664717059371330521, 33.22798536380059886 ) ) ;
#3592 = CARTESIAN_POINT ( 'NONE',  ( 4.999999999999992895, 80.95002665055245927, -35.79571668975681575 ) ) ;
#3593 = CARTESIAN_POINT ( 'NONE',  ( 27.00000000000000355, 105.0000000000000142, 4.000000000000002665 ) ) ;
#3594 = CARTESIAN_POINT ( 'NONE',  ( -31.50000000000000711, -3.000000000000000000, -13.56773132595622400 ) ) ;
#3595 = CARTESIAN_POINT ( 'NONE',  ( -33.06043213369547118, 105.3565354504719807, -16.53251746539565303 ) ) ;
#3596 = ORIENTED_EDGE ( 'NONE', *, *, #7113, .F. ) ;
#3597 = EDGE_CURVE ( 'NONE', #4898, #1296, #942, .T. ) ;
#3598 = DIRECTION ( 'NONE',  ( 0.000000000000000000, 0.000000000000000000, -1.000000000000000000 ) ) ;
#3599 = VERTEX_POINT ( 'NONE', #7326 ) ;
#3600 = DIRECTION ( 'NONE',  ( -1.000000000000000000, -0.000000000000000000, -0.000000000000000000 ) ) ;
#3601 = DIRECTION ( 'NONE',  ( 1.000000000000000000, -0.000000000000000000, -0.000000000000000000 ) ) ;
#3602 = FACE_OUTER_BOUND ( 'NONE', #2242, .T. ) ;
#3603 = EDGE_LOOP ( 'NONE', ( #142, #1171, #2213, #7822 ) ) ;
#3604 = LINE ( 'NONE', #2984, #5086 ) ;
#3605 = ORIENTED_EDGE ( 'NONE', *, *, #4893, .T. ) ;
#3606 = DIRECTION ( 'NONE',  ( 0.8654769833252207167, 0.03558260500630492512, -0.4996833693002408205 ) ) ;
#3607 = CARTESIAN_POINT ( 'NONE',  ( 0.4548989388537844070, 105.9328795684962614, 37.13555076350313300 ) ) ;
#3608 = CARTESIAN_POINT ( 'NONE',  ( 27.00000000000000355, 105.0000000000000142, 0.000000000000000000 ) ) ;
#3609 = DIRECTION ( 'NONE',  ( 0.4999999999999990563, 0.000000000000000000, -0.8660254037844391517 ) ) ;
#3610 = DIRECTION ( 'NONE',  ( 1.000000000000000000, -0.000000000000000000, 1.849002583061117992E-16 ) ) ;
#3611 = DIRECTION ( 'NONE',  ( -0.000000000000000000, 1.000000000000000000, -0.000000000000000000 ) ) ;
#3612 = ORIENTED_EDGE ( 'NONE', *, *, #4229, .F. ) ;
#3613 = LINE ( 'NONE', #5483, #5754 ) ;
#3614 = ORIENTED_EDGE ( 'NONE', *, *, #7658, .T. ) ;
#3615 = ORIENTED_EDGE ( 'NONE', *, *, #4323, .T. ) ;
#3616 = EDGE_CURVE ( 'NONE', #1174, #5900, #6356, .T. ) ;
#3617 = CARTESIAN_POINT ( 'NONE',  ( -33.50000000000000711, 107.1560338558560659, -11.28865196713866403 ) ) ;
#3618 = EDGE_CURVE ( 'NONE', #4394, #7684, #902, .T. ) ;
#3619 = CARTESIAN_POINT ( 'NONE',  ( 12.49999999999997868, 110.0000000000000000, -24.53738644055912133 ) ) ;
#3620 = PLANE ( 'NONE',  #2264 ) ;
#3621 = FACE_OUTER_BOUND ( 'NONE', #5859, .T. ) ;
#3622 = VERTEX_POINT ( 'NONE', #1484 ) ;
#3623 = CIRCLE ( 'NONE', #2048, 38.00000000000000000 ) ;
#3624 = ORIENTED_EDGE ( 'NONE', *, *, #3468, .F. ) ;
#3625 = CARTESIAN_POINT ( 'NONE',  ( -22.83687709356631856, 102.0307589041768068, -25.49759089828403802 ) ) ;
#3626 = DIRECTION ( 'NONE',  ( 0.000000000000000000, 0.000000000000000000, 1.000000000000000000 ) ) ;
#3627 = AXIS2_PLACEMENT_3D ( 'NONE', #7228, #3995, #5990 ) ;
#3628 = CARTESIAN_POINT ( 'NONE',  ( 27.93700628980611356, 110.0000000000000000, -25.75895338641174703 ) ) ;
#3629 = CARTESIAN_POINT ( 'NONE',  ( 30.76597342177986505, 109.9999999999738947, 22.30647465085543502 ) ) ;
#3630 = CARTESIAN_POINT ( 'NONE',  ( -3.506411780512262322, 48.80673455971457741, -29.72983702006100160 ) ) ;
#3631 = ORIENTED_EDGE ( 'NONE', *, *, #3618, .T. ) ;
#3632 = CARTESIAN_POINT ( 'NONE',  ( 27.49999999999999645, 105.0000000000000142, 3.968626966596889627 ) ) ;
#3633 = AXIS2_PLACEMENT_3D ( 'NONE', #8107, #513, #3740 ) ;
#3634 = ADVANCED_FACE ( 'NONE', ( #4672 ), #1642, .F. ) ;
#3635 = VERTEX_POINT ( 'NONE', #2810 ) ;
#3636 = DIRECTION ( 'NONE',  ( 0.8187703157500364481, -0.3258121545647340578, 0.4727172622027586701 ) ) ;
#3637 = DIRECTION ( 'NONE',  ( 0.000000000000000000, -0.7992742469136897565, 0.6009664534901713040 ) ) ;
#3638 = VECTOR ( 'NONE', #70, 1000.000000000000000 ) ;
#3639 = DIRECTION ( 'NONE',  ( 0.000000000000000000, 1.000000000000000000, 0.000000000000000000 ) ) ;
#3640 = ORIENTED_EDGE ( 'NONE', *, *, #2521, .T. ) ;
#3641 = CARTESIAN_POINT ( 'NONE',  ( -14.92084900156339344, 107.0328263279882748, -30.06791184811599393 ) ) ;
#3642 = VECTOR ( 'NONE', #4455, 1000.000000000000000 ) ;
#3643 = EDGE_LOOP ( 'NONE', ( #1488, #5409, #5535, #3582 ) ) ;
#3644 = LINE ( 'NONE', #3769, #1300 ) ;
#3645 = ADVANCED_FACE ( 'NONE', ( #5337 ), #2732, .F. ) ;
#3646 = CARTESIAN_POINT ( 'NONE',  ( -4.988201791293296772, 110.0000000000521680, 37.67774356324124341 ) ) ;
#3647 = DIRECTION ( 'NONE',  ( 0.000000000000000000, 1.000000000000000000, 0.000000000000000000 ) ) ;
#3648 = CARTESIAN_POINT ( 'NONE',  ( 33.47573548331030224, 104.0181495402837726, 14.37440980357842335 ) ) ;
#3649 = CARTESIAN_POINT ( 'NONE',  ( -5.000000000000011546, 51.05367529751673317, 35.79571668975681575 ) ) ;
#3650 = DIRECTION ( 'NONE',  ( -3.469446951953613400E-15, 0.000000000000000000, -1.000000000000000000 ) ) ;
#3651 = VERTEX_POINT ( 'NONE', #6701 ) ;
#3652 = VECTOR ( 'NONE', #2755, 1000.000000000000000 ) ;
#3653 = ORIENTED_EDGE ( 'NONE', *, *, #3789, .T. ) ;
#3654 = ORIENTED_EDGE ( 'NONE', *, *, #7286, .T. ) ;
#3655 = DIRECTION ( 'NONE',  ( 2.444574963026891127E-17, -0.9912216665448855268, -0.1322104677095568559 ) ) ;
#3656 = CARTESIAN_POINT ( 'NONE',  ( -14.77080330967127431, 101.6775501992566433, 30.15454076871921885 ) ) ;
#3657 = AXIS2_PLACEMENT_3D ( 'NONE', #4019, #3278, #7096 ) ;
#3658 = CIRCLE ( 'NONE', #2874, 1.000000000000000888 ) ;
#3659 = CARTESIAN_POINT ( 'NONE',  ( 9.999999999999552358, 103.4621466860846368, 44.45597072760145352 ) ) ;
#3660 = DIRECTION ( 'NONE',  ( -1.000000000000000000, 0.000000000000000000, 0.000000000000000000 ) ) ;
#3661 = CARTESIAN_POINT ( 'NONE',  ( 6.142125622546410924, 102.5380366088657667, -35.13631015413126590 ) ) ;
#3662 = ORIENTED_EDGE ( 'NONE', *, *, #932, .F. ) ;
#3663 = EDGE_CURVE ( 'NONE', #3370, #6821, #6622, .T. ) ;
#3664 = PRODUCT_DEFINITION_FORMATION_WITH_SPECIFIED_SOURCE ( 'Symmetric', '', #6623, .NOT_KNOWN. ) ;
#3665 = ORIENTED_EDGE ( 'NONE', *, *, #2689, .T. ) ;
#3666 = LINE ( 'NONE', #2347, #7229 ) ;
#3667 = DIRECTION ( 'NONE',  ( 0.000000000000000000, 0.000000000000000000, 1.000000000000000000 ) ) ;
#3668 = CARTESIAN_POINT ( 'NONE',  ( 30.13815071744979690, 110.0000000000516565, -23.15572497449824496 ) ) ;
#3669 = LINE ( 'NONE', #4107, #4710 ) ;
#3670 = CARTESIAN_POINT ( 'NONE',  ( 29.71344684509543654, 109.9999999999786411, 23.69762102824459760 ) ) ;
#3671 = ADVANCED_FACE ( 'NONE', ( #4087 ), #7545, .F. ) ;
#3672 = CARTESIAN_POINT ( 'NONE',  ( 3.499999999999996003, 48.67528175613146146, -33.22798536380059886 ) ) ;
#3673 = ORIENTED_EDGE ( 'NONE', *, *, #2071, .F. ) ;
#3674 = CARTESIAN_POINT ( 'NONE',  ( 3.499999999999996003, 100.3836394426650855, 30.07581878962261968 ) ) ;
#3675 = CIRCLE ( 'NONE', #641, 6.000000000000000888 ) ;
#3676 = EDGE_CURVE ( 'NONE', #2822, #7732, #1988, .T. ) ;
#3677 = EDGE_LOOP ( 'NONE', ( #4114, #5356, #8070, #2549, #4363 ) ) ;
#3678 = CARTESIAN_POINT ( 'NONE',  ( -13.54613388309068434, 102.6210018875422207, -30.90454348634120052 ) ) ;
#3679 = CARTESIAN_POINT ( 'NONE',  ( -4.999999999999999112, 51.05367529751676159, -35.79571668975681575 ) ) ;
#3680 = DIRECTION ( 'NONE',  ( 0.5509046671155010122, 0.7715819660501482824, -0.3180649578569553770 ) ) ;
#3681 = B_SPLINE_CURVE_WITH_KNOTS ( 'NONE', 3,
 ( #1742, #4119, #969, #6031, #1166, #3694 ),
 .UNSPECIFIED., .F., .F.,
 ( 4, 2, 4 ),
 ( 0.000000000000000000, 0.001007245322344453792, 0.002014490644688907584 ),
 .UNSPECIFIED. ) ;
#3682 = VECTOR ( 'NONE', #6961, 1000.000000000000000 ) ;
#3683 = CARTESIAN_POINT ( 'NONE',  ( 3.499999999999996003, 0.000000000000000000, 5.547007749183353632E-15 ) ) ;
#3684 = VERTEX_POINT ( 'NONE', #5617 ) ;
#3685 = ADVANCED_FACE ( 'NONE', ( #2929 ), #4207, .T. ) ;
#3686 = CARTESIAN_POINT ( 'NONE',  ( -18.56546221728271817, 107.0328893880555370, -27.96369342693074245 ) ) ;
#3687 =( BOUNDED_CURVE ( )  B_SPLINE_CURVE ( 3, ( #2943, #7853, #1542, #2319 ),
 .UNSPECIFIED., .F., .F. ) 
 B_SPLINE_CURVE_WITH_KNOTS ( ( 4, 4 ),
 ( 0.3871393666714735837, 0.5235987755982983716 ),
 .UNSPECIFIED. ) 
 CURVE ( )  GEOMETRIC_REPRESENTATION_ITEM ( )  RATIONAL_B_SPLINE_CURVE ( ( 1.000000000000000000, 0.9984488377092299860, 0.9984488377092299860, 1.000000000000000000 ) ) 
 REPRESENTATION_ITEM ( '' )  );
#3688 = ORIENTED_EDGE ( 'NONE', *, *, #4258, .F. ) ;
#3689 = CIRCLE ( 'NONE', #2117, 1.000000000000000888 ) ;
#3690 = ORIENTED_EDGE ( 'NONE', *, *, #6540, .T. ) ;
#3691 = DIRECTION ( 'NONE',  ( -0.8660254037844385966, 0.000000000000000000, -0.4999999999999999445 ) ) ;
#3692 = CARTESIAN_POINT ( 'NONE',  ( -3.500000000000010214, 4.664717059371330521, 33.22798536380059886 ) ) ;
#3693 = CARTESIAN_POINT ( 'NONE',  ( -33.50000000000000711, 20.00000000000000000, 5.672268674043791314 ) ) ;
#3694 = CARTESIAN_POINT ( 'NONE',  ( -5.000000000000011546, 2.286323517986063703, 35.79571668975681575 ) ) ;
#3695 = LINE ( 'NONE', #462, #5173 ) ;
#3696 = DIRECTION ( 'NONE',  ( 1.000000000000000000, -0.000000000000000000, -1.849002583061117992E-16 ) ) ;
#3697 = ORIENTED_EDGE ( 'NONE', *, *, #1880, .F. ) ;
#3698 = AXIS2_PLACEMENT_3D ( 'NONE', #6482, #5189, #3364 ) ;
#3699 = CARTESIAN_POINT ( 'NONE',  ( 15.44475094927712533, 110.0000000000341061, 34.73393025141055546 ) ) ;
#3700 = ORIENTED_EDGE ( 'NONE', *, *, #6626, .F. ) ;
#3701 = ADVANCED_FACE ( 'NONE', ( #6085 ), #3620, .T. ) ;
#3702 = ORIENTED_EDGE ( 'NONE', *, *, #945, .F. ) ;
#3703 = DIRECTION ( 'NONE',  ( -0.000000000000000000, -0.000000000000000000, 1.000000000000000000 ) ) ;
#3704 = CARTESIAN_POINT ( 'NONE',  ( -14.93453778272234267, 107.0328893880714247, 30.06000862663255191 ) ) ;
#3705 = VECTOR ( 'NONE', #4214, 1000.000000000000000 ) ;
#3706 = FACE_OUTER_BOUND ( 'NONE', #5370, .T. ) ;
#3707 = CARTESIAN_POINT ( 'NONE',  ( 3.940115036605899679, 109.9999999999745910, -37.79681365907295287 ) ) ;
#3708 = CARTESIAN_POINT ( 'NONE',  ( 3.499999999999996003, 51.19122902904495476, -35.16533991401915671 ) ) ;
#3709 = ORIENTED_EDGE ( 'NONE', *, *, #1068, .T. ) ;
#3710 = AXIS2_PLACEMENT_3D ( 'NONE', #148, #5202, #7740 ) ;
#3711 = ORIENTED_EDGE ( 'NONE', *, *, #2494, .F. ) ;
#3712 = CARTESIAN_POINT ( 'NONE',  ( 10.32474418476221700, 102.8284423401945560, 32.75019669070540118 ) ) ;
#3713 = CARTESIAN_POINT ( 'NONE',  ( 33.49999999999999289, 107.2580183663584990, 12.25961204463579790 ) ) ;
#3714 = EDGE_CURVE ( 'NONE', #2644, #8009, #5472, .T. ) ;
#3715 = CARTESIAN_POINT ( 'NONE',  ( 29.71344684509735146, 109.9999999999797495, -23.69762102824348915 ) ) ;
#3716 = CARTESIAN_POINT ( 'NONE',  ( -4.741963672924476292, 46.45772526023930737, 35.94469403265459562 ) ) ;
#3717 = CARTESIAN_POINT ( 'NONE',  ( -7.033625669880906095, 103.2139488718590883, 34.63016873316551170 ) ) ;
#3718 = CARTESIAN_POINT ( 'NONE',  ( -32.45417433240606186, 108.0579995479142070, -18.05804741346172904 ) ) ;
#3719 = DIRECTION ( 'NONE',  ( 0.000000000000000000, 1.000000000000000000, 0.000000000000000000 ) ) ;
#3720 = ORIENTED_EDGE ( 'NONE', *, *, #3307, .F. ) ;
#3721 = ADVANCED_FACE ( 'NONE', ( #5579 ), #4371, .F. ) ;
#3722 = CARTESIAN_POINT ( 'NONE',  ( -4.999999999999999112, 51.05367529751676159, -35.79571668975681575 ) ) ;
#3723 = DIRECTION ( 'NONE',  ( 0.000000000000000000, 0.000000000000000000, -1.000000000000000000 ) ) ;
#3724 = CARTESIAN_POINT ( 'NONE',  ( 7.351318463998741670, 45.73950986304809163, 34.43818234161659575 ) ) ;
#3725 = LINE ( 'NONE', #3806, #1944 ) ;
#3726 = ORIENTED_EDGE ( 'NONE', *, *, #5247, .T. ) ;
#3727 = CARTESIAN_POINT ( 'NONE',  ( 3.499999999999996003, 99.61636055733491446, -36.38015193797856739 ) ) ;
#3728 = ORIENTED_EDGE ( 'NONE', *, *, #3583, .F. ) ;
#3729 = VERTEX_POINT ( 'NONE', #687 ) ;
#3730 = LINE ( 'NONE', #545, #7535 ) ;
#3731 = CARTESIAN_POINT ( 'NONE',  ( -1.460155946156204809, 109.9999999999787974, 37.97863191374408132 ) ) ;
#3732 = CARTESIAN_POINT ( 'NONE',  ( -33.50000000000000711, 101.6484624072854075, -1.152764464743661454 ) ) ;
#3733 = FACE_OUTER_BOUND ( 'NONE', #5850, .T. ) ;
#3734 = EDGE_CURVE ( 'NONE', #6659, #8199, #7294, .T. ) ;
#3735 = DIRECTION ( 'NONE',  ( 0.000000000000000000, 0.000000000000000000, -1.000000000000000000 ) ) ;
#3736 = EDGE_LOOP ( 'NONE', ( #4773, #898, #4756, #5457, #4606, #6001, #7534, #191 ) ) ;
#3737 = CARTESIAN_POINT ( 'NONE',  ( 0.000000000000000000, 175.0000000000000000, 0.000000000000000000 ) ) ;
#3738 = EDGE_LOOP ( 'NONE', ( #6080, #3762, #433, #6511 ) ) ;
#3739 = ORIENTED_EDGE ( 'NONE', *, *, #5599, .T. ) ;
#3740 = DIRECTION ( 'NONE',  ( 0.000000000000000000, 0.000000000000000000, 1.000000000000000000 ) ) ;
#3741 = VERTEX_POINT ( 'NONE', #3170 ) ;
#3742 = EDGE_CURVE ( 'NONE', #5067, #8085, #5848, .T. ) ;
#3743 = CARTESIAN_POINT ( 'NONE',  ( -27.00000000000000355, 105.0000000000000142, 0.000000000000000000 ) ) ;
#3744 = CARTESIAN_POINT ( 'NONE',  ( 8.339404862628267523, 110.0000000000000000, 37.07363384586371780 ) ) ;
#3745 = PLANE ( 'NONE',  #2532 ) ;
#3746 = CARTESIAN_POINT ( 'NONE',  ( 4.078276635808966102E-15, 105.9326517071299065, -37.13546265191241957 ) ) ;
#3747 = ORIENTED_EDGE ( 'NONE', *, *, #6008, .T. ) ;
#3748 = EDGE_LOOP ( 'NONE', ( #1963, #3720, #773, #7875 ) ) ;
#3749 = CARTESIAN_POINT ( 'NONE',  ( -12.50000000000001421, 110.0000000000000000, -31.46558967083461056 ) ) ;
#3750 = CARTESIAN_POINT ( 'NONE',  ( 6.499999999999992006, 4.664717059371330521, -34.22798536380060597 ) ) ;
#3751 = EDGE_CURVE ( 'NONE', #5111, #854, #2640, .T. ) ;
#3752 = CARTESIAN_POINT ( 'NONE',  ( 7.583914826994217151, 102.6393472897092920, 34.30389276882862504 ) ) ;
#3753 = CARTESIAN_POINT ( 'NONE',  ( 4.898587196589412829E-16, 115.0000000000000000, 23.00000000000000355 ) ) ;
#3754 = DIRECTION ( 'NONE',  ( 0.000000000000000000, -0.9245283778641979477, -0.3811132095897422079 ) ) ;
#3755 = CARTESIAN_POINT ( 'NONE',  ( -31.37823220547866043, 109.9999999999950830, -21.43670050321368947 ) ) ;
#3756 = DIRECTION ( 'NONE',  ( 0.000000000000000000, 1.000000000000000000, 0.000000000000000000 ) ) ;
#3757 = ORIENTED_EDGE ( 'NONE', *, *, #5599, .F. ) ;
#3758 = DIRECTION ( 'NONE',  ( -0.000000000000000000, -0.000000000000000000, 1.000000000000000000 ) ) ;
#3759 = CARTESIAN_POINT ( 'NONE',  ( -12.50000000000001954, 62.95002665055243796, -31.46558967083460701 ) ) ;
#3760 = CARTESIAN_POINT ( 'NONE',  ( 3.368536366827511825E-15, 0.000000000000000000, -31.75426480542942898 ) ) ;
#3761 = CARTESIAN_POINT ( 'NONE',  ( 28.50000000000000000, 103.4621466860844947, 22.22798536380061662 ) ) ;
#3762 = ORIENTED_EDGE ( 'NONE', *, *, #6164, .T. ) ;
#3763 = AXIS2_PLACEMENT_3D ( 'NONE', #1669, #6073, #2992 ) ;
#3764 = PLANE ( 'NONE',  #5621 ) ;
#3765 = ADVANCED_FACE ( 'NONE', ( #7577 ), #4536, .F. ) ;
#3766 = EDGE_CURVE ( 'NONE', #715, #4394, #6233, .T. ) ;
#3767 = ORIENTED_EDGE ( 'NONE', *, *, #8071, .F. ) ;
#3768 = EDGE_LOOP ( 'NONE', ( #3976, #1126, #1575, #6538 ) ) ;
#3769 = CARTESIAN_POINT ( 'NONE',  ( -28.50000000000000711, 0.000000000000000000, -6.827731325956207797 ) ) ;
#3770 = CIRCLE ( 'NONE', #2731, 4.000000000000002665 ) ;
#3771 = FACE_BOUND ( 'NONE', #6614, .T. ) ;
#3772 =( BOUNDED_CURVE ( )  B_SPLINE_CURVE ( 3, ( #3869, #2093, #2636, #4532 ),
 .UNSPECIFIED., .F., .T. ) 
 B_SPLINE_CURVE_WITH_KNOTS ( ( 4, 4 ),
 ( 6.226844666061073674, 6.339525948298098790 ),
 .UNSPECIFIED. ) 
 CURVE ( )  GEOMETRIC_REPRESENTATION_ITEM ( )  RATIONAL_B_SPLINE_CURVE ( ( 1.000000000000000000, 0.9989421905780699884, 0.9989421905780699884, 1.000000000000000000 ) ) 
 REPRESENTATION_ITEM ( '' )  );
#3773 = CARTESIAN_POINT ( 'NONE',  ( 4.898587196589412829E-16, 110.0000000000000000, -31.00000000000000355 ) ) ;
#3774 = CARTESIAN_POINT ( 'NONE',  ( 6.142125622546404706, 102.5380366088657524, 35.13631015413126590 ) ) ;
#3775 = ORIENTED_EDGE ( 'NONE', *, *, #3519, .T. ) ;
#3776 = CARTESIAN_POINT ( 'NONE',  ( 26.58281224685096333, 102.7957765529076255, 23.33487422916826759 ) ) ;
#3777 = VERTEX_POINT ( 'NONE', #4496 ) ;
#3778 = EDGE_CURVE ( 'NONE', #7737, #5495, #1885, .T. ) ;
#3779 = VECTOR ( 'NONE', #2106, 1000.000000000000000 ) ;
#3780 = ORIENTED_EDGE ( 'NONE', *, *, #2540, .T. ) ;
#3781 = ADVANCED_FACE ( 'NONE', ( #1968 ), #7034, .F. ) ;
#3782 = LINE ( 'NONE', #3041, #7886 ) ;
#3783 = ORIENTED_EDGE ( 'NONE', *, *, #6847, .F. ) ;
#3784 = LINE ( 'NONE', #2684, #8025 ) ;
#3785 = APPLICATION_PROTOCOL_DEFINITION ( 'international standard', 'config_control_design', 1994, #7950 ) ;
#3786 = DIRECTION ( 'NONE',  ( 0.000000000000000000, -1.000000000000000000, 0.000000000000000000 ) ) ;
#3787 = CARTESIAN_POINT ( 'NONE',  ( 15.66730716148388325, 101.6431082484115791, -29.63694402854567400 ) ) ;
#3788 = ORIENTED_EDGE ( 'NONE', *, *, #5284, .F. ) ;
#3789 = EDGE_CURVE ( 'NONE', #7607, #177, #6325, .T. ) ;
#3790 = VECTOR ( 'NONE', #2158, 1000.000000000000114 ) ;
#3791 = AXIS2_PLACEMENT_3D ( 'NONE', #5899, #3986, #4061 ) ;
#3792 = ORIENTED_EDGE ( 'NONE', *, *, #4285, .F. ) ;
#3793 = CARTESIAN_POINT ( 'NONE',  ( -35.85643837763967667, 110.0000000000238316, 12.60086096960032620 ) ) ;
#3794 = CARTESIAN_POINT ( 'NONE',  ( 33.50000000000000711, 107.0246128570803279, -7.274844132541670838 ) ) ;
#3795 = CARTESIAN_POINT ( 'NONE',  ( -4.999999999999999112, 103.4621466860844805, -35.79571668975681575 ) ) ;
#3796 = CARTESIAN_POINT ( 'NONE',  ( 3.499999999999996003, 100.0000000000000000, -33.22798536380059886 ) ) ;
#3797 = DIRECTION ( 'NONE',  ( 0.000000000000000000, -0.7923179101546382608, 0.6101084569551438186 ) ) ;
#3798 = LOCAL_TIME ( 0, 57, 20.00000000000000000, #4001 ) ;
#3799 = DIRECTION ( 'NONE',  ( -0.000000000000000000, -1.000000000000000000, -0.000000000000000000 ) ) ;
#3800 = DIRECTION ( 'NONE',  ( -1.000000000000000000, 0.000000000000000000, 0.000000000000000000 ) ) ;
#3801 = EDGE_CURVE ( 'NONE', #2829, #4394, #648, .T. ) ;
#3802 = VERTEX_POINT ( 'NONE', #6366 ) ;
#3803 = CARTESIAN_POINT ( 'NONE',  ( 1.219300470400225933, 105.7504203393666984, 37.06351463546754132 ) ) ;
#3804 = CARTESIAN_POINT ( 'NONE',  ( -27.00000000000000355, 105.0000000000000142, 3.999999999999999112 ) ) ;
#3805 = DIRECTION ( 'NONE',  ( 0.000000000000000000, 0.000000000000000000, 1.000000000000000000 ) ) ;
#3806 = CARTESIAN_POINT ( 'NONE',  ( 27.49999999999999645, 80.95002665055245927, -15.87713240271472515 ) ) ;
#3807 = ORIENTED_EDGE ( 'NONE', *, *, #6664, .T. ) ;
#3808 = VECTOR ( 'NONE', #5646, 1000.000000000000114 ) ;
#3809 = CARTESIAN_POINT ( 'NONE',  ( 0.000000000000000000, 185.0000000000000000, 0.000000000000000000 ) ) ;
#3810 = ORIENTED_EDGE ( 'NONE', *, *, #1161, .F. ) ;
#3811 = CARTESIAN_POINT ( 'NONE',  ( 3.408482937675507696, 50.98458938789193695, 36.71457949410972788 ) ) ;
#3812 = AXIS2_PLACEMENT_3D ( 'NONE', #3226, #6341, #165 ) ;
#3813 = DIRECTION ( 'NONE',  ( 0.000000000000000000, -3.469446951953611724E-16, 1.000000000000000000 ) ) ;
#3814 = CARTESIAN_POINT ( 'NONE',  ( -33.50000000000001421, 102.7976731698146580, -11.36085210847466165 ) ) ;
#3815 = EDGE_CURVE ( 'NONE', #3520, #181, #7074, .T. ) ;
#3816 = DIRECTION ( 'NONE',  ( 0.000000000000000000, -0.8283227331462885701, 0.5602512380647296508 ) ) ;
#3817 = CARTESIAN_POINT ( 'NONE',  ( -1.214306433183764966E-14, -3.000000000000002665, 27.13546265191242313 ) ) ;
#3818 = ORIENTED_EDGE ( 'NONE', *, *, #7113, .T. ) ;
#3819 = DIRECTION ( 'NONE',  ( 0.000000000000000000, -1.000000000000000000, 0.000000000000000000 ) ) ;
#3820 = ORIENTED_EDGE ( 'NONE', *, *, #1683, .F. ) ;
#3821 = VECTOR ( 'NONE', #4639, 1000.000000000000000 ) ;
#3822 = ORIENTED_EDGE ( 'NONE', *, *, #3568, .F. ) ;
#3823 = CARTESIAN_POINT ( 'NONE',  ( -27.50000000000000355, 110.0000000000000000, 15.87713240271471449 ) ) ;
#3824 = VERTEX_POINT ( 'NONE', #8194 ) ;
#3825 = CARTESIAN_POINT ( 'NONE',  ( -7.750000000000003553, -3.000000000000000000, -40.84753154516602791 ) ) ;
#3826 = EDGE_CURVE ( 'NONE', #7153, #5437, #2517, .T. ) ;
#3827 = MECHANICAL_CONTEXT ( 'NONE', #4548, 'mechanical' ) ;
#3828 = VECTOR ( 'NONE', #6515, 1000.000000000000114 ) ;
#3829 = CARTESIAN_POINT ( 'NONE',  ( -4.999999999999999112, 97.62160645861473540, -35.79571668975681575 ) ) ;
#3830 = CARTESIAN_POINT ( 'NONE',  ( 22.15857189332411536, 101.9388875027530048, -25.88921058823658328 ) ) ;
#3831 = ORIENTED_EDGE ( 'NONE', *, *, #5578, .T. ) ;
#3832 = EDGE_CURVE ( 'NONE', #1965, #4014, #2977, .T. ) ;
#3833 = VERTEX_POINT ( 'NONE', #5743 ) ;
#3834 = VECTOR ( 'NONE', #7953, 1000.000000000000000 ) ;
#3835 = EDGE_CURVE ( 'NONE', #2053, #7568, #61, .T. ) ;
#3836 = ORIENTED_EDGE ( 'NONE', *, *, #3826, .T. ) ;
#3837 = CARTESIAN_POINT ( 'NONE',  ( -33.50000000000000000, 103.7551335478101606, 13.99282273154411627 ) ) ;
#3838 = CARTESIAN_POINT ( 'NONE',  ( 33.50000000000000000, 102.3326384899905435, -9.103937846080150109 ) ) ;
#3839 = EDGE_CURVE ( 'NONE', #7840, #3622, #2595, .T. ) ;
#3840 = CARTESIAN_POINT ( 'NONE',  ( -15.50961894323343238, 0.8972784072977326719, -29.72798536380059886 ) ) ;
#3841 = LINE ( 'NONE', #7625, #3638 ) ;
#3842 = PLANE ( 'NONE',  #7224 ) ;
#3843 = AXIS2_PLACEMENT_3D ( 'NONE', #6536, #935, #1595 ) ;
#3844 = ADVANCED_FACE ( 'NONE', ( #4579 ), #5835, .T. ) ;
#3845 = CARTESIAN_POINT ( 'NONE',  ( -29.90116340323648103, 104.6089011690928743, -21.26233711344011112 ) ) ;
#3846 = CARTESIAN_POINT ( 'NONE',  ( -5.874410684619065570, 103.1348824309275329, -35.29087544560970713 ) ) ;
#3847 = AXIS2_PLACEMENT_3D ( 'NONE', #3594, #5345, #952 ) ;
#3848 = VERTEX_POINT ( 'NONE', #2050 ) ;
#3849 = CARTESIAN_POINT ( 'NONE',  ( 0.5014629259959731966, 105.9075314400151342, 37.12583023924873515 ) ) ;
#3850 = DIRECTION ( 'NONE',  ( 0.000000000000000000, 0.000000000000000000, -1.000000000000000000 ) ) ;
#3851 = ADVANCED_FACE ( 'NONE', ( #1219 ), #3745, .F. ) ;
#3852 = FACE_OUTER_BOUND ( 'NONE', #3868, .T. ) ;
#3853 = CARTESIAN_POINT ( 'NONE',  ( -30.76553229096338526, 105.2959072538400420, -20.45215324140997737 ) ) ;
#3854 = EDGE_CURVE ( 'NONE', #183, #5393, #7279, .T. ) ;
#3855 = CARTESIAN_POINT ( 'NONE',  ( -16.00000000000000000, 110.0000000000000000, 16.00000000000000000 ) ) ;
#3856 = ORIENTED_EDGE ( 'NONE', *, *, #1891, .F. ) ;
#3857 = CARTESIAN_POINT ( 'NONE',  ( -23.12869123158795048, 109.9999999999540137, -30.16618114947410945 ) ) ;
#3858 = ORIENTED_EDGE ( 'NONE', *, *, #3880, .T. ) ;
#3859 = CARTESIAN_POINT ( 'NONE',  ( 4.999999999999984013, 47.50247309592896983, 35.79571668975681575 ) ) ;
#3860 = DIRECTION ( 'NONE',  ( 0.000000000000000000, 0.000000000000000000, 1.000000000000000000 ) ) ;
#3861 = FACE_OUTER_BOUND ( 'NONE', #3921, .T. ) ;
#3862 = CARTESIAN_POINT ( 'NONE',  ( 8.948156298178385981, 102.7352088982262330, -33.51624758820042871 ) ) ;
#3863 = EDGE_CURVE ( 'NONE', #6283, #7122, #2803, .T. ) ;
#3864 = DIRECTION ( 'NONE',  ( 0.000000000000000000, 0.000000000000000000, 1.000000000000000000 ) ) ;
#3865 = ORIENTED_EDGE ( 'NONE', *, *, #1019, .F. ) ;
#3866 = CARTESIAN_POINT ( 'NONE',  ( -3.469446951953614189E-15, 110.0000000000000000, -27.13546265191242313 ) ) ;
#3867 = ORIENTED_EDGE ( 'NONE', *, *, #101, .F. ) ;
#3868 = EDGE_LOOP ( 'NONE', ( #1952, #5056, #5738, #6841 ) ) ;
#3869 = CARTESIAN_POINT ( 'NONE',  ( -3.500000000000010214, 100.1970879369713430, 29.73353886326573203 ) ) ;
#3870 = ORIENTED_EDGE ( 'NONE', *, *, #6151, .T. ) ;
#3871 = DIRECTION ( 'NONE',  ( -0.8660254037844387076, 0.000000000000000000, -0.4999999999999999445 ) ) ;
#3872 = PERSON_AND_ORGANIZATION ( #18446744073709551615, #5642 ) ;
#3873 = DIRECTION ( 'NONE',  ( -0.000000000000000000, -1.000000000000000000, -0.000000000000000000 ) ) ;
#3874 = CARTESIAN_POINT ( 'NONE',  ( -3.981630956429008883, 2.996471781357540998, -36.31282312856294681 ) ) ;
#3875 = ORIENTED_EDGE ( 'NONE', *, *, #7390, .T. ) ;
#3876 = VERTEX_POINT ( 'NONE', #1555 ) ;
#3877 = ADVANCED_FACE ( 'NONE', ( #229 ), #2177, .F. ) ;
#3878 = ORIENTED_EDGE ( 'NONE', *, *, #859, .F. ) ;
#3879 = CARTESIAN_POINT ( 'NONE',  ( -28.50000000000000711, 20.00000000000000000, 5.672268674043791314 ) ) ;
#3880 = EDGE_CURVE ( 'NONE', #3456, #3433, #4408, .T. ) ;
#3881 = DIRECTION ( 'NONE',  ( -0.000000000000000000, -0.000000000000000000, 1.000000000000000000 ) ) ;
#3882 = DIRECTION ( 'NONE',  ( 0.000000000000000000, -1.000000000000000000, 0.000000000000000000 ) ) ;
#3883 = CARTESIAN_POINT ( 'NONE',  ( 3.368536366827511825E-15, 80.95002665055245927, -31.75426480542942898 ) ) ;
#3884 = DIRECTION ( 'NONE',  ( -1.531570873195732766E-16, -0.5602512380647296508, -0.8283227331462885701 ) ) ;
#3885 = PLANE ( 'NONE',  #5257 ) ;
#3886 = ORIENTED_EDGE ( 'NONE', *, *, #4075, .T. ) ;
#3887 = CARTESIAN_POINT ( 'NONE',  ( -1.044870271209150442E-14, 76.95002665055244506, 31.75426480542942187 ) ) ;
#3888 = CARTESIAN_POINT ( 'NONE',  ( 12.49999999999998046, 67.95002665055244506, 24.53738644055910711 ) ) ;
#3889 = CARTESIAN_POINT ( 'NONE',  ( -28.50000000000000355, -3.000000000000000000, -22.22798536380060952 ) ) ;
#3890 = CARTESIAN_POINT ( 'NONE',  ( 22.14361820051896501, 101.9372165172432574, 25.89784410680302074 ) ) ;
#3891 = DIRECTION ( 'NONE',  ( -0.000000000000000000, 1.000000000000000000, -0.000000000000000000 ) ) ;
#3892 = VERTEX_POINT ( 'NONE', #4699 ) ;
#3893 = CARTESIAN_POINT ( 'NONE',  ( -21.27042555877746111, 107.0190482527000171, -26.40198211355454561 ) ) ;
#3894 = EDGE_CURVE ( 'NONE', #1919, #1069, #5438, .T. ) ;
#3895 = CIRCLE ( 'NONE', #1648, 1.000000000000000888 ) ;
#3896 = VERTEX_POINT ( 'NONE', #5365 ) ;
#3897 = CARTESIAN_POINT ( 'NONE',  ( -3.500000000000010214, 99.80291206302874230, -29.73353886326572848 ) ) ;
#3898 = DIRECTION ( 'NONE',  ( 0.000000000000000000, 0.000000000000000000, -1.000000000000000000 ) ) ;
#3899 = CARTESIAN_POINT ( 'NONE',  ( 3.499999999999996003, 4.890268993415121557, -30.06057953909446212 ) ) ;
#3900 = AXIS2_PLACEMENT_3D ( 'NONE', #4301, #6880, #7459 ) ;
#3901 = AXIS2_PLACEMENT_3D ( 'NONE', #5156, #7736, #3957 ) ;
#3902 = DIRECTION ( 'NONE',  ( 0.000000000000000000, -1.000000000000000000, 0.000000000000000000 ) ) ;
#3903 = CARTESIAN_POINT ( 'NONE',  ( -3.500000000000010214, 110.0000000000000000, -29.73353886326572848 ) ) ;
#3904 = ORIENTED_EDGE ( 'NONE', *, *, #6529, .F. ) ;
#3905 = LINE ( 'NONE', #6440, #4034 ) ;
#3906 = VERTEX_POINT ( 'NONE', #7827 ) ;
#3907 = VECTOR ( 'NONE', #5497, 1000.000000000000000 ) ;
#3908 = VECTOR ( 'NONE', #1376, 1000.000000000000114 ) ;
#3909 = ADVANCED_FACE ( 'NONE', ( #2141 ), #5876, .F. ) ;
#3910 = ORIENTED_EDGE ( 'NONE', *, *, #3473, .T. ) ;
#3911 = FACE_BOUND ( 'NONE', #997, .T. ) ;
#3912 = ORIENTED_EDGE ( 'NONE', *, *, #332, .T. ) ;
#3913 =( BOUNDED_SURFACE ( )  B_SPLINE_SURFACE ( 3, 2, ( 
 ( #7621, #67, #732 ),
 ( #3261, #1889, #3837 ),
 ( #3793, #5125, #7081 ),
 ( #5884, #5799, #5843 ),
 ( #3176, #3970, #7667 ),
 ( #2524, #655, #3305 ),
 ( #6410, #2057, #6503 ),
 ( #3924, #5748, #4589 ),
 ( #1313, #5713, #6329 ),
 ( #4542, #110, #3347 ),
 ( #6373, #3215, #25 ),
 ( #2649, #2604, #821 ),
 ( #2561, #6459, #5042 ),
 ( #1976, #7581, #4416 ),
 ( #5168, #777, #5079 ),
 ( #4503, #7710, #6948 ),
 ( #1932, #693, #7041 ),
 ( #1353, #2691, #7746 ),
 ( #2018, #154, #5207 ),
 ( #2889, #7325, #4163 ) ),
 .UNSPECIFIED., .F., .F., .F. ) 
 B_SPLINE_SURFACE_WITH_KNOTS ( ( 4, 2, 2, 2, 2, 2, 2, 2, 2, 4 ),
 ( 3, 3 ),
 ( 0.01869760982556360404, 0.02138880736877032951, 0.02408000491197705845, 0.02677120245518378738, 0.02946239999839051632, 0.03215359754159724526, 0.03349919631320060626, 0.03484479508480396726, 0.03753599262801069619, 0.04022719017121742513 ),
 ( 0.000000000000000000, 1.000000000000000000 ),
 .UNSPECIFIED. ) 
 GEOMETRIC_REPRESENTATION_ITEM ( )  RATIONAL_B_SPLINE_SURFACE ( (
 ( 1.000000000000000000, 0.9279975443815888791, 1.000000000000000000),
 ( 1.000000000000000000, 0.9360061951465689090, 1.000000000000000000),
 ( 1.000000000000000000, 0.9430791429130257475, 1.000000000000000000),
 ( 1.000000000000000000, 0.9554085820975822818, 1.000000000000000000),
 ( 1.000000000000000000, 0.9606798265836481443, 1.000000000000000000),
 ( 1.000000000000000000, 0.9692921343162538284, 1.000000000000000000),
 ( 1.000000000000000000, 0.9725534326878749747, 1.000000000000000000),
 ( 1.000000000000000000, 0.9769770899098294548, 1.000000000000000000),
 ( 1.000000000000000000, 0.9781406239486120091, 1.000000000000000000),
 ( 1.000000000000000000, 0.9781549245343229559, 1.000000000000000000),
 ( 1.000000000000000000, 0.9770043683342312102, 1.000000000000000000),
 ( 1.000000000000000000, 0.9736911517005489847, 1.000000000000000000),
 ( 1.000000000000000000, 0.9723204763167818676, 1.000000000000000000),
 ( 1.000000000000000000, 0.9690520316975725912, 1.000000000000000000),
 ( 1.000000000000000000, 0.9671461770174785144, 1.000000000000000000),
 ( 1.000000000000000000, 0.9606876576569303161, 1.000000000000000000),
 ( 1.000000000000000000, 0.9554381267591804949, 1.000000000000000000),
 ( 1.000000000000000000, 0.9431112669878289889, 1.000000000000000000),
 ( 1.000000000000000000, 0.9360304610776337686, 1.000000000000000000),
 ( 1.000000000000000000, 0.9279975443815893232, 1.000000000000000000) ) ) 
 REPRESENTATION_ITEM ( '' )  SURFACE ( )  );
#3914 = CARTESIAN_POINT ( 'NONE',  ( -33.47568275028795171, 104.0187599430035590, 14.37529386188630731 ) ) ;
#3915 = DIRECTION ( 'NONE',  ( 0.000000000000000000, -1.000000000000000000, 1.301042606982605321E-16 ) ) ;
#3916 = VECTOR ( 'NONE', #5158, 1000.000000000000000 ) ;
#3917 = CARTESIAN_POINT ( 'NONE',  ( 4.653657836759941941E-15, 185.0000000000000000, 38.00000000000000000 ) ) ;
#3918 = ORIENTED_EDGE ( 'NONE', *, *, #6785, .T. ) ;
#3919 = AXIS2_PLACEMENT_3D ( 'NONE', #311, #5366, #6537 ) ;
#3920 = VERTEX_POINT ( 'NONE', #3459 ) ;
#3921 = EDGE_LOOP ( 'NONE', ( #2578, #7448, #3394, #5260 ) ) ;
#3922 = VECTOR ( 'NONE', #891, 1000.000000000000000 ) ;
#3923 = VECTOR ( 'NONE', #3696, 1000.000000000000000 ) ;
#3924 = CARTESIAN_POINT ( 'NONE',  ( -33.62236321259932481, 109.9999999999746052, 17.72126581387226807 ) ) ;
#3925 = CARTESIAN_POINT ( 'NONE',  ( 33.50000000000000000, 102.7957765528996674, -11.35395359522657799 ) ) ;
#3926 = CARTESIAN_POINT ( 'NONE',  ( -2.912702927882211237E-17, 71.95002665055244506, -38.68246803570493597 ) ) ;
#3927 = CARTESIAN_POINT ( 'NONE',  ( -3.469446951953614189E-15, 85.95002665055245927, -37.13546265191241957 ) ) ;
#3928 = CARTESIAN_POINT ( 'NONE',  ( 27.49999999999999645, 110.0000000000000000, 3.968626966596889627 ) ) ;
#3929 = ADVANCED_FACE ( 'NONE', ( #2836 ), #7944, .F. ) ;
#3930 = CIRCLE ( 'NONE', #4188, 10.00000000000000000 ) ;
#3931 = VECTOR ( 'NONE', #1495, 1000.000000000000000 ) ;
#3932 = LINE ( 'NONE', #861, #6317 ) ;
#3933 = ORIENTED_EDGE ( 'NONE', *, *, #7304, .F. ) ;
#3934 = ORIENTED_EDGE ( 'NONE', *, *, #5989, .T. ) ;
#3935 = CARTESIAN_POINT ( 'NONE',  ( -4.999999999999999112, 102.3783935413852788, -35.79571668975681575 ) ) ;
#3936 = DIRECTION ( 'NONE',  ( 0.000000000000000000, 0.8993531712388825872, 0.4372229104044813575 ) ) ;
#3937 = AXIS2_PLACEMENT_3D ( 'NONE', #2222, #3884, #1516 ) ;
#3938 = LINE ( 'NONE', #2029, #265 ) ;
#3939 = EDGE_CURVE ( 'NONE', #7946, #7196, #7120, .T. ) ;
#3940 = CARTESIAN_POINT ( 'NONE',  ( 27.25106529309551462, 103.0068500852412114, 22.94905815303218688 ) ) ;
#3941 = DIRECTION ( 'NONE',  ( 0.000000000000000000, -1.000000000000000000, 0.000000000000000000 ) ) ;
#3942 = EDGE_LOOP ( 'NONE', ( #4081, #2666, #7527, #2464 ) ) ;
#3943 = FACE_BOUND ( 'NONE', #1805, .T. ) ;
#3944 = EDGE_CURVE ( 'NONE', #2787, #7308, #1512, .T. ) ;
#3945 = ORIENTED_EDGE ( 'NONE', *, *, #1650, .T. ) ;
#3946 = LINE ( 'NONE', #6480, #3559 ) ;
#3947 = CARTESIAN_POINT ( 'NONE',  ( -28.50000000000000711, 0.000000000000000000, 0.000000000000000000 ) ) ;
#3948 = CARTESIAN_POINT ( 'NONE',  ( -23.14546764212116869, 109.9999999999441371, 30.15327890194039995 ) ) ;
#3949 = EDGE_CURVE ( 'NONE', #621, #6740, #3378, .T. ) ;
#3950 = CARTESIAN_POINT ( 'NONE',  ( -16.00000000000000000, 110.0000000000000000, 16.00000000000000000 ) ) ;
#3951 = CARTESIAN_POINT ( 'NONE',  ( -27.50000000000001066, -5.000000000000000000, 20.49593455623172744 ) ) ;
#3952 = ORIENTED_EDGE ( 'NONE', *, *, #4649, .F. ) ;
#3953 = CARTESIAN_POINT ( 'NONE',  ( 12.79468582822501332, 101.7997572540177771, -31.29545272858253568 ) ) ;
#3954 = ORIENTED_EDGE ( 'NONE', *, *, #3026, .T. ) ;
#3955 = AXIS2_PLACEMENT_3D ( 'NONE', #2453, #6142, #456 ) ;
#3956 = ORIENTED_EDGE ( 'NONE', *, *, #918, .F. ) ;
#3957 = DIRECTION ( 'NONE',  ( 0.000000000000000000, 0.000000000000000000, -1.000000000000000000 ) ) ;
#3958 = ORIENTED_EDGE ( 'NONE', *, *, #3839, .T. ) ;
#3959 = DIRECTION ( 'NONE',  ( -1.000000000000000000, -0.000000000000000000, -0.000000000000000000 ) ) ;
#3960 = SECURITY_CLASSIFICATION_LEVEL ( 'unclassified' ) ;
#3961 = CARTESIAN_POINT ( 'NONE',  ( -5.000000000000011546, 97.62160645861473540, 35.79571668975681575 ) ) ;
#3962 = CARTESIAN_POINT ( 'NONE',  ( -4.999999999999999112, 110.0000000000000000, -35.79571668975681575 ) ) ;
#3963 = EDGE_LOOP ( 'NONE', ( #1870, #7620, #5164, #3302, #3079 ) ) ;
#3964 = EDGE_CURVE ( 'NONE', #2265, #7907, #6575, .T. ) ;
#3965 = CIRCLE ( 'NONE', #1446, 1.000000000000000888 ) ;
#3966 = ORIENTED_EDGE ( 'NONE', *, *, #5922, .T. ) ;
#3967 = ORIENTED_EDGE ( 'NONE', *, *, #2658, .T. ) ;
#3968 =( BOUNDED_CURVE ( )  B_SPLINE_CURVE ( 3, ( #4795, #1489, #6590, #4093 ),
 .UNSPECIFIED., .F., .F. ) 
 B_SPLINE_CURVE_WITH_KNOTS ( ( 4, 4 ),
 ( 0.000000000000000000, 0.05634064111849469009 ),
 .UNSPECIFIED. ) 
 CURVE ( )  GEOMETRIC_REPRESENTATION_ITEM ( )  RATIONAL_B_SPLINE_CURVE ( ( 1.000000000000000000, 0.9997354951724146677, 0.9997354951724146677, 1.000000000000000000 ) ) 
 REPRESENTATION_ITEM ( '' )  );
#3969 = AXIS2_PLACEMENT_3D ( 'NONE', #7843, #830, #7921 ) ;
#3970 = CARTESIAN_POINT ( 'NONE',  ( -33.46392604153373185, 107.6509583806688681, 14.87268885103761562 ) ) ;
#3971 = CARTESIAN_POINT ( 'NONE',  ( 4.999999999999768185, 103.4621466860846652, 35.79571668975693655 ) ) ;
#3972 = DIRECTION ( 'NONE',  ( 0.8660254037844389297, 0.000000000000000000, -0.4999999999999995004 ) ) ;
#3973 = CARTESIAN_POINT ( 'NONE',  ( 3.892060786059726940, 57.34797046528836972, -36.43538569317096432 ) ) ;
#3974 = DIRECTION ( 'NONE',  ( -1.000000000000000000, 0.000000000000000000, -0.000000000000000000 ) ) ;
#3975 = LINE ( 'NONE', #1486, #4189 ) ;
#3976 = ORIENTED_EDGE ( 'NONE', *, *, #4435, .F. ) ;
#3977 = EDGE_CURVE ( 'NONE', #4519, #1481, #3420, .T. ) ;
#3978 = ORIENTED_EDGE ( 'NONE', *, *, #3295, .T. ) ;
#3979 = CARTESIAN_POINT ( 'NONE',  ( 3.156648851490067909, 104.8136925438161455, 36.63374591730082841 ) ) ;
#3980 = DIRECTION ( 'NONE',  ( 0.000000000000000000, 1.000000000000000000, 0.000000000000000000 ) ) ;
#3981 = CIRCLE ( 'NONE', #272, 2.000000000000001776 ) ;
#3982 = DIRECTION ( 'NONE',  ( 0.000000000000000000, 1.000000000000000000, 0.000000000000000000 ) ) ;
#3983 = CARTESIAN_POINT ( 'NONE',  ( -4.741963672924472739, 50.89283825202362266, 35.94469403265458141 ) ) ;
#3984 = PLANE ( 'NONE',  #1282 ) ;
#3985 = ORIENTED_EDGE ( 'NONE', *, *, #6826, .F. ) ;
#3986 = DIRECTION ( 'NONE',  ( -1.000000000000000000, -0.000000000000000000, -0.000000000000000000 ) ) ;
#3987 = VECTOR ( 'NONE', #3786, 1000.000000000000000 ) ;
#3988 = EDGE_CURVE ( 'NONE', #374, #6619, #2137, .T. ) ;
#3989 = ORIENTED_EDGE ( 'NONE', *, *, #1683, .T. ) ;
#3990 = CARTESIAN_POINT ( 'NONE',  ( -3.509618943233422161, 99.93426055690841281, -29.72798536380060597 ) ) ;
#3991 = CARTESIAN_POINT ( 'NONE',  ( 0.7999999999999928280, -5.000000000000000000, 4.750000000000000000 ) ) ;
#3992 = LINE ( 'NONE', #2754, #7765 ) ;
#3993 = CARTESIAN_POINT ( 'NONE',  ( 0.000000000000000000, 115.0000000000000000, 0.000000000000000000 ) ) ;
#3994 = ORIENTED_EDGE ( 'NONE', *, *, #6111, .T. ) ;
#3995 = DIRECTION ( 'NONE',  ( -1.662906336704903598E-16, 0.4372229104044795811, 0.8993531712388834753 ) ) ;
#3996 = ORIENTED_EDGE ( 'NONE', *, *, #3286, .T. ) ;
#3997 = ORIENTED_EDGE ( 'NONE', *, *, #819, .F. ) ;
#3998 = DIRECTION ( 'NONE',  ( 0.000000000000000000, -0.1322104677095565783, 0.9912216665448855268 ) ) ;
#3999 = ORIENTED_EDGE ( 'NONE', *, *, #5247, .F. ) ;
#4000 = DIRECTION ( 'NONE',  ( 0.000000000000000000, 0.000000000000000000, -1.000000000000000000 ) ) ;
#4001 = COORDINATED_UNIVERSAL_TIME_OFFSET ( 5, 0, .BEHIND. ) ;
#4002 = CARTESIAN_POINT ( 'NONE',  ( -31.50000000000000711, -5.000000000000000000, -13.56773132595621867 ) ) ;
#4003 = DIRECTION ( 'NONE',  ( 0.000000000000000000, 1.000000000000000000, 0.000000000000000000 ) ) ;
#4004 = VERTEX_POINT ( 'NONE', #6612 ) ;
#4005 = ORIENTED_EDGE ( 'NONE', *, *, #4953, .T. ) ;
#4006 = EDGE_CURVE ( 'NONE', #3434, #6445, #2924, .T. ) ;
#4007 = ORIENTED_EDGE ( 'NONE', *, *, #2566, .F. ) ;
#4008 = LINE ( 'NONE', #5924, #4050 ) ;
#4009 = CARTESIAN_POINT ( 'NONE',  ( -27.00000000000000355, 105.0000000000000142, 0.000000000000000000 ) ) ;
#4010 = CARTESIAN_POINT ( 'NONE',  ( 16.00000000000000000, 115.0000000000000000, -16.00000000000000000 ) ) ;
#4011 = CARTESIAN_POINT ( 'NONE',  ( 3.499999999999996003, 97.07832394846914781, -34.47182714764789324 ) ) ;
#4012 = EDGE_LOOP ( 'NONE', ( #5597, #3344, #766, #3822 ) ) ;
#4013 = EDGE_CURVE ( 'NONE', #5398, #264, #310, .T. ) ;
#4014 = VERTEX_POINT ( 'NONE', #6032 ) ;
#4015 = CARTESIAN_POINT ( 'NONE',  ( 4.999999999999993783, 110.0000000000000000, -35.79571668975681575 ) ) ;
#4016 = DIRECTION ( 'NONE',  ( 0.000000000000000000, 1.000000000000000000, 0.000000000000000000 ) ) ;
#4017 = CARTESIAN_POINT ( 'NONE',  ( 33.24494540446165303, 107.8260213226948565, -15.95329835591373069 ) ) ;
#4018 = CARTESIAN_POINT ( 'NONE',  ( -33.09348213161268859, 105.2985136010657214, -16.42245163009613051 ) ) ;
#4019 = CARTESIAN_POINT ( 'NONE',  ( 6.499999999999992006, 4.664717059371330521, -33.22798536380059886 ) ) ;
#4020 = ORIENTED_EDGE ( 'NONE', *, *, #5559, .F. ) ;
#4021 = FACE_OUTER_BOUND ( 'NONE', #1479, .T. ) ;
#4022 = ORIENTED_EDGE ( 'NONE', *, *, #4060, .T. ) ;
#4023 = CARTESIAN_POINT ( 'NONE',  ( 43.50000000000001421, 103.4621466860846652, 13.56773132595674269 ) ) ;
#4024 = PLANE ( 'NONE',  #798 ) ;
#4025 = DIRECTION ( 'NONE',  ( 0.000000000000000000, 0.000000000000000000, -1.000000000000000000 ) ) ;
#4026 = CYLINDRICAL_SURFACE ( 'NONE', #2744, 1.000000000000000000 ) ;
#4027 = ORIENTED_EDGE ( 'NONE', *, *, #8188, .F. ) ;
#4028 = EDGE_CURVE ( 'NONE', #4968, #3370, #1726, .T. ) ;
#4029 = CARTESIAN_POINT ( 'NONE',  ( 12.75581078524201573, 110.0000000000471516, -35.80815737299926127 ) ) ;
#4030 = ORIENTED_EDGE ( 'NONE', *, *, #7043, .T. ) ;
#4031 = ORIENTED_EDGE ( 'NONE', *, *, #4726, .F. ) ;
#4032 = CARTESIAN_POINT ( 'NONE',  ( 12.49999999999997691, 67.95002665055244506, -38.00000000000000000 ) ) ;
#4033 = DIRECTION ( 'NONE',  ( -0.4999999999999999445, 0.000000000000000000, 0.8660254037844387076 ) ) ;
#4034 = VECTOR ( 'NONE', #2548, 1000.000000000000000 ) ;
#4035 = CARTESIAN_POINT ( 'NONE',  ( 3.499999999999996003, 4.664717059371330521, -33.22798536380059886 ) ) ;
#4036 = CARTESIAN_POINT ( 'NONE',  ( -14.75730584316622007, 101.6887210729898356, 30.16233353463929134 ) ) ;
#4037 = EDGE_CURVE ( 'NONE', #7308, #7946, #5313, .T. ) ;
#4038 = CARTESIAN_POINT ( 'NONE',  ( -28.50000000000000711, 20.00000000000000000, -6.827731325956209574 ) ) ;
#4039 = ORIENTED_EDGE ( 'NONE', *, *, #7339, .T. ) ;
#4040 = CARTESIAN_POINT ( 'NONE',  ( -3.500000000000010214, 4.664717059371330521, 33.22798536380059886 ) ) ;
#4041 = EDGE_LOOP ( 'NONE', ( #5891, #4784, #5611, #4974 ) ) ;
#4042 = AXIS2_PLACEMENT_3D ( 'NONE', #2046, #3293, #3998 ) ;
#4043 = ADVANCED_FACE ( 'NONE', ( #8057 ), #2416, .F. ) ;
#4044 = VERTEX_POINT ( 'NONE', #7355 ) ;
#4045 = PLANE ( 'NONE',  #6963 ) ;
#4046 = AXIS2_PLACEMENT_3D ( 'NONE', #7750, #3882, #1398 ) ;
#4047 = CARTESIAN_POINT ( 'NONE',  ( 3.499999999999996003, 97.07832394846914781, 34.47182714764789324 ) ) ;
#4048 = EDGE_CURVE ( 'NONE', #8063, #3896, #2299, .T. ) ;
#4049 = DIRECTION ( 'NONE',  ( -0.000000000000000000, -1.000000000000000000, -0.000000000000000000 ) ) ;
#4050 = VECTOR ( 'NONE', #4670, 1000.000000000000000 ) ;
#4051 = ORIENTED_EDGE ( 'NONE', *, *, #558, .T. ) ;
#4052 = EDGE_LOOP ( 'NONE', ( #674, #356, #1011, #66 ) ) ;
#4053 = CARTESIAN_POINT ( 'NONE',  ( -28.50000000000000000, 103.4621466860844947, -22.22798536380060952 ) ) ;
#4054 = CARTESIAN_POINT ( 'NONE',  ( -12.50000000000002309, 67.95002665055244506, 24.53738644055909646 ) ) ;
#4055 = CARTESIAN_POINT ( 'NONE',  ( 33.46392604153057704, 107.6509583806688823, -14.87268885103048710 ) ) ;
#4056 = FACE_OUTER_BOUND ( 'NONE', #1757, .T. ) ;
#4057 = VECTOR ( 'NONE', #5064, 1000.000000000000000 ) ;
#4058 = CARTESIAN_POINT ( 'NONE',  ( 3.812573934246219487, 99.61636055733491446, 36.38015193797856739 ) ) ;
#4059 = ORIENTED_EDGE ( 'NONE', *, *, #1461, .T. ) ;
#4060 = EDGE_CURVE ( 'NONE', #8085, #5067, #2801, .T. ) ;
#4061 = DIRECTION ( 'NONE',  ( 0.000000000000000000, 0.000000000000000000, 1.000000000000000000 ) ) ;
#4062 = CIRCLE ( 'NONE', #3002, 10.00000000000000000 ) ;
#4063 = AXIS2_PLACEMENT_3D ( 'NONE', #7548, #3756, #4383 ) ;
#4064 = VERTEX_POINT ( 'NONE', #6772 ) ;
#4065 = DIRECTION ( 'NONE',  ( -0.000000000000000000, -1.000000000000000000, -0.000000000000000000 ) ) ;
#4066 = CARTESIAN_POINT ( 'NONE',  ( 0.8000000000000001554, -5.000000000000000000, 3.750000000000000000 ) ) ;
#4067 = CARTESIAN_POINT ( 'NONE',  ( -9.999999999999490186, 103.4621466860846510, -44.45597072760148905 ) ) ;
#4068 = DIRECTION ( 'NONE',  ( 0.8187703157500383355, 0.3258121545647279516, 0.4727172622027592808 ) ) ;
#4069 = VERTEX_POINT ( 'NONE', #550 ) ;
#4070 = CARTESIAN_POINT ( 'NONE',  ( 15.46320329123236093, 110.0000000000272280, -34.72564558321094808 ) ) ;
#4071 = VECTOR ( 'NONE', #3647, 1000.000000000000000 ) ;
#4072 = ORIENTED_EDGE ( 'NONE', *, *, #1901, .T. ) ;
#4073 = CARTESIAN_POINT ( 'NONE',  ( -36.27641115243482517, 110.0000000000000000, 11.31468045945188372 ) ) ;
#4074 = CARTESIAN_POINT ( 'NONE',  ( -33.50000000000000711, 20.00000000000000000, -6.827731325956209574 ) ) ;
#4075 = EDGE_CURVE ( 'NONE', #1405, #3892, #8021, .T. ) ;
#4076 = CARTESIAN_POINT ( 'NONE',  ( -28.50000000000000711, 55.00000000000000711, -10.82773132595621846 ) ) ;
#4077 = DIRECTION ( 'NONE',  ( 0.000000000000000000, 0.000000000000000000, -1.000000000000000000 ) ) ;
#4078 = CARTESIAN_POINT ( 'NONE',  ( -3.500000000000010214, 49.91000578519306430, 36.50295964951001793 ) ) ;
#4079 = ORIENTED_EDGE ( 'NONE', *, *, #2289, .T. ) ;
#4080 = CARTESIAN_POINT ( 'NONE',  ( -33.50000000000000711, 99.00000000000000000, -10.82773132595622201 ) ) ;
#4081 = ORIENTED_EDGE ( 'NONE', *, *, #4705, .T. ) ;
#4082 = CIRCLE ( 'NONE', #5815, 3.999999999999999112 ) ;
#4083 = ORIENTED_EDGE ( 'NONE', *, *, #7855, .T. ) ;
#4084 = EDGE_CURVE ( 'NONE', #5652, #7829, #1081, .T. ) ;
#4085 = CARTESIAN_POINT ( 'NONE',  ( 12.60295807339146812, 102.1529510440451816, -31.40614679944680177 ) ) ;
#4086 = VECTOR ( 'NONE', #5594, 1000.000000000000000 ) ;
#4087 = FACE_OUTER_BOUND ( 'NONE', #2016, .T. ) ;
#4088 = DIRECTION ( 'NONE',  ( -1.313354635091716024E-17, 0.9974741484692092319, 0.07103043809259536323 ) ) ;
#4089 = VECTOR ( 'NONE', #6049, 1000.000000000000000 ) ;
#4090 = ORIENTED_EDGE ( 'NONE', *, *, #8188, .T. ) ;
#4091 = EDGE_CURVE ( 'NONE', #565, #1435, #3584, .T. ) ;
#4092 = VERTEX_POINT ( 'NONE', #6736 ) ;
#4093 = CARTESIAN_POINT ( 'NONE',  ( -3.500000000000010214, 48.47819381916019665, -29.73353886326572848 ) ) ;
#4094 = CARTESIAN_POINT ( 'NONE',  ( 33.50000000000001421, 101.8949712989103489, 5.730351397206858266 ) ) ;
#4095 = CARTESIAN_POINT ( 'NONE',  ( 33.06043213369547829, 105.3565354504719664, -16.53251746539562106 ) ) ;
#4096 = CARTESIAN_POINT ( 'NONE',  ( 33.50000000000000711, 107.2580183663584705, 12.25961204463534493 ) ) ;
#4097 = AXIS2_PLACEMENT_3D ( 'NONE', #1325, #2114, #5182 ) ;
#4098 = FACE_OUTER_BOUND ( 'NONE', #4012, .T. ) ;
#4099 = ORIENTED_EDGE ( 'NONE', *, *, #3271, .T. ) ;
#4100 = DIRECTION ( 'NONE',  ( -0.6963997566604984701, 0.5944491892199578187, 0.4020665869715281393 ) ) ;
#4101 = EDGE_CURVE ( 'NONE', #7242, #7957, #4933, .T. ) ;
#4102 = AXIS2_PLACEMENT_3D ( 'NONE', #2702, #7761, #2073 ) ;
#4103 = ORIENTED_EDGE ( 'NONE', *, *, #7203, .F. ) ;
#4104 = DIRECTION ( 'NONE',  ( 2.233874173432586272E-17, -0.9926750291630170864, -0.1208150920878809098 ) ) ;
#4105 = EDGE_CURVE ( 'NONE', #6740, #5244, #5567, .T. ) ;
#4106 = CARTESIAN_POINT ( 'NONE',  ( 0.000000000000000000, 105.0000000000000142, -27.00000000000000355 ) ) ;
#4107 = CARTESIAN_POINT ( 'NONE',  ( 12.49999999999998934, 71.95002665055244506, -38.00000000000000000 ) ) ;
#4108 = CARTESIAN_POINT ( 'NONE',  ( 30.54095610815089401, 175.0000000000000000, -12.50000000000002132 ) ) ;
#4109 = ORIENTED_EDGE ( 'NONE', *, *, #296, .F. ) ;
#4110 = AXIS2_PLACEMENT_3D ( 'NONE', #2332, #7473, #1743 ) ;
#4111 = CARTESIAN_POINT ( 'NONE',  ( 21.28982364424043183, 107.0189927906289711, -26.39078262370303918 ) ) ;
#4112 = EDGE_LOOP ( 'NONE', ( #1645, #1157, #3187, #4375 ) ) ;
#4113 = CARTESIAN_POINT ( 'NONE',  ( -33.50000000000000711, 101.8013993413397884, -4.590580049877270419 ) ) ;
#4114 = ORIENTED_EDGE ( 'NONE', *, *, #2808, .F. ) ;
#4115 = AXIS2_PLACEMENT_3D ( 'NONE', #984, #3438, #4721 ) ;
#4116 = EDGE_CURVE ( 'NONE', #4900, #4241, #6115, .T. ) ;
#4117 = CARTESIAN_POINT ( 'NONE',  ( 5.723327222555294469, 107.3150733588668544, 35.44197631013387451 ) ) ;
#4118 = DIRECTION ( 'NONE',  ( 0.000000000000000000, 1.000000000000000000, 0.000000000000000000 ) ) ;
#4119 = CARTESIAN_POINT ( 'NONE',  ( -3.733417588320765201, 3.198671501617788682, 36.41574728538199679 ) ) ;
#4120 = CARTESIAN_POINT ( 'NONE',  ( -3.500000000000010214, 48.67528175613146146, -33.22798536380059886 ) ) ;
#4121 = DIRECTION ( 'NONE',  ( 0.000000000000000000, -0.8993531712388833643, -0.4372229104044795256 ) ) ;
#4122 = ORIENTED_EDGE ( 'NONE', *, *, #2457, .F. ) ;
#4123 = DIRECTION ( 'NONE',  ( -0.000000000000000000, -1.000000000000000000, -0.000000000000000000 ) ) ;
#4124 = EDGE_LOOP ( 'NONE', ( #5351, #5838, #5157, #153, #6478, #3605 ) ) ;
#4125 = ORIENTED_EDGE ( 'NONE', *, *, #4192, .F. ) ;
#4126 = DIRECTION ( 'NONE',  ( 1.000000000000000000, 0.000000000000000000, 0.000000000000000000 ) ) ;
#4127 = CARTESIAN_POINT ( 'NONE',  ( -5.668691113877488696, 109.9999999999834586, -37.58098692859922352 ) ) ;
#4128 = DIRECTION ( 'NONE',  ( 0.000000000000000000, -1.000000000000000000, 0.000000000000000000 ) ) ;
#4129 = EDGE_CURVE ( 'NONE', #5076, #7697, #427, .T. ) ;
#4130 = ORIENTED_EDGE ( 'NONE', *, *, #4249, .T. ) ;
#4131 = CARTESIAN_POINT ( 'NONE',  ( 4.196938965583864700, 4.185067666179164370, 36.22352772227513640 ) ) ;
#4132 = CARTESIAN_POINT ( 'NONE',  ( -3.500000000000010214, 110.0000000000000000, 29.73353886326573203 ) ) ;
#4133 = CARTESIAN_POINT ( 'NONE',  ( 35.38078816687213646, 109.9999999999750599, -13.88040701827719303 ) ) ;
#4134 = CARTESIAN_POINT ( 'NONE',  ( 35.12293396239097376, 110.0000000000008100, 14.52153818750360870 ) ) ;
#4135 = CARTESIAN_POINT ( 'NONE',  ( -32.39084299747967322, 105.9321518906108963, -18.16795298485801524 ) ) ;
#4136 = ORIENTED_EDGE ( 'NONE', *, *, #5776, .F. ) ;
#4137 = DIRECTION ( 'NONE',  ( 0.000000000000000000, -0.9200893390015717488, 0.3917085756728471702 ) ) ;
#4138 = EDGE_CURVE ( 'NONE', #2698, #6266, #4242, .T. ) ;
#4139 = ORIENTED_EDGE ( 'NONE', *, *, #4653, .T. ) ;
#4140 = CARTESIAN_POINT ( 'NONE',  ( 4.999999999999984013, 110.0000000000000000, 35.79571668975681575 ) ) ;
#4141 = DIRECTION ( 'NONE',  ( 0.000000000000000000, -1.000000000000000000, 0.000000000000000000 ) ) ;
#4142 = CARTESIAN_POINT ( 'NONE',  ( 0.000000000000000000, 110.0000000000000000, 0.000000000000000000 ) ) ;
#4143 = CARTESIAN_POINT ( 'NONE',  ( 3.499999999999996003, 102.9216760515308380, 31.98414357995329382 ) ) ;
#4144 = VERTEX_POINT ( 'NONE', #7434 ) ;
#4145 = EDGE_CURVE ( 'NONE', #6359, #7665, #505, .T. ) ;
#4146 = CARTESIAN_POINT ( 'NONE',  ( 20.82997525494896962, 122.4568979927932162, -26.65627621504690836 ) ) ;
#4147 = ORIENTED_EDGE ( 'NONE', *, *, #6734, .T. ) ;
#4148 = DIRECTION ( 'NONE',  ( -0.000000000000000000, -0.000000000000000000, 1.000000000000000000 ) ) ;
#4149 = CARTESIAN_POINT ( 'NONE',  ( 38.00000000000000000, 169.9999999999999716, -12.50000000000002132 ) ) ;
#4150 = FACE_BOUND ( 'NONE', #7523, .T. ) ;
#4151 = FACE_OUTER_BOUND ( 'NONE', #1362, .T. ) ;
#4152 = CARTESIAN_POINT ( 'NONE',  ( 28.85009232252588163, 103.7407702065139574, 22.02585946714908971 ) ) ;
#4153 = DIRECTION ( 'NONE',  ( 0.000000000000000000, -1.000000000000000000, 0.000000000000000000 ) ) ;
#4154 = CARTESIAN_POINT ( 'NONE',  ( 3.499999999999996003, 2.034439118102898902, 31.44894874669289919 ) ) ;
#4155 = VERTEX_POINT ( 'NONE', #6146 ) ;
#4156 = CC_DESIGN_PERSON_AND_ORGANIZATION_ASSIGNMENT ( #1967, #3085, ( #1 ) ) ;
#4157 = CARTESIAN_POINT ( 'NONE',  ( -28.50000000000000711, 99.00000000000000000, -10.82773132595622201 ) ) ;
#4158 = ORIENTED_EDGE ( 'NONE', *, *, #5039, .F. ) ;
#4159 = EDGE_CURVE ( 'NONE', #5008, #7211, #5607, .T. ) ;
#4160 = AXIS2_PLACEMENT_3D ( 'NONE', #2160, #170, #954 ) ;
#4161 = ORIENTED_EDGE ( 'NONE', *, *, #7314, .T. ) ;
#4162 = CARTESIAN_POINT ( 'NONE',  ( -15.46320329123237869, 110.0000000000272280, 34.72564558321093386 ) ) ;
#4163 = CARTESIAN_POINT ( 'NONE',  ( -28.50000000000000711, 103.4621466860844947, 22.22798536380059886 ) ) ;
#4164 = DIRECTION ( 'NONE',  ( 0.000000000000000000, 0.000000000000000000, 1.000000000000000000 ) ) ;
#4165 = CARTESIAN_POINT ( 'NONE',  ( -3.500000000000010214, 48.67528175613146146, -33.22798536380059886 ) ) ;
#4166 = VECTOR ( 'NONE', #7130, 1000.000000000000000 ) ;
#4167 = ORIENTED_EDGE ( 'NONE', *, *, #5419, .T. ) ;
#4168 = AXIS2_PLACEMENT_3D ( 'NONE', #3329, #2672, #4025 ) ;
#4169 = DIRECTION ( 'NONE',  ( -0.000000000000000000, -0.000000000000000000, -1.000000000000000000 ) ) ;
#4170 = CARTESIAN_POINT ( 'NONE',  ( 33.50000000000000000, 102.1589333984900350, -7.971564496453434678 ) ) ;
#4171 = EDGE_CURVE ( 'NONE', #7647, #4069, #3695, .T. ) ;
#4172 = CARTESIAN_POINT ( 'NONE',  ( 8.339404862628684967, 110.0000000000000000, -37.07363384586362542 ) ) ;
#4173 = CARTESIAN_POINT ( 'NONE',  ( 33.46392604153059125, 107.6509583806879107, 14.87268885102971616 ) ) ;
#4174 = FACE_OUTER_BOUND ( 'NONE', #5400, .T. ) ;
#4175 = ORIENTED_EDGE ( 'NONE', *, *, #874, .F. ) ;
#4176 = VECTOR ( 'NONE', #7035, 999.9999999999998863 ) ;
#4177 = CARTESIAN_POINT ( 'NONE',  ( 33.50000000000000711, 110.0000000000000000, 19.34123401785248575 ) ) ;
#4178 = ORIENTED_EDGE ( 'NONE', *, *, #3518, .F. ) ;
#4179 = CIRCLE ( 'NONE', #748, 2.000000000000000888 ) ;
#4180 = EDGE_CURVE ( 'NONE', #5429, #5573, #1560, .T. ) ;
#4181 = DIRECTION ( 'NONE',  ( -0.8644263440539589061, -0.06074093299147974301, -0.4990767824341571512 ) ) ;
#4182 = AXIS2_PLACEMENT_3D ( 'NONE', #1544, #4733, #7269 ) ;
#4183 = CARTESIAN_POINT ( 'NONE',  ( 18.11006087497002426, 115.0000000000000000, 15.00000000000000000 ) ) ;
#4184 = EDGE_CURVE ( 'NONE', #4322, #5962, #2791, .T. ) ;
#4185 = CYLINDRICAL_SURFACE ( 'NONE', #2341, 1.000000000000000888 ) ;
#4186 = ORIENTED_EDGE ( 'NONE', *, *, #7164, .F. ) ;
#4187 = DIRECTION ( 'NONE',  ( -0.5614378006234312934, -0.7613913545005390748, -0.3241462653231694802 ) ) ;
#4188 = AXIS2_PLACEMENT_3D ( 'NONE', #6020, #6103, #8046 ) ;
#4189 = VECTOR ( 'NONE', #7208, 1000.000000000000000 ) ;
#4190 = ORIENTED_EDGE ( 'NONE', *, *, #348, .F. ) ;
#4191 = CARTESIAN_POINT ( 'NONE',  ( -12.50000000000001421, 76.95002665055244506, -38.00000000000000000 ) ) ;
#4192 = EDGE_CURVE ( 'NONE', #6548, #1351, #2030, .T. ) ;
#4193 = PLANE ( 'NONE',  #5828 ) ;
#4194 = CARTESIAN_POINT ( 'NONE',  ( 18.11006087497002426, 115.0000000000000000, 17.00000000000000000 ) ) ;
#4195 = AXIS2_PLACEMENT_3D ( 'NONE', #1276, #3799, #6829 ) ;
#4196 = APPROVAL_PERSON_ORGANIZATION ( #6611, #2843, #5201 ) ;
#4197 = LINE ( 'NONE', #2916, #8144 ) ;
#4198 = CARTESIAN_POINT ( 'NONE',  ( 6.499999999999992006, 100.0000000000000000, 32.22798536380059886 ) ) ;
#4199 = FACE_OUTER_BOUND ( 'NONE', #2569, .T. ) ;
#4200 = ORIENTED_EDGE ( 'NONE', *, *, #2872, .T. ) ;
#4201 = CARTESIAN_POINT ( 'NONE',  ( 8.848931163387383947, 102.3361739462401516, 33.57353524648276277 ) ) ;
#4202 = EDGE_LOOP ( 'NONE', ( #2646, #5979, #7231, #1860, #6844 ) ) ;
#4203 = ORIENTED_EDGE ( 'NONE', *, *, #4880, .T. ) ;
#4204 = CARTESIAN_POINT ( 'NONE',  ( -9.570082413560472290, 107.0349506179006625, 33.15717837806779755 ) ) ;
#4205 = DIRECTION ( 'NONE',  ( -0.000000000000000000, -1.000000000000000000, -0.000000000000000000 ) ) ;
#4206 = EDGE_CURVE ( 'NONE', #6048, #3599, #2116, .T. ) ;
#4207 = CYLINDRICAL_SURFACE ( 'NONE', #1994, 2.000000000000001776 ) ;
#4208 = DIRECTION ( 'NONE',  ( -1.000000000000000000, 0.000000000000000000, 0.000000000000000000 ) ) ;
#4209 = AXIS2_PLACEMENT_3D ( 'NONE', #7977, #548, #6770 ) ;
#4210 = EDGE_LOOP ( 'NONE', ( #4360, #2171, #7549, #7504 ) ) ;
#4211 = VECTOR ( 'NONE', #4065, 1000.000000000000000 ) ;
#4212 = LINE ( 'NONE', #8116, #6036 ) ;
#4213 = CARTESIAN_POINT ( 'NONE',  ( 16.00000000000000000, 110.0000000000000000, -16.00000000000000000 ) ) ;
#4214 = DIRECTION ( 'NONE',  ( -0.000000000000000000, -0.000000000000000000, 1.000000000000000000 ) ) ;
#4215 = CARTESIAN_POINT ( 'NONE',  ( 36.27641115243482517, 110.0000000000000000, 11.31468045945189260 ) ) ;
#4216 = DIRECTION ( 'NONE',  ( 0.000000000000000000, 0.000000000000000000, -1.000000000000000000 ) ) ;
#4217 = ORIENTED_EDGE ( 'NONE', *, *, #6194, .T. ) ;
#4218 = AXIS2_PLACEMENT_3D ( 'NONE', #3306, #4377, #6911 ) ;
#4219 = PLANE ( 'NONE',  #6980 ) ;
#4220 = EDGE_CURVE ( 'NONE', #374, #3892, #5751, .T. ) ;
#4221 = VERTEX_POINT ( 'NONE', #7094 ) ;
#4222 = FACE_OUTER_BOUND ( 'NONE', #6641, .T. ) ;
#4223 = AXIS2_PLACEMENT_3D ( 'NONE', #7223, #1620, #1658 ) ;
#4224 = DIRECTION ( 'NONE',  ( 0.000000000000000000, 0.000000000000000000, 1.000000000000000000 ) ) ;
#4225 = DIRECTION ( 'NONE',  ( 0.000000000000000000, 0.000000000000000000, 1.000000000000000000 ) ) ;
#4226 = ORIENTED_EDGE ( 'NONE', *, *, #3227, .F. ) ;
#4227 = DIRECTION ( 'NONE',  ( 1.000000000000000000, -0.000000000000000000, -1.849002583061117992E-16 ) ) ;
#4228 = EDGE_CURVE ( 'NONE', #986, #4460, #832, .T. ) ;
#4229 = EDGE_CURVE ( 'NONE', #6660, #5720, #7561, .T. ) ;
#4230 = AXIS2_PLACEMENT_3D ( 'NONE', #494, #5553, #3021 ) ;
#4231 = ORIENTED_EDGE ( 'NONE', *, *, #4013, .T. ) ;
#4232 = DIRECTION ( 'NONE',  ( -1.000000000000000000, -0.000000000000000000, -0.000000000000000000 ) ) ;
#4233 = FACE_BOUND ( 'NONE', #961, .T. ) ;
#4234 = CARTESIAN_POINT ( 'NONE',  ( -33.50000000000000711, 37.50000000000000711, -0.0003810567665955832961 ) ) ;
#4235 = LINE ( 'NONE', #4857, #6561 ) ;
#4236 = VECTOR ( 'NONE', #3398, 1000.000000000000000 ) ;
#4237 = DIRECTION ( 'NONE',  ( 0.000000000000000000, 0.000000000000000000, 1.000000000000000000 ) ) ;
#4238 = LINE ( 'NONE', #8101, #4452 ) ;
#4239 = VERTEX_POINT ( 'NONE', #7179 ) ;
#4240 = CARTESIAN_POINT ( 'NONE',  ( 10.43211096966947338, 107.0247856067773000, 32.65948595915100583 ) ) ;
#4241 = VERTEX_POINT ( 'NONE', #792 ) ;
#4242 = CIRCLE ( 'NONE', #677, 4.000000000000000000 ) ;
#4243 = ORIENTED_EDGE ( 'NONE', *, *, #2107, .F. ) ;
#4244 = CARTESIAN_POINT ( 'NONE',  ( -33.50000000000000711, 103.0842735268106338, -12.47122731713544930 ) ) ;
#4245 = CARTESIAN_POINT ( 'NONE',  ( 0.000000000000000000, 110.0000000000000000, 0.000000000000000000 ) ) ;
#4246 = CARTESIAN_POINT ( 'NONE',  ( 1.780744536365509667, 105.5458647204787184, -36.97809015980836733 ) ) ;
#4247 = CARTESIAN_POINT ( 'NONE',  ( -1.214306433183764966E-14, 110.0000000000000000, 27.13546265191242313 ) ) ;
#4248 = B_SPLINE_CURVE_WITH_KNOTS ( 'NONE', 3,
 ( #7427, #3569, #2947, #420 ),
 .UNSPECIFIED., .F., .F.,
 ( 4, 4 ),
 ( 0.000000000000000000, 0.001588052724182374177 ),
 .UNSPECIFIED. ) ;
#4249 = EDGE_CURVE ( 'NONE', #6541, #6967, #125, .T. ) ;
#4250 = EDGE_LOOP ( 'NONE', ( #926, #1730, #2965, #2111 ) ) ;
#4251 = DIRECTION ( 'NONE',  ( 0.000000000000000000, 0.000000000000000000, -1.000000000000000000 ) ) ;
#4252 = CARTESIAN_POINT ( 'NONE',  ( 33.50000000000000000, 103.0842735268402635, 12.47122731712307164 ) ) ;
#4253 = LINE ( 'NONE', #7374, #5033 ) ;
#4254 = CARTESIAN_POINT ( 'NONE',  ( 3.499999999999996003, 48.25545713596157071, 36.37553689183513228 ) ) ;
#4255 = CARTESIAN_POINT ( 'NONE',  ( -35.38078816686847006, 109.9999999999754721, -13.88040701828788670 ) ) ;
#4256 = EDGE_LOOP ( 'NONE', ( #591, #2533, #4404, #3231, #6500, #2094 ) ) ;
#4257 = CARTESIAN_POINT ( 'NONE',  ( 3.499999999999996003, 46.15933448321797528, -31.29063081358204812 ) ) ;
#4258 = EDGE_CURVE ( 'NONE', #4402, #6257, #1235, .T. ) ;
#4259 = ORIENTED_EDGE ( 'NONE', *, *, #4811, .T. ) ;
#4260 = CARTESIAN_POINT ( 'NONE',  ( -15.50961894323343593, 52.44272040820505509, -29.72798536380059531 ) ) ;
#4261 = FACE_OUTER_BOUND ( 'NONE', #3677, .T. ) ;
#4262 = CARTESIAN_POINT ( 'NONE',  ( -1.380348874026484114E-14, 85.95002665055245927, 38.68246803570493597 ) ) ;
#4263 = EDGE_LOOP ( 'NONE', ( #8128, #3414, #6978, #5109 ) ) ;
#4264 = DIRECTION ( 'NONE',  ( 0.000000000000000000, -1.000000000000000000, 0.000000000000000000 ) ) ;
#4265 = ORIENTED_EDGE ( 'NONE', *, *, #5866, .F. ) ;
#4266 = DIRECTION ( 'NONE',  ( 0.000000000000000000, -1.000000000000000000, -0.000000000000000000 ) ) ;
#4267 = CARTESIAN_POINT ( 'NONE',  ( -4.631155577771077780, 103.7556942022316804, 36.00866911621977806 ) ) ;
#4268 = DIRECTION ( 'NONE',  ( -0.000000000000000000, -1.000000000000000000, -0.000000000000000000 ) ) ;
#4269 = EDGE_CURVE ( 'NONE', #6729, #3558, #430, .T. ) ;
#4270 = CARTESIAN_POINT ( 'NONE',  ( 33.50000000000000711, 103.4621466860844947, 13.56773132595622400 ) ) ;
#4271 = CARTESIAN_POINT ( 'NONE',  ( 6.750487877672510351, 103.3630643518198582, 34.78507204236940709 ) ) ;
#4272 = DIRECTION ( 'NONE',  ( -0.000000000000000000, 1.000000000000000000, -0.000000000000000000 ) ) ;
#4273 = ORIENTED_EDGE ( 'NONE', *, *, #3410, .F. ) ;
#4274 = CARTESIAN_POINT ( 'NONE',  ( 9.191218909951672345, 110.0000000001658691, 36.88202537736581377 ) ) ;
#4275 = EDGE_LOOP ( 'NONE', ( #200, #7967 ) ) ;
#4276 = ORIENTED_EDGE ( 'NONE', *, *, #7037, .T. ) ;
#4277 = CARTESIAN_POINT ( 'NONE',  ( 16.00000000000000000, 110.0000000000000000, -15.00000000000000000 ) ) ;
#4278 = CARTESIAN_POINT ( 'NONE',  ( -13.12615750926778801, 107.0241564891946240, 31.10407746429876852 ) ) ;
#4279 = ADVANCED_FACE ( 'NONE', ( #1534, #4056 ), #4680, .T. ) ;
#4280 = DIRECTION ( 'NONE',  ( -1.040834085586083468E-15, 1.000000000000000000, -6.009258394948636125E-16 ) ) ;
#4281 = ADVANCED_FACE ( 'NONE', ( #6594 ), #913, .F. ) ;
#4282 = CARTESIAN_POINT ( 'NONE',  ( 3.069015038832735964, 107.7820753581855939, -36.67963407482602634 ) ) ;
#4283 = CARTESIAN_POINT ( 'NONE',  ( 1.800000000000000266, 0.000000000000000000, 3.749999999999992895 ) ) ;
#4284 = ORIENTED_EDGE ( 'NONE', *, *, #5191, .T. ) ;
#4285 = EDGE_CURVE ( 'NONE', #7308, #4239, #5572, .T. ) ;
#4286 = AXIS2_PLACEMENT_3D ( 'NONE', #3866, #7608, #4403 ) ;
#4287 = VERTEX_POINT ( 'NONE', #7996 ) ;
#4288 = CARTESIAN_POINT ( 'NONE',  ( 4.898587196589412829E-16, 105.0000000000000142, -31.00000000000000355 ) ) ;
#4289 = LINE ( 'NONE', #7994, #126 ) ;
#4290 = EDGE_CURVE ( 'NONE', #2087, #4986, #2673, .T. ) ;
#4291 = CIRCLE ( 'NONE', #3633, 3.499999999999999556 ) ;
#4292 = DIRECTION ( 'NONE',  ( 0.000000000000000000, 1.000000000000000000, 0.000000000000000000 ) ) ;
#4293 = CARTESIAN_POINT ( 'NONE',  ( -3.500000000000010214, 100.0000000000000000, 33.22798536380059886 ) ) ;
#4294 = CARTESIAN_POINT ( 'NONE',  ( -14.18108755669884857, 102.2206108828695790, 30.50777382057762210 ) ) ;
#4295 = DIRECTION ( 'NONE',  ( 0.000000000000000000, 0.000000000000000000, 1.000000000000000000 ) ) ;
#4296 = ORIENTED_EDGE ( 'NONE', *, *, #1737, .F. ) ;
#4297 = DIRECTION ( 'NONE',  ( 0.000000000000000000, 0.000000000000000000, 1.000000000000000000 ) ) ;
#4298 = AXIS2_PLACEMENT_3D ( 'NONE', #7842, #4757, #4718 ) ;
#4299 = CIRCLE ( 'NONE', #468, 20.00000000000000000 ) ;
#4300 = EDGE_LOOP ( 'NONE', ( #956, #7637, #6320, #6897, #4273, #2092 ) ) ;
#4301 = CARTESIAN_POINT ( 'NONE',  ( 9.999999999999994671, 103.4621466860844805, -44.45597072760119772 ) ) ;
#4302 = PLANE ( 'NONE',  #2240 ) ;
#4303 = DIRECTION ( 'NONE',  ( -0.000000000000000000, 1.000000000000000000, -0.000000000000000000 ) ) ;
#4304 = AXIS2_PLACEMENT_3D ( 'NONE', #1058, #6782, #7739 ) ;
#4305 = VECTOR ( 'NONE', #2773, 1000.000000000000000 ) ;
#4306 = EDGE_CURVE ( 'NONE', #1390, #7016, #7039, .T. ) ;
#4307 = CARTESIAN_POINT ( 'NONE',  ( 0.000000000000000000, 169.9999999999999716, 0.000000000000000000 ) ) ;
#4308 = ORIENTED_EDGE ( 'NONE', *, *, #4534, .F. ) ;
#4309 = FACE_OUTER_BOUND ( 'NONE', #5373, .T. ) ;
#4310 = CIRCLE ( 'NONE', #1268, 38.00000000000000000 ) ;
#4311 = ORIENTED_EDGE ( 'NONE', *, *, #5943, .F. ) ;
#4312 = ORIENTED_EDGE ( 'NONE', *, *, #34, .T. ) ;
#4313 = PLANE ( 'NONE',  #6202 ) ;
#4314 = DIRECTION ( 'NONE',  ( 1.776356839400250859E-15, 0.000000000000000000, -1.000000000000000000 ) ) ;
#4315 = LINE ( 'NONE', #6733, #4071 ) ;
#4316 = CARTESIAN_POINT ( 'NONE',  ( 3.499999999999996003, 51.19122902904495476, 35.16533991401915671 ) ) ;
#4317 = CARTESIAN_POINT ( 'NONE',  ( -4.741963672924472739, 6.882273555263481946, 35.94469403265458141 ) ) ;
#4318 = CARTESIAN_POINT ( 'NONE',  ( 23.50000000000000000, -3.000000000000002665, -13.56773132595622045 ) ) ;
#4319 = ORIENTED_EDGE ( 'NONE', *, *, #4129, .T. ) ;
#4320 = CIRCLE ( 'NONE', #4983, 9.999999999999998224 ) ;
#4321 = DIRECTION ( 'NONE',  ( -0.000000000000000000, 1.000000000000000000, -0.000000000000000000 ) ) ;
#4322 = VERTEX_POINT ( 'NONE', #7923 ) ;
#4323 = EDGE_CURVE ( 'NONE', #5511, #476, #1027, .T. ) ;
#4324 = ORIENTED_EDGE ( 'NONE', *, *, #921, .F. ) ;
#4325 = LINE ( 'NONE', #5031, #6028 ) ;
#4326 = CARTESIAN_POINT ( 'NONE',  ( -33.50000000000400746, 107.0353440241602101, -8.308135083378726193 ) ) ;
#4327 = CIRCLE ( 'NONE', #7648, 9.999999999999998224 ) ;
#4328 = CARTESIAN_POINT ( 'NONE',  ( -2.912702927882211237E-17, 76.95002665055244506, -38.68246803570493597 ) ) ;
#4329 = DIRECTION ( 'NONE',  ( -1.793808476104069146E-16, 0.000000000000000000, -1.000000000000000000 ) ) ;
#4330 = CARTESIAN_POINT ( 'NONE',  ( -33.50000000000000711, 20.00000000000000355, 5.672268674043790426 ) ) ;
#4331 = ORIENTED_EDGE ( 'NONE', *, *, #1768, .F. ) ;
#4332 = EDGE_CURVE ( 'NONE', #3434, #7742, #2001, .T. ) ;
#4333 = ORIENTED_EDGE ( 'NONE', *, *, #5662, .T. ) ;
#4334 = CARTESIAN_POINT ( 'NONE',  ( 6.499999999999992006, 100.0000000000000000, 34.22798536380060597 ) ) ;
#4335 = CARTESIAN_POINT ( 'NONE',  ( 3.499999999999996003, 102.9216760515308380, 31.98414357995329382 ) ) ;
#4336 = CARTESIAN_POINT ( 'NONE',  ( 30.43558380166897592, 107.8251005603594876, -20.80208916533027264 ) ) ;
#4337 = CARTESIAN_POINT ( 'NONE',  ( -33.50000000000000711, 71.95002665055244506, 19.34123401785247154 ) ) ;
#4338 = CARTESIAN_POINT ( 'NONE',  ( 29.61275668941422623, 107.6511012311592026, 21.54374304172571541 ) ) ;
#4339 = CARTESIAN_POINT ( 'NONE',  ( -31.87169888653017935, 108.0584124460834374, -19.06811704351090597 ) ) ;
#4340 = CARTESIAN_POINT ( 'NONE',  ( 14.93354893332296918, 4.890268993415104681, 30.06057953909446923 ) ) ;
#4341 = VECTOR ( 'NONE', #4356, 1000.000000000000000 ) ;
#4342 = ORIENTED_EDGE ( 'NONE', *, *, #6574, .T. ) ;
#4343 = CARTESIAN_POINT ( 'NONE',  ( 27.00000000000000355, 110.0000000000000000, 0.000000000000000000 ) ) ;
#4344 = DIRECTION ( 'NONE',  ( 0.000000000000000000, 0.000000000000000000, 1.000000000000000000 ) ) ;
#4345 = LINE ( 'NONE', #1902, #8072 ) ;
#4346 = AXIS2_PLACEMENT_3D ( 'NONE', #7135, #4515, #5854 ) ;
#4347 = DIRECTION ( 'NONE',  ( -0.000000000000000000, 1.000000000000000000, -0.000000000000000000 ) ) ;
#4348 = VERTEX_POINT ( 'NONE', #1573 ) ;
#4349 = CARTESIAN_POINT ( 'NONE',  ( -24.63286855510454743, 110.0000000000459863, -28.95093487238708718 ) ) ;
#4350 = ADVANCED_FACE ( 'NONE', ( #1688 ), #6113, .F. ) ;
#4351 = ORIENTED_EDGE ( 'NONE', *, *, #6669, .T. ) ;
#4352 = CIRCLE ( 'NONE', #793, 9.999999999999998224 ) ;
#4353 = VERTEX_POINT ( 'NONE', #2971 ) ;
#4354 = LINE ( 'NONE', #6890, #6999 ) ;
#4355 = CARTESIAN_POINT ( 'NONE',  ( -3.853842523873781012, 107.6505896971917053, 36.41612647072707887 ) ) ;
#4356 = DIRECTION ( 'NONE',  ( -0.8660254037844387076, 0.000000000000000000, -0.4999999999999999445 ) ) ;
#4357 = LINE ( 'NONE', #5777, #6158 ) ;
#4358 = CARTESIAN_POINT ( 'NONE',  ( 19.56503004222721032, 101.7101361310969594, 27.38659267412193543 ) ) ;
#4359 = CARTESIAN_POINT ( 'NONE',  ( -3.500000000000010214, 100.0000000000000000, -33.22798536380059886 ) ) ;
#4360 = ORIENTED_EDGE ( 'NONE', *, *, #560, .F. ) ;
#4361 = CIRCLE ( 'NONE', #4223, 3.499999999999999556 ) ;
#4362 = CARTESIAN_POINT ( 'NONE',  ( 6.973740621977063903, 107.1560338558174692, 34.65617701034560838 ) ) ;
#4363 = ORIENTED_EDGE ( 'NONE', *, *, #2349, .F. ) ;
#4364 = EDGE_CURVE ( 'NONE', #4995, #1888, #5588, .T. ) ;
#4365 = ORIENTED_EDGE ( 'NONE', *, *, #5349, .F. ) ;
#4366 = FACE_BOUND ( 'NONE', #7357, .T. ) ;
#4367 = ORIENTED_EDGE ( 'NONE', *, *, #6728, .T. ) ;
#4368 = VECTOR ( 'NONE', #1407, 999.9999999999998863 ) ;
#4369 = CARTESIAN_POINT ( 'NONE',  ( -3.500000000000010214, 48.67528175613146146, -33.22798536380059886 ) ) ;
#4370 = COORDINATED_UNIVERSAL_TIME_OFFSET ( 5, 0, .BEHIND. ) ;
#4371 = PLANE ( 'NONE',  #6765 ) ;
#4372 = CARTESIAN_POINT ( 'NONE',  ( 27.49999999999999645, 110.0000000000000000, -3.968626966596889627 ) ) ;
#4373 = ORIENTED_EDGE ( 'NONE', *, *, #3536, .F. ) ;
#4374 = VECTOR ( 'NONE', #3873, 1000.000000000000000 ) ;
#4375 = ORIENTED_EDGE ( 'NONE', *, *, #2494, .T. ) ;
#4376 = CARTESIAN_POINT ( 'NONE',  ( -31.50000000000000711, -3.000000000000000000, 13.56773132595621689 ) ) ;
#4377 = DIRECTION ( 'NONE',  ( 0.000000000000000000, -1.000000000000000000, 0.000000000000000000 ) ) ;
#4378 = CARTESIAN_POINT ( 'NONE',  ( 29.90116340323947242, 104.6089011690928885, -21.26233711343782318 ) ) ;
#4379 = EDGE_CURVE ( 'NONE', #5163, #3456, #1220, .T. ) ;
#4380 = CARTESIAN_POINT ( 'NONE',  ( -12.50000000000002309, 110.0000000000000000, 24.53738644055908935 ) ) ;
#4381 = CARTESIAN_POINT ( 'NONE',  ( -13.54613388309870992, 102.6210018875378154, 30.90454348633620540 ) ) ;
#4382 = CARTESIAN_POINT ( 'NONE',  ( -27.83195751866832168, 107.3150695889644624, -22.67754843689257527 ) ) ;
#4383 = DIRECTION ( 'NONE',  ( 0.000000000000000000, 0.000000000000000000, 1.000000000000000000 ) ) ;
#4384 = ADVANCED_FACE ( 'NONE', ( #6915 ), #3139, .F. ) ;
#4385 = ORIENTED_EDGE ( 'NONE', *, *, #560, .T. ) ;
#4386 = CARTESIAN_POINT ( 'NONE',  ( 6.499999999999992006, 48.67528175613146146, -33.22798536380059886 ) ) ;
#4387 = CARTESIAN_POINT ( 'NONE',  ( 27.00000000000000355, 110.0000000000000000, -4.000000000000002665 ) ) ;
#4388 = DIRECTION ( 'NONE',  ( 0.000000000000000000, -1.000000000000000000, 8.673617379884035472E-17 ) ) ;
#4389 = EDGE_CURVE ( 'NONE', #1481, #631, #6292, .T. ) ;
#4390 = DIRECTION ( 'NONE',  ( -0.000000000000000000, 1.000000000000000000, -0.000000000000000000 ) ) ;
#4391 = ORIENTED_EDGE ( 'NONE', *, *, #6194, .F. ) ;
#4392 = CARTESIAN_POINT ( 'NONE',  ( -28.50000000000001421, 103.4621466860844947, -22.22798536380060241 ) ) ;
#4393 = EDGE_CURVE ( 'NONE', #2588, #6588, #541, .T. ) ;
#4394 = VERTEX_POINT ( 'NONE', #444 ) ;
#4395 = VERTEX_POINT ( 'NONE', #1358 ) ;
#4396 = DIRECTION ( 'NONE',  ( 0.000000000000000000, 1.000000000000000000, 0.000000000000000000 ) ) ;
#4397 = CARTESIAN_POINT ( 'NONE',  ( -3.469446951953614189E-15, 71.95002665055244506, -27.13546265191242313 ) ) ;
#4398 = FACE_OUTER_BOUND ( 'NONE', #7275, .T. ) ;
#4399 = EDGE_CURVE ( 'NONE', #5244, #5592, #29, .T. ) ;
#4400 = CARTESIAN_POINT ( 'NONE',  ( 13.07851516493541411, 101.7877873221361256, 31.13158378462886944 ) ) ;
#4401 = CARTESIAN_POINT ( 'NONE',  ( 11.70133080589679864, 102.9216760515308380, 31.98414357995329382 ) ) ;
#4402 = VERTEX_POINT ( 'NONE', #737 ) ;
#4403 = DIRECTION ( 'NONE',  ( 0.000000000000000000, 0.000000000000000000, -1.000000000000000000 ) ) ;
#4404 = ORIENTED_EDGE ( 'NONE', *, *, #607, .T. ) ;
#4405 = ORIENTED_EDGE ( 'NONE', *, *, #8160, .F. ) ;
#4406 = CARTESIAN_POINT ( 'NONE',  ( 12.75267043680100087, 97.46184652646456925, 31.31971032613129680 ) ) ;
#4407 = ORIENTED_EDGE ( 'NONE', *, *, #7496, .F. ) ;
#4408 =( BOUNDED_CURVE ( )  B_SPLINE_CURVE ( 3, ( #4036, #4744, #2096, #3961 ),
 .UNSPECIFIED., .F., .F. ) 
 B_SPLINE_CURVE_WITH_KNOTS ( ( 4, 4 ),
 ( 5.779688046855082639, 8.677641140985588919 ),
 .UNSPECIFIED. ) 
 CURVE ( )  GEOMETRIC_REPRESENTATION_ITEM ( )  RATIONAL_B_SPLINE_CURVE ( ( 1.000000000000000000, 0.4143458007355823591, 0.4143458007355823591, 1.000000000000000000 ) ) 
 REPRESENTATION_ITEM ( '' )  );
#4409 = DIRECTION ( 'NONE',  ( 1.000000000000000000, 0.000000000000000000, 0.000000000000000000 ) ) ;
#4410 =( NAMED_UNIT ( * ) SI_UNIT ( $, .STERADIAN. ) SOLID_ANGLE_UNIT ( ) );
#4411 = CARTESIAN_POINT ( 'NONE',  ( -28.50000000000000711, 37.50000000000000711, -0.0003810567665955832961 ) ) ;
#4412 = CARTESIAN_POINT ( 'NONE',  ( 28.49999999999999645, 103.4621466860844947, -22.22798536380060597 ) ) ;
#4413 = VERTEX_POINT ( 'NONE', #3928 ) ;
#4414 = EDGE_CURVE ( 'NONE', #5029, #183, #2565, .T. ) ;
#4415 = ORIENTED_EDGE ( 'NONE', *, *, #3345, .F. ) ;
#4416 = CARTESIAN_POINT ( 'NONE',  ( -30.84439605608478630, 105.3489062731710959, 20.35804236671542000 ) ) ;
#4417 = CARTESIAN_POINT ( 'NONE',  ( 37.99988179268130750, 109.9999999999937899, 1.006120491053994703 ) ) ;
#4418 = LINE ( 'NONE', #6953, #3444 ) ;
#4419 = CARTESIAN_POINT ( 'NONE',  ( -27.39077649244590873, 103.0207548892177840, 22.86839585447842538 ) ) ;
#4420 = DIRECTION ( 'NONE',  ( 0.000000000000000000, 0.7923179101546407033, -0.6101084569551407100 ) ) ;
#4421 = CARTESIAN_POINT ( 'NONE',  ( -29.61275668941101458, 107.6511012311402027, -21.54374304171783550 ) ) ;
#4422 = CARTESIAN_POINT ( 'NONE',  ( 12.49999999999997513, 85.95002665055245927, -31.46558967083463187 ) ) ;
#4423 = AXIS2_PLACEMENT_3D ( 'NONE', #6925, #6887, #1369 ) ;
#4424 = EDGE_CURVE ( 'NONE', #1802, #5573, #5178, .T. ) ;
#4425 = ORIENTED_EDGE ( 'NONE', *, *, #7790, .T. ) ;
#4426 = CARTESIAN_POINT ( 'NONE',  ( -8.881605191108072006, 103.4833428304218899, -33.62577529462961934 ) ) ;
#4427 = LINE ( 'NONE', #77, #5012 ) ;
#4428 = B_SPLINE_CURVE_WITH_KNOTS ( 'NONE', 3,
 ( #6684, #2490, #1195, #8124, #2441, #4426, #3489, #576, #1153, #6026, #2253, #6297, #3019, #4921, #3100, #3678, #5635, #622, #5009, #7550 ),
 .UNSPECIFIED., .F., .F.,
 ( 4, 2, 2, 2, 2, 2, 2, 2, 2, 4 ),
 ( 0.000000000000000000, 0.001272135122697742567, 0.002544270245395485134, 0.003816405368093227484, 0.005088540490790970268, 0.006360675613488712618, 0.007632810736186454968, 0.008268878297535319638, 0.008904945858884183441, 0.01017708098158191278 ),
 .UNSPECIFIED. ) ;
#4429 = CARTESIAN_POINT ( 'NONE',  ( 34.75877495421787700, 76.90993795768861219, 18.61447995918564402 ) ) ;
#4430 = VECTOR ( 'NONE', #7212, 1000.000000000000000 ) ;
#4431 = LINE ( 'NONE', #5138, #5514 ) ;
#4432 = VERTEX_POINT ( 'NONE', #2063 ) ;
#4433 = CIRCLE ( 'NONE', #3763, 6.000000000000000888 ) ;
#4434 = CARTESIAN_POINT ( 'NONE',  ( -4.999999999999999112, 7.043110600756643969, -35.79571668975681575 ) ) ;
#4435 = EDGE_CURVE ( 'NONE', #7647, #3541, #3264, .T. ) ;
#4436 = ORIENTED_EDGE ( 'NONE', *, *, #6574, .F. ) ;
#4437 = AXIS2_PLACEMENT_3D ( 'NONE', #6249, #5669, #8202 ) ;
#4438 = DIRECTION ( 'NONE',  ( 1.000000000000000000, -0.000000000000000000, -1.849002583061117992E-16 ) ) ;
#4439 = AXIS2_PLACEMENT_3D ( 'NONE', #4293, #1228, #2906 ) ;
#4440 = FACE_OUTER_BOUND ( 'NONE', #2908, .T. ) ;
#4441 = CARTESIAN_POINT ( 'NONE',  ( -33.50000000000001421, 102.7952317257143022, 11.35168223036938784 ) ) ;
#4442 = ADVANCED_FACE ( 'NONE', ( #1444 ), #116, .F. ) ;
#4443 = CARTESIAN_POINT ( 'NONE',  ( -12.50000000000002487, 85.95002665055245927, -38.00000000000000000 ) ) ;
#4444 = ORIENTED_EDGE ( 'NONE', *, *, #5770, .T. ) ;
#4445 = DIRECTION ( 'NONE',  ( -1.000000000000000000, -0.000000000000000000, -0.000000000000000000 ) ) ;
#4446 = VERTEX_POINT ( 'NONE', #2653 ) ;
#4447 = AXIS2_PLACEMENT_3D ( 'NONE', #2848, #4049, #6585 ) ;
#4448 = ORIENTED_EDGE ( 'NONE', *, *, #7955, .F. ) ;
#4449 = DIRECTION ( 'NONE',  ( 0.000000000000000000, -7.885106708985487801E-17, -1.000000000000000000 ) ) ;
#4450 = ORIENTED_EDGE ( 'NONE', *, *, #4145, .F. ) ;
#4451 = CARTESIAN_POINT ( 'NONE',  ( -30.76129895000733327, 105.2884965010475469, 20.44685723035890135 ) ) ;
#4452 = VECTOR ( 'NONE', #2994, 1000.000000000000000 ) ;
#4453 = PLANE ( 'NONE',  #2757 ) ;
#4454 = DIRECTION ( 'NONE',  ( 0.000000000000000000, 0.000000000000000000, 1.000000000000000000 ) ) ;
#4455 = DIRECTION ( 'NONE',  ( -0.000000000000000000, -0.000000000000000000, 1.000000000000000000 ) ) ;
#4456 = ORIENTED_EDGE ( 'NONE', *, *, #2470, .T. ) ;
#4457 = ORIENTED_EDGE ( 'NONE', *, *, #6878, .T. ) ;
#4458 = EDGE_CURVE ( 'NONE', #6355, #6059, #3310, .T. ) ;
#4459 = AXIS2_PLACEMENT_3D ( 'NONE', #5631, #2488, #5049 ) ;
#4460 = VERTEX_POINT ( 'NONE', #4467 ) ;
#4461 = ADVANCED_BREP_SHAPE_REPRESENTATION ( 'Case Upper Piece', ( #7685, #6720 ), #1951 ) ;
#4462 = EDGE_CURVE ( 'NONE', #2547, #3520, #1318, .T. ) ;
#4463 = LINE ( 'NONE', #6997, #4709 ) ;
#4464 = CARTESIAN_POINT ( 'NONE',  ( 33.50000000000000000, 107.0189927906369007, 5.242136806152576156 ) ) ;
#4465 = DIRECTION ( 'NONE',  ( -1.000000000000000000, -0.000000000000000000, -0.000000000000000000 ) ) ;
#4466 = DIRECTION ( 'NONE',  ( 1.000000000000000000, -0.000000000000000000, -0.000000000000000000 ) ) ;
#4467 = CARTESIAN_POINT ( 'NONE',  ( -3.500000000000010214, 101.2347240290616099, -36.50295964951001793 ) ) ;
#4468 = CYLINDRICAL_SURFACE ( 'NONE', #4195, 1.000000000000000000 ) ;
#4469 = CARTESIAN_POINT ( 'NONE',  ( 6.499999999999992006, 48.67528175613146146, -32.22798536380059886 ) ) ;
#4470 = VERTEX_POINT ( 'NONE', #2022 ) ;
#4471 = CARTESIAN_POINT ( 'NONE',  ( 31.05810251041389947, 105.4965609553109402, -20.11936639608008193 ) ) ;
#4472 = DIRECTION ( 'NONE',  ( 0.000000000000000000, -1.000000000000000000, 0.000000000000000000 ) ) ;
#4473 = DIRECTION ( 'NONE',  ( 2.664535259100376091E-15, 0.000000000000000000, 1.000000000000000000 ) ) ;
#4474 = CYLINDRICAL_SURFACE ( 'NONE', #7376, 1.000000000000000888 ) ;
#4475 = VERTEX_POINT ( 'NONE', #1980 ) ;
#4476 = CIRCLE ( 'NONE', #3017, 9.999999999999998224 ) ;
#4477 = FACE_OUTER_BOUND ( 'NONE', #5921, .T. ) ;
#4478 = VERTEX_POINT ( 'NONE', #6335 ) ;
#4479 = CARTESIAN_POINT ( 'NONE',  ( 0.8000000000000001554, -5.000000000000000000, -3.750000000000000000 ) ) ;
#4480 = CIRCLE ( 'NONE', #6746, 4.000000000000002665 ) ;
#4481 = CARTESIAN_POINT ( 'NONE',  ( 27.00000000000000355, 110.0000000000000000, 4.000000000000002665 ) ) ;
#4482 = CARTESIAN_POINT ( 'NONE',  ( -33.49999999999999289, 101.6775050010781882, 2.284008995686067411 ) ) ;
#4483 = CARTESIAN_POINT ( 'NONE',  ( -12.50000000000002487, 67.95002665055244506, -24.53738644055908935 ) ) ;
#4484 = ADVANCED_FACE ( 'NONE', ( #3219 ), #3842, .T. ) ;
#4485 = PLANE ( 'NONE',  #618 ) ;
#4486 = ORIENTED_EDGE ( 'NONE', *, *, #7164, .T. ) ;
#4487 = DIRECTION ( 'NONE',  ( 0.000000000000000000, 0.000000000000000000, 1.000000000000000000 ) ) ;
#4488 = VERTEX_POINT ( 'NONE', #7085 ) ;
#4489 = VECTOR ( 'NONE', #7147, 1000.000000000000000 ) ;
#4490 = ORIENTED_EDGE ( 'NONE', *, *, #4969, .T. ) ;
#4491 = LINE ( 'NONE', #4032, #330 ) ;
#4492 = ORIENTED_EDGE ( 'NONE', *, *, #2862, .T. ) ;
#4493 = DIRECTION ( 'NONE',  ( -0.000000000000000000, -1.000000000000000000, -0.000000000000000000 ) ) ;
#4494 = DATE_TIME_ROLE ( 'creation_date' ) ;
#4495 = VECTOR ( 'NONE', #5510, 1000.000000000000000 ) ;
#4496 = CARTESIAN_POINT ( 'NONE',  ( 3.499999999999996003, 2.034439118102898902, 31.44894874669289919 ) ) ;
#4497 = DIRECTION ( 'NONE',  ( 0.000000000000000000, 1.000000000000000000, 0.000000000000000000 ) ) ;
#4498 = ORIENTED_EDGE ( 'NONE', *, *, #1107, .T. ) ;
#4499 = ORIENTED_EDGE ( 'NONE', *, *, #4541, .T. ) ;
#4500 = ADVANCED_FACE ( 'NONE', ( #1399 ), #5847, .F. ) ;
#4501 = VECTOR ( 'NONE', #8076, 1000.000000000000114 ) ;
#4502 = ORIENTED_EDGE ( 'NONE', *, *, #3863, .F. ) ;
#4503 = CARTESIAN_POINT ( 'NONE',  ( -30.13815071745198892, 110.0000000000523386, 23.15572497449591438 ) ) ;
#4504 = DIRECTION ( 'NONE',  ( 0.000000000000000000, 0.000000000000000000, 1.000000000000000000 ) ) ;
#4505 = LINE ( 'NONE', #5209, #2383 ) ;
#4506 = EDGE_CURVE ( 'NONE', #1092, #5881, #5083, .T. ) ;
#4507 = DIRECTION ( 'NONE',  ( -0.7263372651181311257, 0.5445905829773577400, -0.4193510155384095328 ) ) ;
#4508 = DIRECTION ( 'NONE',  ( -0.8660254037844387076, 0.000000000000000000, 0.4999999999999997224 ) ) ;
#4509 = VECTOR ( 'NONE', #2013, 1000.000000000000227 ) ;
#4510 = DIRECTION ( 'NONE',  ( 0.000000000000000000, -1.000000000000000000, 7.885106708985487801E-17 ) ) ;
#4511 = DIRECTION ( 'NONE',  ( -0.8660254037844387076, 0.000000000000000000, 0.4999999999999997224 ) ) ;
#4512 = VECTOR ( 'NONE', #167, 1000.000000000000000 ) ;
#4513 = ORIENTED_EDGE ( 'NONE', *, *, #6270, .T. ) ;
#4514 = LINE ( 'NONE', #665, #3382 ) ;
#4515 = DIRECTION ( 'NONE',  ( -1.000000000000000000, -0.000000000000000000, -0.000000000000000000 ) ) ;
#4516 = LINE ( 'NONE', #3889, #4368 ) ;
#4517 = CARTESIAN_POINT ( 'NONE',  ( -3.500000000000010214, 47.44055772706986573, -36.50295964951001793 ) ) ;
#4518 = CARTESIAN_POINT ( 'NONE',  ( -33.50000000000000711, 110.0000000000000000, -19.34123401785247864 ) ) ;
#4519 = VERTEX_POINT ( 'NONE', #5717 ) ;
#4520 = EDGE_CURVE ( 'NONE', #834, #3362, #7751, .T. ) ;
#4521 = DIRECTION ( 'NONE',  ( 0.000000000000000000, 0.9200893390015731921, 0.3917085756728440615 ) ) ;
#4522 = ORIENTED_EDGE ( 'NONE', *, *, #242, .F. ) ;
#4523 = CARTESIAN_POINT ( 'NONE',  ( -19.67254596117506793, 75.01615787960422210, 50.04041774203462722 ) ) ;
#4524 = FACE_OUTER_BOUND ( 'NONE', #5433, .T. ) ;
#4525 = CARTESIAN_POINT ( 'NONE',  ( 6.499999999999992006, 4.664717059371330521, 32.22798536380059886 ) ) ;
#4526 = DIRECTION ( 'NONE',  ( 0.000000000000000000, 0.000000000000000000, 1.000000000000000000 ) ) ;
#4527 = LINE ( 'NONE', #5694, #6705 ) ;
#4528 = ORIENTED_EDGE ( 'NONE', *, *, #5576, .F. ) ;
#4529 = DIRECTION ( 'NONE',  ( 1.000000000000000000, -0.000000000000000000, -1.849002583061117992E-16 ) ) ;
#4530 = ORIENTED_EDGE ( 'NONE', *, *, #4506, .F. ) ;
#4531 = ORIENTED_EDGE ( 'NONE', *, *, #4228, .F. ) ;
#4532 = CARTESIAN_POINT ( 'NONE',  ( -3.500000000000010214, 99.80291206302867124, 29.73353886326573203 ) ) ;
#4533 = EDGE_LOOP ( 'NONE', ( #1457, #5659, #16, #682 ) ) ;
#4534 = EDGE_CURVE ( 'NONE', #1926, #1703, #6378, .T. ) ;
#4535 = DIRECTION ( 'NONE',  ( 0.000000000000000000, 0.000000000000000000, 1.000000000000000000 ) ) ;
#4536 = CYLINDRICAL_SURFACE ( 'NONE', #5709, 6.000000000000000888 ) ;
#4537 = CARTESIAN_POINT ( 'NONE',  ( 12.49999999999997691, 85.95002665055245927, -38.00000000000000000 ) ) ;
#4538 = ORIENTED_EDGE ( 'NONE', *, *, #6719, .F. ) ;
#4539 = VERTEX_POINT ( 'NONE', #71 ) ;
#4540 = ORIENTED_EDGE ( 'NONE', *, *, #5142, .T. ) ;
#4541 = EDGE_CURVE ( 'NONE', #7697, #4550, #4904, .T. ) ;
#4542 = CARTESIAN_POINT ( 'NONE',  ( -32.54379649941904518, 109.9999999999483578, 19.63275302442306725 ) ) ;
#4543 = CARTESIAN_POINT ( 'NONE',  ( 36.53461765347672952, 110.0000000002352323, -10.48683514646474180 ) ) ;
#4544 = LINE ( 'NONE', #7000, #1854 ) ;
#4545 = EDGE_CURVE ( 'NONE', #2035, #5948, #6240, .T. ) ;
#4546 = CARTESIAN_POINT ( 'NONE',  ( -4.999999999999999112, 71.95002665055244506, -35.79571668975681575 ) ) ;
#4547 = DIRECTION ( 'NONE',  ( -0.4999999999999997780, 0.000000000000000000, -0.8660254037844388186 ) ) ;
#4548 = APPLICATION_CONTEXT ( 'configuration controlled 3d designs of mechanical parts and assemblies' ) ;
#4549 = CARTESIAN_POINT ( 'NONE',  ( 0.8000000000000001554, 0.000000000000000000, -3.750000000000000000 ) ) ;
#4550 = VERTEX_POINT ( 'NONE', #1751 ) ;
#4551 = EDGE_CURVE ( 'NONE', #2624, #7320, #6986, .T. ) ;
#4552 = ORIENTED_EDGE ( 'NONE', *, *, #1668, .T. ) ;
#4553 = CARTESIAN_POINT ( 'NONE',  ( 3.823745289727939145, 48.25545713596157071, 36.37553689183513228 ) ) ;
#4554 = CYLINDRICAL_SURFACE ( 'NONE', #7539, 3.499999999999999556 ) ;
#4555 = CARTESIAN_POINT ( 'NONE',  ( -3.981630956429009771, 101.6682452780137709, -36.31282312856293260 ) ) ;
#4556 = CARTESIAN_POINT ( 'NONE',  ( -3.500000000000010214, 110.0000000000000000, -36.50295964951001793 ) ) ;
#4557 = DIRECTION ( 'NONE',  ( -1.000000000000000000, 0.000000000000000000, 0.000000000000000000 ) ) ;
#4558 = ORIENTED_EDGE ( 'NONE', *, *, #6688, .T. ) ;
#4559 = CARTESIAN_POINT ( 'NONE',  ( -1.044870271209150442E-14, 110.0000000000000000, 31.75426480542942187 ) ) ;
#4560 = CIRCLE ( 'NONE', #8136, 1.000000000000000888 ) ;
#4561 = ORIENTED_EDGE ( 'NONE', *, *, #6573, .T. ) ;
#4562 = CARTESIAN_POINT ( 'NONE',  ( 4.228239662652777398, 48.66151901779868183, 36.20814825262807801 ) ) ;
#4563 = EDGE_CURVE ( 'NONE', #1069, #6454, #3782, .T. ) ;
#4564 = FACE_OUTER_BOUND ( 'NONE', #2305, .T. ) ;
#4565 = CARTESIAN_POINT ( 'NONE',  ( -22.35809049635238210, 110.0000000000322729, 30.74251180290493224 ) ) ;
#4566 = B_SPLINE_CURVE_WITH_KNOTS ( 'NONE', 3,
 ( #6699, #4085, #4708, #901 ),
 .UNSPECIFIED., .F., .F.,
 ( 4, 4 ),
 ( 0.000000000000000000, 0.001977169343792507458 ),
 .UNSPECIFIED. ) ;
#4567 = VECTOR ( 'NONE', #3000, 1000.000000000000114 ) ;
#4568 = DIRECTION ( 'NONE',  ( 0.000000000000000000, 0.000000000000000000, 1.000000000000000000 ) ) ;
#4569 = LINE ( 'NONE', #3367, #7640 ) ;
#4570 = ORIENTED_EDGE ( 'NONE', *, *, #1437, .F. ) ;
#4571 = CARTESIAN_POINT ( 'NONE',  ( 18.57915099843662077, 107.0328263279882890, -27.95579020544141002 ) ) ;
#4572 = EDGE_LOOP ( 'NONE', ( #5030, #5471, #4103, #4616 ) ) ;
#4573 = VECTOR ( 'NONE', #1609, 1000.000000000000000 ) ;
#4574 = VERTEX_POINT ( 'NONE', #7481 ) ;
#4575 = FACE_OUTER_BOUND ( 'NONE', #1792, .T. ) ;
#4576 = VERTEX_POINT ( 'NONE', #8064 ) ;
#4577 = DIRECTION ( 'NONE',  ( -0.8660254037844387076, 0.000000000000000000, 0.4999999999999999445 ) ) ;
#4578 = SHAPE_DEFINITION_REPRESENTATION ( #2120, #4461 ) ;
#4579 = FACE_OUTER_BOUND ( 'NONE', #3406, .T. ) ;
#4580 = VECTOR ( 'NONE', #3296, 1000.000000000000114 ) ;
#4581 = CARTESIAN_POINT ( 'NONE',  ( -12.50000000000001954, 62.95002665055243796, -38.00000000000000000 ) ) ;
#4582 = ORIENTED_EDGE ( 'NONE', *, *, #3497, .F. ) ;
#4583 = VECTOR ( 'NONE', #1514, 1000.000000000000000 ) ;
#4584 = ORIENTED_EDGE ( 'NONE', *, *, #1234, .T. ) ;
#4585 = EDGE_CURVE ( 'NONE', #2053, #7066, #4325, .T. ) ;
#4586 = ORIENTED_EDGE ( 'NONE', *, *, #4206, .F. ) ;
#4587 = VECTOR ( 'NONE', #6849, 1000.000000000000000 ) ;
#4588 = CIRCLE ( 'NONE', #2335, 10.00000000000000000 ) ;
#4589 = CARTESIAN_POINT ( 'NONE',  ( -32.58695835514736672, 105.8491185971516444, 17.76562983500152626 ) ) ;
#4590 = CARTESIAN_POINT ( 'NONE',  ( 0.7334672854183421631, 109.9999999999560885, 38.00006028106852085 ) ) ;
#4591 = CARTESIAN_POINT ( 'NONE',  ( -27.50000000000000355, 0.000000000000000000, -15.87713240271471804 ) ) ;
#4592 = DIRECTION ( 'NONE',  ( 0.000000000000000000, 0.000000000000000000, -1.000000000000000000 ) ) ;
#4593 = CARTESIAN_POINT ( 'NONE',  ( -3.500000000000010214, 4.664717059371330521, -33.22798536380059886 ) ) ;
#4594 = EDGE_CURVE ( 'NONE', #3281, #1390, #1214, .T. ) ;
#4595 = CIRCLE ( 'NONE', #5387, 2.000000000000000888 ) ;
#4596 = AXIS2_PLACEMENT_3D ( 'NONE', #294, #2821, #4725 ) ;
#4597 = CARTESIAN_POINT ( 'NONE',  ( 0.000000000000000000, 110.0000000000000000, -23.00000000000000355 ) ) ;
#4598 = ORIENTED_EDGE ( 'NONE', *, *, #4957, .F. ) ;
#4599 = VERTEX_POINT ( 'NONE', #1302 ) ;
#4600 = CARTESIAN_POINT ( 'NONE',  ( 4.999999999999984013, 103.4621466860844805, 35.79571668975681575 ) ) ;
#4601 = LINE ( 'NONE', #5217, #3682 ) ;
#4602 = AXIS2_PLACEMENT_3D ( 'NONE', #6658, #2806, #7241 ) ;
#4603 = CYLINDRICAL_SURFACE ( 'NONE', #4102, 4.000000000000002665 ) ;
#4604 = CARTESIAN_POINT ( 'NONE',  ( -3.981630956429007107, 47.00703647811766928, -36.31282312856294681 ) ) ;
#4605 = CARTESIAN_POINT ( 'NONE',  ( 23.50000000000000711, -3.000000000000002665, 13.56773132595622577 ) ) ;
#4606 = ORIENTED_EDGE ( 'NONE', *, *, #3766, .F. ) ;
#4607 = CARTESIAN_POINT ( 'NONE',  ( 0.000000000000000000, 185.0000000000000000, 0.000000000000000000 ) ) ;
#4608 = ORIENTED_EDGE ( 'NONE', *, *, #5114, .F. ) ;
#4609 = CARTESIAN_POINT ( 'NONE',  ( 3.499999999999996003, 1.808887184059105646, -34.61635457139905014 ) ) ;
#4610 = CARTESIAN_POINT ( 'NONE',  ( 0.000000000000000000, 105.0000000000000142, 27.00000000000000355 ) ) ;
#4611 = LINE ( 'NONE', #5823, #6820 ) ;
#4612 = CARTESIAN_POINT ( 'NONE',  ( -1.044870271209150442E-14, 67.95002665055244506, 31.75426480542942187 ) ) ;
#4613 = ORIENTED_EDGE ( 'NONE', *, *, #6494, .F. ) ;
#4614 = EDGE_CURVE ( 'NONE', #986, #6830, #4291, .T. ) ;
#4615 = CARTESIAN_POINT ( 'NONE',  ( 6.132864528804117477, 107.2580183663584421, -35.14165704909635934 ) ) ;
#4616 = ORIENTED_EDGE ( 'NONE', *, *, #1617, .F. ) ;
#4617 = AXIS2_PLACEMENT_3D ( 'NONE', #1872, #6228, #8096 ) ;
#4618 = ORIENTED_EDGE ( 'NONE', *, *, #2482, .F. ) ;
#4619 = CARTESIAN_POINT ( 'NONE',  ( -1.380348874026484114E-14, 110.0000000000000000, 38.68246803570493597 ) ) ;
#4620 = EDGE_LOOP ( 'NONE', ( #6845, #2838, #4889, #2593 ) ) ;
#4621 = DIRECTION ( 'NONE',  ( 0.000000000000000000, 0.000000000000000000, -1.000000000000000000 ) ) ;
#4622 = DIRECTION ( 'NONE',  ( -1.000000000000000000, 0.000000000000000000, 0.000000000000000000 ) ) ;
#4623 = DIRECTION ( 'NONE',  ( 0.8660254037844390407, 0.000000000000000000, -0.4999999999999993894 ) ) ;
#4624 = ORIENTED_EDGE ( 'NONE', *, *, #1793, .F. ) ;
#4625 = VECTOR ( 'NONE', #4650, 1000.000000000000000 ) ;
#4626 = ORIENTED_EDGE ( 'NONE', *, *, #4534, .T. ) ;
#4627 = ADVANCED_FACE ( 'NONE', ( #1839 ), #2423, .F. ) ;
#4628 = ORIENTED_EDGE ( 'NONE', *, *, #754, .F. ) ;
#4629 = CIRCLE ( 'NONE', #7282, 1.000000000000000888 ) ;
#4630 = DIRECTION ( 'NONE',  ( -0.8660254037844389297, 0.000000000000000000, 0.4999999999999995004 ) ) ;
#4631 = DIRECTION ( 'NONE',  ( 0.000000000000000000, 0.000000000000000000, 1.000000000000000000 ) ) ;
#4632 = CARTESIAN_POINT ( 'NONE',  ( 0.000000000000000000, 110.0000000000000000, 0.000000000000000000 ) ) ;
#4633 = VECTOR ( 'NONE', #923, 1000.000000000000000 ) ;
#4634 = DIRECTION ( 'NONE',  ( 0.000000000000000000, -1.000000000000000000, 0.000000000000000000 ) ) ;
#4635 = ORIENTED_EDGE ( 'NONE', *, *, #3944, .T. ) ;
#4636 = ORIENTED_EDGE ( 'NONE', *, *, #5540, .T. ) ;
#4637 = ADVANCED_FACE ( 'NONE', ( #6858 ), #5613, .T. ) ;
#4638 = CARTESIAN_POINT ( 'NONE',  ( -5.386611730505499906, 102.6193731320972518, -35.57250630307758854 ) ) ;
#4639 = DIRECTION ( 'NONE',  ( 1.000000000000000000, -0.000000000000000000, -1.849002583061117992E-16 ) ) ;
#4640 = ADVANCED_FACE ( 'NONE', ( #2467, #4366, #7573, #6277 ), #2380, .T. ) ;
#4641 = VECTOR ( 'NONE', #8118, 1000.000000000000000 ) ;
#4642 = CARTESIAN_POINT ( 'NONE',  ( 31.00889573718038150, 107.9368076561097780, -20.19155024596265235 ) ) ;
#4643 = CARTESIAN_POINT ( 'NONE',  ( 27.88094820411068753, 103.2158082496194567, 22.58539508479961810 ) ) ;
#4644 = DIRECTION ( 'NONE',  ( 0.000000000000000000, 0.8283227331462885701, -0.5602512380647296508 ) ) ;
#4645 = EDGE_LOOP ( 'NONE', ( #1715, #786, #4938, #5213 ) ) ;
#4646 = CARTESIAN_POINT ( 'NONE',  ( -28.50000000000001066, -3.000000000000002665, 22.22798536380060241 ) ) ;
#4647 = VECTOR ( 'NONE', #7198, 999.9999999999998863 ) ;
#4648 = ORIENTED_EDGE ( 'NONE', *, *, #3944, .F. ) ;
#4649 = EDGE_CURVE ( 'NONE', #5950, #7016, #6321, .T. ) ;
#4650 = DIRECTION ( 'NONE',  ( -0.000000000000000000, -0.000000000000000000, 1.000000000000000000 ) ) ;
#4651 = DIRECTION ( 'NONE',  ( -0.8660254037844389297, 0.000000000000000000, 0.4999999999999995004 ) ) ;
#4652 = FACE_OUTER_BOUND ( 'NONE', #120, .T. ) ;
#4653 = EDGE_CURVE ( 'NONE', #1202, #6740, #6196, .T. ) ;
#4654 = PLANE ( 'NONE',  #4722 ) ;
#4655 = ORIENTED_EDGE ( 'NONE', *, *, #3271, .F. ) ;
#4656 = CARTESIAN_POINT ( 'NONE',  ( 6.968097301008638667, 107.1567182980619748, -34.65943518322122685 ) ) ;
#4657 = ORIENTED_EDGE ( 'NONE', *, *, #7301, .F. ) ;
#4658 = VERTEX_POINT ( 'NONE', #599 ) ;
#4659 = CARTESIAN_POINT ( 'NONE',  ( 3.499999999999996003, 99.61636055733491446, 36.38015193797856739 ) ) ;
#4660 = VERTEX_POINT ( 'NONE', #3123 ) ;
#4661 = EDGE_CURVE ( 'NONE', #1232, #1392, #5758, .T. ) ;
#4662 = DIRECTION ( 'NONE',  ( -0.000000000000000000, -1.000000000000000000, -0.000000000000000000 ) ) ;
#4663 = APPROVAL_DATE_TIME ( #2140, #2843 ) ;
#4664 = CARTESIAN_POINT ( 'NONE',  ( 3.499999999999996003, 46.15933448321797528, -31.29063081358204812 ) ) ;
#4665 = LINE ( 'NONE', #4038, #6822 ) ;
#4666 = ORIENTED_EDGE ( 'NONE', *, *, #42, .F. ) ;
#4667 = LINE ( 'NONE', #3221, #6058 ) ;
#4668 = VERTEX_POINT ( 'NONE', #643 ) ;
#4669 = ORIENTED_EDGE ( 'NONE', *, *, #3012, .F. ) ;
#4670 = DIRECTION ( 'NONE',  ( 0.8660254037844387076, 0.000000000000000000, 0.4999999999999999445 ) ) ;
#4671 = ADVANCED_FACE ( 'NONE', ( #5701 ), #1882, .T. ) ;
#4672 = FACE_OUTER_BOUND ( 'NONE', #2893, .T. ) ;
#4673 = CARTESIAN_POINT ( 'NONE',  ( -0.7999999999999928280, 0.000000000000000000, -4.750000000000000000 ) ) ;
#4674 = DIRECTION ( 'NONE',  ( -0.8660254037844388186, 0.000000000000000000, 0.4999999999999998335 ) ) ;
#4675 = EDGE_LOOP ( 'NONE', ( #53, #1438, #3954, #4881 ) ) ;
#4676 = ORIENTED_EDGE ( 'NONE', *, *, #4796, .T. ) ;
#4677 = FACE_OUTER_BOUND ( 'NONE', #499, .T. ) ;
#4678 = CYLINDRICAL_SURFACE ( 'NONE', #5688, 1.000000000000000000 ) ;
#4679 = CARTESIAN_POINT ( 'NONE',  ( 33.09216959183202533, 107.9068563916447658, -16.48859223491295722 ) ) ;
#4680 = PLANE ( 'NONE',  #1606 ) ;
#4681 = CARTESIAN_POINT ( 'NONE',  ( 28.49999999999999645, 103.4621466860844947, -22.22798536380060597 ) ) ;
#4682 = ORIENTED_EDGE ( 'NONE', *, *, #921, .T. ) ;
#4683 = CARTESIAN_POINT ( 'NONE',  ( 4.999999999999984013, 100.9891480698419031, 35.79571668975681575 ) ) ;
#4684 = ORIENTED_EDGE ( 'NONE', *, *, #7405, .T. ) ;
#4685 = LINE ( 'NONE', #7222, #5684 ) ;
#4686 = CARTESIAN_POINT ( 'NONE',  ( 3.499999999999996003, 49.09510637630136642, 30.08043383576606900 ) ) ;
#4687 = FACE_OUTER_BOUND ( 'NONE', #7027, .T. ) ;
#4688 = LINE ( 'NONE', #176, #886 ) ;
#4689 = ORIENTED_EDGE ( 'NONE', *, *, #8115, .F. ) ;
#4690 = AXIS2_PLACEMENT_3D ( 'NONE', #3809, #1949, #7598 ) ;
#4691 = FACE_OUTER_BOUND ( 'NONE', #4052, .T. ) ;
#4692 = ORIENTED_EDGE ( 'NONE', *, *, #255, .T. ) ;
#4693 = ADVANCED_FACE ( 'NONE', ( #2552 ), #5070, .F. ) ;
#4694 = ORIENTED_EDGE ( 'NONE', *, *, #390, .T. ) ;
#4695 = CARTESIAN_POINT ( 'NONE',  ( 0.000000000000000000, 185.0000000000000000, 0.000000000000000000 ) ) ;
#4696 = EDGE_LOOP ( 'NONE', ( #4450, #180, #1381, #1602 ) ) ;
#4697 = AXIS2_PLACEMENT_3D ( 'NONE', #2952, #1708, #3609 ) ;
#4698 = LINE ( 'NONE', #1592, #4838 ) ;
#4699 = CARTESIAN_POINT ( 'NONE',  ( -5.000000000000007994, 46.29688821474618976, -35.79571668975680865 ) ) ;
#4700 = DIRECTION ( 'NONE',  ( 1.662906336704903598E-16, -0.4372229104044795811, 0.8993531712388834753 ) ) ;
#4701 = ORIENTED_EDGE ( 'NONE', *, *, #3949, .T. ) ;
#4702 = LINE ( 'NONE', #5998, #3098 ) ;
#4703 = ORIENTED_EDGE ( 'NONE', *, *, #2422, .F. ) ;
#4704 = AXIS2_PLACEMENT_3D ( 'NONE', #3337, #5911, #5786 ) ;
#4705 = EDGE_CURVE ( 'NONE', #3599, #5827, #7028, .T. ) ;
#4706 = EDGE_LOOP ( 'NONE', ( #2939, #7191, #305, #4284, #3508 ) ) ;
#4707 = ADVANCED_FACE ( 'NONE', ( #3911, #2682 ), #2135, .F. ) ;
#4708 = CARTESIAN_POINT ( 'NONE',  ( 12.14333009949663911, 102.5304743826684444, -31.69000288864055292 ) ) ;
#4709 = VECTOR ( 'NONE', #1439, 1000.000000000000000 ) ;
#4710 = VECTOR ( 'NONE', #6252, 1000.000000000000000 ) ;
#4711 = CARTESIAN_POINT ( 'NONE',  ( -0.7999999999999928280, -5.000000000000000000, 4.750000000000000000 ) ) ;
#4712 = CARTESIAN_POINT ( 'NONE',  ( -3.469446951953614189E-15, 110.0000000000000000, -37.13546265191241957 ) ) ;
#4713 = EDGE_CURVE ( 'NONE', #3550, #3802, #5872, .T. ) ;
#4714 = CIRCLE ( 'NONE', #6964, 1.000000000000000888 ) ;
#4715 = ADVANCED_FACE ( 'NONE', ( #4575 ), #3248, .F. ) ;
#4716 = ORIENTED_EDGE ( 'NONE', *, *, #3257, .T. ) ;
#4717 = ORIENTED_EDGE ( 'NONE', *, *, #4594, .F. ) ;
#4718 = DIRECTION ( 'NONE',  ( 0.000000000000000000, 0.000000000000000000, 1.000000000000000000 ) ) ;
#4719 = CARTESIAN_POINT ( 'NONE',  ( -27.50000000000000355, 110.0000000000000000, 15.87713240271471449 ) ) ;
#4720 = CARTESIAN_POINT ( 'NONE',  ( 31.57723352302545905, 110.0000000000106439, -21.14251073057833707 ) ) ;
#4721 = DIRECTION ( 'NONE',  ( 0.000000000000000000, 0.000000000000000000, 1.000000000000000000 ) ) ;
#4722 = AXIS2_PLACEMENT_3D ( 'NONE', #1622, #7424, #8089 ) ;
#4723 = CARTESIAN_POINT ( 'NONE',  ( -3.500000000000010214, 48.87236969310273338, -29.73353886326572848 ) ) ;
#4724 = ORIENTED_EDGE ( 'NONE', *, *, #7005, .T. ) ;
#4725 = DIRECTION ( 'NONE',  ( 0.000000000000000000, -0.000000000000000000, 1.000000000000000000 ) ) ;
#4726 = EDGE_CURVE ( 'NONE', #1112, #6566, #7115, .T. ) ;
#4727 = VECTOR ( 'NONE', #5013, 1000.000000000000000 ) ;
#4728 = VECTOR ( 'NONE', #5547, 1000.000000000000000 ) ;
#4729 = ORIENTED_EDGE ( 'NONE', *, *, #2066, .F. ) ;
#4730 = CARTESIAN_POINT ( 'NONE',  ( -3.733417588320766534, 98.53395444224643995, 36.41574728538199679 ) ) ;
#4731 = DIRECTION ( 'NONE',  ( -0.000000000000000000, 1.000000000000000000, -0.000000000000000000 ) ) ;
#4732 = DIRECTION ( 'NONE',  ( -0.8660254037844384856, 0.000000000000000000, -0.5000000000000002220 ) ) ;
#4733 = DIRECTION ( 'NONE',  ( 0.000000000000000000, -3.469446951953611724E-16, 1.000000000000000000 ) ) ;
#4734 = EDGE_LOOP ( 'NONE', ( #380, #1299, #8102, #5292, #419, #6598, #4407 ) ) ;
#4735 = SECURITY_CLASSIFICATION ( '', '', #3960 ) ;
#4736 = PLANE ( 'NONE',  #6284 ) ;
#4737 = ORIENTED_EDGE ( 'NONE', *, *, #4458, .T. ) ;
#4738 = LINE ( 'NONE', #7274, #779 ) ;
#4739 = EDGE_LOOP ( 'NONE', ( #3192, #1051, #6582, #4717 ) ) ;
#4740 = CARTESIAN_POINT ( 'NONE',  ( 4.000000000000013323, -5.000000000000000000, 34.06366588218791946 ) ) ;
#4741 = CARTESIAN_POINT ( 'NONE',  ( -27.50000000000000355, 105.0000000000000142, -15.87713240271471804 ) ) ;
#4742 = ADVANCED_FACE ( 'NONE', ( #56 ), #7700, .F. ) ;
#4743 = ADVANCED_FACE ( 'NONE', ( #5112 ), #768, .T. ) ;
#4744 = CARTESIAN_POINT ( 'NONE',  ( -19.42856400399269035, 96.79275782346044821, 27.46538137803188206 ) ) ;
#4745 = CARTESIAN_POINT ( 'NONE',  ( 6.091844603489056098, 51.19122902904494055, -35.16533991401916381 ) ) ;
#4746 = ORIENTED_EDGE ( 'NONE', *, *, #7960, .T. ) ;
#4747 = CARTESIAN_POINT ( 'NONE',  ( 4.898587196589412829E-16, 110.0000000000000000, 23.00000000000000355 ) ) ;
#4748 = ORIENTED_EDGE ( 'NONE', *, *, #907, .F. ) ;
#4749 = VECTOR ( 'NONE', #4148, 1000.000000000000000 ) ;
#4750 = ORIENTED_EDGE ( 'NONE', *, *, #4957, .T. ) ;
#4751 = DIRECTION ( 'NONE',  ( -0.000000000000000000, -1.000000000000000000, -0.000000000000000000 ) ) ;
#4752 = VECTOR ( 'NONE', #3101, 999.9999999999998863 ) ;
#4753 = CARTESIAN_POINT ( 'NONE',  ( -2.212833540761193873, 105.3467022843409779, -36.89005679852885322 ) ) ;
#4754 = CARTESIAN_POINT ( 'NONE',  ( -5.000000000000011546, -3.000000000000002665, 35.79571668975681575 ) ) ;
#4755 = VECTOR ( 'NONE', #3273, 1000.000000000000000 ) ;
#4756 = ORIENTED_EDGE ( 'NONE', *, *, #1187, .F. ) ;
#4757 = DIRECTION ( 'NONE',  ( -0.000000000000000000, 1.000000000000000000, -0.000000000000000000 ) ) ;
#4758 = CARTESIAN_POINT ( 'NONE',  ( 33.50000000000000711, 101.6484624072853791, 1.152764464743657902 ) ) ;
#4759 = ADVANCED_FACE ( 'NONE', ( #7654 ), #6401, .F. ) ;
#4760 = DIRECTION ( 'NONE',  ( -1.000000000000000000, -0.000000000000000000, -0.000000000000000000 ) ) ;
#4761 = DIRECTION ( 'NONE',  ( 0.000000000000000000, 1.000000000000000000, 0.000000000000000000 ) ) ;
#4762 = AXIS2_PLACEMENT_3D ( 'NONE', #992, #2867, #6723 ) ;
#4763 = CARTESIAN_POINT ( 'NONE',  ( -32.92174029884097308, 105.5606347184216389, -16.94796412587165690 ) ) ;
#4764 = ORIENTED_EDGE ( 'NONE', *, *, #1707, .T. ) ;
#4765 = LINE ( 'NONE', #1654, #756 ) ;
#4766 = AXIS2_PLACEMENT_3D ( 'NONE', #823, #2526, #1315 ) ;
#4767 = ORIENTED_EDGE ( 'NONE', *, *, #3026, .F. ) ;
#4768 = LINE ( 'NONE', #6722, #511 ) ;
#4769 = CARTESIAN_POINT ( 'NONE',  ( 3.499999999999996003, 102.9216760515308380, -31.98414357995329382 ) ) ;
#4770 = CARTESIAN_POINT ( 'NONE',  ( -12.50000000000002487, 80.95002665055245927, -38.00000000000000000 ) ) ;
#4771 = ADVANCED_FACE ( 'NONE', ( #5830 ), #7823, .F. ) ;
#4772 = LINE ( 'NONE', #6062, #7784 ) ;
#4773 = ORIENTED_EDGE ( 'NONE', *, *, #1693, .F. ) ;
#4774 = AXIS2_PLACEMENT_3D ( 'NONE', #4120, #4622, #5957 ) ;
#4775 = CARTESIAN_POINT ( 'NONE',  ( -20.37384249072738385, 107.0241564892104691, -26.91962458925263846 ) ) ;
#4776 = VERTEX_POINT ( 'NONE', #2716 ) ;
#4777 = CARTESIAN_POINT ( 'NONE',  ( -37.95972071847690898, 109.9999999999673008, -2.011428736712559839 ) ) ;
#4778 = CARTESIAN_POINT ( 'NONE',  ( 30.60917564686032577, 105.1740095926153344, -20.60373063998867238 ) ) ;
#4779 = CARTESIAN_POINT ( 'NONE',  ( 0.000000000000000000, 115.0000000000000000, 0.000000000000000000 ) ) ;
#4780 = CARTESIAN_POINT ( 'NONE',  ( 27.00000000000000355, 110.0000000000000000, 0.000000000000000000 ) ) ;
#4781 = CARTESIAN_POINT ( 'NONE',  ( 32.28279991136931670, 105.9328157930132193, 18.35560254706411243 ) ) ;
#4782 = CARTESIAN_POINT ( 'NONE',  ( -3.509618943233420385, 4.598977616279734448, -29.72798536380060241 ) ) ;
#4783 = PLANE ( 'NONE',  #2866 ) ;
#4784 = ORIENTED_EDGE ( 'NONE', *, *, #434, .F. ) ;
#4785 = FACE_BOUND ( 'NONE', #3736, .T. ) ;
#4786 = ORIENTED_EDGE ( 'NONE', *, *, #3518, .T. ) ;
#4787 = EDGE_CURVE ( 'NONE', #5827, #171, #847, .T. ) ;
#4788 = VERTEX_POINT ( 'NONE', #7195 ) ;
#4789 = CARTESIAN_POINT ( 'NONE',  ( -12.22957444121531978, 107.0190482527000029, 31.62171993999704611 ) ) ;
#4790 = CARTESIAN_POINT ( 'NONE',  ( 4.221003155635250970, 100.0120092004702883, -36.21171289635504564 ) ) ;
#4791 = CARTESIAN_POINT ( 'NONE',  ( 1.800000000000000044, -5.000000000000000000, -3.749999999999992895 ) ) ;
#4792 = DIRECTION ( 'NONE',  ( 0.000000000000000000, 0.000000000000000000, 1.000000000000000000 ) ) ;
#4793 = EDGE_CURVE ( 'NONE', #2215, #5358, #4491, .T. ) ;
#4794 = ORIENTED_EDGE ( 'NONE', *, *, #890, .F. ) ;
#4795 = CARTESIAN_POINT ( 'NONE',  ( -3.509618943233419053, 48.67528175613146146, -29.72798536380060241 ) ) ;
#4796 = EDGE_CURVE ( 'NONE', #7568, #2285, #1342, .T. ) ;
#4797 = CARTESIAN_POINT ( 'NONE',  ( 33.49999999999999289, 102.3322933238773516, -9.101884726011796545 ) ) ;
#4798 = CARTESIAN_POINT ( 'NONE',  ( 33.47306723395139016, 104.0468650111051971, -14.41606418663110567 ) ) ;
#4799 = CARTESIAN_POINT ( 'NONE',  ( 34.56098777701948421, 109.9999999999991900, 15.81245348876143808 ) ) ;
#4800 = CARTESIAN_POINT ( 'NONE',  ( 12.49999999999998757, 76.95002665055244506, -38.00000000000000000 ) ) ;
#4801 = VERTEX_POINT ( 'NONE', #2008 ) ;
#4802 = CARTESIAN_POINT ( 'NONE',  ( 3.499999999999996003, 2.034439118102898902, -31.44894874669289919 ) ) ;
#4803 = EDGE_CURVE ( 'NONE', #4900, #7525, #8011, .T. ) ;
#4804 = ORIENTED_EDGE ( 'NONE', *, *, #3676, .F. ) ;
#4805 =( BOUNDED_CURVE ( )  B_SPLINE_CURVE ( 3, ( #3679, #6135, #4260, #450 ),
 .UNSPECIFIED., .F., .F. ) 
 B_SPLINE_CURVE_WITH_KNOTS ( ( 4, 4 ),
 ( 3.888729473373587542, 6.283185307179586232 ),
 .UNSPECIFIED. ) 
 CURVE ( )  GEOMETRIC_REPRESENTATION_ITEM ( )  RATIONAL_B_SPLINE_CURVE ( ( 1.000000000000000000, 0.5766266991369471961, 0.5766266991369471961, 1.000000000000000000 ) ) 
 REPRESENTATION_ITEM ( '' )  );
#4806 = DIRECTION ( 'NONE',  ( 0.000000000000000000, 0.9454345244055188946, -0.3258121545647279516 ) ) ;
#4807 = DIRECTION ( 'NONE',  ( 1.000000000000000000, -0.000000000000000000, -1.849002583061117992E-16 ) ) ;
#4808 = CARTESIAN_POINT ( 'NONE',  ( 4.999999999999984013, 80.95002665055245927, 35.79571668975681575 ) ) ;
#4809 = ORIENTED_EDGE ( 'NONE', *, *, #5576, .T. ) ;
#4810 = CARTESIAN_POINT ( 'NONE',  ( -10.43211096967146112, 107.0247856068009185, -32.65948595915888575 ) ) ;
#4811 = EDGE_CURVE ( 'NONE', #7609, #7194, #3772, .T. ) ;
#4812 = ORIENTED_EDGE ( 'NONE', *, *, #6224, .F. ) ;
#4813 = CARTESIAN_POINT ( 'NONE',  ( -33.50000000000000711, 101.6775501992645729, 2.285379483877628459 ) ) ;
#4814 = CARTESIAN_POINT ( 'NONE',  ( 3.464716512742857635, 104.6078127929929451, 36.52572333693986906 ) ) ;
#4815 = DIRECTION ( 'NONE',  ( 0.000000000000000000, 0.000000000000000000, 1.000000000000000000 ) ) ;
#4816 = CARTESIAN_POINT ( 'NONE',  ( 29.18607640391281421, 104.0178232356040979, 21.80387715024789941 ) ) ;
#4817 = CARTESIAN_POINT ( 'NONE',  ( -12.50000000000002487, 110.0000000000000000, -24.53738644055908935 ) ) ;
#4818 = LINE ( 'NONE', #3579, #1673 ) ;
#4819 = ORIENTED_EDGE ( 'NONE', *, *, #2266, .T. ) ;
#4820 = CARTESIAN_POINT ( 'NONE',  ( 17.73856710024644201, 101.6482647400268320, 28.44110154533941426 ) ) ;
#4821 = VERTEX_POINT ( 'NONE', #5739 ) ;
#4822 = VECTOR ( 'NONE', #3078, 1000.000000000000000 ) ;
#4823 = ORIENTED_EDGE ( 'NONE', *, *, #1744, .F. ) ;
#4824 = DIRECTION ( 'NONE',  ( -0.000000000000000000, 1.000000000000000000, -7.885106708985486569E-17 ) ) ;
#4825 = DIRECTION ( 'NONE',  ( 0.000000000000000000, 1.000000000000000000, 0.000000000000000000 ) ) ;
#4826 = CARTESIAN_POINT ( 'NONE',  ( 8.339404862628821746, 110.0000000000000000, -37.07363384586360411 ) ) ;
#4827 = DIRECTION ( 'NONE',  ( 0.000000000000000000, 0.1322104677095568281, 0.9912216665448854158 ) ) ;
#4828 = VECTOR ( 'NONE', #5753, 1000.000000000000000 ) ;
#4829 = ADVANCED_FACE ( 'NONE', ( #7070 ), #1382, .F. ) ;
#4830 = EDGE_LOOP ( 'NONE', ( #2298, #5225, #7698, #7570, #1039, #8184, #2119, #5841 ) ) ;
#4831 = AXIS2_PLACEMENT_3D ( 'NONE', #3054, #4954, #8077 ) ;
#4832 = CARTESIAN_POINT ( 'NONE',  ( 0.000000000000000000, 110.0000000000000000, 31.00000000000000355 ) ) ;
#4833 = FACE_OUTER_BOUND ( 'NONE', #1332, .T. ) ;
#4834 = DIRECTION ( 'NONE',  ( -0.000000000000000000, 1.000000000000000000, -0.000000000000000000 ) ) ;
#4835 = EDGE_CURVE ( 'NONE', #986, #4014, #32, .T. ) ;
#4836 = CARTESIAN_POINT ( 'NONE',  ( 32.54379649941322583, 109.9999999999496936, 19.63275302443435066 ) ) ;
#4837 = EDGE_CURVE ( 'NONE', #1767, #4574, #4433, .T. ) ;
#4838 = VECTOR ( 'NONE', #6495, 1000.000000000000000 ) ;
#4839 = CARTESIAN_POINT ( 'NONE',  ( -34.56098777702349878, 110.0000000000005826, -15.81245348875416568 ) ) ;
#4840 = ORIENTED_EDGE ( 'NONE', *, *, #7526, .F. ) ;
#4841 = AXIS2_PLACEMENT_3D ( 'NONE', #4247, #438, #8111 ) ;
#4842 = DIRECTION ( 'NONE',  ( -1.000000000000000000, 0.000000000000000000, 1.793808476104069146E-16 ) ) ;
#4843 = ORIENTED_EDGE ( 'NONE', *, *, #7618, .F. ) ;
#4844 = FACE_OUTER_BOUND ( 'NONE', #653, .T. ) ;
#4845 = VECTOR ( 'NONE', #3611, 1000.000000000000000 ) ;
#4846 = CARTESIAN_POINT ( 'NONE',  ( 4.999999999999984013, 110.0000000000000000, 35.79571668975681575 ) ) ;
#4847 = CARTESIAN_POINT ( 'NONE',  ( -15.50961894323343593, 4.664717059371330521, 29.72798536380060241 ) ) ;
#4848 = ORIENTED_EDGE ( 'NONE', *, *, #3482, .T. ) ;
#4849 = CARTESIAN_POINT ( 'NONE',  ( -6.911315741574632021, 102.7976417775472981, -34.69221803185232744 ) ) ;
#4850 = CIRCLE ( 'NONE', #2616, 1.000000000000000888 ) ;
#4851 = TOROIDAL_SURFACE ( 'NONE', #5388, 8.000000000000000000, 2.000000000000000000 ) ;
#4852 = ORIENTED_EDGE ( 'NONE', *, *, #535, .T. ) ;
#4853 = CARTESIAN_POINT ( 'NONE',  ( -33.50000000000795097, 107.0328893880634951, 2.096315199712317501 ) ) ;
#4854 = CARTESIAN_POINT ( 'NONE',  ( 2.525993000289339374, 110.0000000000089813, 37.91763688427759860 ) ) ;
#4855 = PLANE ( 'NONE',  #244 ) ;
#4856 = EDGE_CURVE ( 'NONE', #5246, #7401, #1777, .T. ) ;
#4857 = CARTESIAN_POINT ( 'NONE',  ( 3.499999999999996003, 102.9216760515308380, -31.98414357995329382 ) ) ;
#4858 = DIRECTION ( 'NONE',  ( 0.000000000000000000, 1.000000000000000000, 0.000000000000000000 ) ) ;
#4859 = DIRECTION ( 'NONE',  ( 1.000000000000000000, -0.000000000000000000, 1.849002583061117992E-16 ) ) ;
#4860 = ORIENTED_EDGE ( 'NONE', *, *, #8175, .F. ) ;
#4861 = CARTESIAN_POINT ( 'NONE',  ( 8.339404862628292392, 110.0000000000000000, 37.07363384586371069 ) ) ;
#4862 = ORIENTED_EDGE ( 'NONE', *, *, #5413, .T. ) ;
#4863 = ORIENTED_EDGE ( 'NONE', *, *, #6231, .T. ) ;
#4864 = DIRECTION ( 'NONE',  ( 0.000000000000000000, 0.000000000000000000, -1.000000000000000000 ) ) ;
#4865 = PLANE ( 'NONE',  #472 ) ;
#4866 = CARTESIAN_POINT ( 'NONE',  ( 0.9055462538893103153, 105.8497714316641520, -37.10420917509194538 ) ) ;
#4867 = CARTESIAN_POINT ( 'NONE',  ( -9.434273629437747388, 9.807044956627336774, -33.23558761614047086 ) ) ;
#4868 = EDGE_CURVE ( 'NONE', #2285, #6368, #4197, .T. ) ;
#4869 = AXIS2_PLACEMENT_3D ( 'NONE', #7603, #6394, #1874 ) ;
#4870 = ORIENTED_EDGE ( 'NONE', *, *, #4220, .F. ) ;
#4871 = CIRCLE ( 'NONE', #6868, 9.999999999999998224 ) ;
#4872 = FACE_BOUND ( 'NONE', #856, .T. ) ;
#4873 = FACE_OUTER_BOUND ( 'NONE', #5818, .T. ) ;
#4874 = CARTESIAN_POINT ( 'NONE',  ( -16.00000000000000000, 110.0000000000000000, -16.00000000000000000 ) ) ;
#4875 = CARTESIAN_POINT ( 'NONE',  ( 31.13614653717510095, 105.5475089462886018, 20.02820681323100516 ) ) ;
#4876 = CARTESIAN_POINT ( 'NONE',  ( -33.52755819588638531, 107.5583500663289556, -14.33569138443744428 ) ) ;
#4877 = ORIENTED_EDGE ( 'NONE', *, *, #5314, .T. ) ;
#4878 = CIRCLE ( 'NONE', #3564, 7.999999999999996447 ) ;
#4879 = DIRECTION ( 'NONE',  ( 0.6963997566604983591, -0.5944491892199578187, -0.4020665869715280283 ) ) ;
#4880 = EDGE_CURVE ( 'NONE', #6566, #5016, #4235, .T. ) ;
#4881 = ORIENTED_EDGE ( 'NONE', *, *, #2872, .F. ) ;
#4882 = VECTOR ( 'NONE', #4141, 1000.000000000000000 ) ;
#4883 = CARTESIAN_POINT ( 'NONE',  ( 31.50000000000000711, -3.000000000000002665, 13.56773132595622400 ) ) ;
#4884 = DIRECTION ( 'NONE',  ( -0.8660254037844385966, 0.000000000000000000, -0.4999999999999999445 ) ) ;
#4885 = ORIENTED_EDGE ( 'NONE', *, *, #23, .F. ) ;
#4886 = DIRECTION ( 'NONE',  ( 0.000000000000000000, -1.000000000000000000, 0.000000000000000000 ) ) ;
#4887 = AXIS2_PLACEMENT_3D ( 'NONE', #5966, #2890, #281 ) ;
#4888 = EDGE_CURVE ( 'NONE', #1001, #1210, #6689, .T. ) ;
#4889 = ORIENTED_EDGE ( 'NONE', *, *, #5176, .T. ) ;
#4890 = CARTESIAN_POINT ( 'NONE',  ( -28.50000000000001066, 103.4621466860844947, 22.22798536380060241 ) ) ;
#4891 = DIRECTION ( 'NONE',  ( 1.000000000000000000, 0.000000000000000000, -0.000000000000000000 ) ) ;
#4892 = CARTESIAN_POINT ( 'NONE',  ( -12.50000000000002665, 85.95002665055245927, -31.46558967083459990 ) ) ;
#4893 = EDGE_CURVE ( 'NONE', #3362, #4519, #2415, .T. ) ;
#4894 = DIRECTION ( 'NONE',  ( 0.000000000000000000, 1.000000000000000000, 0.000000000000000000 ) ) ;
#4895 = VECTOR ( 'NONE', #970, 1000.000000000000000 ) ;
#4896 = CARTESIAN_POINT ( 'NONE',  ( 12.49999999999997691, 110.0000000000000000, -31.46558967083462477 ) ) ;
#4897 = DIRECTION ( 'NONE',  ( -0.000000000000000000, 1.000000000000000000, -0.000000000000000000 ) ) ;
#4898 = VERTEX_POINT ( 'NONE', #6145 ) ;
#4899 = CARTESIAN_POINT ( 'NONE',  ( -35.88523373199623023, 185.0000000000000000, 12.49999999999998401 ) ) ;
#4900 = VERTEX_POINT ( 'NONE', #8014 ) ;
#4901 = EDGE_CURVE ( 'NONE', #2327, #6660, #5784, .T. ) ;
#4902 = AXIS2_PLACEMENT_3D ( 'NONE', #6670, #291, #2157 ) ;
#4903 = ORIENTED_EDGE ( 'NONE', *, *, #4364, .T. ) ;
#4904 = LINE ( 'NONE', #4406, #4567 ) ;
#4905 = CARTESIAN_POINT ( 'NONE',  ( -6.917187753143571705, 102.7957765528996532, 34.68882782439232670 ) ) ;
#4906 = CARTESIAN_POINT ( 'NONE',  ( -3.469446951953614189E-15, 62.95002665055243796, -37.13546265191241957 ) ) ;
#4907 = CARTESIAN_POINT ( 'NONE',  ( 3.587324159818154445, 110.0000000000038796, -37.83194950463720119 ) ) ;
#4908 = FACE_OUTER_BOUND ( 'NONE', #169, .T. ) ;
#4909 = EDGE_LOOP ( 'NONE', ( #2446, #4852, #6757, #2082 ) ) ;
#4910 = ORIENTED_EDGE ( 'NONE', *, *, #6546, .T. ) ;
#4911 = EDGE_CURVE ( 'NONE', #4064, #4470, #7757, .T. ) ;
#4912 = DIRECTION ( 'NONE',  ( -0.000000000000000000, 1.000000000000000000, -0.000000000000000000 ) ) ;
#4913 = FACE_OUTER_BOUND ( 'NONE', #7029, .T. ) ;
#4914 = CARTESIAN_POINT ( 'NONE',  ( -27.00000000000000355, 110.0000000000000000, 0.000000000000000000 ) ) ;
#4915 = FACE_OUTER_BOUND ( 'NONE', #7071, .T. ) ;
#4916 = CARTESIAN_POINT ( 'NONE',  ( 29.22285807429898696, 104.0482272178096110, 21.77935397931458539 ) ) ;
#4917 = CARTESIAN_POINT ( 'NONE',  ( -30.13815071745054297, 110.0000000000521965, -23.15572497449773692 ) ) ;
#4918 = ORIENTED_EDGE ( 'NONE', *, *, #1714, .T. ) ;
#4919 = CARTESIAN_POINT ( 'NONE',  ( -3.500000000000010214, 48.67528175613146146, -34.22798536380060597 ) ) ;
#4920 = ORIENTED_EDGE ( 'NONE', *, *, #295, .T. ) ;
#4921 = CARTESIAN_POINT ( 'NONE',  ( -13.04266937158337925, 102.8687171015355943, -31.21885421146079409 ) ) ;
#4922 = LINE ( 'NONE', #6218, #4086 ) ;
#4923 = DIRECTION ( 'NONE',  ( 0.000000000000000000, -0.000000000000000000, -1.000000000000000000 ) ) ;
#4924 = CARTESIAN_POINT ( 'NONE',  ( -5.000000000000011546, 7.043110600756588902, 35.79571668975681575 ) ) ;
#4925 = ORIENTED_EDGE ( 'NONE', *, *, #2931, .T. ) ;
#4926 = CARTESIAN_POINT ( 'NONE',  ( -4.999999999999499956, 103.4621466860846937, -35.79571668975709997 ) ) ;
#4927 = ORIENTED_EDGE ( 'NONE', *, *, #1270, .F. ) ;
#4928 = ORIENTED_EDGE ( 'NONE', *, *, #4048, .F. ) ;
#4929 = DIRECTION ( 'NONE',  ( -1.477860147117643843E-16, -0.6009664534901699717, -0.7992742469136906447 ) ) ;
#4930 = CARTESIAN_POINT ( 'NONE',  ( -5.669050568760635400, 109.9999999999818527, 37.58093893590464063 ) ) ;
#4931 = CARTESIAN_POINT ( 'NONE',  ( -4.999999999999999112, -3.000000000000002665, -35.79571668975681575 ) ) ;
#4932 = CARTESIAN_POINT ( 'NONE',  ( -3.500000000000010214, 110.0000000000000000, 29.73353886326573203 ) ) ;
#4933 = LINE ( 'NONE', #4896, #1474 ) ;
#4934 = EDGE_CURVE ( 'NONE', #5016, #6548, #2331, .T. ) ;
#4935 = CYLINDRICAL_SURFACE ( 'NONE', #4973, 1.000000000000000888 ) ;
#4936 = ORIENTED_EDGE ( 'NONE', *, *, #6416, .T. ) ;
#4937 = DIRECTION ( 'NONE',  ( -0.000000000000000000, 1.000000000000000000, -0.000000000000000000 ) ) ;
#4938 = ORIENTED_EDGE ( 'NONE', *, *, #4091, .F. ) ;
#4939 = ORIENTED_EDGE ( 'NONE', *, *, #403, .T. ) ;
#4940 = CARTESIAN_POINT ( 'NONE',  ( 16.00000000000000000, 110.0000000000000000, -17.00000000000000000 ) ) ;
#4941 = CARTESIAN_POINT ( 'NONE',  ( -37.20077367232497778, 109.9999999999288320, -7.807672458145441752 ) ) ;
#4942 = CARTESIAN_POINT ( 'NONE',  ( -0.7999999999999928280, -5.000000000000000000, -4.750000000000000000 ) ) ;
#4943 = CARTESIAN_POINT ( 'NONE',  ( 2.528084164633820130, 110.0000000000105160, -37.91748837691897478 ) ) ;
#4944 = DIRECTION ( 'NONE',  ( 0.000000000000000000, 6.122860667777164938E-17, 1.000000000000000000 ) ) ;
#4945 = VERTEX_POINT ( 'NONE', #5520 ) ;
#4946 = EDGE_CURVE ( 'NONE', #1338, #8104, #2371, .T. ) ;
#4947 = VECTOR ( 'NONE', #4445, 1000.000000000000000 ) ;
#4948 = VERTEX_POINT ( 'NONE', #7433 ) ;
#4949 = LINE ( 'NONE', #3749, #1394 ) ;
#4950 = LINE ( 'NONE', #6091, #654 ) ;
#4951 = VECTOR ( 'NONE', #5211, 1000.000000000000227 ) ;
#4952 = CARTESIAN_POINT ( 'NONE',  ( 3.499999999999996003, 49.09510637630136642, -30.08043383576606900 ) ) ;
#4953 = EDGE_CURVE ( 'NONE', #2859, #7574, #3681, .T. ) ;
#4954 = DIRECTION ( 'NONE',  ( -1.000000000000000000, -0.000000000000000000, -0.000000000000000000 ) ) ;
#4955 = CARTESIAN_POINT ( 'NONE',  ( -10.37282535145978102, 103.4805719403802158, 32.80305572132788683 ) ) ;
#4956 = LINE ( 'NONE', #573, #1803 ) ;
#4957 = EDGE_CURVE ( 'NONE', #5720, #6236, #6965, .T. ) ;
#4958 = DIRECTION ( 'NONE',  ( 1.040834085586083468E-15, -1.000000000000000000, 0.000000000000000000 ) ) ;
#4959 = CIRCLE ( 'NONE', #5908, 2.000000000000001776 ) ;
#4960 = VECTOR ( 'NONE', #4507, 1000.000000000000000 ) ;
#4961 = ORIENTED_EDGE ( 'NONE', *, *, #6346, .T. ) ;
#4962 = DIRECTION ( 'NONE',  ( 0.6963997566604979150, -0.5944491892199581518, 0.4020665869715282503 ) ) ;
#4963 = CARTESIAN_POINT ( 'NONE',  ( 3.499999999999996003, 45.73950986304808453, -34.43818234161658864 ) ) ;
#4964 = FACE_OUTER_BOUND ( 'NONE', #7285, .T. ) ;
#4965 = VECTOR ( 'NONE', #5374, 1000.000000000000000 ) ;
#4966 = CIRCLE ( 'NONE', #1269, 3.499999999999999556 ) ;
#4967 = FACE_BOUND ( 'NONE', #1746, .T. ) ;
#4968 = VERTEX_POINT ( 'NONE', #4978 ) ;
#4969 = EDGE_CURVE ( 'NONE', #5008, #2479, #1336, .T. ) ;
#4970 = CARTESIAN_POINT ( 'NONE',  ( -27.55655206602009599, 103.0867217396664159, -22.77268528245030410 ) ) ;
#4971 = VECTOR ( 'NONE', #1706, 1000.000000000000000 ) ;
#4972 = VERTEX_POINT ( 'NONE', #713 ) ;
#4973 = AXIS2_PLACEMENT_3D ( 'NONE', #1671, #4897, #1745 ) ;
#4974 = ORIENTED_EDGE ( 'NONE', *, *, #2091, .T. ) ;
#4975 = DIRECTION ( 'NONE',  ( 0.000000000000000000, -1.000000000000000000, 0.000000000000000000 ) ) ;
#4976 = CARTESIAN_POINT ( 'NONE',  ( -2.801539772486163926, 107.8244558353222402, 36.75786096241287026 ) ) ;
#4977 = CARTESIAN_POINT ( 'NONE',  ( -24.65106883661557191, 102.3361739462401516, 24.45016680707295009 ) ) ;
#4978 = CARTESIAN_POINT ( 'NONE',  ( -3.469446951953614189E-15, 80.95002665055245927, -37.13546265191241957 ) ) ;
#4979 = CARTESIAN_POINT ( 'NONE',  ( -32.28279991136933802, 105.9328157930132335, -18.35560254706410532 ) ) ;
#4980 = CYLINDRICAL_SURFACE ( 'NONE', #7910, 1.000000000000000888 ) ;
#4981 = ORIENTED_EDGE ( 'NONE', *, *, #7037, .F. ) ;
#4982 = VECTOR ( 'NONE', #3941, 1000.000000000000000 ) ;
#4983 = AXIS2_PLACEMENT_3D ( 'NONE', #6957, #574, #1857 ) ;
#4984 = CARTESIAN_POINT ( 'NONE',  ( 11.78785940192059556, 101.8949159985146338, 31.87674423683661828 ) ) ;
#4985 = ORIENTED_EDGE ( 'NONE', *, *, #197, .T. ) ;
#4986 = VERTEX_POINT ( 'NONE', #589 ) ;
#4987 = EDGE_CURVE ( 'NONE', #6738, #2812, #7623, .T. ) ;
#4988 = DIRECTION ( 'NONE',  ( 0.000000000000000000, 0.1322104677095568281, -0.9912216665448854158 ) ) ;
#4989 = ORIENTED_EDGE ( 'NONE', *, *, #6081, .F. ) ;
#4990 = VECTOR ( 'NONE', #4510, 1000.000000000000000 ) ;
#4991 = LINE ( 'NONE', #7530, #2857 ) ;
#4992 =( LENGTH_UNIT ( ) NAMED_UNIT ( * ) SI_UNIT ( .MILLI., .METRE. ) );
#4993 = CARTESIAN_POINT ( 'NONE',  ( 4.999999999999993783, 49.66202142550014287, -35.79571668975681575 ) ) ;
#4994 = LINE ( 'NONE', #2474, #7770 ) ;
#4995 = VERTEX_POINT ( 'NONE', #6851 ) ;
#4996 = EDGE_LOOP ( 'NONE', ( #3479, #3211, #2630, #1029 ) ) ;
#4997 = EDGE_CURVE ( 'NONE', #7087, #2379, #5078, .T. ) ;
#4998 = LINE ( 'NONE', #4334, #3907 ) ;
#4999 = CARTESIAN_POINT ( 'NONE',  ( 37.20077367232815391, 109.9999999999297415, 7.807672458136368121 ) ) ;
#5000 = LINE ( 'NONE', #2970, #4641 ) ;
#5001 = ADVANCED_FACE ( 'NONE', ( #7520 ), #1785, .F. ) ;
#5002 = CARTESIAN_POINT ( 'NONE',  ( -1.800000000000000044, 0.000000000000000000, -3.749999999999992895 ) ) ;
#5003 = CARTESIAN_POINT ( 'NONE',  ( -6.670581773663075253, 103.1204521361837720, 34.83120585302917505 ) ) ;
#5004 = CARTESIAN_POINT ( 'NONE',  ( -31.93387055012039610, 105.9331469466111031, -18.96022203625646085 ) ) ;
#5005 = CARTESIAN_POINT ( 'NONE',  ( 12.49999999999998579, 76.95002665055244506, -24.53738644055911777 ) ) ;
#5006 = CIRCLE ( 'NONE', #6079, 9.999999999999998224 ) ;
#5007 = EDGE_CURVE ( 'NONE', #4322, #865, #1869, .T. ) ;
#5008 = VERTEX_POINT ( 'NONE', #7605 ) ;
#5009 = CARTESIAN_POINT ( 'NONE',  ( -14.47922736937760391, 101.9801761673745091, -30.32288221633680081 ) ) ;
#5010 = CARTESIAN_POINT ( 'NONE',  ( 4.999999999999984013, 76.95002665055244506, 35.79571668975681575 ) ) ;
#5011 = CARTESIAN_POINT ( 'NONE',  ( -28.50000000000000711, 20.00000000000000000, 5.672268674043791314 ) ) ;
#5012 = VECTOR ( 'NONE', #7760, 1000.000000000000000 ) ;
#5013 = DIRECTION ( 'NONE',  ( 0.000000000000000000, -1.000000000000000000, 0.000000000000000000 ) ) ;
#5014 = ORIENTED_EDGE ( 'NONE', *, *, #2338, .F. ) ;
#5015 = CARTESIAN_POINT ( 'NONE',  ( -25.35004060552876481, 109.9999999999367049, -28.32388933899792605 ) ) ;
#5016 = VERTEX_POINT ( 'NONE', #1956 ) ;
#5017 = AXIS2_PLACEMENT_3D ( 'NONE', #2815, #1532, #5934 ) ;
#5018 = ORIENTED_EDGE ( 'NONE', *, *, #3012, .T. ) ;
#5019 = PLANE ( 'NONE',  #4617 ) ;
#5020 = ADVANCED_FACE ( 'NONE', ( #6931 ), #1875, .T. ) ;
#5021 = CARTESIAN_POINT ( 'NONE',  ( -3.469446951953614189E-15, 67.95002665055244506, -27.13546265191242313 ) ) ;
#5022 = LINE ( 'NONE', #1247, #7801 ) ;
#5023 = CARTESIAN_POINT ( 'NONE',  ( 10.32474418476214950, 102.8284423401945560, -32.75019669070537986 ) ) ;
#5024 =( BOUNDED_SURFACE ( )  B_SPLINE_SURFACE ( 3, 2, ( 
 ( #6127, #3713, #6250 ),
 ( #1850, #567, #4252 ),
 ( #5498, #3092, #2481 ),
 ( #4999, #2348, #7414 ),
 ( #7042, #5714, #5080 ),
 ( #6330, #4464, #656 ),
 ( #6998, #3216, #2562 ),
 ( #733, #111, #155 ),
 ( #4417, #612, #1890 ),
 ( #3135, #1272, #6950 ),
 ( #778, #7668, #5169 ),
 ( #1314, #7711, #7582 ),
 ( #3262, #2605, #694 ),
 ( #2692, #3794, #6411 ),
 ( #6374, #26, #3838 ),
 ( #2019, #5208, #3925 ),
 ( #4543, #5749, #68 ),
 ( #8203, #5800, #5126 ) ),
 .UNSPECIFIED., .F., .F., .F. ) 
 B_SPLINE_SURFACE_WITH_KNOTS ( ( 4, 2, 2, 2, 2, 2, 2, 2, 4 ),
 ( 3, 3 ),
 ( 0.009965649778360204450, 0.01343514958618362981, 0.01690464939400705344, 0.02037414920183047706, 0.02384364900965390416, 0.02731314881747733125, 0.03078264862530075488, 0.03425214843312417851, 0.03772164824094760560 ),
 ( 0.000000000000000000, 1.000000000000000000 ),
 .UNSPECIFIED. ) 
 GEOMETRIC_REPRESENTATION_ITEM ( )  RATIONAL_B_SPLINE_SURFACE ( (
 ( 1.000000000000000000, 0.9279975443815922098, 1.000000000000000000),
 ( 1.000000000000000000, 0.9209930832332327011, 1.000000000000000000),
 ( 1.000000000000000000, 0.9144482892600493962, 1.000000000000000000),
 ( 1.000000000000000000, 0.9027709600961226766, 1.000000000000000000),
 ( 1.000000000000000000, 0.8976402609430391699, 1.000000000000000000),
 ( 1.000000000000000000, 0.8892163811830084974, 1.000000000000000000),
 ( 1.000000000000000000, 0.8859248568116756539, 1.000000000000000000),
 ( 1.000000000000000000, 0.8814867487824858960, 1.000000000000000000),
 ( 1.000000000000000000, 0.8803441999453952560, 1.000000000000000000),
 ( 1.000000000000000000, 0.8803375011826904961, 1.000000000000000000),
 ( 1.000000000000000000, 0.8814660938550705760, 1.000000000000000000),
 ( 1.000000000000000000, 0.8858669186948232577, 1.000000000000000000),
 ( 1.000000000000000000, 0.8891380208972852195, 1.000000000000000000),
 ( 1.000000000000000000, 0.8975431435316096884, 1.000000000000000000),
 ( 1.000000000000000000, 0.9026754717182230436, 1.000000000000000000),
 ( 1.000000000000000000, 0.9144070449188621552, 1.000000000000000000),
 ( 1.000000000000000000, 0.9210358855322285931, 1.000000000000000000),
 ( 1.000000000000000000, 0.9279975443815891012, 1.000000000000000000) ) ) 
 REPRESENTATION_ITEM ( '' )  SURFACE ( )  );
#5025 = DIRECTION ( 'NONE',  ( 1.000000000000000000, -0.000000000000000000, -0.000000000000000000 ) ) ;
#5026 = VERTEX_POINT ( 'NONE', #1831 ) ;
#5027 = VECTOR ( 'NONE', #538, 1000.000000000000000 ) ;
#5028 = CARTESIAN_POINT ( 'NONE',  ( 27.93700628980636935, 110.0000000000000000, -25.75895338641147347 ) ) ;
#5029 = VERTEX_POINT ( 'NONE', #1911 ) ;
#5030 = ORIENTED_EDGE ( 'NONE', *, *, #6081, .T. ) ;
#5031 = CARTESIAN_POINT ( 'NONE',  ( -1.044870271209150442E-14, 110.0000000000000000, 31.75426480542942187 ) ) ;
#5032 = ORIENTED_EDGE ( 'NONE', *, *, #1827, .T. ) ;
#5033 = VECTOR ( 'NONE', #1762, 1000.000000000000000 ) ;
#5034 = CARTESIAN_POINT ( 'NONE',  ( -5.000000000000011546, 110.0000000000000000, 35.79571668975681575 ) ) ;
#5035 = FACE_OUTER_BOUND ( 'NONE', #5525, .T. ) ;
#5036 = DIRECTION ( 'NONE',  ( 0.000000000000000000, 0.000000000000000000, 1.000000000000000000 ) ) ;
#5037 = CARTESIAN_POINT ( 'NONE',  ( 25.98988079880844992, 102.6483710992446987, -23.67720336030659922 ) ) ;
#5038 = ORIENTED_EDGE ( 'NONE', *, *, #186, .F. ) ;
#5039 = EDGE_CURVE ( 'NONE', #4470, #5095, #4357, .T. ) ;
#5040 = AXIS2_PLACEMENT_3D ( 'NONE', #1433, #6074, #2918 ) ;
#5041 = EDGE_LOOP ( 'NONE', ( #7709, #1960, #2238, #4748 ) ) ;
#5042 = CARTESIAN_POINT ( 'NONE',  ( -31.13614653717597491, 105.5475089462823632, 20.02820681323000684 ) ) ;
#5043 = CARTESIAN_POINT ( 'NONE',  ( 18.11006087497002426, 110.0000000000000000, 16.00000000000000000 ) ) ;
#5044 = CYLINDRICAL_SURFACE ( 'NONE', #4766, 3.499999999999999556 ) ;
#5045 = LINE ( 'NONE', #3973, #4960 ) ;
#5046 = DIRECTION ( 'NONE',  ( 1.000000000000000000, -0.000000000000000000, 1.849002583061117992E-16 ) ) ;
#5047 = ADVANCED_FACE ( 'NONE', ( #3733 ), #5732, .F. ) ;
#5048 = DIRECTION ( 'NONE',  ( 0.000000000000000000, 0.000000000000000000, 1.000000000000000000 ) ) ;
#5049 = DIRECTION ( 'NONE',  ( 0.000000000000000000, -0.1208150920878816731, 0.9926750291630168643 ) ) ;
#5050 = EDGE_CURVE ( 'NONE', #7026, #2265, #1250, .T. ) ;
#5051 = ORIENTED_EDGE ( 'NONE', *, *, #2689, .F. ) ;
#5052 = CARTESIAN_POINT ( 'NONE',  ( 29.18518304873150981, 104.0170856536538224, -21.80446645231483060 ) ) ;
#5053 = LINE ( 'NONE', #7633, #6481 ) ;
#5054 = CARTESIAN_POINT ( 'NONE',  ( -12.50000000000001954, 62.95002665055243796, -38.00000000000000000 ) ) ;
#5055 = CARTESIAN_POINT ( 'NONE',  ( 42.18059646762220893, 101.7361450150005595, -14.32948931054428598 ) ) ;
#5056 = ORIENTED_EDGE ( 'NONE', *, *, #6128, .F. ) ;
#5057 = EDGE_CURVE ( 'NONE', #5997, #3848, #6976, .T. ) ;
#5058 = CARTESIAN_POINT ( 'NONE',  ( -5.000000000000011546, 2.286323517986063703, 35.79571668975681575 ) ) ;
#5059 = ORIENTED_EDGE ( 'NONE', *, *, #6886, .T. ) ;
#5060 = DIRECTION ( 'NONE',  ( 0.000000000000000000, 0.000000000000000000, -1.000000000000000000 ) ) ;
#5061 = CARTESIAN_POINT ( 'NONE',  ( 43.50000000000000711, 103.4621466860844947, -13.56773132595623466 ) ) ;
#5062 = CARTESIAN_POINT ( 'NONE',  ( -3.469446951953614189E-15, 110.0000000000000000, -37.13546265191241957 ) ) ;
#5063 = CARTESIAN_POINT ( 'NONE',  ( -5.000000000000011546, 51.05367529751673317, 35.79571668975681575 ) ) ;
#5064 = DIRECTION ( 'NONE',  ( -0.000000000000000000, 0.000000000000000000, 1.000000000000000000 ) ) ;
#5065 = EDGE_LOOP ( 'NONE', ( #3966, #5286, #5507, #5931, #4203, #2601 ) ) ;
#5066 = CARTESIAN_POINT ( 'NONE',  ( 26.70704995320470232, 110.0000000000611209, 27.04811913603805706 ) ) ;
#5067 = VERTEX_POINT ( 'NONE', #3773 ) ;
#5068 = ADVANCED_FACE ( 'NONE', ( #7472 ), #3199, .T. ) ;
#5069 = ORIENTED_EDGE ( 'NONE', *, *, #6270, .F. ) ;
#5070 = CYLINDRICAL_SURFACE ( 'NONE', #1916, 6.000000000000000888 ) ;
#5071 = ORIENTED_EDGE ( 'NONE', *, *, #855, .T. ) ;
#5072 = CARTESIAN_POINT ( 'NONE',  ( 26.83215781407762179, 116.5556801674379557, -23.19091449880870570 ) ) ;
#5073 = CARTESIAN_POINT ( 'NONE',  ( -27.50000000000000355, 105.0000000000000142, 3.968626966596885186 ) ) ;
#5074 = CARTESIAN_POINT ( 'NONE',  ( 3.540105033701434145, 104.5559021555595791, -36.49673315636786697 ) ) ;
#5075 = ORIENTED_EDGE ( 'NONE', *, *, #5442, .F. ) ;
#5076 = VERTEX_POINT ( 'NONE', #7021 ) ;
#5077 = VERTEX_POINT ( 'NONE', #4483 ) ;
#5078 = B_SPLINE_CURVE_WITH_KNOTS ( 'NONE', 3,
 ( #3157, #5023, #3862, #7 ),
 .UNSPECIFIED., .F., .F.,
 ( 4, 4 ),
 ( 0.000000000000000000, 0.004734348970276786202 ),
 .UNSPECIFIED. ) ;
#5079 = CARTESIAN_POINT ( 'NONE',  ( -30.69274460092386647, 105.2371647133201975, 20.51844322377152352 ) ) ;
#5080 = CARTESIAN_POINT ( 'NONE',  ( 33.50000000000000711, 102.1624521163274579, 7.996158356574217585 ) ) ;
#5081 = CARTESIAN_POINT ( 'NONE',  ( -3.469446951953614189E-15, -3.000000000000002665, -35.13546265191241957 ) ) ;
#5082 = CARTESIAN_POINT ( 'NONE',  ( -3.509618943233419053, 4.664717059371330521, -29.72798536380060241 ) ) ;
#5083 = LINE ( 'NONE', #7626, #4951 ) ;
#5084 = CARTESIAN_POINT ( 'NONE',  ( -30.23395312600565532, 107.7827008013944265, -20.99491223002346629 ) ) ;
#5085 = DIRECTION ( 'NONE',  ( -0.8654769833252204947, -0.03558260500630509165, -0.4996833693002412091 ) ) ;
#5086 = VECTOR ( 'NONE', #4886, 1000.000000000000000 ) ;
#5087 = ORIENTED_EDGE ( 'NONE', *, *, #701, .F. ) ;
#5088 = EDGE_CURVE ( 'NONE', #8047, #4221, #839, .T. ) ;
#5089 = CARTESIAN_POINT ( 'NONE',  ( 4.999999999999984013, 49.66202142550014287, 35.79571668975681575 ) ) ;
#5090 = FACE_OUTER_BOUND ( 'NONE', #2704, .T. ) ;
#5091 = ADVANCED_FACE ( 'NONE', ( #2039 ), #215, .T. ) ;
#5092 = DIRECTION ( 'NONE',  ( 0.000000000000000000, -1.000000000000000000, 0.000000000000000000 ) ) ;
#5093 = VECTOR ( 'NONE', #7233, 1000.000000000000114 ) ;
#5094 = DIRECTION ( 'NONE',  ( 0.000000000000000000, 0.000000000000000000, -1.000000000000000000 ) ) ;
#5095 = VERTEX_POINT ( 'NONE', #6436 ) ;
#5096 = VECTOR ( 'NONE', #556, 1000.000000000000000 ) ;
#5097 = FACE_OUTER_BOUND ( 'NONE', #7651, .T. ) ;
#5098 = ORIENTED_EDGE ( 'NONE', *, *, #8129, .F. ) ;
#5099 = CARTESIAN_POINT ( 'NONE',  ( -27.00000000000000355, 110.0000000000000000, 0.000000000000000000 ) ) ;
#5100 = VECTOR ( 'NONE', #736, 1000.000000000000000 ) ;
#5101 = DIRECTION ( 'NONE',  ( 0.000000000000000000, 1.000000000000000000, 0.000000000000000000 ) ) ;
#5102 = CARTESIAN_POINT ( 'NONE',  ( -27.55039967300461967, 103.0842735268308417, 22.77623736821394118 ) ) ;
#5103 = DIRECTION ( 'NONE',  ( 1.313354635091721417E-17, -0.9974741484692092319, -0.07103043809259564079 ) ) ;
#5104 = EDGE_CURVE ( 'NONE', #4972, #6530, #4299, .T. ) ;
#5105 = CARTESIAN_POINT ( 'NONE',  ( 3.499999999999996003, 100.3836394426650855, 30.07581878962261968 ) ) ;
#5106 = ORIENTED_EDGE ( 'NONE', *, *, #5039, .T. ) ;
#5108 = AXIS2_PLACEMENT_3D ( 'NONE', #5615, #2927, #436 ) ;
#5107 = DIRECTION ( 'NONE',  ( 0.8654769833252204947, 0.03558260500630495288, 0.4996833693002412091 ) ) ;
#5109 = ORIENTED_EDGE ( 'NONE', *, *, #1461, .F. ) ;
#5110 = VECTOR ( 'NONE', #726, 1000.000000000000000 ) ;
#5111 = VERTEX_POINT ( 'NONE', #5903 ) ;
#5112 = FACE_OUTER_BOUND ( 'NONE', #365, .T. ) ;
#5113 = ORIENTED_EDGE ( 'NONE', *, *, #403, .F. ) ;
#5114 = EDGE_CURVE ( 'NONE', #8063, #865, #4611, .T. ) ;
#5115 = CARTESIAN_POINT ( 'NONE',  ( 3.499999999999996003, 48.67528175613146146, 33.22798536380059886 ) ) ;
#5116 = AXIS2_PLACEMENT_3D ( 'NONE', #2585, #3076, #3240 ) ;
#5117 = DATE_AND_TIME ( #2012, #7917 ) ;
#5118 = DIRECTION ( 'NONE',  ( 0.000000000000000000, 1.000000000000000000, 0.000000000000000000 ) ) ;
#5119 = CARTESIAN_POINT ( 'NONE',  ( 0.000000000000000000, 115.0000000000000000, 0.000000000000000000 ) ) ;
#5120 = VERTEX_POINT ( 'NONE', #7815 ) ;
#5121 = ORIENTED_EDGE ( 'NONE', *, *, #749, .T. ) ;
#5122 = AXIS2_PLACEMENT_3D ( 'NONE', #8127, #5766, #6344 ) ;
#5123 = AXIS2_PLACEMENT_3D ( 'NONE', #740, #3351, #3312 ) ;
#5124 = ORIENTED_EDGE ( 'NONE', *, *, #3751, .T. ) ;
#5125 = CARTESIAN_POINT ( 'NONE',  ( -33.57359003389031926, 107.3905954822307649, 13.28237650571935013 ) ) ;
#5126 = CARTESIAN_POINT ( 'NONE',  ( 33.50000000000000000, 103.4621466860844947, -13.56773132595623643 ) ) ;
#5127 = ADVANCED_FACE ( 'NONE', ( #4652 ), #2085, .F. ) ;
#5128 = LINE ( 'NONE', #1355, #6758 ) ;
#5129 = CARTESIAN_POINT ( 'NONE',  ( -28.50000000000001066, 103.4621466860844947, 22.22798536380060241 ) ) ;
#5130 = CARTESIAN_POINT ( 'NONE',  ( -28.50000000000000711, 20.00000000000000000, -6.827731325956209574 ) ) ;
#5131 = CARTESIAN_POINT ( 'NONE',  ( 4.999999999999984013, 3.552555715023483884, 35.79571668975681575 ) ) ;
#5132 = DIRECTION ( 'NONE',  ( -1.000000000000000000, 0.000000000000000000, -0.000000000000000000 ) ) ;
#5133 = ORIENTED_EDGE ( 'NONE', *, *, #4551, .T. ) ;
#5134 = CARTESIAN_POINT ( 'NONE',  ( -2.324528859936375813, 105.2984611129454180, 36.87098913348292939 ) ) ;
#5135 = CYLINDRICAL_SURFACE ( 'NONE', #4346, 1.000000000000000888 ) ;
#5136 = LINE ( 'NONE', #5219, #2258 ) ;
#5137 = CARTESIAN_POINT ( 'NONE',  ( -3.500000000000010214, 49.91000578519306430, 36.50295964951001793 ) ) ;
#5138 = CARTESIAN_POINT ( 'NONE',  ( -16.00000000000000000, 110.0000000000000000, -15.00000000000000000 ) ) ;
#5139 = ORIENTED_EDGE ( 'NONE', *, *, #7243, .F. ) ;
#5140 = VECTOR ( 'NONE', #7019, 1000.000000000000000 ) ;
#5141 = DIRECTION ( 'NONE',  ( 0.000000000000000000, -0.000000000000000000, -1.000000000000000000 ) ) ;
#5142 = EDGE_CURVE ( 'NONE', #1703, #1509, #3992, .T. ) ;
#5143 = VERTEX_POINT ( 'NONE', #2166 ) ;
#5144 = DIRECTION ( 'NONE',  ( 0.8187703157500301199, 0.3258121545647240658, 0.4727172622027764892 ) ) ;
#5145 = AXIS2_PLACEMENT_3D ( 'NONE', #6836, #8169, #1819 ) ;
#5146 = CYLINDRICAL_SURFACE ( 'NONE', #1982, 9.999999999999998224 ) ;
#5147 = CARTESIAN_POINT ( 'NONE',  ( -25.36202952934340260, 109.9999999999280789, 28.31297881159595420 ) ) ;
#5148 = CARTESIAN_POINT ( 'NONE',  ( -4.485497660534409903, 50.71985861567943488, -36.07736631550224615 ) ) ;
#5149 = ORIENTED_EDGE ( 'NONE', *, *, #313, .F. ) ;
#5150 = CARTESIAN_POINT ( 'NONE',  ( 23.65525869494586431, 102.1592061883329023, 25.02509806042771245 ) ) ;
#5151 = ORIENTED_EDGE ( 'NONE', *, *, #3137, .T. ) ;
#5152 = EDGE_CURVE ( 'NONE', #512, #5111, #5278, .T. ) ;
#5153 = CIRCLE ( 'NONE', #1580, 1.000000000000000888 ) ;
#5154 = ORIENTED_EDGE ( 'NONE', *, *, #3245, .T. ) ;
#5155 = ADVANCED_FACE ( 'NONE', ( #4687 ), #7189, .F. ) ;
#5156 = CARTESIAN_POINT ( 'NONE',  ( 0.000000000000000000, 185.0000000000000000, 0.000000000000000000 ) ) ;
#5157 = ORIENTED_EDGE ( 'NONE', *, *, #3492, .T. ) ;
#5158 = DIRECTION ( 'NONE',  ( -0.000000000000000000, 1.000000000000000000, -0.000000000000000000 ) ) ;
#5159 = CARTESIAN_POINT ( 'NONE',  ( 27.49999999999999645, 110.0000000000000000, -15.87713240271472515 ) ) ;
#5160 = VECTOR ( 'NONE', #6177, 1000.000000000000000 ) ;
#5161 = CARTESIAN_POINT ( 'NONE',  ( -1.800000000000000044, 0.000000000000000000, 3.749999999999992895 ) ) ;
#5162 = CARTESIAN_POINT ( 'NONE',  ( 3.499999999999996003, 4.664717059371330521, -33.22798536380059886 ) ) ;
#5163 = VERTEX_POINT ( 'NONE', #6524 ) ;
#5164 = ORIENTED_EDGE ( 'NONE', *, *, #4424, .F. ) ;
#5165 = EDGE_CURVE ( 'NONE', #4155, #7077, #3388, .T. ) ;
#5166 = CIRCLE ( 'NONE', #1594, 3.999999999999999112 ) ;
#5167 = VERTEX_POINT ( 'NONE', #7225 ) ;
#5168 = CARTESIAN_POINT ( 'NONE',  ( -30.76597342177926819, 109.9999999999738236, 22.30647465085617398 ) ) ;
#5169 = CARTESIAN_POINT ( 'NONE',  ( 33.50000000000000000, 101.6775501992645587, -2.285379483879621088 ) ) ;
#5170 = LINE ( 'NONE', #7206, #7833 ) ;
#5171 = CARTESIAN_POINT ( 'NONE',  ( -27.50000000000000355, 105.0000000000000142, 3.968626966596885186 ) ) ;
#5172 = CARTESIAN_POINT ( 'NONE',  ( 3.499999999999996003, 51.19122902904495476, -35.16533991401915671 ) ) ;
#5173 = VECTOR ( 'NONE', #1118, 1000.000000000000000 ) ;
#5174 = FACE_OUTER_BOUND ( 'NONE', #6526, .T. ) ;
#5175 = LINE ( 'NONE', #5889, #2212 ) ;
#5176 = EDGE_CURVE ( 'NONE', #5948, #4776, #3770, .T. ) ;
#5177 = VERTEX_POINT ( 'NONE', #175 ) ;
#5178 = CIRCLE ( 'NONE', #2393, 3.499999999999999556 ) ;
#5179 = ORIENTED_EDGE ( 'NONE', *, *, #2304, .F. ) ;
#5180 = CARTESIAN_POINT ( 'NONE',  ( 33.50000000000000000, 103.4621466860844947, -13.56773132595622400 ) ) ;
#5181 = DIRECTION ( 'NONE',  ( -0.000000000000000000, -1.000000000000000000, -0.000000000000000000 ) ) ;
#5182 = DIRECTION ( 'NONE',  ( 0.000000000000000000, 0.000000000000000000, 1.000000000000000000 ) ) ;
#5183 = CARTESIAN_POINT ( 'NONE',  ( 18.27104119688767980, 101.6547006225849543, 28.13367748230710319 ) ) ;
#5184 = CARTESIAN_POINT ( 'NONE',  ( -4.999999999999999112, 76.95002665055244506, -35.79571668975681575 ) ) ;
#5185 = ORIENTED_EDGE ( 'NONE', *, *, #4228, .T. ) ;
#5186 = CARTESIAN_POINT ( 'NONE',  ( -3.512828652905694238, 48.74104730253653628, 29.72613223705729624 ) ) ;
#5187 = VERTEX_POINT ( 'NONE', #301 ) ;
#5188 = LINE ( 'NONE', #3811, #1172 ) ;
#5189 = DIRECTION ( 'NONE',  ( -1.464997862481513076E-16, -0.6101084569551438186, 0.7923179101546383718 ) ) ;
#5190 = CARTESIAN_POINT ( 'NONE',  ( -21.71214059808246333, 101.8949159985146338, 26.14695781671903063 ) ) ;
#5191 = EDGE_CURVE ( 'NONE', #137, #6982, #5877, .T. ) ;
#5192 = DIRECTION ( 'NONE',  ( 0.000000000000000000, 1.000000000000000000, 0.000000000000000000 ) ) ;
#5193 = FACE_OUTER_BOUND ( 'NONE', #4041, .T. ) ;
#5194 = ORIENTED_EDGE ( 'NONE', *, *, #1973, .T. ) ;
#5195 = CARTESIAN_POINT ( 'NONE',  ( 28.50000000000000711, 103.4621466860844947, 22.22798536380061307 ) ) ;
#5196 = ORIENTED_EDGE ( 'NONE', *, *, #3742, .F. ) ;
#5197 = ORIENTED_EDGE ( 'NONE', *, *, #6066, .F. ) ;
#5198 = ORIENTED_EDGE ( 'NONE', *, *, #6333, .T. ) ;
#5199 = CARTESIAN_POINT ( 'NONE',  ( 4.041334437186266200E-15, 115.0000000000000000, 33.00000000000000000 ) ) ;
#5200 = ADVANCED_FACE ( 'NONE', ( #1420, #2710 ), #5865, .T. ) ;
#5201 = APPROVAL_ROLE ( '' ) ;
#5202 = DIRECTION ( 'NONE',  ( 1.701247564460905305E-16, -0.3917085756728440615, -0.9200893390015731921 ) ) ;
#5203 = CARTESIAN_POINT ( 'NONE',  ( -12.50000000000001066, 76.95002665055244506, 24.53738644055911067 ) ) ;
#5204 = VERTEX_POINT ( 'NONE', #5229 ) ;
#5205 = ORIENTED_EDGE ( 'NONE', *, *, #3734, .T. ) ;
#5206 = ORIENTED_EDGE ( 'NONE', *, *, #7262, .F. ) ;
#5207 = CARTESIAN_POINT ( 'NONE',  ( -28.86925732777314479, 103.7560228161033962, 22.01479454621053833 ) ) ;
#5208 = CARTESIAN_POINT ( 'NONE',  ( 33.49999999999207745, 107.1012350799853294, -10.30003676712923699 ) ) ;
#5209 = CARTESIAN_POINT ( 'NONE',  ( 3.499999999999996003, 46.15933448321797528, 31.29063081358204812 ) ) ;
#5210 = CARTESIAN_POINT ( 'NONE',  ( 30.54095610815091177, 175.0000000000000000, 12.49999999999998046 ) ) ;
#5211 = DIRECTION ( 'NONE',  ( -0.8660254037844385966, 0.000000000000000000, -0.5000000000000000000 ) ) ;
#5212 = CARTESIAN_POINT ( 'NONE',  ( -5.000000000000011546, 7.043110600756588902, 35.79571668975681575 ) ) ;
#5213 = ORIENTED_EDGE ( 'NONE', *, *, #5710, .T. ) ;
#5214 = EDGE_LOOP ( 'NONE', ( #3780, #1371 ) ) ;
#5215 = ORIENTED_EDGE ( 'NONE', *, *, #1644, .T. ) ;
#5216 = CARTESIAN_POINT ( 'NONE',  ( -5.827796503988302845, 102.8267681780285301, -35.31778815534492821 ) ) ;
#5217 = CARTESIAN_POINT ( 'NONE',  ( 0.7999999999999928280, 0.000000000000000000, -4.750000000000000000 ) ) ;
#5218 = EDGE_CURVE ( 'NONE', #5393, #2999, #7773, .T. ) ;
#5219 = CARTESIAN_POINT ( 'NONE',  ( -1.044870271209150442E-14, 110.0000000000000000, 31.75426480542942187 ) ) ;
#5220 = CARTESIAN_POINT ( 'NONE',  ( -3.506411780512261878, 4.533264255788229669, -29.72983702006100160 ) ) ;
#5221 = FACE_OUTER_BOUND ( 'NONE', #6021, .T. ) ;
#5222 = ORIENTED_EDGE ( 'NONE', *, *, #1297, .T. ) ;
#5223 = FACE_OUTER_BOUND ( 'NONE', #220, .T. ) ;
#5224 = VECTOR ( 'NONE', #3819, 1000.000000000000000 ) ;
#5225 = ORIENTED_EDGE ( 'NONE', *, *, #1042, .T. ) ;
#5226 = DIRECTION ( 'NONE',  ( 0.000000000000000000, -1.000000000000000000, 0.000000000000000000 ) ) ;
#5227 = CARTESIAN_POINT ( 'NONE',  ( -3.500000000000010214, 4.664717059371330521, 32.22798536380059886 ) ) ;
#5228 = AXIS2_PLACEMENT_3D ( 'NONE', #3033, #6735, #5405 ) ;
#5229 = CARTESIAN_POINT ( 'NONE',  ( -4.999999999999999112, 67.95002665055244506, -35.79571668975681575 ) ) ;
#5230 = EDGE_CURVE ( 'NONE', #1236, #2759, #6428, .T. ) ;
#5231 = CARTESIAN_POINT ( 'NONE',  ( 3.499999999999996003, 49.09510637630136642, 30.08043383576606900 ) ) ;
#5232 = ORIENTED_EDGE ( 'NONE', *, *, #7428, .T. ) ;
#5233 = CARTESIAN_POINT ( 'NONE',  ( 8.339404862628690296, 110.0000000000000000, -37.07363384586363253 ) ) ;
#5234 = ORIENTED_EDGE ( 'NONE', *, *, #1089, .T. ) ;
#5235 = AXIS2_PLACEMENT_3D ( 'NONE', #3950, #803, #7149 ) ;
#5236 = ORIENTED_EDGE ( 'NONE', *, *, #2964, .T. ) ;
#5237 = CARTESIAN_POINT ( 'NONE',  ( -12.50000000000006750, 110.0000000000000142, 24.53738644055906448 ) ) ;
#5238 = ORIENTED_EDGE ( 'NONE', *, *, #1187, .T. ) ;
#5239 = LINE ( 'NONE', #4076, #3922 ) ;
#5240 = APPROVAL_DATE_TIME ( #7704, #1217 ) ;
#5241 = CARTESIAN_POINT ( 'NONE',  ( 3.499999999999996003, 46.15933448321797528, -31.29063081358204812 ) ) ;
#5242 = VECTOR ( 'NONE', #4493, 1000.000000000000000 ) ;
#5243 = CARTESIAN_POINT ( 'NONE',  ( 12.52882292609838721, 2.034439118102906896, -31.44894874669289209 ) ) ;
#5244 = VERTEX_POINT ( 'NONE', #7063 ) ;
#5245 = AXIS2_PLACEMENT_3D ( 'NONE', #3467, #4128, #5927 ) ;
#5246 = VERTEX_POINT ( 'NONE', #3753 ) ;
#5247 = EDGE_CURVE ( 'NONE', #2941, #5581, #208, .T. ) ;
#5248 = B_SPLINE_CURVE_WITH_KNOTS ( 'NONE', 3,
 ( #6917, #3846, #6337, #699 ),
 .UNSPECIFIED., .F., .F.,
 ( 4, 4 ),
 ( 0.02613598123183802358, 0.02772688931822787917 ),
 .UNSPECIFIED. ) ;
#5249 = EDGE_CURVE ( 'NONE', #4788, #565, #5396, .T. ) ;
#5250 = ORIENTED_EDGE ( 'NONE', *, *, #2107, .T. ) ;
#5251 = VECTOR ( 'NONE', #136, 1000.000000000000114 ) ;
#5252 = CARTESIAN_POINT ( 'NONE',  ( -33.50000000000000711, 55.00000000000000711, -10.82773132595621846 ) ) ;
#5253 = FACE_OUTER_BOUND ( 'NONE', #1472, .T. ) ;
#5254 = CARTESIAN_POINT ( 'NONE',  ( -2.802909151842567503, 107.8242573164277331, -36.75751044705401682 ) ) ;
#5255 = DIRECTION ( 'NONE',  ( 0.000000000000000000, 1.000000000000000000, 0.000000000000000000 ) ) ;
#5256 = VECTOR ( 'NONE', #4644, 1000.000000000000000 ) ;
#5257 = AXIS2_PLACEMENT_3D ( 'NONE', #2064, #4634, #2656 ) ;
#5258 = CARTESIAN_POINT ( 'NONE',  ( -3.500000000000010214, 4.861804996342651286, 29.73353886326573203 ) ) ;
#5259 = ADVANCED_FACE ( 'NONE', ( #7891 ), #7931, .T. ) ;
#5260 = ORIENTED_EDGE ( 'NONE', *, *, #434, .T. ) ;
#5261 = ORIENTED_EDGE ( 'NONE', *, *, #582, .F. ) ;
#5262 = CARTESIAN_POINT ( 'NONE',  ( 32.40521981937538953, 105.9334516898288854, -18.14405683550545234 ) ) ;
#5263 = EDGE_CURVE ( 'NONE', #8199, #4945, #2320, .T. ) ;
#5264 = CARTESIAN_POINT ( 'NONE',  ( 33.50000000000000000, 110.0000000000000000, -19.34123401785247509 ) ) ;
#5265 = AXIS2_PLACEMENT_3D ( 'NONE', #3672, #6580, #5410 ) ;
#5266 = LOCAL_TIME ( 0, 57, 20.00000000000000000, #814 ) ;
#5267 =( BOUNDED_SURFACE ( )  B_SPLINE_SURFACE ( 3, 2, ( 
 ( #6065, #542, #4926 ),
 ( #7973, #2324, #8048 ),
 ( #6681, #6801, #4849 ),
 ( #2364, #5439, #3025 ),
 ( #2286, #4810, #3066 ),
 ( #7389, #7347, #382 ),
 ( #1700, #454, #2909 ),
 ( #1111, #3641, #6180 ),
 ( #498, #5557, #8092 ),
 ( #2407, #7464, #1779 ),
 ( #1158, #3686, #5598 ),
 ( #2249, #4775, #2497 ),
 ( #3857, #3893, #581 ),
 ( #4349, #5641, #6304 ),
 ( #5015, #8176, #672 ),
 ( #3193, #707, #1905 ),
 ( #6430, #2622, #4970 ),
 ( #7556, #5726, #4392 ) ),
 .UNSPECIFIED., .F., .F., .F. ) 
 B_SPLINE_SURFACE_WITH_KNOTS ( ( 4, 2, 2, 2, 2, 2, 2, 2, 4 ),
 ( 3, 3 ),
 ( 0.009965649778360174960, 0.01343514958618360899, 0.01690464939400704303, 0.02037414920183047706, 0.02384364900965391457, 0.02731314881747735207, 0.03078264862530078610, 0.03425214843312422014, 0.03772164824094765417 ),
 ( 0.000000000000000000, 1.000000000000000000 ),
 .UNSPECIFIED. ) 
 GEOMETRIC_REPRESENTATION_ITEM ( )  RATIONAL_B_SPLINE_SURFACE ( (
 ( 1.000000000000000000, 0.9279975443815927649, 1.000000000000000000),
 ( 1.000000000000000000, 0.9209930832333752537, 1.000000000000000000),
 ( 1.000000000000000000, 0.9144482892598594370, 1.000000000000000000),
 ( 1.000000000000000000, 0.9027709600963130798, 1.000000000000000000),
 ( 1.000000000000000000, 0.8976402609429758872, 1.000000000000000000),
 ( 1.000000000000000000, 0.8892163811830717801, 1.000000000000000000),
 ( 1.000000000000000000, 0.8859248568116762090, 1.000000000000000000),
 ( 1.000000000000000000, 0.8814867487824864511, 1.000000000000000000),
 ( 1.000000000000000000, 0.8803441999452683575, 1.000000000000000000),
 ( 1.000000000000000000, 0.8803375011828180607, 1.000000000000000000),
 ( 1.000000000000000000, 0.8814660938550706870, 1.000000000000000000),
 ( 1.000000000000000000, 0.8858669186948233687, 1.000000000000000000),
 ( 1.000000000000000000, 0.8891380208971586541, 1.000000000000000000),
 ( 1.000000000000000000, 0.8975431435317366979, 1.000000000000000000),
 ( 1.000000000000000000, 0.9026754717183501642, 1.000000000000000000),
 ( 1.000000000000000000, 0.9144070449187343685, 1.000000000000000000),
 ( 1.000000000000000000, 0.9210358855323245164, 1.000000000000000000),
 ( 1.000000000000000000, 0.9279975443815889902, 1.000000000000000000) ) ) 
 REPRESENTATION_ITEM ( '' )  SURFACE ( )  );
#5268 = DIRECTION ( 'NONE',  ( 1.000000000000000000, 0.000000000000000000, 0.000000000000000000 ) ) ;
#5269 = CARTESIAN_POINT ( 'NONE',  ( -32.70210098213790673, 105.7547606873934711, -17.48886319926733890 ) ) ;
#5270 = CARTESIAN_POINT ( 'NONE',  ( -4.999999999999986677, 71.95002665055244506, 35.79571668975682286 ) ) ;
#5271 = ORIENTED_EDGE ( 'NONE', *, *, #1749, .T. ) ;
#5272 = CARTESIAN_POINT ( 'NONE',  ( 12.75275661093828106, 97.46196339113423335, 31.31966057346993892 ) ) ;
#5273 = ADVANCED_FACE ( 'NONE', ( #7452 ), #1142, .F. ) ;
#5274 = B_SPLINE_CURVE_WITH_KNOTS ( 'NONE', 3,
 ( #3752, #8159, #2433, #5673 ),
 .UNSPECIFIED., .F., .F.,
 ( 4, 4 ),
 ( 0.02461435632479736652, 0.02772688931822789651 ),
 .UNSPECIFIED. ) ;
#5275 = ORIENTED_EDGE ( 'NONE', *, *, #296, .T. ) ;
#5276 = DIRECTION ( 'NONE',  ( -0.7263372651181315698, 0.5445905829773574069, 0.4193510155384093108 ) ) ;
#5277 = CARTESIAN_POINT ( 'NONE',  ( -3.500000000000010214, 4.664717059371330521, -33.22798536380059886 ) ) ;
#5278 = LINE ( 'NONE', #2128, #1659 ) ;
#5279 = VECTOR ( 'NONE', #5692, 1000.000000000000000 ) ;
#5280 = DIRECTION ( 'NONE',  ( -0.000000000000000000, 1.000000000000000000, -0.000000000000000000 ) ) ;
#5281 = ORIENTED_EDGE ( 'NONE', *, *, #2967, .F. ) ;
#5282 = CARTESIAN_POINT ( 'NONE',  ( 14.93453778272120047, 107.0328893880635093, -30.06000862663264428 ) ) ;
#5283 = ORIENTED_EDGE ( 'NONE', *, *, #8049, .T. ) ;
#5284 = EDGE_CURVE ( 'NONE', #2925, #7883, #7267, .T. ) ;
#5285 = VECTOR ( 'NONE', #4181, 1000.000000000000114 ) ;
#5286 = ORIENTED_EDGE ( 'NONE', *, *, #8129, .T. ) ;
#5287 = DIRECTION ( 'NONE',  ( 0.000000000000000000, 1.000000000000000000, 0.000000000000000000 ) ) ;
#5288 = ORIENTED_EDGE ( 'NONE', *, *, #203, .F. ) ;
#5289 = DIRECTION ( 'NONE',  ( 1.000000000000000000, 0.000000000000000000, 0.000000000000000000 ) ) ;
#5290 = CARTESIAN_POINT ( 'NONE',  ( -33.50000000000000711, 0.000000000000000000, -6.827731325956207797 ) ) ;
#5291 = CARTESIAN_POINT ( 'NONE',  ( -27.50000000000000355, -3.000000000000000000, -20.49593455623173455 ) ) ;
#5292 = ORIENTED_EDGE ( 'NONE', *, *, #568, .F. ) ;
#5293 = CIRCLE ( 'NONE', #5960, 10.00000000000000888 ) ;
#5294 = ORIENTED_EDGE ( 'NONE', *, *, #290, .T. ) ;
#5295 = ORIENTED_EDGE ( 'NONE', *, *, #874, .T. ) ;
#5296 = CARTESIAN_POINT ( 'NONE',  ( 1.800000000000000266, 0.000000000000000000, 3.749999999999992895 ) ) ;
#5297 = CARTESIAN_POINT ( 'NONE',  ( -3.071348960120459548, 107.7816947185866354, -36.67889968036945447 ) ) ;
#5298 = LINE ( 'NONE', #4673, #741 ) ;
#5299 = ADVANCED_FACE ( 'NONE', ( #4915 ), #8119, .F. ) ;
#5300 = VECTOR ( 'NONE', #4760, 1000.000000000000000 ) ;
#5301 = CARTESIAN_POINT ( 'NONE',  ( 18.11006087497002426, 110.0000000000000000, 15.00000000000000000 ) ) ;
#5302 = ORIENTED_EDGE ( 'NONE', *, *, #5878, .F. ) ;
#5303 = ORIENTED_EDGE ( 'NONE', *, *, #7990, .T. ) ;
#5304 = CYLINDRICAL_SURFACE ( 'NONE', #3969, 3.500000000000003109 ) ;
#5305 = CIRCLE ( 'NONE', #3043, 1.000000000000000888 ) ;
#5306 = CARTESIAN_POINT ( 'NONE',  ( 34.56098777702020186, 110.0000000000006963, -15.81245348876190704 ) ) ;
#5307 = EDGE_CURVE ( 'NONE', #4241, #6657, #5371, .T. ) ;
#5308 = DIRECTION ( 'NONE',  ( 0.000000000000000000, 0.000000000000000000, 1.000000000000000000 ) ) ;
#5309 = DIRECTION ( 'NONE',  ( 0.000000000000000000, -6.122860667777164938E-17, -1.000000000000000000 ) ) ;
#5310 = VERTEX_POINT ( 'NONE', #1810 ) ;
#5311 = DIRECTION ( 'NONE',  ( -1.000000000000000000, -0.000000000000000000, -0.000000000000000000 ) ) ;
#5312 = EDGE_CURVE ( 'NONE', #4948, #7270, #377, .T. ) ;
#5313 = CIRCLE ( 'NONE', #7171, 8.000000000000000000 ) ;
#5314 = EDGE_CURVE ( 'NONE', #2523, #5601, #3669, .T. ) ;
#5315 = ORIENTED_EDGE ( 'NONE', *, *, #1097, .F. ) ;
#5316 = DIRECTION ( 'NONE',  ( 1.776356839400250859E-15, 0.000000000000000000, -1.000000000000000000 ) ) ;
#5317 = DIRECTION ( 'NONE',  ( 0.000000000000000000, -0.3258121545647343908, 0.9454345244055168962 ) ) ;
#5318 = EDGE_CURVE ( 'NONE', #7270, #2003, #959, .T. ) ;
#5319 = DIRECTION ( 'NONE',  ( 0.000000000000000000, 0.000000000000000000, -1.000000000000000000 ) ) ;
#5320 = CARTESIAN_POINT ( 'NONE',  ( 35.88523373199622313, 169.9999999999999716, -12.50000000000002132 ) ) ;
#5321 = ORIENTED_EDGE ( 'NONE', *, *, #7143, .T. ) ;
#5322 = CARTESIAN_POINT ( 'NONE',  ( 7.829906499754648586, 107.1012350799853294, -34.16186941032896840 ) ) ;
#5323 = ORIENTED_EDGE ( 'NONE', *, *, #7941, .T. ) ;
#5324 = EDGE_LOOP ( 'NONE', ( #6193, #4764, #8094 ) ) ;
#5325 = CARTESIAN_POINT ( 'NONE',  ( -33.50000000000001421, 101.6484425686766144, -1.151743217886925574 ) ) ;
#5326 = ORIENTED_EDGE ( 'NONE', *, *, #5419, .F. ) ;
#5327 = CARTESIAN_POINT ( 'NONE',  ( 36.76014657652679318, 53.55292592410720687, -17.45898751429709606 ) ) ;
#5328 = EDGE_CURVE ( 'NONE', #6834, #7114, #6914, .T. ) ;
#5329 = CARTESIAN_POINT ( 'NONE',  ( 38.00000000000000000, 175.0000000000000000, -12.50000000000002132 ) ) ;
#5330 = PLANE ( 'NONE',  #2603 ) ;
#5331 = ORIENTED_EDGE ( 'NONE', *, *, #7184, .F. ) ;
#5332 = EDGE_CURVE ( 'NONE', #7965, #865, #547, .T. ) ;
#5333 = PLANE ( 'NONE',  #3937 ) ;
#5334 = ORIENTED_EDGE ( 'NONE', *, *, #2161, .F. ) ;
#5335 = ORIENTED_EDGE ( 'NONE', *, *, #1223, .F. ) ;
#5336 = LINE ( 'NONE', #3427, #79 ) ;
#5337 = FACE_OUTER_BOUND ( 'NONE', #5972, .T. ) ;
#5338 = CARTESIAN_POINT ( 'NONE',  ( -6.314882820214216430, 102.9965023232095263, 35.03656873955332429 ) ) ;
#5339 = EDGE_CURVE ( 'NONE', #5787, #6160, #7306, .T. ) ;
#5340 = VERTEX_POINT ( 'NONE', #1852 ) ;
#5341 = ORIENTED_EDGE ( 'NONE', *, *, #7148, .F. ) ;
#5342 = CARTESIAN_POINT ( 'NONE',  ( 33.50000000000000000, 85.95002665055245927, -19.34123401785247509 ) ) ;
#5343 = CARTESIAN_POINT ( 'NONE',  ( 33.50000000000000711, 102.7976731698146438, 11.36085210847466342 ) ) ;
#5344 = CARTESIAN_POINT ( 'NONE',  ( 32.58695835514662065, 105.8491185971578403, -17.76562983500335235 ) ) ;
#5345 = DIRECTION ( 'NONE',  ( -0.000000000000000000, -0.000000000000000000, -1.000000000000000000 ) ) ;
#5346 = DIRECTION ( 'NONE',  ( 0.000000000000000000, 0.000000000000000000, 1.000000000000000000 ) ) ;
#5347 = ORIENTED_EDGE ( 'NONE', *, *, #5540, .F. ) ;
#5348 = CARTESIAN_POINT ( 'NONE',  ( -3.500000000000010214, 48.87236969310279733, 29.73353886326573203 ) ) ;
#5349 = EDGE_CURVE ( 'NONE', #3729, #3741, #6018, .T. ) ;
#5350 = EDGE_CURVE ( 'NONE', #7116, #3824, #2434, .T. ) ;
#5351 = ORIENTED_EDGE ( 'NONE', *, *, #3977, .T. ) ;
#5352 = FACE_OUTER_BOUND ( 'NONE', #1378, .T. ) ;
#5353 = LINE ( 'NONE', #4846, #1182 ) ;
#5354 = CARTESIAN_POINT ( 'NONE',  ( 1.800000000000000044, 0.000000000000000000, -3.749999999999992895 ) ) ;
#5355 = DIRECTION ( 'NONE',  ( 0.000000000000000000, 1.000000000000000000, 0.000000000000000000 ) ) ;
#5356 = ORIENTED_EDGE ( 'NONE', *, *, #4880, .F. ) ;
#5357 = CARTESIAN_POINT ( 'NONE',  ( 24.64743751040239772, 110.0000000000538876, -28.93849901243184419 ) ) ;
#5358 = VERTEX_POINT ( 'NONE', #5627 ) ;
#5359 = AXIS2_PLACEMENT_3D ( 'NONE', #322, #2814, #5973 ) ;
#5360 = DIRECTION ( 'NONE',  ( 0.8660254037844387076, 0.000000000000000000, 0.4999999999999999445 ) ) ;
#5361 = DIRECTION ( 'NONE',  ( -0.000000000000000000, -0.000000000000000000, -1.000000000000000000 ) ) ;
#5362 = AXIS2_PLACEMENT_3D ( 'NONE', #5658, #8189, #2512 ) ;
#5363 = CARTESIAN_POINT ( 'NONE',  ( 3.499999999999996003, 97.07832394846914781, 34.47182714764789324 ) ) ;
#5364 = EDGE_CURVE ( 'NONE', #7270, #8047, #8161, .T. ) ;
#5365 = CARTESIAN_POINT ( 'NONE',  ( -3.500000000000010214, 5.899441088432931579, 36.50295964951001793 ) ) ;
#5366 = DIRECTION ( 'NONE',  ( 0.000000000000000000, 1.000000000000000000, 0.000000000000000000 ) ) ;
#5367 = ORIENTED_EDGE ( 'NONE', *, *, #1150, .F. ) ;
#5369 = VECTOR ( 'NONE', #4169, 1000.000000000000000 ) ;
#5368 = DIRECTION ( 'NONE',  ( 0.000000000000000000, 0.000000000000000000, 1.000000000000000000 ) ) ;
#5370 = EDGE_LOOP ( 'NONE', ( #7662, #8141, #8106, #1559 ) ) ;
#5371 = CIRCLE ( 'NONE', #4439, 1.000000000000000888 ) ;
#5372 = EDGE_CURVE ( 'NONE', #6763, #3015, #3309, .T. ) ;
#5373 = EDGE_LOOP ( 'NONE', ( #7348, #5283, #7655, #1517, #2042, #5390, #421, #3945, #1152, #1750, #2657, #121, #6222, #689, #4608, #2133, #3870, #4005 ) ) ;
#5374 = DIRECTION ( 'NONE',  ( 0.000000000000000000, 0.8993531712388825872, 0.4372229104044813575 ) ) ;
#5375 = VECTOR ( 'NONE', #2102, 1000.000000000000000 ) ;
#5376 = VECTOR ( 'NONE', #1348, 1000.000000000000114 ) ;
#5377 = CARTESIAN_POINT ( 'NONE',  ( -7.012864490701455900, 110.0000000000165414, -37.35350544606073697 ) ) ;
#5378 = DIRECTION ( 'NONE',  ( 1.000000000000000000, 0.000000000000000000, 0.000000000000000000 ) ) ;
#5379 = VECTOR ( 'NONE', #968, 1000.000000000000000 ) ;
#5380 = VECTOR ( 'NONE', #7774, 1000.000000000000000 ) ;
#5381 = VERTEX_POINT ( 'NONE', #5210 ) ;
#5382 = EDGE_CURVE ( 'NONE', #4044, #1926, #7045, .T. ) ;
#5383 = CARTESIAN_POINT ( 'NONE',  ( 3.499999999999996003, 7.520546934683549622, -31.83961615620216890 ) ) ;
#5384 = LINE ( 'NONE', #248, #7011 ) ;
#5385 = DIRECTION ( 'NONE',  ( -0.000000000000000000, -0.000000000000000000, 1.000000000000000000 ) ) ;
#5386 = CARTESIAN_POINT ( 'NONE',  ( 33.57359003388717866, 107.3905954822432847, 13.28237650571547945 ) ) ;
#5387 = AXIS2_PLACEMENT_3D ( 'NONE', #1028, #1729, #445 ) ;
#5388 = AXIS2_PLACEMENT_3D ( 'NONE', #414, #6795, #6673 ) ;
#5389 = DIRECTION ( 'NONE',  ( 0.000000000000000000, 1.000000000000000000, 0.000000000000000000 ) ) ;
#5390 = ORIENTED_EDGE ( 'NONE', *, *, #7595, .F. ) ;
#5391 = CARTESIAN_POINT ( 'NONE',  ( -3.500000000000010214, 4.664717059371330521, -32.22798536380059886 ) ) ;
#5392 = CIRCLE ( 'NONE', #629, 1.000000000000000000 ) ;
#5393 = VERTEX_POINT ( 'NONE', #2564 ) ;
#5394 = CARTESIAN_POINT ( 'NONE',  ( -3.500000000000010214, 3.429993030309729463, -36.50295964951001793 ) ) ;
#5395 = CARTESIAN_POINT ( 'NONE',  ( 4.999999999999984013, 5.672675879974220514, 35.79571668975681575 ) ) ;
#5396 = LINE ( 'NONE', #5354, #7098 ) ;
#5397 = CARTESIAN_POINT ( 'NONE',  ( -15.50961894323343415, 0.8972784072977196823, 29.72798536380060597 ) ) ;
#5398 = VERTEX_POINT ( 'NONE', #5752 ) ;
#5399 = CARTESIAN_POINT ( 'NONE',  ( 18.74414122166644248, 101.6780911546465092, -27.86053305564745486 ) ) ;
#5400 = EDGE_LOOP ( 'NONE', ( #3331, #2251, #7925, #1627 ) ) ;
#5401 = CARTESIAN_POINT ( 'NONE',  ( -33.50000000000000711, 101.8925922954157244, 5.705154877666119617 ) ) ;
#5402 = CARTESIAN_POINT ( 'NONE',  ( 30.14858354603826385, 104.8146581701279985, -21.04964256114535459 ) ) ;
#5403 = CARTESIAN_POINT ( 'NONE',  ( 4.988753912261970846, 110.0000000000493685, 37.67763861167239980 ) ) ;
#5404 = DIRECTION ( 'NONE',  ( 0.8660254037844389297, 0.000000000000000000, -0.4999999999999996669 ) ) ;
#5405 = DIRECTION ( 'NONE',  ( 0.000000000000000000, 0.000000000000000000, 1.000000000000000000 ) ) ;
#5406 = DIRECTION ( 'NONE',  ( 2.444574963026886813E-17, -0.9912216665448856379, 0.1322104677095566061 ) ) ;
#5407 = ADVANCED_FACE ( 'NONE', ( #8206 ), #7629, .T. ) ;
#5408 = CARTESIAN_POINT ( 'NONE',  ( -2.912702927882211237E-17, 62.95002665055243796, -38.68246803570493597 ) ) ;
#5409 = ORIENTED_EDGE ( 'NONE', *, *, #5536, .F. ) ;
#5410 = DIRECTION ( 'NONE',  ( 0.000000000000000000, 0.000000000000000000, -1.000000000000000000 ) ) ;
#5411 = VERTEX_POINT ( 'NONE', #1317 ) ;
#5412 = CIRCLE ( 'NONE', #4209, 4.000000000000000000 ) ;
#5413 = EDGE_CURVE ( 'NONE', #8009, #6541, #1357, .T. ) ;
#5414 = ORIENTED_EDGE ( 'NONE', *, *, #3196, .T. ) ;
#5415 = VERTEX_POINT ( 'NONE', #7129 ) ;
#5416 = CARTESIAN_POINT ( 'NONE',  ( -27.50000000000000355, 0.000000000000000000, -15.87713240271471804 ) ) ;
#5417 = CIRCLE ( 'NONE', #253, 3.999999999999999112 ) ;
#5418 = CARTESIAN_POINT ( 'NONE',  ( -4.999999999999999112, 110.0000000000000000, -35.79571668975681575 ) ) ;
#5419 = EDGE_CURVE ( 'NONE', #7359, #3487, #5045, .T. ) ;
#5420 = DIRECTION ( 'NONE',  ( 1.000000000000000000, -0.000000000000000000, 1.849002583061117992E-16 ) ) ;
#5421 = VECTOR ( 'NONE', #7495, 1000.000000000000000 ) ;
#5422 = ORIENTED_EDGE ( 'NONE', *, *, #2373, .F. ) ;
#5423 = CARTESIAN_POINT ( 'NONE',  ( 4.605769670132730198, 3.889072058853499492, 36.02332567682837805 ) ) ;
#5424 = CARTESIAN_POINT ( 'NONE',  ( 33.50000000000000711, 101.6781246944578641, 2.303535879582136126 ) ) ;
#5425 = CARTESIAN_POINT ( 'NONE',  ( 33.62236321259618421, 109.9999999999746052, -17.72126581387849242 ) ) ;
#5426 = CARTESIAN_POINT ( 'NONE',  ( 34.26238468519276381, 110.0000000000248548, 16.44978923061200859 ) ) ;
#5427 = CIRCLE ( 'NONE', #3311, 1.000000000000000888 ) ;
#5428 = DIRECTION ( 'NONE',  ( 2.664535259100376091E-15, 0.000000000000000000, -1.000000000000000000 ) ) ;
#5429 = VERTEX_POINT ( 'NONE', #5082 ) ;
#5430 = EDGE_CURVE ( 'NONE', #3824, #7244, #1443, .T. ) ;
#5431 = LINE ( 'NONE', #4257, #95 ) ;
#5432 = AXIS2_PLACEMENT_3D ( 'NONE', #443, #1186, #2395 ) ;
#5433 = EDGE_LOOP ( 'NONE', ( #4918, #6400, #7068, #1404 ) ) ;
#5434 = DIRECTION ( 'NONE',  ( -0.8660254037844384856, 0.000000000000000000, -0.5000000000000002220 ) ) ;
#5435 = CARTESIAN_POINT ( 'NONE',  ( 3.499999999999996003, 48.67528175613146146, -32.22798536380059886 ) ) ;
#5436 = CARTESIAN_POINT ( 'NONE',  ( 27.49999999999999645, 62.95002665055243796, -15.87713240271472515 ) ) ;
#5437 = VERTEX_POINT ( 'NONE', #5171 ) ;
#5438 = CIRCLE ( 'NONE', #8084, 8.000000000000000000 ) ;
#5439 = CARTESIAN_POINT ( 'NONE',  ( -9.554943959719052415, 107.0353440241442513, -33.16591856847465181 ) ) ;
#5440 = EDGE_LOOP ( 'NONE', ( #5905, #3383, #2143, #7362 ) ) ;
#5441 = CARTESIAN_POINT ( 'NONE',  ( -33.50000000000395062, 107.0246128570724125, 7.274844132550886577 ) ) ;
#5442 = EDGE_CURVE ( 'NONE', #7066, #491, #3841, .T. ) ;
#5443 = CARTESIAN_POINT ( 'NONE',  ( 27.49999999999999645, 110.0000000000000000, -15.87713240271472515 ) ) ;
#5444 = DIRECTION ( 'NONE',  ( 0.000000000000000000, -0.9245283778641979477, -0.3811132095897422634 ) ) ;
#5445 = DIRECTION ( 'NONE',  ( 0.000000000000000000, 0.000000000000000000, 1.000000000000000000 ) ) ;
#5446 = CARTESIAN_POINT ( 'NONE',  ( -3.500000000000010214, 48.87236969310279733, 29.73353886326573203 ) ) ;
#5447 = ORIENTED_EDGE ( 'NONE', *, *, #7798, .T. ) ;
#5448 = CARTESIAN_POINT ( 'NONE',  ( 15.83392779374028336, 107.0365030457156195, 29.54074556166056098 ) ) ;
#5449 = ORIENTED_EDGE ( 'NONE', *, *, #4037, .F. ) ;
#5450 = ORIENTED_EDGE ( 'NONE', *, *, #357, .F. ) ;
#5451 = EDGE_CURVE ( 'NONE', #7609, #5398, #3246, .T. ) ;
#5452 = CARTESIAN_POINT ( 'NONE',  ( -8.339404862628711612, 110.0000000000000000, 37.07363384586362542 ) ) ;
#5453 = EDGE_CURVE ( 'NONE', #3456, #1487, #743, .T. ) ;
#5454 = CARTESIAN_POINT ( 'NONE',  ( -12.50000000000006928, 110.0000000000000284, 31.46558967083458569 ) ) ;
#5455 = CARTESIAN_POINT ( 'NONE',  ( 2.881944626345619653, 109.9999999999961204, -37.89221151001099486 ) ) ;
#5456 = CARTESIAN_POINT ( 'NONE',  ( 4.196938965583875358, 4.185067666179163481, -36.22352772227512929 ) ) ;
#5457 = ORIENTED_EDGE ( 'NONE', *, *, #3618, .F. ) ;
#5458 = DIRECTION ( 'NONE',  ( 1.477860147117643843E-16, 0.6009664534901699717, -0.7992742469136906447 ) ) ;
#5459 = CARTESIAN_POINT ( 'NONE',  ( -3.500000000000010214, 4.664717059371330521, -34.22798536380060597 ) ) ;
#5460 = CARTESIAN_POINT ( 'NONE',  ( 31.68330817057741200, 105.8509778106406856, -19.33226538394759686 ) ) ;
#5461 = EDGE_CURVE ( 'NONE', #1286, #6528, #6334, .T. ) ;
#5462 = CARTESIAN_POINT ( 'NONE',  ( 31.93387055012188114, 105.9331469466111173, 18.96022203625389579 ) ) ;
#5463 = CARTESIAN_POINT ( 'NONE',  ( -35.12293396238693788, 109.9999999999994174, -14.52153818751092196 ) ) ;
#5464 = ORIENTED_EDGE ( 'NONE', *, *, #5230, .T. ) ;
#5465 = CARTESIAN_POINT ( 'NONE',  ( 3.499999999999996003, 4.664717059371330521, -34.22798536380060597 ) ) ;
#5466 = EDGE_CURVE ( 'NONE', #4353, #854, #5674, .T. ) ;
#5467 = VERTEX_POINT ( 'NONE', #1979 ) ;
#5468 = DIRECTION ( 'NONE',  ( -1.000000000000000000, 0.000000000000000000, 0.000000000000000000 ) ) ;
#5469 = DIRECTION ( 'NONE',  ( 0.000000000000000000, -0.9245283778641979477, 0.3811132095897422634 ) ) ;
#5470 = CARTESIAN_POINT ( 'NONE',  ( 0.000000000000000000, 110.0000000000000000, -20.00000000000000000 ) ) ;
#5471 = ORIENTED_EDGE ( 'NONE', *, *, #2577, .F. ) ;
#5472 =( BOUNDED_CURVE ( )  B_SPLINE_CURVE ( 3, ( #7485, #8149, #2473, #4993 ),
 .UNSPECIFIED., .F., .F. ) 
 B_SPLINE_CURVE_WITH_KNOTS ( ( 4, 4 ),
 ( 0.3923647502199190118, 0.5235987755982981495 ),
 .UNSPECIFIED. ) 
 CURVE ( )  GEOMETRIC_REPRESENTATION_ITEM ( )  RATIONAL_B_SPLINE_CURVE ( ( 1.000000000000000000, 0.9985653174226138962, 0.9985653174226138962, 1.000000000000000000 ) ) 
 REPRESENTATION_ITEM ( '' )  );
#5473 = CARTESIAN_POINT ( 'NONE',  ( -3.469446951953614189E-15, 85.95002665055245927, -27.13546265191242313 ) ) ;
#5474 = VERTEX_POINT ( 'NONE', #1274 ) ;
#5475 = CARTESIAN_POINT ( 'NONE',  ( -33.50000000001612221, 107.1567182980635522, 11.29516831288593082 ) ) ;
#5476 = EDGE_CURVE ( 'NONE', #5411, #7607, #5768, .T. ) ;
#5477 = CARTESIAN_POINT ( 'NONE',  ( -5.000000000000011546, 102.3783935413852788, 35.79571668975681575 ) ) ;
#5478 = CARTESIAN_POINT ( 'NONE',  ( 3.499999999999996003, 102.5380366088657524, -35.13631015413126590 ) ) ;
#5479 = CARTESIAN_POINT ( 'NONE',  ( -4.999999999999999112, 110.0000000000000000, -35.79571668975681575 ) ) ;
#5480 = CARTESIAN_POINT ( 'NONE',  ( 0.000000000000000000, 115.0000000000000000, -27.00000000000000355 ) ) ;
#5481 = CARTESIAN_POINT ( 'NONE',  ( 28.50000000000000000, 110.0000000000000000, 22.22798536380061662 ) ) ;
#5482 = ORIENTED_EDGE ( 'NONE', *, *, #2972, .T. ) ;
#5483 = CARTESIAN_POINT ( 'NONE',  ( 3.368536366827511825E-15, 110.0000000000000000, -31.75426480542942898 ) ) ;
#5484 = EDGE_LOOP ( 'NONE', ( #24, #608 ) ) ;
#5485 = CIRCLE ( 'NONE', #6415, 38.00000000000000000 ) ;
#5486 = VERTEX_POINT ( 'NONE', #4546 ) ;
#5487 = DIRECTION ( 'NONE',  ( 0.000000000000000000, 0.000000000000000000, 1.000000000000000000 ) ) ;
#5488 = CARTESIAN_POINT ( 'NONE',  ( 1.800000000000000266, -5.000000000000000000, 3.749999999999992895 ) ) ;
#5489 = CARTESIAN_POINT ( 'NONE',  ( 5.000000000000067502, 103.4621466860844237, -35.79571668975677312 ) ) ;
#5490 = CIRCLE ( 'NONE', #6425, 9.999999999999998224 ) ;
#5491 = DIRECTION ( 'NONE',  ( 0.000000000000000000, -1.000000000000000000, 1.301042606982605321E-16 ) ) ;
#5492 = AXIS2_PLACEMENT_3D ( 'NONE', #1259, #6360, #3164 ) ;
#5493 = ORIENTED_EDGE ( 'NONE', *, *, #3492, .F. ) ;
#5494 = EDGE_CURVE ( 'NONE', #4144, #7684, #3180, .T. ) ;
#5495 = VERTEX_POINT ( 'NONE', #3927 ) ;
#5496 = VECTOR ( 'NONE', #1621, 1000.000000000000000 ) ;
#5497 = DIRECTION ( 'NONE',  ( -1.000000000000000000, -0.000000000000000000, -0.000000000000000000 ) ) ;
#5498 = CARTESIAN_POINT ( 'NONE',  ( 36.77636832536577316, 110.0000000000702585, 9.610205192514115424 ) ) ;
#5499 = CARTESIAN_POINT ( 'NONE',  ( -4.999999999999999112, 80.95002665055245927, -35.79571668975681575 ) ) ;
#5500 = CARTESIAN_POINT ( 'NONE',  ( 27.93700628980602474, 110.0000000000000000, 25.75895338641184651 ) ) ;
#5501 = AXIS2_PLACEMENT_3D ( 'NONE', #5115, #4409, #2554 ) ;
#5502 = ADVANCED_FACE ( 'NONE', ( #6462 ), #781, .F. ) ;
#5503 = DIRECTION ( 'NONE',  ( -1.000000000000000000, -0.000000000000000000, -0.000000000000000000 ) ) ;
#5504 = VERTEX_POINT ( 'NONE', #4754 ) ;
#5505 = VECTOR ( 'NONE', #352, 1000.000000000000000 ) ;
#5506 = CARTESIAN_POINT ( 'NONE',  ( -16.00000000000000000, 110.0000000000000000, 16.00000000000000000 ) ) ;
#5507 = ORIENTED_EDGE ( 'NONE', *, *, #6874, .T. ) ;
#5508 = CARTESIAN_POINT ( 'NONE',  ( -33.50000000000000711, 110.0000000000000000, 13.56773132595621689 ) ) ;
#5509 = VECTOR ( 'NONE', #4859, 1000.000000000000000 ) ;
#5510 = DIRECTION ( 'NONE',  ( -0.000000000000000000, -0.000000000000000000, 1.000000000000000000 ) ) ;
#5511 = VERTEX_POINT ( 'NONE', #2270 ) ;
#5512 = ADVANCED_FACE ( 'NONE', ( #2811 ), #7874, .T. ) ;
#5513 = DIRECTION ( 'NONE',  ( 0.000000000000000000, 0.000000000000000000, -1.000000000000000000 ) ) ;
#5514 = VECTOR ( 'NONE', #4390, 1000.000000000000000 ) ;
#5515 = VECTOR ( 'NONE', #118, 1000.000000000000114 ) ;
#5516 = ORIENTED_EDGE ( 'NONE', *, *, #2623, .T. ) ;
#5517 = FACE_OUTER_BOUND ( 'NONE', #6627, .T. ) ;
#5518 = CARTESIAN_POINT ( 'NONE',  ( 0.5799217158053260324, 108.0583014988327051, 37.13559919606344550 ) ) ;
#5519 = CARTESIAN_POINT ( 'NONE',  ( 3.499999999999996003, 0.000000000000000000, -5.547007749183353632E-15 ) ) ;
#5520 = CARTESIAN_POINT ( 'NONE',  ( 27.93700628980611711, 110.0000000000000000, 25.75895338641175414 ) ) ;
#5521 = CARTESIAN_POINT ( 'NONE',  ( -3.981630956429018209, 6.332962337385120932, 36.31282312856293970 ) ) ;
#5522 = CARTESIAN_POINT ( 'NONE',  ( 27.49999999999999645, 110.0000000000000000, 15.87713240271472159 ) ) ;
#5523 = VERTEX_POINT ( 'NONE', #979 ) ;
#5524 = CARTESIAN_POINT ( 'NONE',  ( 14.54077171542414071, 109.9999999999458851, 35.12120241151762201 ) ) ;
#5525 = EDGE_LOOP ( 'NONE', ( #3325, #5991, #2750, #2248 ) ) ;
#5526 = EDGE_CURVE ( 'NONE', #3906, #600, #7489, .T. ) ;
#5527 = ORIENTED_EDGE ( 'NONE', *, *, #7595, .T. ) ;
#5528 = DIRECTION ( 'NONE',  ( 0.5000000000000002220, 0.000000000000000000, -0.8660254037844385966 ) ) ;
#5529 = CARTESIAN_POINT ( 'NONE',  ( -7.829906499751691840, 107.1012350800012030, 34.16186941034480640 ) ) ;
#5530 = DIRECTION ( 'NONE',  ( 0.000000000000000000, 0.000000000000000000, 1.000000000000000000 ) ) ;
#5531 = CARTESIAN_POINT ( 'NONE',  ( -0.5799217158010304685, 108.0583014988327051, -37.13559919606344550 ) ) ;
#5532 = CARTESIAN_POINT ( 'NONE',  ( 3.499999999999996003, 7.294995000639755922, 35.00702198090831274 ) ) ;
#5533 = VERTEX_POINT ( 'NONE', #6507 ) ;
#5534 = VECTOR ( 'NONE', #6197, 1000.000000000000000 ) ;
#5535 = ORIENTED_EDGE ( 'NONE', *, *, #2827, .F. ) ;
#5536 = EDGE_CURVE ( 'NONE', #2130, #6588, #2454, .T. ) ;
#5537 = VECTOR ( 'NONE', #2661, 1000.000000000000000 ) ;
#5538 = FACE_OUTER_BOUND ( 'NONE', #2499, .T. ) ;
#5539 = DIRECTION ( 'NONE',  ( 0.000000000000000000, -0.1208150920878816870, 0.9926750291630168643 ) ) ;
#5540 = EDGE_CURVE ( 'NONE', #4576, #3060, #363, .T. ) ;
#5541 = CARTESIAN_POINT ( 'NONE',  ( 29.18115783413804820, 107.5588201122095171, -21.86624249523587338 ) ) ;
#5542 = CARTESIAN_POINT ( 'NONE',  ( -3.500000000000010214, 47.44055772706986573, 36.50295964951001793 ) ) ;
#5543 = CARTESIAN_POINT ( 'NONE',  ( -9.257119675784528212, 103.5007008681414078, 33.42156019206939987 ) ) ;
#5544 = DIRECTION ( 'NONE',  ( 0.000000000000000000, 1.000000000000000000, 0.000000000000000000 ) ) ;
#5545 = ORIENTED_EDGE ( 'NONE', *, *, #4105, .F. ) ;
#5546 = AXIS2_PLACEMENT_3D ( 'NONE', #4397, #6848, #4314 ) ;
#5547 = DIRECTION ( 'NONE',  ( -0.000000000000000000, -1.000000000000000000, -0.000000000000000000 ) ) ;
#5548 = ORIENTED_EDGE ( 'NONE', *, *, #174, .T. ) ;
#5549 = ADVANCED_FACE ( 'NONE', ( #7954 ), #3505, .F. ) ;
#5550 = LINE ( 'NONE', #536, #1528 ) ;
#5551 = CARTESIAN_POINT ( 'NONE',  ( -28.50000000000000000, -3.000000000000002665, -22.22798536380060952 ) ) ;
#5552 = CIRCLE ( 'NONE', #3439, 1.000000000000000000 ) ;
#5553 = DIRECTION ( 'NONE',  ( -1.000000000000000000, -0.000000000000000000, -0.000000000000000000 ) ) ;
#5554 = EDGE_CURVE ( 'NONE', #2017, #1748, #7914, .T. ) ;
#5555 = PLANE ( 'NONE',  #3131 ) ;
#5556 = ORIENTED_EDGE ( 'NONE', *, *, #1097, .T. ) ;
#5557 = CARTESIAN_POINT ( 'NONE',  ( -15.83392779373402703, 107.0365030457076614, -29.54074556166272814 ) ) ;
#5558 = AXIS2_PLACEMENT_3D ( 'NONE', #4009, #2186, #4164 ) ;
#5559 = EDGE_CURVE ( 'NONE', #7016, #1390, #4714, .T. ) ;
#5560 = ORIENTED_EDGE ( 'NONE', *, *, #7639, .T. ) ;
#5561 = ORIENTED_EDGE ( 'NONE', *, *, #1714, .F. ) ;
#5562 = ADVANCED_FACE ( 'NONE', ( #2230 ), #7327, .F. ) ;
#5563 = DIRECTION ( 'NONE',  ( 1.695928463480039531E-16, -0.3258121545647285622, 0.9454345244055187836 ) ) ;
#5564 = DIRECTION ( 'NONE',  ( 0.000000000000000000, -1.000000000000000000, 0.000000000000000000 ) ) ;
#5565 = DIRECTION ( 'NONE',  ( 0.000000000000000000, -0.9200893390015717488, -0.3917085756728471702 ) ) ;
#5566 = VECTOR ( 'NONE', #6451, 1000.000000000000000 ) ;
#5567 = LINE ( 'NONE', #4817, #7838 ) ;
#5568 = CARTESIAN_POINT ( 'NONE',  ( 6.366059307386333188, 7.294995000639759475, 35.00702198090831274 ) ) ;
#5569 = ORIENTED_EDGE ( 'NONE', *, *, #851, .T. ) ;
#5570 = CARTESIAN_POINT ( 'NONE',  ( -12.50000000000002487, 80.95002665055245927, 24.53738644055908935 ) ) ;
#5571 = ORIENTED_EDGE ( 'NONE', *, *, #1159, .F. ) ;
#5572 = CIRCLE ( 'NONE', #3847, 2.000000000000001776 ) ;
#5573 = VERTEX_POINT ( 'NONE', #7249 ) ;
#5574 = CARTESIAN_POINT ( 'NONE',  ( -0.7999999999999928280, 0.000000000000000000, -4.750000000000000000 ) ) ;
#5575 = CARTESIAN_POINT ( 'NONE',  ( -33.49999999999607780, 107.1016180047602262, -10.30609684194265618 ) ) ;
#5576 = EDGE_CURVE ( 'NONE', #7242, #543, #824, .T. ) ;
#5577 = CARTESIAN_POINT ( 'NONE',  ( 7.583914826994217151, 102.6393472897092920, 34.30389276882862504 ) ) ;
#5578 = EDGE_CURVE ( 'NONE', #2598, #5163, #2449, .T. ) ;
#5579 = FACE_OUTER_BOUND ( 'NONE', #12, .T. ) ;
#5580 = CYLINDRICAL_SURFACE ( 'NONE', #4841, 9.999999999999998224 ) ;
#5581 = VERTEX_POINT ( 'NONE', #1564 ) ;
#5582 = ORIENTED_EDGE ( 'NONE', *, *, #1107, .F. ) ;
#5583 = CARTESIAN_POINT ( 'NONE',  ( 8.948156298202157188, 102.7352088982278673, 33.51624758818707051 ) ) ;
#5584 = DIRECTION ( 'NONE',  ( 0.000000000000000000, -1.000000000000000000, -0.000000000000000000 ) ) ;
#5585 = ADVANCED_FACE ( 'NONE', ( #5888 ), #3430, .T. ) ;
#5586 = CARTESIAN_POINT ( 'NONE',  ( 30.23395312600569795, 107.7827008013912717, -20.99491223002262785 ) ) ;
#5587 = CARTESIAN_POINT ( 'NONE',  ( 4.999999999999984013, 110.0000000000000000, 35.79571668975681575 ) ) ;
#5588 = LINE ( 'NONE', #4254, #7426 ) ;
#5589 = LINE ( 'NONE', #1766, #1017 ) ;
#5590 = ORIENTED_EDGE ( 'NONE', *, *, #6995, .F. ) ;
#5591 = DIRECTION ( 'NONE',  ( 0.000000000000000000, 0.000000000000000000, -1.000000000000000000 ) ) ;
#5592 = VERTEX_POINT ( 'NONE', #2734 ) ;
#5593 = DIRECTION ( 'NONE',  ( -0.8654769833252207167, -0.03558260500630507084, 0.4996833693002408205 ) ) ;
#5594 = DIRECTION ( 'NONE',  ( 0.000000000000000000, 0.000000000000000000, 1.000000000000000000 ) ) ;
#5595 = CARTESIAN_POINT ( 'NONE',  ( 3.499999999999996003, 102.9216760515308380, -31.98414357995329382 ) ) ;
#5596 = FACE_OUTER_BOUND ( 'NONE', #358, .T. ) ;
#5597 = ORIENTED_EDGE ( 'NONE', *, *, #7184, .T. ) ;
#5598 = CARTESIAN_POINT ( 'NONE',  ( -18.72919669032870260, 101.6775501992645729, -27.86916128483821353 ) ) ;
#5599 = EDGE_CURVE ( 'NONE', #4044, #5077, #282, .T. ) ;
#5600 = ADVANCED_FACE ( 'NONE', ( #6624 ), #1485, .T. ) ;
#5601 = VERTEX_POINT ( 'NONE', #6004 ) ;
#5602 = ORIENTED_EDGE ( 'NONE', *, *, #6184, .F. ) ;
#5603 = CARTESIAN_POINT ( 'NONE',  ( 0.000000000000000000, 110.0000000000000000, 0.000000000000000000 ) ) ;
#5604 = CARTESIAN_POINT ( 'NONE',  ( -2.881944626349447258, 109.9999999999949694, 37.89221151001007826 ) ) ;
#5605 = DIRECTION ( 'NONE',  ( 0.8660254037844387076, 0.000000000000000000, -0.4999999999999999445 ) ) ;
#5606 = CARTESIAN_POINT ( 'NONE',  ( -15.50961894323343593, 48.67528175613146146, 29.72798536380060241 ) ) ;
#5607 = LINE ( 'NONE', #6808, #6370 ) ;
#5608 = CARTESIAN_POINT ( 'NONE',  ( -3.500000000000010214, 4.664717059371330521, 33.22798536380059886 ) ) ;
#5609 = EDGE_LOOP ( 'NONE', ( #3463, #3122, #6371, #3545, #6431 ) ) ;
#5610 = CARTESIAN_POINT ( 'NONE',  ( 4.999999999999555911, 103.4621466860846652, 35.79571668975706444 ) ) ;
#5611 = ORIENTED_EDGE ( 'NONE', *, *, #8139, .F. ) ;
#5612 = EDGE_LOOP ( 'NONE', ( #584, #3393, #6651, #4296 ) ) ;
#5613 = PLANE ( 'NONE',  #2447 ) ;
#5614 = CARTESIAN_POINT ( 'NONE',  ( -11.85418739879589900, 109.9999999999349569, 36.11572382084922594 ) ) ;
#5615 = CARTESIAN_POINT ( 'NONE',  ( -0.8000000000000001554, 0.000000000000000000, 3.750000000000000000 ) ) ;
#5616 = CARTESIAN_POINT ( 'NONE',  ( -1.380348874026484114E-14, 110.0000000000000000, 38.68246803570493597 ) ) ;
#5617 = CARTESIAN_POINT ( 'NONE',  ( 0.000000000000000000, 115.0000000000000000, -20.00000000000000000 ) ) ;
#5618 = PLANE ( 'NONE',  #7240 ) ;
#5619 = EDGE_LOOP ( 'NONE', ( #432, #4051, #44 ) ) ;
#5620 = EDGE_CURVE ( 'NONE', #2624, #7209, #5298, .T. ) ;
#5621 = AXIS2_PLACEMENT_3D ( 'NONE', #3280, #7014, #6389 ) ;
#5622 = ORIENTED_EDGE ( 'NONE', *, *, #7571, .F. ) ;
#5623 = CARTESIAN_POINT ( 'NONE',  ( -15.91613533166717076, 101.6414306294737457, -29.49328301750838932 ) ) ;
#5624 = DIRECTION ( 'NONE',  ( 0.000000000000000000, 1.000000000000000000, 0.000000000000000000 ) ) ;
#5625 = AXIS2_PLACEMENT_3D ( 'NONE', #1007, #504, #388 ) ;
#5626 = DIRECTION ( 'NONE',  ( -0.000000000000000000, 1.000000000000000000, -0.000000000000000000 ) ) ;
#5627 = CARTESIAN_POINT ( 'NONE',  ( 12.49999999999997691, 67.95002665055244506, 31.46558967083463187 ) ) ;
#5628 = CARTESIAN_POINT ( 'NONE',  ( -13.70812835379855876, 102.5277591006688311, 30.80299055715947176 ) ) ;
#5629 = CARTESIAN_POINT ( 'NONE',  ( -32.16467817330013901, 109.9999999999777032, -20.24705474499654301 ) ) ;
#5630 = CC_DESIGN_PERSON_AND_ORGANIZATION_ASSIGNMENT ( #228, #3419, ( #3664 ) ) ;
#5631 = CARTESIAN_POINT ( 'NONE',  ( 3.499999999999996003, 97.46196339113423335, 31.31966057346993892 ) ) ;
#5632 = AXIS2_PLACEMENT_3D ( 'NONE', #4067, #6601, #7692 ) ;
#5633 = EDGE_CURVE ( 'NONE', #2506, #7800, #213, .T. ) ;
#5634 = ORIENTED_EDGE ( 'NONE', *, *, #5776, .T. ) ;
#5635 = CARTESIAN_POINT ( 'NONE',  ( -13.70812835379072858, 102.5277591006735634, -30.80299055716437806 ) ) ;
#5636 = DIRECTION ( 'NONE',  ( 0.000000000000000000, 1.000000000000000000, 0.000000000000000000 ) ) ;
#5637 = CARTESIAN_POINT ( 'NONE',  ( 27.49999999999999645, 0.000000000000000000, 15.87713240271472159 ) ) ;
#5638 = AXIS2_PLACEMENT_3D ( 'NONE', #2220, #4700, #4121 ) ;
#5639 = LINE ( 'NONE', #7683, #6979 ) ;
#5640 = EDGE_LOOP ( 'NONE', ( #1948, #3728, #1148, #7458 ) ) ;
#5641 = CARTESIAN_POINT ( 'NONE',  ( -23.05019982735976214, 107.0246128570724125, -25.37442896051632957 ) ) ;
#5642 = AXIS2_PLACEMENT_3D ( 'NONE', #6072, #3574, #3535 ) ;
#5643 = ORIENTED_EDGE ( 'NONE', *, *, #6878, .F. ) ;
#5644 = AXIS2_PLACEMENT_3D ( 'NONE', #4359, #678, #7606 ) ;
#5645 = ORIENTED_EDGE ( 'NONE', *, *, #3507, .T. ) ;
#5646 = DIRECTION ( 'NONE',  ( -0.6037141026483991979, -0.7169651616486799606, 0.3485544996776262505 ) ) ;
#5647 = CARTESIAN_POINT ( 'NONE',  ( -3.464931962498168705, 104.6076740553080811, 36.52565359598707317 ) ) ;
#5648 = CARTESIAN_POINT ( 'NONE',  ( -33.50000000000000711, 101.6482450974854430, 1.140244526780168188 ) ) ;
#5649 = EDGE_CURVE ( 'NONE', #1623, #6283, #4994, .T. ) ;
#5650 = DIRECTION ( 'NONE',  ( 0.000000000000000000, 0.000000000000000000, 1.000000000000000000 ) ) ;
#5651 = CARTESIAN_POINT ( 'NONE',  ( 4.221003155635248305, 99.39233975324073356, -36.21171289635505275 ) ) ;
#5652 = VERTEX_POINT ( 'NONE', #7533 ) ;
#5653 = VECTOR ( 'NONE', #379, 1000.000000000000000 ) ;
#5654 = AXIS2_PLACEMENT_3D ( 'NONE', #7799, #784, #825 ) ;
#5655 = CARTESIAN_POINT ( 'NONE',  ( 25.67009350024120806, 107.1012350799932733, 23.86183264321273612 ) ) ;
#5656 = ORIENTED_EDGE ( 'NONE', *, *, #6648, .F. ) ;
#5657 = ORIENTED_EDGE ( 'NONE', *, *, #7771, .T. ) ;
#5658 = CARTESIAN_POINT ( 'NONE',  ( -16.00000000000000000, 115.0000000000000000, 16.00000000000000000 ) ) ;
#5659 = ORIENTED_EDGE ( 'NONE', *, *, #1565, .F. ) ;
#5660 = CIRCLE ( 'NONE', #7514, 38.00000000000000000 ) ;
#5661 = CARTESIAN_POINT ( 'NONE',  ( -5.000000000000011546, 46.29688821474618976, 35.79571668975681575 ) ) ;
#5662 = EDGE_CURVE ( 'NONE', #3335, #6982, #2201, .T. ) ;
#5663 = PLANE ( 'NONE',  #7656 ) ;
#5664 = DIRECTION ( 'NONE',  ( 0.000000000000000000, -1.000000000000000000, 0.000000000000000000 ) ) ;
#5665 = CARTESIAN_POINT ( 'NONE',  ( 0.9712612273922900386, 105.8361914045242997, -37.09911194141387369 ) ) ;
#5666 = ORIENTED_EDGE ( 'NONE', *, *, #5940, .F. ) ;
#5667 = ADVANCED_FACE ( 'NONE', ( #7410 ), #8150, .T. ) ;
#5668 = EDGE_LOOP ( 'NONE', ( #4724, #3314, #4989, #2591 ) ) ;
#5669 = DIRECTION ( 'NONE',  ( -2.233874173432586272E-17, 0.9926750291630170864, -0.1208150920878809098 ) ) ;
#5670 = CARTESIAN_POINT ( 'NONE',  ( 3.499999999999996003, 49.09510637630136642, 30.08043383576606900 ) ) ;
#5671 = ADVANCED_FACE ( 'NONE', ( #2930 ), #1134, .F. ) ;
#5672 = AXIS2_PLACEMENT_3D ( 'NONE', #7769, #2708, #5862 ) ;
#5673 = CARTESIAN_POINT ( 'NONE',  ( 4.999999999999984013, 103.4621466860844805, 35.79571668975681575 ) ) ;
#5674 = LINE ( 'NONE', #7714, #1124 ) ;
#5675 = CARTESIAN_POINT ( 'NONE',  ( -43.50000000000001421, 103.4621466860844805, 13.56773132595621512 ) ) ;
#5676 = CARTESIAN_POINT ( 'NONE',  ( 0.000000000000000000, 175.0000000000000000, 0.000000000000000000 ) ) ;
#5677 = CARTESIAN_POINT ( 'NONE',  ( -1.214306433183764966E-14, 85.95002665055245927, 27.13546265191242313 ) ) ;
#5678 = VECTOR ( 'NONE', #1113, 1000.000000000000000 ) ;
#5679 = ORIENTED_EDGE ( 'NONE', *, *, #3616, .T. ) ;
#5680 = DIRECTION ( 'NONE',  ( 0.000000000000000000, 0.000000000000000000, -1.000000000000000000 ) ) ;
#5681 = PLANE ( 'NONE',  #2516 ) ;
#5682 = CARTESIAN_POINT ( 'NONE',  ( 18.11006087497002426, 110.0000000000000000, 17.00000000000000000 ) ) ;
#5683 = ADVANCED_FACE ( 'NONE', ( #3621 ), #5580, .T. ) ;
#5684 = VECTOR ( 'NONE', #1657, 1000.000000000000000 ) ;
#5685 = DIRECTION ( 'NONE',  ( 1.000000000000000000, 0.000000000000000000, 0.000000000000000000 ) ) ;
#5686 = ORIENTED_EDGE ( 'NONE', *, *, #8008, .F. ) ;
#5687 = DIRECTION ( 'NONE',  ( -1.701247564460905305E-16, 0.3917085756728440615, -0.9200893390015731921 ) ) ;
#5688 = AXIS2_PLACEMENT_3D ( 'NONE', #7213, #323, #1611 ) ;
#5689 = ORIENTED_EDGE ( 'NONE', *, *, #7639, .F. ) ;
#5690 = DIRECTION ( 'NONE',  ( 0.6037141026483975326, 0.7169651616486817369, -0.3485544996776252513 ) ) ;
#5691 = CARTESIAN_POINT ( 'NONE',  ( 3.499999999999996003, 0.000000000000000000, -5.547007749183353632E-15 ) ) ;
#5692 = DIRECTION ( 'NONE',  ( 0.000000000000000000, -1.000000000000000000, 0.000000000000000000 ) ) ;
#5693 = DIRECTION ( 'NONE',  ( 0.000000000000000000, 0.1322104677095568281, -0.9912216665448854158 ) ) ;
#5694 = CARTESIAN_POINT ( 'NONE',  ( -3.469446951953614189E-15, 110.0000000000000000, -37.13546265191241957 ) ) ;
#5695 = VERTEX_POINT ( 'NONE', #7445 ) ;
#5696 = CIRCLE ( 'NONE', #6348, 38.00000000000000000 ) ;
#5697 = CARTESIAN_POINT ( 'NONE',  ( 27.34516146484822841, 110.0000000001707292, -26.40084175644799913 ) ) ;
#5698 = ORIENTED_EDGE ( 'NONE', *, *, #6008, .F. ) ;
#5699 = ADVANCED_FACE ( 'NONE', ( #4908 ), #5618, .F. ) ;
#5700 = ORIENTED_EDGE ( 'NONE', *, *, #5372, .T. ) ;
#5701 = FACE_OUTER_BOUND ( 'NONE', #2468, .T. ) ;
#5702 = ORIENTED_EDGE ( 'NONE', *, *, #413, .T. ) ;
#5703 = CIRCLE ( 'NONE', #1717, 38.00000000000000000 ) ;
#5704 = CARTESIAN_POINT ( 'NONE',  ( 3.499999999999996003, 51.61105364921484551, -32.01778838598462329 ) ) ;
#5705 = CARTESIAN_POINT ( 'NONE',  ( 3.999999999999982681, -3.000000000000000000, 34.06366588218794078 ) ) ;
#5706 = DIRECTION ( 'NONE',  ( 0.000000000000000000, 3.384826294588892433E-16, -1.000000000000000000 ) ) ;
#5707 = CARTESIAN_POINT ( 'NONE',  ( -4.485497660534405462, 2.620140199823364657, -36.07736631550223905 ) ) ;
#5708 = ORIENTED_EDGE ( 'NONE', *, *, #946, .F. ) ;
#5709 = AXIS2_PLACEMENT_3D ( 'NONE', #4411, #6281, #105 ) ;
#5710 = EDGE_CURVE ( 'NONE', #565, #664, #6702, .T. ) ;
#5711 = EDGE_CURVE ( 'NONE', #5095, #1296, #2726, .T. ) ;
#5712 = ORIENTED_EDGE ( 'NONE', *, *, #1901, .F. ) ;
#5713 = CARTESIAN_POINT ( 'NONE',  ( -32.45417433240297100, 108.0579995479015309, 18.05804741346632625 ) ) ;
#5714 = CARTESIAN_POINT ( 'NONE',  ( 33.50000000000000000, 107.0247856067773000, 7.295269864739065468 ) ) ;
#5715 = CARTESIAN_POINT ( 'NONE',  ( 3.499999999999996003, 99.61636055733491446, 36.38015193797856739 ) ) ;
#5716 = CARTESIAN_POINT ( 'NONE',  ( -1.800000000000000266, 0.000000000000000000, -3.749999999999992895 ) ) ;
#5717 = CARTESIAN_POINT ( 'NONE',  ( 3.499999999999996003, 46.15933448321797528, -31.29063081358204812 ) ) ;
#5718 = CARTESIAN_POINT ( 'NONE',  ( -30.54095610815089046, 169.9999999999999716, -12.50000000000002132 ) ) ;
#5719 = CARTESIAN_POINT ( 'NONE',  ( 36.62854082352436791, 8.539185137461352326, -17.53497013121994996 ) ) ;
#5720 = VERTEX_POINT ( 'NONE', #2303 ) ;
#5721 = CARTESIAN_POINT ( 'NONE',  ( 33.30241632024086584, 104.8193241061010923, -15.59194351845147430 ) ) ;
#5722 = CARTESIAN_POINT ( 'NONE',  ( 33.50000000000000000, 76.95002665055244506, -19.34123401785247509 ) ) ;
#5723 = DIRECTION ( 'NONE',  ( 1.000000000000000000, -0.000000000000000000, -1.849002583061117992E-16 ) ) ;
#5724 = FACE_OUTER_BOUND ( 'NONE', #5065, .T. ) ;
#5725 = ORIENTED_EDGE ( 'NONE', *, *, #6919, .F. ) ;
#5726 = CARTESIAN_POINT ( 'NONE',  ( -27.36713547119587986, 107.2580183663584563, -22.88204500446104817 ) ) ;
#5727 = EDGE_CURVE ( 'NONE', #6355, #834, #1756, .T. ) ;
#5728 = ORIENTED_EDGE ( 'NONE', *, *, #5104, .F. ) ;
#5729 = LINE ( 'NONE', #2579, #7932 ) ;
#5730 = CARTESIAN_POINT ( 'NONE',  ( -1.380348874026484114E-14, 71.95002665055244506, 38.68246803570493597 ) ) ;
#5731 = CARTESIAN_POINT ( 'NONE',  ( -27.34516146485062649, 110.0000000001699902, 26.40084175644444997 ) ) ;
#5732 = PLANE ( 'NONE',  #1257 ) ;
#5733 = CARTESIAN_POINT ( 'NONE',  ( -33.50000000000000711, -3.000000000000000000, 13.56773132595620623 ) ) ;
#5734 = VERTEX_POINT ( 'NONE', #3661 ) ;
#5735 = CARTESIAN_POINT ( 'NONE',  ( 21.69080905658379876, 101.8925922954157244, 26.15927358794551694 ) ) ;
#5736 = ORIENTED_EDGE ( 'NONE', *, *, #5770, .F. ) ;
#5737 = EDGE_CURVE ( 'NONE', #6201, #5962, #4966, .T. ) ;
#5738 = ORIENTED_EDGE ( 'NONE', *, *, #203, .T. ) ;
#5739 = CARTESIAN_POINT ( 'NONE',  ( -5.000000000000011546, 76.95002665055244506, 35.79571668975681575 ) ) ;
#5740 = ORIENTED_EDGE ( 'NONE', *, *, #5382, .T. ) ;
#5741 = CARTESIAN_POINT ( 'NONE',  ( 27.49999999999999645, 110.0000000000000000, 15.87713240271472159 ) ) ;
#5742 = CARTESIAN_POINT ( 'NONE',  ( 4.999999999999984013, 110.0000000000000000, 35.79571668975681575 ) ) ;
#5743 = CARTESIAN_POINT ( 'NONE',  ( 0.000000000000000000, 185.0000000000000000, -33.00000000000000000 ) ) ;
#5744 = CARTESIAN_POINT ( 'NONE',  ( -12.50000000000002487, 85.95002665055245927, -38.00000000000000000 ) ) ;
#5745 = VERTEX_POINT ( 'NONE', #4330 ) ;
#5746 = EDGE_LOOP ( 'NONE', ( #5151, #5331, #315, #5516, #4367, #4178, #6578, #2411 ) ) ;
#5747 = ORIENTED_EDGE ( 'NONE', *, *, #3425, .F. ) ;
#5748 = CARTESIAN_POINT ( 'NONE',  ( -32.69704634829573564, 108.0230196711741968, 17.53967585543100682 ) ) ;
#5749 = CARTESIAN_POINT ( 'NONE',  ( 33.50000000000000711, 107.1567182980677728, -11.29516831288779954 ) ) ;
#5750 = DIRECTION ( 'NONE',  ( 0.000000000000000000, 0.000000000000000000, 1.000000000000000000 ) ) ;
#5751 = B_SPLINE_CURVE_WITH_KNOTS ( 'NONE', 3,
 ( #4517, #7681, #4604, #1366, #7054, #6895 ),
 .UNSPECIFIED., .F., .F.,
 ( 4, 2, 4 ),
 ( 0.000000000000000000, 0.001007245322344455310, 0.002014490644688910620 ),
 .UNSPECIFIED. ) ;
#5752 = CARTESIAN_POINT ( 'NONE',  ( -3.500000000000010214, 101.2347240290616099, 36.50295964951001793 ) ) ;
#5753 = DIRECTION ( 'NONE',  ( -0.000000000000000000, -0.000000000000000000, 1.000000000000000000 ) ) ;
#5754 = VECTOR ( 'NONE', #508, 1000.000000000000000 ) ;
#5755 = EDGE_CURVE ( 'NONE', #7218, #469, #342, .T. ) ;
#5756 = DIRECTION ( 'NONE',  ( 0.000000000000000000, -0.000000000000000000, -1.000000000000000000 ) ) ;
#5757 = DIRECTION ( 'NONE',  ( 1.000000000000000000, -0.000000000000000000, 1.849002583061117992E-16 ) ) ;
#5758 = CIRCLE ( 'NONE', #5362, 1.000000000000000888 ) ;
#5759 = EDGE_LOOP ( 'NONE', ( #4022, #3299 ) ) ;
#5760 = CARTESIAN_POINT ( 'NONE',  ( -3.149473108219642992, 104.8184403788499139, 36.63623785368617547 ) ) ;
#5761 = CARTESIAN_POINT ( 'NONE',  ( 3.499999999999996003, 4.439165125327534156, -36.39539118850675692 ) ) ;
#5762 = CARTESIAN_POINT ( 'NONE',  ( 3.499999999999996003, 7.520546934683549622, 31.83961615620216890 ) ) ;
#5763 = EDGE_CURVE ( 'NONE', #7572, #8143, #5855, .T. ) ;
#5764 = CARTESIAN_POINT ( 'NONE',  ( 25.34470762654080289, 102.4951537242084925, 24.04969426498924889 ) ) ;
#5765 = VECTOR ( 'NONE', #5593, 1000.000000000000114 ) ;
#5766 = DIRECTION ( 'NONE',  ( -0.000000000000000000, -1.000000000000000000, -0.000000000000000000 ) ) ;
#5767 = ORIENTED_EDGE ( 'NONE', *, *, #290, .F. ) ;
#5768 = CIRCLE ( 'NONE', #2191, 1.000000000000000888 ) ;
#5769 = CARTESIAN_POINT ( 'NONE',  ( -23.49999999999999645, 0.000000000000000000, -13.56773132595621689 ) ) ;
#5770 = EDGE_CURVE ( 'NONE', #3777, #522, #3006, .T. ) ;
#5771 = ORIENTED_EDGE ( 'NONE', *, *, #1329, .T. ) ;
#5772 = CARTESIAN_POINT ( 'NONE',  ( -12.50000000000001954, 62.95002665055243796, -24.53738644055908935 ) ) ;
#5773 = VECTOR ( 'NONE', #3483, 1000.000000000000000 ) ;
#5774 = CARTESIAN_POINT ( 'NONE',  ( -3.500000000000010214, 110.0000000000000000, 29.73353886326573203 ) ) ;
#5775 = LINE ( 'NONE', #1909, #4341 ) ;
#5776 = EDGE_CURVE ( 'NONE', #5415, #3148, #6245, .T. ) ;
#5777 = CARTESIAN_POINT ( 'NONE',  ( 4.999999999999993783, 110.0000000000000000, -35.79571668975681575 ) ) ;
#5778 = FACE_OUTER_BOUND ( 'NONE', #4250, .T. ) ;
#5779 = ORIENTED_EDGE ( 'NONE', *, *, #1344, .T. ) ;
#5781 = CIRCLE ( 'NONE', #5108, 1.000000000000000000 ) ;
#5780 = CYLINDRICAL_SURFACE ( 'NONE', #4286, 9.999999999999998224 ) ;
#5782 = ORIENTED_EDGE ( 'NONE', *, *, #6111, .F. ) ;
#5783 = AXIS2_PLACEMENT_3D ( 'NONE', #943, #7837, #7207 ) ;
#5784 = B_SPLINE_CURVE_WITH_KNOTS ( 'NONE', 3,
 ( #4270, #8056, #3648, #7354, #6807, #6771, #1117, #6654, #7317, #6189, #4781, #3538, #3493, #6114, #1593, #7396, #2292, #4816, #4152, #2882 ),
 .UNSPECIFIED., .F., .F.,
 ( 4, 2, 2, 2, 2, 2, 2, 2, 2, 4 ),
 ( 0.000000000000000000, 0.001464925515969601197, 0.002929851031939202394, 0.004394776547908802941, 0.005127239305893597360, 0.005859702063878391778, 0.007324627579847971075, 0.008789553095817548636, 0.01025447861178712880, 0.01171940412775670723 ),
 .UNSPECIFIED. ) ;
#5785 = EDGE_LOOP ( 'NONE', ( #3543, #6994, #7859, #7108, #2737 ) ) ;
#5786 = DIRECTION ( 'NONE',  ( 0.000000000000000000, -0.000000000000000000, 1.000000000000000000 ) ) ;
#5787 = VERTEX_POINT ( 'NONE', #5532 ) ;
#5788 = CARTESIAN_POINT ( 'NONE',  ( -31.90237444624975538, 105.9078557482161358, 18.99538020095967639 ) ) ;
#5789 = CIRCLE ( 'NONE', #6837, 3.999999999999999112 ) ;
#5790 = VECTOR ( 'NONE', #5757, 1000.000000000000000 ) ;
#5791 = DIRECTION ( 'NONE',  ( 0.000000000000000000, -1.000000000000000000, 0.000000000000000000 ) ) ;
#5792 = DIRECTION ( 'NONE',  ( 0.000000000000000000, 0.07103043809259564079, 0.9974741484692092319 ) ) ;
#5793 = ORIENTED_EDGE ( 'NONE', *, *, #6439, .F. ) ;
#5794 = EDGE_CURVE ( 'NONE', #181, #1310, #518, .T. ) ;
#5795 = ORIENTED_EDGE ( 'NONE', *, *, #6919, .T. ) ;
#5796 = VECTOR ( 'NONE', #7056, 1000.000000000000227 ) ;
#5797 = CIRCLE ( 'NONE', #4063, 4.000000000000002665 ) ;
#5798 = ORIENTED_EDGE ( 'NONE', *, *, #6985, .F. ) ;
#5799 = CARTESIAN_POINT ( 'NONE',  ( -33.52755819588947617, 107.5583500663351515, 14.33569138442816815 ) ) ;
#5800 = CARTESIAN_POINT ( 'NONE',  ( 33.50000000000000711, 107.2580183663584705, -12.25961204463535914 ) ) ;
#5801 = CARTESIAN_POINT ( 'NONE',  ( -15.50961894323343060, 4.664717059371330521, -29.72798536380060241 ) ) ;
#5802 = CARTESIAN_POINT ( 'NONE',  ( -22.85326148273403390, 102.0329788689428625, 25.48813136678754532 ) ) ;
#5803 = CARTESIAN_POINT ( 'NONE',  ( 12.49999999999997691, 85.95002665055245927, -38.00000000000000000 ) ) ;
#5804 = CARTESIAN_POINT ( 'NONE',  ( -27.50000000000000355, 110.0000000000000000, 3.968626966596885186 ) ) ;
#5805 = LINE ( 'NONE', #7753, #7649 ) ;
#5806 = ORIENTED_EDGE ( 'NONE', *, *, #900, .T. ) ;
#5807 = EDGE_CURVE ( 'NONE', #1802, #1001, #1233, .T. ) ;
#5808 = ORIENTED_EDGE ( 'NONE', *, *, #75, .T. ) ;
#5809 = CARTESIAN_POINT ( 'NONE',  ( -3.538397865374724560, 104.5570849275967333, 36.49739887017670981 ) ) ;
#5810 = DIRECTION ( 'NONE',  ( 0.000000000000000000, 0.000000000000000000, 1.000000000000000000 ) ) ;
#5811 = CARTESIAN_POINT ( 'NONE',  ( 12.49999999999997691, 85.95002665055245927, -38.00000000000000000 ) ) ;
#5812 = CARTESIAN_POINT ( 'NONE',  ( 25.98173829450467665, 102.6461876991981796, 23.68190443735825568 ) ) ;
#5813 = DIRECTION ( 'NONE',  ( 0.000000000000000000, -1.000000000000000000, -0.000000000000000000 ) ) ;
#5814 = ORIENTED_EDGE ( 'NONE', *, *, #7361, .T. ) ;
#5815 = AXIS2_PLACEMENT_3D ( 'NONE', #5099, #172, #5901 ) ;
#5816 = FACE_OUTER_BOUND ( 'NONE', #4210, .T. ) ;
#5817 = EDGE_CURVE ( 'NONE', #853, #7869, #2465, .T. ) ;
#5818 = EDGE_LOOP ( 'NONE', ( #384, #719, #7330, #6034 ) ) ;
#5819 = CARTESIAN_POINT ( 'NONE',  ( 3.499999999999996003, 7.294995000639755922, 35.00702198090831274 ) ) ;
#5820 = CIRCLE ( 'NONE', #2104, 33.00000000000000000 ) ;
#5821 = LINE ( 'NONE', #7642, #4489 ) ;
#5822 = CARTESIAN_POINT ( 'NONE',  ( -28.50000000000040856, 103.4621466860846510, 22.22798536380036794 ) ) ;
#5823 = CARTESIAN_POINT ( 'NONE',  ( -5.000000000000011546, 110.0000000000000000, 35.79571668975681575 ) ) ;
#5824 = CARTESIAN_POINT ( 'NONE',  ( 3.499999999999996003, 102.5380366088657524, 35.13631015413126590 ) ) ;
#5825 = EDGE_LOOP ( 'NONE', ( #4809, #5482, #5302, #6322 ) ) ;
#5826 = CARTESIAN_POINT ( 'NONE',  ( 6.499999999999992006, 100.0000000000000000, -32.22798536380059886 ) ) ;
#5827 = VERTEX_POINT ( 'NONE', #5203 ) ;
#5828 = AXIS2_PLACEMENT_3D ( 'NONE', #4779, #1440, #459 ) ;
#5829 = VERTEX_POINT ( 'NONE', #3210 ) ;
#5830 = FACE_OUTER_BOUND ( 'NONE', #2809, .T. ) ;
#5831 = ORIENTED_EDGE ( 'NONE', *, *, #3497, .T. ) ;
#5832 = LINE ( 'NONE', #147, #3391 ) ;
#5833 = PERSON_AND_ORGANIZATION ( #18446744073709551615, #5642 ) ;
#5834 = CIRCLE ( 'NONE', #6882, 9.999999999999998224 ) ;
#5835 = PLANE ( 'NONE',  #3710 ) ;
#5836 = CARTESIAN_POINT ( 'NONE',  ( -3.500000000000010214, 3.429993030309729463, -36.50295964951001793 ) ) ;
#5837 = ORIENTED_EDGE ( 'NONE', *, *, #5218, .T. ) ;
#5838 = ORIENTED_EDGE ( 'NONE', *, *, #4389, .T. ) ;
#5839 = EDGE_CURVE ( 'NONE', #7732, #6454, #3392, .T. ) ;
#5840 = VECTOR ( 'NONE', #5385, 1000.000000000000000 ) ;
#5841 = ORIENTED_EDGE ( 'NONE', *, *, #1763, .T. ) ;
#5842 = EDGE_CURVE ( 'NONE', #3684, #4539, #5919, .T. ) ;
#5843 = CARTESIAN_POINT ( 'NONE',  ( -33.36468410970161358, 104.6074589332903031, 15.26176382600230141 ) ) ;
#5844 = PLANE ( 'NONE',  #6876 ) ;
#5845 = CARTESIAN_POINT ( 'NONE',  ( -28.50000000000000711, 55.00000000000000000, 9.672268674043781544 ) ) ;
#5846 = CARTESIAN_POINT ( 'NONE',  ( 12.49999999999997691, 85.95002665055245927, -38.00000000000000000 ) ) ;
#5847 = PLANE ( 'NONE',  #3238 ) ;
#5848 = CIRCLE ( 'NONE', #3048, 4.000000000000000000 ) ;
#5849 = LINE ( 'NONE', #7839, #8039 ) ;
#5850 = EDGE_LOOP ( 'NONE', ( #2519, #4136, #7436, #3172, #3301, #2015, #3700 ) ) ;
#5851 = EDGE_CURVE ( 'NONE', #8047, #5415, #6992, .T. ) ;
#5852 = EDGE_LOOP ( 'NONE', ( #4139, #2887, #5868, #199 ) ) ;
#5853 = DIRECTION ( 'NONE',  ( 0.000000000000000000, 0.9200893390015730811, -0.3917085756728440615 ) ) ;
#5854 = DIRECTION ( 'NONE',  ( 0.000000000000000000, 0.000000000000000000, 1.000000000000000000 ) ) ;
#5855 =( BOUNDED_CURVE ( )  B_SPLINE_CURVE ( 3, ( #2345, #4867, #1720, #6156 ),
 .UNSPECIFIED., .F., .F. ) 
 B_SPLINE_CURVE_WITH_KNOTS ( ( 4, 4 ),
 ( 3.888729473373591095, 6.283185307179586232 ),
 .UNSPECIFIED. ) 
 CURVE ( )  GEOMETRIC_REPRESENTATION_ITEM ( )  RATIONAL_B_SPLINE_CURVE ( ( 1.000000000000000000, 0.5766266991369483064, 0.5766266991369483064, 1.000000000000000000 ) ) 
 REPRESENTATION_ITEM ( '' )  );
#5856 = CARTESIAN_POINT ( 'NONE',  ( 18.11006087497002426, 110.0000000000000000, 17.00000000000000000 ) ) ;
#5857 = CARTESIAN_POINT ( 'NONE',  ( 14.37141283553376248, 101.6871679319776547, 30.38512896647428718 ) ) ;
#5858 = DIRECTION ( 'NONE',  ( -0.8660254037844384856, 0.000000000000000000, -0.5000000000000002220 ) ) ;
#5859 = EDGE_LOOP ( 'NONE', ( #7202, #5206, #2421, #5712 ) ) ;
#5860 = CARTESIAN_POINT ( 'NONE',  ( 16.00000000000000000, 110.0000000000000000, -16.00000000000000000 ) ) ;
#5861 = ORIENTED_EDGE ( 'NONE', *, *, #5727, .F. ) ;
#5862 = DIRECTION ( 'NONE',  ( 0.000000000000000000, 0.000000000000000000, 1.000000000000000000 ) ) ;
#5863 = DIRECTION ( 'NONE',  ( 1.000000000000000000, -0.000000000000000000, -1.849002583061117992E-16 ) ) ;
#5864 = CARTESIAN_POINT ( 'NONE',  ( -19.87126680086150898, 109.9999999999929230, 32.40580272773925685 ) ) ;
#5865 = CYLINDRICAL_SURFACE ( 'NONE', #7360, 38.00000000000000000 ) ;
#5866 = EDGE_CURVE ( 'NONE', #5204, #4044, #7705, .T. ) ;
#5867 = FACE_OUTER_BOUND ( 'NONE', #6796, .T. ) ;
#5868 = ORIENTED_EDGE ( 'NONE', *, *, #75, .F. ) ;
#5869 = CARTESIAN_POINT ( 'NONE',  ( 8.865758550816609684, 102.3326384899905577, -33.56381994982073991 ) ) ;
#5870 = ORIENTED_EDGE ( 'NONE', *, *, #2055, .F. ) ;
#5871 = ORIENTED_EDGE ( 'NONE', *, *, #890, .T. ) ;
#5872 = LINE ( 'NONE', #4659, #6419 ) ;
#5873 = ORIENTED_EDGE ( 'NONE', *, *, #2845, .T. ) ;
#5874 = CARTESIAN_POINT ( 'NONE',  ( -33.49999999999999289, 103.7411725120713299, 13.97256681995612126 ) ) ;
#5875 = DATE_TIME_ROLE ( 'classification_date' ) ;
#5876 = PLANE ( 'NONE',  #5975 ) ;
#5877 = B_SPLINE_CURVE_WITH_KNOTS ( 'NONE', 3,
 ( #6562, #7730, #5148, #881, #5945, #260 ),
 .UNSPECIFIED., .F., .F.,
 ( 4, 2, 4 ),
 ( 2.602085213965210642E-18, 0.001007245322344457045, 0.002014490644688911487 ),
 .UNSPECIFIED. ) ;
#5878 = EDGE_CURVE ( 'NONE', #7957, #6328, #2686, .T. ) ;
#5879 = DIRECTION ( 'NONE',  ( 0.000000000000000000, 0.9245283778641980588, -0.3811132095897420413 ) ) ;
#5880 = ORIENTED_EDGE ( 'NONE', *, *, #2408, .T. ) ;
#5881 = VERTEX_POINT ( 'NONE', #688 ) ;
#5882 = EDGE_CURVE ( 'NONE', #7181, #6937, #8156, .T. ) ;
#5883 = EDGE_LOOP ( 'NONE', ( #3711, #5622 ) ) ;
#5884 = CARTESIAN_POINT ( 'NONE',  ( -35.38078816687374939, 109.9999999999761684, 13.88040701827505785 ) ) ;
#5885 = CARTESIAN_POINT ( 'NONE',  ( 4.348022681813969115, 107.5584781230334670, 36.20383741568334557 ) ) ;
#5886 = CARTESIAN_POINT ( 'NONE',  ( -4.630717739799872668, 103.7560426587589575, -36.00892190209029309 ) ) ;
#5887 = EDGE_CURVE ( 'NONE', #3060, #7560, #7616, .T. ) ;
#5888 = FACE_OUTER_BOUND ( 'NONE', #3270, .T. ) ;
#5889 = CARTESIAN_POINT ( 'NONE',  ( -4.999999999999999112, 110.0000000000000000, -35.79571668975681575 ) ) ;
#5890 = ORIENTED_EDGE ( 'NONE', *, *, #4306, .F. ) ;
#5891 = ORIENTED_EDGE ( 'NONE', *, *, #1693, .T. ) ;
#5892 = CARTESIAN_POINT ( 'NONE',  ( 14.89916028273924375, 49.09510637630137353, 30.08043383576606900 ) ) ;
#5893 = CARTESIAN_POINT ( 'NONE',  ( 33.49999999999999289, 102.1625068585167355, 7.996525540744064742 ) ) ;
#5894 = FACE_OUTER_BOUND ( 'NONE', #3768, .T. ) ;
#5895 = CARTESIAN_POINT ( 'NONE',  ( -33.30285488826896056, 104.8179056691212168, -15.58970151959953121 ) ) ;
#5896 = LINE ( 'NONE', #127, #4982 ) ;
#5897 = ORIENTED_EDGE ( 'NONE', *, *, #6468, .T. ) ;
#5898 = EDGE_CURVE ( 'NONE', #7591, #7026, #7661, .T. ) ;
#5899 = CARTESIAN_POINT ( 'NONE',  ( -3.500000000000010214, 48.67528175613146146, -33.22798536380059886 ) ) ;
#5900 = VERTEX_POINT ( 'NONE', #3917 ) ;
#5901 = DIRECTION ( 'NONE',  ( 0.000000000000000000, 0.000000000000000000, 1.000000000000000000 ) ) ;
#5902 = AXIS2_PLACEMENT_3D ( 'NONE', #8137, #3239, #2458 ) ;
#5903 = CARTESIAN_POINT ( 'NONE',  ( -33.50000000000000711, 55.00000000000000000, 9.672268674043781544 ) ) ;
#5904 = CARTESIAN_POINT ( 'NONE',  ( -1.214306433183764966E-14, 71.95002665055244506, 27.13546265191242313 ) ) ;
#5905 = ORIENTED_EDGE ( 'NONE', *, *, #4290, .T. ) ;
#5906 = CARTESIAN_POINT ( 'NONE',  ( 17.66607220626969621, 107.0365030457156479, -28.48295649189683232 ) ) ;
#5907 = VERTEX_POINT ( 'NONE', #7075 ) ;
#5908 = AXIS2_PLACEMENT_3D ( 'NONE', #4376, #1225, #6126 ) ;
#5909 = AXIS2_PLACEMENT_3D ( 'NONE', #2584, #5103, #7645 ) ;
#5910 = ORIENTED_EDGE ( 'NONE', *, *, #5633, .F. ) ;
#5911 = DIRECTION ( 'NONE',  ( -0.000000000000000000, 1.000000000000000000, 0.000000000000000000 ) ) ;
#5912 = ORIENTED_EDGE ( 'NONE', *, *, #5442, .T. ) ;
#5913 = DIRECTION ( 'NONE',  ( -0.4999999999999993339, 0.000000000000000000, -0.8660254037844390407 ) ) ;
#5914 = DATE_AND_TIME ( #2176, #3798 ) ;
#5915 = DIRECTION ( 'NONE',  ( 0.000000000000000000, -1.000000000000000000, 0.000000000000000000 ) ) ;
#5916 = VECTOR ( 'NONE', #6816, 1000.000000000000000 ) ;
#5917 = CARTESIAN_POINT ( 'NONE',  ( 3.368536366827511825E-15, 110.0000000000000000, -31.75426480542942898 ) ) ;
#5918 = ORIENTED_EDGE ( 'NONE', *, *, #1920, .F. ) ;
#5919 = CIRCLE ( 'NONE', #879, 20.00000000000000000 ) ;
#5920 = ORIENTED_EDGE ( 'NONE', *, *, #23, .T. ) ;
#5921 = EDGE_LOOP ( 'NONE', ( #3068, #1494, #6581, #6141, #3783, #4351, #2707 ) ) ;
#5922 = EDGE_CURVE ( 'NONE', #6548, #4475, #6452, .T. ) ;
#5923 = VECTOR ( 'NONE', #7945, 999.9999999999998863 ) ;
#5924 = CARTESIAN_POINT ( 'NONE',  ( 33.50000000000000000, 71.95002665055244506, -19.34123401785247509 ) ) ;
#5925 = CARTESIAN_POINT ( 'NONE',  ( -3.854212602956275990, 107.6505067099404300, -36.41590262306810644 ) ) ;
#5926 = EDGE_CURVE ( 'NONE', #476, #5381, #649, .T. ) ;
#5927 = DIRECTION ( 'NONE',  ( 0.000000000000000000, 0.000000000000000000, -1.000000000000000000 ) ) ;
#5928 = VECTOR ( 'NONE', #3891, 1000.000000000000000 ) ;
#5929 = AXIS2_PLACEMENT_3D ( 'NONE', #6172, #8042, #1031 ) ;
#5930 = DIRECTION ( 'NONE',  ( -0.8644263440539592391, -0.06074093299147969444, 0.4990767824341567627 ) ) ;
#5931 = ORIENTED_EDGE ( 'NONE', *, *, #4726, .T. ) ;
#5932 = VERTEX_POINT ( 'NONE', #4372 ) ;
#5933 = CARTESIAN_POINT ( 'NONE',  ( 7.583914826994232250, 102.6393472897092920, -34.30389276882861793 ) ) ;
#5934 = DIRECTION ( 'NONE',  ( 0.000000000000000000, 0.000000000000000000, -1.000000000000000000 ) ) ;
#5935 = DIRECTION ( 'NONE',  ( 0.000000000000000000, 1.000000000000000000, 0.000000000000000000 ) ) ;
#5936 = CARTESIAN_POINT ( 'NONE',  ( -33.47573548331030935, 104.0181495402838010, -14.37440980357842335 ) ) ;
#5937 = DIRECTION ( 'NONE',  ( 0.000000000000000000, -1.000000000000000000, 6.122860667777164938E-17 ) ) ;
#5938 = EDGE_LOOP ( 'NONE', ( #8197, #7403, #2558, #107 ) ) ;
#5939 = DIRECTION ( 'NONE',  ( 0.000000000000000000, 1.000000000000000000, 0.000000000000000000 ) ) ;
#5940 = EDGE_CURVE ( 'NONE', #7737, #4432, #1030, .T. ) ;
#5941 = ORIENTED_EDGE ( 'NONE', *, *, #5430, .T. ) ;
#5942 = DIRECTION ( 'NONE',  ( -0.000000000000000000, -0.000000000000000000, 1.000000000000000000 ) ) ;
#5943 = EDGE_CURVE ( 'NONE', #2215, #2959, #2142, .T. ) ;
#5944 = CARTESIAN_POINT ( 'NONE',  ( 3.368536366827511825E-15, 0.000000000000000000, -31.75426480542942898 ) ) ;
#5945 = CARTESIAN_POINT ( 'NONE',  ( -3.733417588320648406, 50.14132731388529862, -36.41574728538206784 ) ) ;
#5946 = AXIS2_PLACEMENT_3D ( 'NONE', #6815, #6153, #5487 ) ;
#5947 = DIRECTION ( 'NONE',  ( 0.000000000000000000, 0.000000000000000000, 1.000000000000000000 ) ) ;
#5948 = VERTEX_POINT ( 'NONE', #7787 ) ;
#5949 = CARTESIAN_POINT ( 'NONE',  ( 25.67534167898775976, 107.1016180047680848, -23.85880260580201195 ) ) ;
#5950 = VERTEX_POINT ( 'NONE', #1596 ) ;
#5951 = CIRCLE ( 'NONE', #2360, 1.000000000000000888 ) ;
#5952 = ORIENTED_EDGE ( 'NONE', *, *, #6546, .F. ) ;
#5953 = LINE ( 'NONE', #268, #1828 ) ;
#5954 = CARTESIAN_POINT ( 'NONE',  ( -1.044870271209150442E-14, 76.95002665055244506, 31.75426480542942187 ) ) ;
#5955 = CARTESIAN_POINT ( 'NONE',  ( -3.512828652905692906, 4.730482605776397342, 29.72613223705729624 ) ) ;
#5956 = PERSON_AND_ORGANIZATION_ROLE ( 'design_supplier' ) ;
#5957 = DIRECTION ( 'NONE',  ( 0.000000000000000000, 0.000000000000000000, 1.000000000000000000 ) ) ;
#5958 = CARTESIAN_POINT ( 'NONE',  ( 11.54356376948592278, 51.61105364921485261, 32.01778838598462329 ) ) ;
#5959 = VERTEX_POINT ( 'NONE', #7866 ) ;
#5960 = AXIS2_PLACEMENT_3D ( 'NONE', #5061, #5563, #546 ) ;
#5961 = CARTESIAN_POINT ( 'NONE',  ( 0.7999999999999928280, 0.000000000000000000, 4.750000000000000000 ) ) ;
#5962 = VERTEX_POINT ( 'NONE', #4078 ) ;
#5963 = VERTEX_POINT ( 'NONE', #5958 ) ;
#5964 = CIRCLE ( 'NONE', #3317, 9.999999999999998224 ) ;
#5965 = LINE ( 'NONE', #6621, #2452 ) ;
#5966 = CARTESIAN_POINT ( 'NONE',  ( -12.50000000000002487, 85.95002665055245927, -38.00000000000000000 ) ) ;
#5967 = CARTESIAN_POINT ( 'NONE',  ( 3.499999999999996003, 48.67528175613146146, 33.22798536380059886 ) ) ;
#5968 = EDGE_CURVE ( 'NONE', #3520, #1623, #4665, .T. ) ;
#5969 = VECTOR ( 'NONE', #5626, 1000.000000000000000 ) ;
#5970 = ORIENTED_EDGE ( 'NONE', *, *, #6540, .F. ) ;
#5971 = EDGE_CURVE ( 'NONE', #7568, #4446, #2722, .T. ) ;
#5972 = EDGE_LOOP ( 'NONE', ( #7860, #6089, #7723, #4243, #6725, #3836, #3596, #3333 ) ) ;
#5973 = DIRECTION ( 'NONE',  ( 0.000000000000000000, 0.000000000000000000, -1.000000000000000000 ) ) ;
#5974 = CARTESIAN_POINT ( 'NONE',  ( -3.500000000000010214, 48.67528175613146146, -29.72798536380060241 ) ) ;
#5975 = AXIS2_PLACEMENT_3D ( 'NONE', #4664, #5406, #187 ) ;
#5976 = CARTESIAN_POINT ( 'NONE',  ( 38.00000000000000000, 169.9999999999999716, 12.49999999999997868 ) ) ;
#5977 = CARTESIAN_POINT ( 'NONE',  ( 3.499999999999996003, 0.000000000000000000, -5.547007749183353632E-15 ) ) ;
#5978 = FACE_OUTER_BOUND ( 'NONE', #6779, .T. ) ;
#5979 = ORIENTED_EDGE ( 'NONE', *, *, #1650, .F. ) ;
#5980 = CARTESIAN_POINT ( 'NONE',  ( 4.078276635808966102E-15, 105.9326517071299065, -37.13546265191241957 ) ) ;
#5981 = VECTOR ( 'NONE', #7046, 1000.000000000000000 ) ;
#5982 = EDGE_CURVE ( 'NONE', #1917, #3558, #2804, .T. ) ;
#5983 = ORIENTED_EDGE ( 'NONE', *, *, #1423, .F. ) ;
#5984 = CARTESIAN_POINT ( 'NONE',  ( 4.196938965583878911, 4.792682632524337905, -36.22352772227512929 ) ) ;
#5985 = CARTESIAN_POINT ( 'NONE',  ( -3.500000000000010214, 48.67528175613146146, 32.22798536380059886 ) ) ;
#5986 = CARTESIAN_POINT ( 'NONE',  ( -3.500000000000010214, 4.664717059371330521, -33.22798536380059886 ) ) ;
#5987 = DIRECTION ( 'NONE',  ( 1.793808476104069146E-16, 0.000000000000000000, 1.000000000000000000 ) ) ;
#5988 = EDGE_LOOP ( 'NONE', ( #3028, #3614, #6276, #5728 ) ) ;
#5989 = EDGE_CURVE ( 'NONE', #1776, #862, #2986, .T. ) ;
#5990 = DIRECTION ( 'NONE',  ( 0.000000000000000000, -0.8993531712388833643, 0.4372229104044795256 ) ) ;
#5991 = ORIENTED_EDGE ( 'NONE', *, *, #3676, .T. ) ;
#5992 = CARTESIAN_POINT ( 'NONE',  ( -33.50000000000000711, 102.7957765528996532, 11.35395359522656733 ) ) ;
#5993 = ORIENTED_EDGE ( 'NONE', *, *, #6098, .F. ) ;
#5994 = DIRECTION ( 'NONE',  ( -1.000000000000000000, -0.000000000000000000, -0.000000000000000000 ) ) ;
#5995 = CARTESIAN_POINT ( 'NONE',  ( 23.50000000000000000, -5.000000000000000000, -13.56773132595622045 ) ) ;
#5996 = CARTESIAN_POINT ( 'NONE',  ( -1.044870271209150442E-14, 71.95002665055244506, 31.75426480542942187 ) ) ;
#5997 = VERTEX_POINT ( 'NONE', #2178 ) ;
#5998 = CARTESIAN_POINT ( 'NONE',  ( 3.499999999999996003, 102.9216760515308380, 31.98414357995329382 ) ) ;
#5999 = ORIENTED_EDGE ( 'NONE', *, *, #7055, .T. ) ;
#6000 = EDGE_CURVE ( 'NONE', #7946, #1917, #3121, .T. ) ;
#6001 = ORIENTED_EDGE ( 'NONE', *, *, #3578, .F. ) ;
#6002 = DIRECTION ( 'NONE',  ( 0.000000000000000000, 0.7923179101546407033, 0.6101084569551407100 ) ) ;
#6003 = CARTESIAN_POINT ( 'NONE',  ( -7.676883490053289627, 109.9999999999837286, -37.22266250538177701 ) ) ;
#6004 = CARTESIAN_POINT ( 'NONE',  ( 12.49999999999998757, 71.95002665055244506, 31.46558967083462477 ) ) ;
#6005 = ORIENTED_EDGE ( 'NONE', *, *, #1855, .F. ) ;
#6006 = DIRECTION ( 'NONE',  ( 0.000000000000000000, -1.000000000000000000, -0.000000000000000000 ) ) ;
#6007 = LINE ( 'NONE', #524, #5421 ) ;
#6008 = EDGE_CURVE ( 'NONE', #5592, #5187, #7162, .T. ) ;
#6009 = LINE ( 'NONE', #5976, #5300 ) ;
#6010 = CARTESIAN_POINT ( 'NONE',  ( 36.07483548937766926, 109.9999999999874376, 11.96095957066314242 ) ) ;
#6011 = CARTESIAN_POINT ( 'NONE',  ( -33.57359003389345276, 107.3905954822370035, -13.28237650570993722 ) ) ;
#6012 = EDGE_LOOP ( 'NONE', ( #6554, #7425 ) ) ;
#6013 = LINE ( 'NONE', #7299, #2081 ) ;
#6014 = EDGE_LOOP ( 'NONE', ( #6589, #5870 ) ) ;
#6015 = ADVANCED_FACE ( 'NONE', ( #3460 ), #3495, .T. ) ;
#6016 = CARTESIAN_POINT ( 'NONE',  ( -0.8000000000000001554, 0.000000000000000000, 4.750000000000000000 ) ) ;
#6017 = CARTESIAN_POINT ( 'NONE',  ( -23.50000000000000711, -3.000000000000002665, -13.56773132595622400 ) ) ;
#6018 = LINE ( 'NONE', #5587, #5496 ) ;
#6019 = ADVANCED_FACE ( 'NONE', ( #7741 ), #7828, .F. ) ;
#6020 = CARTESIAN_POINT ( 'NONE',  ( -33.50000000000000000, 103.4621466860844947, -30.88823940164499859 ) ) ;
#6021 = EDGE_LOOP ( 'NONE', ( #4007, #7463, #2746, #7876 ) ) ;
#6022 = CIRCLE ( 'NONE', #4423, 4.000000000000000000 ) ;
#6023 = CARTESIAN_POINT ( 'NONE',  ( 13.12615750926863001, 107.0241564892025536, -31.10407746429885378 ) ) ;
#6024 = VERTEX_POINT ( 'NONE', #6656 ) ;
#6025 = CARTESIAN_POINT ( 'NONE',  ( -33.50000000000000711, 107.2580183663584705, 12.25961204463533427 ) ) ;
#6026 = CARTESIAN_POINT ( 'NONE',  ( -11.10293347850162782, 103.4038340324305949, -32.38604705674878659 ) ) ;
#6027 = ADVANCED_FACE ( 'NONE', ( #7238 ), #5330, .T. ) ;
#6028 = VECTOR ( 'NONE', #3082, 1000.000000000000000 ) ;
#6029 = CARTESIAN_POINT ( 'NONE',  ( 2.881025288450643096, 109.9999999999966462, 37.89229413074622244 ) ) ;
#6030 = CARTESIAN_POINT ( 'NONE',  ( 12.49999999999997513, 109.9999999999999858, -24.53738644055912488 ) ) ;
#6031 = CARTESIAN_POINT ( 'NONE',  ( -4.485497660534404574, 2.620140199823371763, 36.07736631550225326 ) ) ;
#6032 = CARTESIAN_POINT ( 'NONE',  ( -4.999999999999999112, 97.62160645861473540, -35.79571668975681575 ) ) ;
#6033 = CARTESIAN_POINT ( 'NONE',  ( 4.999999999999993783, 103.4621466860844805, -35.79571668975681575 ) ) ;
#6034 = ORIENTED_EDGE ( 'NONE', *, *, #2935, .F. ) ;
#6036 = VECTOR ( 'NONE', #2431, 1000.000000000000000 ) ;
#6035 = CARTESIAN_POINT ( 'NONE',  ( -4.999999999999999112, 110.0000000000000000, -35.79571668975681575 ) ) ;
#6037 = ORIENTED_EDGE ( 'NONE', *, *, #6688, .F. ) ;
#6038 = AXIS2_PLACEMENT_3D ( 'NONE', #5967, #2187, #1643 ) ;
#6039 = VERTEX_POINT ( 'NONE', #3342 ) ;
#6040 = PLANE ( 'NONE',  #1930 ) ;
#6041 = VECTOR ( 'NONE', #770, 1000.000000000000000 ) ;
#6042 = VECTOR ( 'NONE', #4944, 1000.000000000000000 ) ;
#6043 = EDGE_CURVE ( 'NONE', #4995, #5008, #1556, .T. ) ;
#6044 = CARTESIAN_POINT ( 'NONE',  ( 3.499999999999996003, 4.439165125327534156, -36.39539118850675692 ) ) ;
#6045 = DIRECTION ( 'NONE',  ( 1.000000000000000000, -0.000000000000000000, -0.000000000000000000 ) ) ;
#6046 = CIRCLE ( 'NONE', #3521, 9.999999999999998224 ) ;
#6047 = AXIS2_PLACEMENT_3D ( 'NONE', #4318, #4272, #3650 ) ;
#6048 = VERTEX_POINT ( 'NONE', #5996 ) ;
#6049 = DIRECTION ( 'NONE',  ( 0.8660254037844389297, 0.000000000000000000, -0.4999999999999995004 ) ) ;
#6050 = LINE ( 'NONE', #6668, #6225 ) ;
#6051 = CARTESIAN_POINT ( 'NONE',  ( 33.06043213369547829, 105.3565354504719807, 16.53251746539564948 ) ) ;
#6052 = AXIS2_PLACEMENT_3D ( 'NONE', #4800, #6671, #3514 ) ;
#6053 = CIRCLE ( 'NONE', #5654, 9.999999999999998224 ) ;
#6054 = CARTESIAN_POINT ( 'NONE',  ( 23.50000000000000000, -3.000000000000002665, -13.56773132595622045 ) ) ;
#6055 = ORIENTED_EDGE ( 'NONE', *, *, #3179, .F. ) ;
#6056 = DIRECTION ( 'NONE',  ( 1.000000000000000000, -0.000000000000000000, -0.000000000000000000 ) ) ;
#6057 = EDGE_CURVE ( 'NONE', #5120, #5310, #7493, .T. ) ;
#6058 = VECTOR ( 'NONE', #3498, 1000.000000000000114 ) ;
#6059 = VERTEX_POINT ( 'NONE', #4745 ) ;
#6060 = CYLINDRICAL_SURFACE ( 'NONE', #2522, 4.000000000000000000 ) ;
#6061 = DIRECTION ( 'NONE',  ( -0.6963997566604980261, 0.5944491892199581518, -0.4020665869715283058 ) ) ;
#6062 = CARTESIAN_POINT ( 'NONE',  ( 27.49999999999999645, 67.95002665055244506, -15.87713240271472515 ) ) ;
#6063 = ORIENTED_EDGE ( 'NONE', *, *, #6866, .T. ) ;
#6064 =( BOUNDED_SURFACE ( )  B_SPLINE_SURFACE ( 3, 2, ( 
 ( #3014, #2311, #2277 ),
 ( #1652, #7378, #3475 ),
 ( #6756, #6011, #327 ),
 ( #411, #4876, #4255 ),
 ( #2938, #1100, #5463 ),
 ( #3595, #7997, #4839 ),
 ( #4763, #7297, #7417 ),
 ( #1614, #6792, #6169 ),
 ( #4135, #3718, #2487 ),
 ( #5004, #4339, #1191 ),
 ( #7002, #6956, #5629 ),
 ( #7588, #3096, #2398 ),
 ( #8080, #6875, #3755 ),
 ( #8164, #6916, #6212 ),
 ( #7546, #5084, #7501 ),
 ( #8208, #4421, #4917 ),
 ( #3845, #6336, #1856 ),
 ( #7627, #1230, #3183 ),
 ( #660, #4382, #6293 ),
 ( #2436, #6254, #617 ) ),
 .UNSPECIFIED., .F., .F., .F. ) 
 B_SPLINE_SURFACE_WITH_KNOTS ( ( 4, 2, 2, 2, 2, 2, 2, 2, 2, 4 ),
 ( 3, 3 ),
 ( 0.01869760982556353118, 0.02138880736877028094, 0.02408000491197703069, 0.02677120245518378044, 0.02946239999839052673, 0.03215359754159727301, 0.03349919631320064789, 0.03484479508480402277, 0.03753599262801077252, 0.04022719017121752227 ),
 ( 0.000000000000000000, 1.000000000000000000 ),
 .UNSPECIFIED. ) 
 GEOMETRIC_REPRESENTATION_ITEM ( )  RATIONAL_B_SPLINE_SURFACE ( (
 ( 1.000000000000000000, 0.9279975443815891012, 1.000000000000000000),
 ( 1.000000000000000000, 0.9360061951466073227, 1.000000000000000000),
 ( 1.000000000000000000, 0.9430791429129758985, 1.000000000000000000),
 ( 1.000000000000000000, 0.9554085820976323529, 1.000000000000000000),
 ( 1.000000000000000000, 0.9606798265836484774, 1.000000000000000000),
 ( 1.000000000000000000, 0.9692921343162541614, 1.000000000000000000),
 ( 1.000000000000000000, 0.9725534326878753077, 1.000000000000000000),
 ( 1.000000000000000000, 0.9769770899098297878, 1.000000000000000000),
 ( 1.000000000000000000, 0.9781406239487642207, 1.000000000000000000),
 ( 1.000000000000000000, 0.9781549245341707444, 1.000000000000000000),
 ( 1.000000000000000000, 0.9770043683342809482, 1.000000000000000000),
 ( 1.000000000000000000, 0.9736911517005238936, 1.000000000000000000),
 ( 1.000000000000000000, 0.9723204763168312725, 1.000000000000000000),
 ( 1.000000000000000000, 0.9690520316975218540, 1.000000000000000000),
 ( 1.000000000000000000, 0.9671461770174778483, 1.000000000000000000),
 ( 1.000000000000000000, 0.9606876576569296500, 1.000000000000000000),
 ( 1.000000000000000000, 0.9554381267592292337, 1.000000000000000000),
 ( 1.000000000000000000, 0.9431112669877780297, 1.000000000000000000),
 ( 1.000000000000000000, 0.9360304610776690737, 1.000000000000000000),
 ( 1.000000000000000000, 0.9279975443815876579, 1.000000000000000000) ) ) 
 REPRESENTATION_ITEM ( '' )  SURFACE ( )  );
#6065 = CARTESIAN_POINT ( 'NONE',  ( -8.339404862628233772, 110.0000000000000000, -37.07363384586372490 ) ) ;
#6066 = EDGE_CURVE ( 'NONE', #5077, #1703, #971, .T. ) ;
#6067 = EDGE_CURVE ( 'NONE', #1236, #6447, #1434, .T. ) ;
#6068 = VERTEX_POINT ( 'NONE', #188 ) ;
#6069 = CARTESIAN_POINT ( 'NONE',  ( -33.50000000000000711, 103.4621466860844947, 13.56773132595621689 ) ) ;
#6070 = DIRECTION ( 'NONE',  ( 0.000000000000000000, -1.000000000000000000, 0.000000000000000000 ) ) ;
#6071 = FACE_OUTER_BOUND ( 'NONE', #5609, .T. ) ;
#6072 = CARTESIAN_POINT ( 'NONE',  ( 0.000000000000000000, 110.0000000000000000, 0.000000000000000000 ) ) ;
#6073 = DIRECTION ( 'NONE',  ( -1.000000000000000000, 0.000000000000000000, 0.000000000000000000 ) ) ;
#6074 = DIRECTION ( 'NONE',  ( -0.000000000000000000, 1.000000000000000000, -0.000000000000000000 ) ) ;
#6075 = CARTESIAN_POINT ( 'NONE',  ( 64.00713273020882355, 75.74898894065853483, -1.727932723862780184 ) ) ;
#6076 = VERTEX_POINT ( 'NONE', #5243 ) ;
#6077 = DIRECTION ( 'NONE',  ( 0.000000000000000000, 0.000000000000000000, 1.000000000000000000 ) ) ;
#6078 = ORIENTED_EDGE ( 'NONE', *, *, #568, .T. ) ;
#6079 = AXIS2_PLACEMENT_3D ( 'NONE', #8179, #4266, #1782 ) ;
#6080 = ORIENTED_EDGE ( 'NONE', *, *, #4084, .F. ) ;
#6081 = EDGE_CURVE ( 'NONE', #915, #1919, #2610, .T. ) ;
#6082 = CARTESIAN_POINT ( 'NONE',  ( 12.75275661093828639, 97.46196339113423335, -31.31966057346993892 ) ) ;
#6083 = FACE_OUTER_BOUND ( 'NONE', #7663, .T. ) ;
#6084 = VECTOR ( 'NONE', #2942, 1000.000000000000000 ) ;
#6085 = FACE_OUTER_BOUND ( 'NONE', #4830, .T. ) ;
#6086 = DIRECTION ( 'NONE',  ( -0.8660254037844388186, 0.000000000000000000, 0.4999999999999998335 ) ) ;
#6087 = ADVANCED_FACE ( 'NONE', ( #1710, #6116 ), #4783, .T. ) ;
#6088 = AXIS2_PLACEMENT_3D ( 'NONE', #1807, #481, #2307 ) ;
#6089 = ORIENTED_EDGE ( 'NONE', *, *, #6520, .T. ) ;
#6090 = CARTESIAN_POINT ( 'NONE',  ( 3.499999999999996003, 97.07832394846914781, 34.47182714764789324 ) ) ;
#6091 = CARTESIAN_POINT ( 'NONE',  ( -1.044870271209150442E-14, 67.95002665055244506, 31.75426480542942187 ) ) ;
#6092 = CARTESIAN_POINT ( 'NONE',  ( 33.55514580258222423, 107.3148983700042010, -12.76289306427663206 ) ) ;
#6093 = CARTESIAN_POINT ( 'NONE',  ( 32.45417433239973803, 108.0579995479015167, 18.05804741346009479 ) ) ;
#6094 = VECTOR ( 'NONE', #2283, 999.9999999999998863 ) ;
#6095 = CARTESIAN_POINT ( 'NONE',  ( 12.49999999999997513, 62.95002665055243796, -31.46558967083463187 ) ) ;
#6096 = ORIENTED_EDGE ( 'NONE', *, *, #5152, .F. ) ;
#6097 = DIRECTION ( 'NONE',  ( 1.793808476104069146E-16, 0.000000000000000000, 1.000000000000000000 ) ) ;
#6098 = EDGE_CURVE ( 'NONE', #6048, #6368, #2374, .T. ) ;
#6099 = AXIS2_PLACEMENT_3D ( 'NONE', #1442, #1978, #3178 ) ;
#6100 = ORIENTED_EDGE ( 'NONE', *, *, #1136, .F. ) ;
#6101 = CARTESIAN_POINT ( 'NONE',  ( 3.775410374669999847, 4.439165125327534156, -36.39539118850675692 ) ) ;
#6102 = DIRECTION ( 'NONE',  ( 0.000000000000000000, 0.000000000000000000, -1.000000000000000000 ) ) ;
#6103 = DIRECTION ( 'NONE',  ( -0.8187703157500384465, 0.3258121545647282291, 0.4727172622027592808 ) ) ;
#6104 = VERTEX_POINT ( 'NONE', #2333 ) ;
#6105 = VECTOR ( 'NONE', #5791, 1000.000000000000000 ) ;
#6106 = DIRECTION ( 'NONE',  ( 0.000000000000000000, 0.000000000000000000, -1.000000000000000000 ) ) ;
#6107 = ORIENTED_EDGE ( 'NONE', *, *, #5057, .T. ) ;
#6108 = CARTESIAN_POINT ( 'NONE',  ( -33.49999999999603517, 107.0365219452590964, 1.048388473611251204 ) ) ;
#6109 = CARTESIAN_POINT ( 'NONE',  ( 2.212833540761064199, 105.3467022843409779, 36.89005679852887454 ) ) ;
#6110 = CARTESIAN_POINT ( 'NONE',  ( 20.30456278832988559, 87.08723196186707582, -26.95962324408501942 ) ) ;
#6111 = EDGE_CURVE ( 'NONE', #1286, #5787, #4818, .T. ) ;
#6112 = EDGE_CURVE ( 'NONE', #6024, #7983, #1787, .T. ) ;
#6113 =( BOUNDED_SURFACE ( )  B_SPLINE_SURFACE ( 3, 2, ( 
 ( #2197, #4096, #4215 ),
 ( #7258, #3474, #6010 ),
 ( #326, #5386, #2856 ),
 ( #2236, #1065, #1651 ),
 ( #1613, #4173, #4134 ),
 ( #6051, #370, #4799 ),
 ( #250, #2898, #5426 ),
 ( #2276, #7334, #6711 ),
 ( #3556, #6093, #410 ),
 ( #5462, #2309, #4836 ),
 ( #2781, #7375, #7544 ),
 ( #1189, #7453, #8078 ),
 ( #4875, #8207, #8162 ),
 ( #6955, #571, #1765 ),
 ( #1728, #2397, #3629 ),
 ( #2528, #4338, #6167 ),
 ( #1143, #7499, #3670 ),
 ( #4916, #3055, #6253 ),
 ( #7416, #3013, #6210 ),
 ( #2351, #6873, #5500 ) ),
 .UNSPECIFIED., .F., .F., .F. ) 
 B_SPLINE_SURFACE_WITH_KNOTS ( ( 4, 2, 2, 2, 2, 2, 2, 2, 2, 4 ),
 ( 3, 3 ),
 ( 0.01869760982556360751, 0.02138880736877036073, 0.02408000491197711396, 0.02677120245518386371, 0.02946239999839061693, 0.03215359754159737016, 0.03349919631320074503, 0.03484479508480411991, 0.03753599262801086967, 0.04022719017121762636 ),
 ( 0.000000000000000000, 1.000000000000000000 ),
 .UNSPECIFIED. ) 
 GEOMETRIC_REPRESENTATION_ITEM ( )  RATIONAL_B_SPLINE_SURFACE ( (
 ( 1.000000000000000000, 0.9279975443815891012, 1.000000000000000000),
 ( 1.000000000000000000, 0.9360061951465320496, 1.000000000000000000),
 ( 1.000000000000000000, 0.9430791429130757075, 1.000000000000000000),
 ( 1.000000000000000000, 0.9554085820975327659, 1.000000000000000000),
 ( 1.000000000000000000, 0.9606798265835980732, 1.000000000000000000),
 ( 1.000000000000000000, 0.9692921343163045655, 1.000000000000000000),
 ( 1.000000000000000000, 0.9725534326878254587, 1.000000000000000000),
 ( 1.000000000000000000, 0.9769770899098791928, 1.000000000000000000),
 ( 1.000000000000000000, 0.9781406239487135945, 1.000000000000000000),
 ( 1.000000000000000000, 0.9781549245342215926, 1.000000000000000000),
 ( 1.000000000000000000, 0.9770043683343307972, 1.000000000000000000),
 ( 1.000000000000000000, 0.9736911517004989136, 1.000000000000000000),
 ( 1.000000000000000000, 0.9723204763168814546, 1.000000000000000000),
 ( 1.000000000000000000, 0.9690520316974716719, 1.000000000000000000),
 ( 1.000000000000000000, 0.9671461770174021311, 1.000000000000000000),
 ( 1.000000000000000000, 0.9606876576570807513, 1.000000000000000000),
 ( 1.000000000000000000, 0.9554381267591298688, 1.000000000000000000),
 ( 1.000000000000000000, 0.9431112669878778387, 1.000000000000000000),
 ( 1.000000000000000000, 0.9360304610775944667, 1.000000000000000000),
 ( 1.000000000000000000, 0.9279975443815876579, 1.000000000000000000) ) ) 
 REPRESENTATION_ITEM ( '' )  SURFACE ( )  );
#6114 = CARTESIAN_POINT ( 'NONE',  ( 31.06446126399887220, 105.5135983589379691, 20.12487716080964617 ) ) ;
#6115 = LINE ( 'NONE', #4198, #3451 ) ;
#6116 = FACE_BOUND ( 'NONE', #3464, .T. ) ;
#6117 = ORIENTED_EDGE ( 'NONE', *, *, #1361, .T. ) ;
#6118 = CARTESIAN_POINT ( 'NONE',  ( 20.70914413702710988, 109.9999999999730278, 31.87651904305976913 ) ) ;
#6119 = VERTEX_POINT ( 'NONE', #2417 ) ;
#6120 = ORIENTED_EDGE ( 'NONE', *, *, #5318, .F. ) ;
#6121 = CARTESIAN_POINT ( 'NONE',  ( -36.53638037480043010, 110.0000000001716813, -10.48118362092666089 ) ) ;
#6122 = CYLINDRICAL_SURFACE ( 'NONE', #7768, 2.000000000000000000 ) ;
#6123 = EDGE_CURVE ( 'NONE', #2863, #6660, #7980, .T. ) ;
#6124 = CARTESIAN_POINT ( 'NONE',  ( 1.155616506761540485, 108.0232865842889964, -37.08671315685986514 ) ) ;
#6125 = ORIENTED_EDGE ( 'NONE', *, *, #8175, .T. ) ;
#6126 = DIRECTION ( 'NONE',  ( -1.000000000000000000, 0.000000000000000000, 0.000000000000000000 ) ) ;
#6127 = CARTESIAN_POINT ( 'NONE',  ( 36.27641115243469727, 110.0000000000000000, 11.31468045945228695 ) ) ;
#6128 = EDGE_CURVE ( 'NONE', #3876, #5143, #8016, .T. ) ;
#6129 = CARTESIAN_POINT ( 'NONE',  ( 28.49999999999999645, 103.4621466860844947, -22.22798536380060597 ) ) ;
#6130 = DIRECTION ( 'NONE',  ( 5.551115123125781124E-15, 0.9454345244055192277, -0.3258121545647273964 ) ) ;
#6131 = DIRECTION ( 'NONE',  ( 0.000000000000000000, 0.000000000000000000, -1.000000000000000000 ) ) ;
#6132 = EDGE_LOOP ( 'NONE', ( #6125, #5347, #4276, #4903, #5038 ) ) ;
#6133 = DIRECTION ( 'NONE',  ( 1.000000000000000000, -0.000000000000000000, -1.849002583061117992E-16 ) ) ;
#6134 = EDGE_LOOP ( 'NONE', ( #2551, #7388, #4502, #7758 ) ) ;
#6135 = CARTESIAN_POINT ( 'NONE',  ( -9.434273629437729625, 53.81760965338747127, -33.23558761614049217 ) ) ;
#6136 = DIRECTION ( 'NONE',  ( 0.000000000000000000, 0.000000000000000000, 1.000000000000000000 ) ) ;
#6137 = ADVANCED_FACE ( 'NONE', ( #4199 ), #4935, .F. ) ;
#6138 = DIRECTION ( 'NONE',  ( -0.000000000000000000, 1.000000000000000000, -0.000000000000000000 ) ) ;
#6139 = ORIENTED_EDGE ( 'NONE', *, *, #6275, .T. ) ;
#6140 = FACE_OUTER_BOUND ( 'NONE', #4300, .T. ) ;
#6141 = ORIENTED_EDGE ( 'NONE', *, *, #5318, .T. ) ;
#6142 = DIRECTION ( 'NONE',  ( -1.000000000000000000, 0.000000000000000000, -0.000000000000000000 ) ) ;
#6143 = LINE ( 'NONE', #4740, #6490 ) ;
#6144 = CARTESIAN_POINT ( 'NONE',  ( 3.368536366827511825E-15, 110.0000000000000000, -31.75426480542942898 ) ) ;
#6145 = CARTESIAN_POINT ( 'NONE',  ( 3.499999999999996003, 4.439165125327534156, -36.39539118850675692 ) ) ;
#6146 = CARTESIAN_POINT ( 'NONE',  ( -30.54095610815091177, 169.9999999999999716, 12.49999999999997868 ) ) ;
#6147 = LINE ( 'NONE', #5522, #1277 ) ;
#6148 = EDGE_LOOP ( 'NONE', ( #5999, #3567 ) ) ;
#6149 = CARTESIAN_POINT ( 'NONE',  ( 12.77444105869969704, 101.8013993413398026, 31.30714105171765382 ) ) ;
#6150 = ORIENTED_EDGE ( 'NONE', *, *, #2931, .F. ) ;
#6151 = EDGE_CURVE ( 'NONE', #3896, #2859, #4238, .T. ) ;
#6152 = ORIENTED_EDGE ( 'NONE', *, *, #8093, .F. ) ;
#6153 = DIRECTION ( 'NONE',  ( 0.000000000000000000, 1.000000000000000000, 0.000000000000000000 ) ) ;
#6154 = FACE_OUTER_BOUND ( 'NONE', #6993, .T. ) ;
#6155 = CARTESIAN_POINT ( 'NONE',  ( 5.723808657962857538, 107.3150062873170896, -35.44162326701207633 ) ) ;
#6156 = CARTESIAN_POINT ( 'NONE',  ( -15.50961894323343060, 4.664717059371330521, -29.72798536380060241 ) ) ;
#6157 = ORIENTED_EDGE ( 'NONE', *, *, #4787, .F. ) ;
#6158 = VECTOR ( 'NONE', #90, 1000.000000000000000 ) ;
#6159 = ADVANCED_FACE ( 'NONE', ( #6774 ), #1082, .F. ) ;
#6160 = VERTEX_POINT ( 'NONE', #5568 ) ;
#6161 = VECTOR ( 'NONE', #7254, 1000.000000000000000 ) ;
#6162 = AXIS2_PLACEMENT_3D ( 'NONE', #2000, #3902, #1464 ) ;
#6163 = FACE_BOUND ( 'NONE', #5883, .T. ) ;
#6164 = EDGE_CURVE ( 'NONE', #5652, #7742, #1547, .T. ) ;
#6165 = CARTESIAN_POINT ( 'NONE',  ( 3.499999999999996003, 97.46196339113423335, 31.31966057346993892 ) ) ;
#6166 = LINE ( 'NONE', #482, #4501 ) ;
#6167 = CARTESIAN_POINT ( 'NONE',  ( 30.13815071745052165, 110.0000000000521965, 23.15572497449776890 ) ) ;
#6168 = EDGE_CURVE ( 'NONE', #6179, #4413, #6147, .T. ) ;
#6169 = CARTESIAN_POINT ( 'NONE',  ( -33.62236321260036220, 109.9999999999756710, -17.72126581387133015 ) ) ;
#6170 = ORIENTED_EDGE ( 'NONE', *, *, #1744, .T. ) ;
#6171 = VECTOR ( 'NONE', #5792, 999.9999999999998863 ) ;
#6172 = CARTESIAN_POINT ( 'NONE',  ( 0.000000000000000000, 110.0000000000000000, 0.000000000000000000 ) ) ;
#6173 = EDGE_CURVE ( 'NONE', #3777, #3920, #1634, .T. ) ;
#6174 = ORIENTED_EDGE ( 'NONE', *, *, #1552, .T. ) ;
#6175 = CARTESIAN_POINT ( 'NONE',  ( 38.00000000000000000, 175.0000000000000000, -12.50000000000002132 ) ) ;
#6176 = VECTOR ( 'NONE', #6190, 1000.000000000000000 ) ;
#6177 = DIRECTION ( 'NONE',  ( 0.000000000000000000, 0.000000000000000000, -1.000000000000000000 ) ) ;
#6178 = DIRECTION ( 'NONE',  ( 1.531570873195732766E-16, 0.5602512380647296508, 0.8283227331462885701 ) ) ;
#6179 = VERTEX_POINT ( 'NONE', #1010 ) ;
#6180 = CARTESIAN_POINT ( 'NONE',  ( -14.75585877832966908, 101.6780911546465092, -30.16316899791220507 ) ) ;
#6181 = EDGE_CURVE ( 'NONE', #2087, #5429, #439, .T. ) ;
#6182 = CIRCLE ( 'NONE', #2748, 38.00000000000000000 ) ;
#6183 = AXIS2_PLACEMENT_3D ( 'NONE', #987, #3016, #4137 ) ;
#6184 = EDGE_CURVE ( 'NONE', #7591, #7555, #6853, .T. ) ;
#6185 = ORIENTED_EDGE ( 'NONE', *, *, #1297, .F. ) ;
#6186 = CARTESIAN_POINT ( 'NONE',  ( 47.72744067130908263, 56.41538053661975738, 11.12701731639277547 ) ) ;
#6187 = PLANE ( 'NONE',  #2904 ) ;
#6188 = CARTESIAN_POINT ( 'NONE',  ( 12.49999999999997691, 110.0000000000000000, -31.46558967083462477 ) ) ;
#6189 = CARTESIAN_POINT ( 'NONE',  ( 32.39661751976708359, 105.9090604782671363, 18.14024994872082175 ) ) ;
#6190 = DIRECTION ( 'NONE',  ( -0.000000000000000000, -0.000000000000000000, 1.000000000000000000 ) ) ;
#6191 = ORIENTED_EDGE ( 'NONE', *, *, #7100, .T. ) ;
#6192 = CARTESIAN_POINT ( 'NONE',  ( -12.50000000000001421, 71.95002665055244506, -31.46558967083461056 ) ) ;
#6193 = ORIENTED_EDGE ( 'NONE', *, *, #7020, .F. ) ;
#6194 = EDGE_CURVE ( 'NONE', #1926, #7991, #551, .T. ) ;
#6195 = EDGE_LOOP ( 'NONE', ( #1104, #3865, #453, #7465 ) ) ;
#6196 = LINE ( 'NONE', #6938, #988 ) ;
#6197 = DIRECTION ( 'NONE',  ( 0.000000000000000000, -1.000000000000000000, 0.000000000000000000 ) ) ;
#6198 = DIRECTION ( 'NONE',  ( 0.000000000000000000, 1.000000000000000000, 0.000000000000000000 ) ) ;
#6199 = DIRECTION ( 'NONE',  ( 0.000000000000000000, 0.000000000000000000, -1.000000000000000000 ) ) ;
#6200 = DIRECTION ( 'NONE',  ( 0.000000000000000000, -0.07103043809259533548, 0.9974741484692091209 ) ) ;
#6201 = VERTEX_POINT ( 'NONE', #5446 ) ;
#6202 = AXIS2_PLACEMENT_3D ( 'NONE', #1739, #3070, #3029 ) ;
#6203 = ORIENTED_EDGE ( 'NONE', *, *, #7618, .T. ) ;
#6204 = VECTOR ( 'NONE', #334, 1000.000000000000000 ) ;
#6205 = CARTESIAN_POINT ( 'NONE',  ( -26.25766130297539291, 102.7006909893136566, -23.52260021414208424 ) ) ;
#6206 = DIRECTION ( 'NONE',  ( 0.000000000000000000, 0.000000000000000000, 1.000000000000000000 ) ) ;
#6207 = LINE ( 'NONE', #2563, #1721 ) ;
#6208 = EDGE_CURVE ( 'NONE', #7555, #5029, #2260, .T. ) ;
#6209 = CARTESIAN_POINT ( 'NONE',  ( -5.000000000000011546, 46.29688821474618976, 35.79571668975681575 ) ) ;
#6210 = CARTESIAN_POINT ( 'NONE',  ( 28.39730152219484793, 109.9999999999885461, 25.25973780843834859 ) ) ;
#6211 = ADVANCED_FACE ( 'NONE', ( #391 ), #3158, .F. ) ;
#6212 = CARTESIAN_POINT ( 'NONE',  ( -30.97298180614944130, 110.0000000000049170, -22.01817392159798104 ) ) ;
#6213 = ORIENTED_EDGE ( 'NONE', *, *, #2091, .F. ) ;
#6214 = CIRCLE ( 'NONE', #7154, 9.999999999999998224 ) ;
#6215 = CARTESIAN_POINT ( 'NONE',  ( -0.7999999999999928280, 0.000000000000000000, -4.750000000000000000 ) ) ;
#6216 = ORIENTED_EDGE ( 'NONE', *, *, #4220, .T. ) ;
#6217 = DIRECTION ( 'NONE',  ( 0.000000000000000000, 0.000000000000000000, 1.000000000000000000 ) ) ;
#6218 = CARTESIAN_POINT ( 'NONE',  ( -27.50000000000000355, 110.0000000000000000, -15.87713240271471804 ) ) ;
#6219 = CIRCLE ( 'NONE', #2910, 1.000000000000000888 ) ;
#6220 = FACE_OUTER_BOUND ( 'NONE', #3963, .T. ) ;
#6221 = DIRECTION ( 'NONE',  ( 1.776356839400250859E-15, 0.000000000000000000, -1.000000000000000000 ) ) ;
#6222 = ORIENTED_EDGE ( 'NONE', *, *, #6764, .T. ) ;
#6223 = CYLINDRICAL_SURFACE ( 'NONE', #2439, 9.999999999999998224 ) ;
#6224 = EDGE_CURVE ( 'NONE', #4599, #5695, #1251, .T. ) ;
#6225 = VECTOR ( 'NONE', #2855, 1000.000000000000000 ) ;
#6226 = VERTEX_POINT ( 'NONE', #1912 ) ;
#6227 = EDGE_LOOP ( 'NONE', ( #3934, #109 ) ) ;
#6228 = DIRECTION ( 'NONE',  ( -1.000000000000000000, 0.000000000000000000, 0.000000000000000000 ) ) ;
#6229 = FACE_OUTER_BOUND ( 'NONE', #1871, .T. ) ;
#6230 = LINE ( 'NONE', #6188, #2864 ) ;
#6231 = EDGE_CURVE ( 'NONE', #3802, #7665, #1022, .T. ) ;
#6232 = DIRECTION ( 'NONE',  ( 0.000000000000000000, -0.07103043809259534935, -0.9974741484692091209 ) ) ;
#6233 = CIRCLE ( 'NONE', #1193, 1.000000000000000000 ) ;
#6234 = CARTESIAN_POINT ( 'NONE',  ( -3.733417588320652847, 6.130762617125151692, 36.41574728538208205 ) ) ;
#6235 = DIRECTION ( 'NONE',  ( 0.000000000000000000, 0.000000000000000000, -1.000000000000000000 ) ) ;
#6236 = VERTEX_POINT ( 'NONE', #4401 ) ;
#6237 = LINE ( 'NONE', #4899, #4822 ) ;
#6238 = VERTEX_POINT ( 'NONE', #7022 ) ;
#6239 = EDGE_LOOP ( 'NONE', ( #5890, #4020 ) ) ;
#6240 = LINE ( 'NONE', #15, #5096 ) ;
#6241 = CARTESIAN_POINT ( 'NONE',  ( -14.56033359480562517, 109.9999999999529194, 35.11312473758023600 ) ) ;
#6242 = DIRECTION ( 'NONE',  ( -1.000000000000000000, 0.000000000000000000, -0.000000000000000000 ) ) ;
#6243 = DIRECTION ( 'NONE',  ( 1.000000000000000000, 0.000000000000000000, 0.000000000000000000 ) ) ;
#6244 = CARTESIAN_POINT ( 'NONE',  ( 4.988201791293200849, 110.0000000000508038, -37.67774356324050444 ) ) ;
#6245 = LINE ( 'NONE', #2963, #3516 ) ;
#6246 = ORIENTED_EDGE ( 'NONE', *, *, #3453, .T. ) ;
#6247 = EDGE_CURVE ( 'NONE', #2087, #5573, #3200, .T. ) ;
#6248 = ORIENTED_EDGE ( 'NONE', *, *, #6043, .F. ) ;
#6249 = CARTESIAN_POINT ( 'NONE',  ( 3.499999999999996003, 102.5380366088657524, -35.13631015413126590 ) ) ;
#6250 = CARTESIAN_POINT ( 'NONE',  ( 33.50000000000000000, 103.4621466860846652, 13.56773132595674092 ) ) ;
#6251 = CARTESIAN_POINT ( 'NONE',  ( 28.84297112998109824, 110.0000000000202505, -24.74973095231278464 ) ) ;
#6252 = DIRECTION ( 'NONE',  ( -0.000000000000000000, -0.000000000000000000, 1.000000000000000000 ) ) ;
#6253 = CARTESIAN_POINT ( 'NONE',  ( 28.84297112998288881, 110.0000000000213589, 24.74973095231182540 ) ) ;
#6254 = CARTESIAN_POINT ( 'NONE',  ( -27.36713547119579815, 107.2580183663584421, -22.88204500446109080 ) ) ;
#6255 = CARTESIAN_POINT ( 'NONE',  ( -28.50000000000000711, 20.00000000000000000, 5.672268674043791314 ) ) ;
#6256 = ADVANCED_FACE ( 'NONE', ( #5778 ), #4980, .F. ) ;
#6257 = VERTEX_POINT ( 'NONE', #2002 ) ;
#6258 = CARTESIAN_POINT ( 'NONE',  ( -4.999999999999999112, 85.95002665055245927, -35.79571668975681575 ) ) ;
#6259 = LINE ( 'NONE', #5508, #1697 ) ;
#6260 = CARTESIAN_POINT ( 'NONE',  ( -12.50000000000002487, 80.95002665055245927, -38.00000000000000000 ) ) ;
#6261 = DIRECTION ( 'NONE',  ( 0.6037141026483971995, 0.7169651616486820700, 0.3485544996776253623 ) ) ;
#6262 = ORIENTED_EDGE ( 'NONE', *, *, #8008, .T. ) ;
#6263 = CARTESIAN_POINT ( 'NONE',  ( 4.999999999999984013, 110.0000000000000000, 35.79571668975681575 ) ) ;
#6264 = EDGE_CURVE ( 'NONE', #752, #808, #4527, .T. ) ;
#6265 = EDGE_LOOP ( 'NONE', ( #4729, #2261, #767, #1254 ) ) ;
#6266 = VERTEX_POINT ( 'NONE', #6313 ) ;
#6267 = DIRECTION ( 'NONE',  ( -1.793808476104069146E-16, 0.000000000000000000, -1.000000000000000000 ) ) ;
#6268 = CARTESIAN_POINT ( 'NONE',  ( -1.987183596744222625, 107.9361784748455477, 36.94924776497717289 ) ) ;
#6269 = CARTESIAN_POINT ( 'NONE',  ( 3.499999999999996003, 4.439165125327534156, 36.39539118850675692 ) ) ;
#6270 = EDGE_CURVE ( 'NONE', #2285, #509, #7522, .T. ) ;
#6271 = CARTESIAN_POINT ( 'NONE',  ( 3.499999999999996003, 2.034439118102898902, -31.44894874669289919 ) ) ;
#6272 = CARTESIAN_POINT ( 'NONE',  ( 4.999999999999993783, 98.83907250709619063, -35.79571668975681575 ) ) ;
#6273 = ORIENTED_EDGE ( 'NONE', *, *, #5711, .T. ) ;
#6274 = EDGE_LOOP ( 'NONE', ( #7322, #1713, #1985, #2875 ) ) ;
#6275 = EDGE_CURVE ( 'NONE', #6458, #6557, #49, .T. ) ;
#6276 = ORIENTED_EDGE ( 'NONE', *, *, #582, .T. ) ;
#6277 = FACE_BOUND ( 'NONE', #7475, .T. ) ;
#6278 = EDGE_LOOP ( 'NONE', ( #4746, #1380, #63, #6453 ) ) ;
#6279 = LINE ( 'NONE', #5741, #8155 ) ;
#6280 = FACE_OUTER_BOUND ( 'NONE', #1062, .T. ) ;
#6281 = DIRECTION ( 'NONE',  ( -1.000000000000000000, -0.000000000000000000, -0.000000000000000000 ) ) ;
#6282 = CARTESIAN_POINT ( 'NONE',  ( 0.4954668713018124393, 105.9326517071299207, -37.13546265191241957 ) ) ;
#6283 = VERTEX_POINT ( 'NONE', #1295 ) ;
#6284 = AXIS2_PLACEMENT_3D ( 'NONE', #7271, #1586, #2871 ) ;
#6285 = ORIENTED_EDGE ( 'NONE', *, *, #3067, .F. ) ;
#6286 = ADVANCED_FACE ( 'NONE', ( #1377 ), #6970, .T. ) ;
#6287 = CARTESIAN_POINT ( 'NONE',  ( -3.469446951953614189E-15, 110.0000000000000000, -27.13546265191242313 ) ) ;
#6288 = DIRECTION ( 'NONE',  ( -1.000000000000000000, -0.000000000000000000, -0.000000000000000000 ) ) ;
#6289 = VECTOR ( 'NONE', #7715, 1000.000000000000000 ) ;
#6290 = CARTESIAN_POINT ( 'NONE',  ( 30.22590896625753487, 104.8778266705511868, -20.98082998305069680 ) ) ;
#6291 = CARTESIAN_POINT ( 'NONE',  ( 12.49999999999997691, 67.95002665055244506, -38.00000000000000000 ) ) ;
#6292 = LINE ( 'NONE', #615, #1337 ) ;
#6293 = CARTESIAN_POINT ( 'NONE',  ( -28.39730152220514015, 109.9999999999897113, -25.25973780842867811 ) ) ;
#6294 = PLANE ( 'NONE',  #893 ) ;
#6295 = AXIS2_PLACEMENT_3D ( 'NONE', #5986, #1500, #6484 ) ;
#6296 = ORIENTED_EDGE ( 'NONE', *, *, #1600, .F. ) ;
#6297 = CARTESIAN_POINT ( 'NONE',  ( -12.17472364123757700, 103.1817811215440202, -31.75223092238539024 ) ) ;
#6298 = DIRECTION ( 'NONE',  ( -0.4999999999999991118, 4.163336342344337815E-15, 0.8660254037844392627 ) ) ;
#6299 = PLANE ( 'NONE',  #3037 ) ;
#6300 = CIRCLE ( 'NONE', #2736, 1.000000000000000888 ) ;
#6301 = CARTESIAN_POINT ( 'NONE',  ( 3.499999999999996003, 100.0000000000000000, 33.22798536380059886 ) ) ;
#6302 = VERTEX_POINT ( 'NONE', #7646 ) ;
#6303 = ADVANCED_FACE ( 'NONE', ( #637 ), #4485, .F. ) ;
#6304 = CARTESIAN_POINT ( 'NONE',  ( -23.65525869494477718, 102.1592061883329166, -25.02509806042834484 ) ) ;
#6305 = ORIENTED_EDGE ( 'NONE', *, *, #1125, .T. ) ;
#6306 = CIRCLE ( 'NONE', #354, 3.499999999999999556 ) ;
#6307 = EDGE_LOOP ( 'NONE', ( #6857, #7841, #3996, #8147 ) ) ;
#6308 = FACE_OUTER_BOUND ( 'NONE', #2378, .T. ) ;
#6309 = DIRECTION ( 'NONE',  ( -1.000000000000000000, 0.000000000000000000, 0.000000000000000000 ) ) ;
#6310 = CARTESIAN_POINT ( 'NONE',  ( -33.50000000000002842, 103.0854138311198085, 12.47453623617408525 ) ) ;
#6311 = DIRECTION ( 'NONE',  ( -1.000000000000000000, 0.000000000000000000, 0.000000000000000000 ) ) ;
#6312 = EDGE_CURVE ( 'NONE', #4239, #2822, #6354, .T. ) ;
#6313 = CARTESIAN_POINT ( 'NONE',  ( 4.898587196589412829E-16, 115.0000000000000000, -31.00000000000000355 ) ) ;
#6314 = EDGE_LOOP ( 'NONE', ( #6864, #5689, #145, #2101, #7140, #1183, #3624 ) ) ;
#6315 = VECTOR ( 'NONE', #6261, 1000.000000000000114 ) ;
#6316 = EDGE_CURVE ( 'NONE', #8114, #177, #7779, .T. ) ;
#6317 = VECTOR ( 'NONE', #3390, 1000.000000000000114 ) ;
#6318 = FACE_OUTER_BOUND ( 'NONE', #1690, .T. ) ;
#6319 = ORIENTED_EDGE ( 'NONE', *, *, #2845, .F. ) ;
#6320 = ORIENTED_EDGE ( 'NONE', *, *, #332, .F. ) ;
#6321 = LINE ( 'NONE', #4940, #730 ) ;
#6322 = ORIENTED_EDGE ( 'NONE', *, *, #4101, .F. ) ;
#6323 = LINE ( 'NONE', #5072, #4580 ) ;
#6324 = COORDINATED_UNIVERSAL_TIME_OFFSET ( 5, 0, .BEHIND. ) ;
#6325 = LINE ( 'NONE', #3252, #7566 ) ;
#6326 = CARTESIAN_POINT ( 'NONE',  ( 3.727534069282695484, 45.46045038460353993, 36.53037523739106973 ) ) ;
#6327 = ORIENTED_EDGE ( 'NONE', *, *, #1552, .F. ) ;
#6328 = VERTEX_POINT ( 'NONE', #92 ) ;
#6329 = CARTESIAN_POINT ( 'NONE',  ( -32.39084299747889162, 105.9321518905982060, 18.16795298485934751 ) ) ;
#6330 = CARTESIAN_POINT ( 'NONE',  ( 37.68623935754450116, 109.9999999999482867, 4.967923509573331842 ) ) ;
#6331 = CIRCLE ( 'NONE', #908, 38.00000000000000000 ) ;
#6332 = FACE_OUTER_BOUND ( 'NONE', #1502, .T. ) ;
#6333 = EDGE_CURVE ( 'NONE', #3848, #3635, #7183, .T. ) ;
#6334 = LINE ( 'NONE', #115, #1114 ) ;
#6335 = CARTESIAN_POINT ( 'NONE',  ( 4.999999999999984013, 67.95002665055244506, 35.79571668975681575 ) ) ;
#6336 = CARTESIAN_POINT ( 'NONE',  ( -29.18115783413948705, 107.5588201121971252, -21.86624249522512287 ) ) ;
#6337 = CARTESIAN_POINT ( 'NONE',  ( -5.435932630393402576, 103.2886766092859290, -35.54403086825063696 ) ) ;
#6338 = VECTOR ( 'NONE', #8002, 1000.000000000000000 ) ;
#6339 = EDGE_LOOP ( 'NONE', ( #7767, #2766, #6605, #727, #6867, #479, #2451, #7298, #5121, #4936, #3124, #1480, #6491, #5560, #3665, #7597, #6502, #5634, #3036, #1349, #7123 ) ) ;
#6340 = CARTESIAN_POINT ( 'NONE',  ( 3.499999999999996003, 99.61636055733491446, 36.38015193797856739 ) ) ;
#6341 = DIRECTION ( 'NONE',  ( 0.000000000000000000, 1.000000000000000000, 0.000000000000000000 ) ) ;
#6342 = CARTESIAN_POINT ( 'NONE',  ( -28.50000000000000711, 99.00000000000000000, 9.672268674043777992 ) ) ;
#6343 = AXIS2_PLACEMENT_3D ( 'NONE', #7372, #5624, #3626 ) ;
#6344 = DIRECTION ( 'NONE',  ( 0.000000000000000000, 0.000000000000000000, -1.000000000000000000 ) ) ;
#6345 = ORIENTED_EDGE ( 'NONE', *, *, #6208, .F. ) ;
#6346 = EDGE_CURVE ( 'NONE', #8104, #3896, #6306, .T. ) ;
#6347 = DIRECTION ( 'NONE',  ( 0.000000000000000000, 0.000000000000000000, -1.000000000000000000 ) ) ;
#6348 = AXIS2_PLACEMENT_3D ( 'NONE', #7930, #417, #4224 ) ;
#6349 = VERTEX_POINT ( 'NONE', #6933 ) ;
#6350 = DIRECTION ( 'NONE',  ( 1.000000000000000000, -0.000000000000000000, 1.849002583061117992E-16 ) ) ;
#6351 = CARTESIAN_POINT ( 'NONE',  ( -0.4587646236273981160, 105.9324228796426581, 37.13537416673374025 ) ) ;
#6352 = CARTESIAN_POINT ( 'NONE',  ( -33.50000000000000711, 103.4621466860844947, -13.56773132595622400 ) ) ;
#6353 = CARTESIAN_POINT ( 'NONE',  ( 12.14333009949672970, 102.5304743826683591, 31.69000288864048898 ) ) ;
#6354 = LINE ( 'NONE', #5733, #4057 ) ;
#6355 = VERTEX_POINT ( 'NONE', #1876 ) ;
#6356 = CIRCLE ( 'NONE', #2786, 38.00000000000000000 ) ;
#6357 = CARTESIAN_POINT ( 'NONE',  ( 14.89916028273920823, 49.09510637630136642, -30.08043383576607255 ) ) ;
#6358 = ORIENTED_EDGE ( 'NONE', *, *, #5284, .T. ) ;
#6359 = VERTEX_POINT ( 'NONE', #3774 ) ;
#6360 = DIRECTION ( 'NONE',  ( 1.662906336704901873E-16, -0.4372229104044813575, -0.8993531712388825872 ) ) ;
#6361 = ORIENTED_EDGE ( 'NONE', *, *, #749, .F. ) ;
#6362 = EDGE_CURVE ( 'NONE', #862, #1776, #221, .T. ) ;
#6363 = VECTOR ( 'NONE', #3277, 1000.000000000000227 ) ;
#6364 = CARTESIAN_POINT ( 'NONE',  ( -31.48843032336327141, 105.7504819064265575, 19.58751687574268985 ) ) ;
#6365 = DIRECTION ( 'NONE',  ( 0.8660254037844389297, 0.000000000000000000, -0.4999999999999995004 ) ) ;
#6366 = CARTESIAN_POINT ( 'NONE',  ( 3.812573934246219487, 99.61636055733491446, 36.38015193797856739 ) ) ;
#6367 = CARTESIAN_POINT ( 'NONE',  ( -5.000000000000007994, 2.286323517986049048, -35.79571668975680865 ) ) ;
#6368 = VERTEX_POINT ( 'NONE', #4612 ) ;
#6369 = ORIENTED_EDGE ( 'NONE', *, *, #701, .T. ) ;
#6370 = VECTOR ( 'NONE', #3610, 1000.000000000000000 ) ;
#6371 = ORIENTED_EDGE ( 'NONE', *, *, #774, .F. ) ;
#6372 = EDGE_CURVE ( 'NONE', #6834, #2193, #7245, .T. ) ;
#6373 = CARTESIAN_POINT ( 'NONE',  ( -32.16467817330020296, 109.9999999999777032, 20.24705474499645419 ) ) ;
#6374 = CARTESIAN_POINT ( 'NONE',  ( 37.20422800431646948, 109.9999999999364491, -7.791834481851878103 ) ) ;
#6375 = CARTESIAN_POINT ( 'NONE',  ( 12.49999999999997691, 85.95002665055245927, 31.46558967083463187 ) ) ;
#6376 = EDGE_CURVE ( 'NONE', #1392, #1232, #3400, .T. ) ;
#6377 = DIRECTION ( 'NONE',  ( 0.000000000000000000, 0.000000000000000000, -1.000000000000000000 ) ) ;
#6378 = LINE ( 'NONE', #697, #4828 ) ;
#6379 = CARTESIAN_POINT ( 'NONE',  ( -1.044870271209150442E-14, 0.000000000000000000, 31.75426480542942187 ) ) ;
#6380 = CARTESIAN_POINT ( 'NONE',  ( -4.999999999999999112, 62.95002665055243796, -35.79571668975681575 ) ) ;
#6381 = ADVANCED_FACE ( 'NONE', ( #7892 ), #2209, .F. ) ;
#6382 = EDGE_LOOP ( 'NONE', ( #6408, #3653, #2210, #2800 ) ) ;
#6383 = CARTESIAN_POINT ( 'NONE',  ( -4.649344900553132653, 103.7412180966185389, 35.99816750581518932 ) ) ;
#6384 = CARTESIAN_POINT ( 'NONE',  ( -3.500000000000010214, 48.67528175613146146, -33.22798536380059886 ) ) ;
#6385 = CARTESIAN_POINT ( 'NONE',  ( 4.999999999999993783, 110.0000000000000000, -35.79571668975681575 ) ) ;
#6386 = CARTESIAN_POINT ( 'NONE',  ( -30.15066261385771185, 104.8163704574817814, -21.04783235319157342 ) ) ;
#6387 = DIRECTION ( 'NONE',  ( 0.000000000000000000, 0.000000000000000000, -1.000000000000000000 ) ) ;
#6388 = ORIENTED_EDGE ( 'NONE', *, *, #216, .T. ) ;
#6389 = DIRECTION ( 'NONE',  ( 0.000000000000000000, -0.000000000000000000, -1.000000000000000000 ) ) ;
#6390 = ORIENTED_EDGE ( 'NONE', *, *, #2577, .T. ) ;
#6391 = CARTESIAN_POINT ( 'NONE',  ( -33.50000000000000711, 20.00000000000000000, -6.827731325956209574 ) ) ;
#6392 = EDGE_CURVE ( 'NONE', #5959, #5310, #4588, .T. ) ;
#6393 = CARTESIAN_POINT ( 'NONE',  ( -8.339404862628176929, 110.0000000000000000, -37.07363384586373911 ) ) ;
#6394 = DIRECTION ( 'NONE',  ( 1.000000000000000000, 0.000000000000000000, 0.000000000000000000 ) ) ;
#6395 = CARTESIAN_POINT ( 'NONE',  ( -9.434273629437706532, 43.53295385887544455, 33.23558761614049928 ) ) ;
#6396 = CARTESIAN_POINT ( 'NONE',  ( 4.221003155635242976, 100.0120092004702883, 36.21171289635504564 ) ) ;
#6397 = ORIENTED_EDGE ( 'NONE', *, *, #2987, .F. ) ;
#6398 = DIRECTION ( 'NONE',  ( 0.000000000000000000, 1.000000000000000000, 0.000000000000000000 ) ) ;
#6399 = VERTEX_POINT ( 'NONE', #4108 ) ;
#6400 = ORIENTED_EDGE ( 'NONE', *, *, #2323, .F. ) ;
#6401 = PLANE ( 'NONE',  #596 ) ;
#6402 = ORIENTED_EDGE ( 'NONE', *, *, #4803, .F. ) ;
#6403 = CARTESIAN_POINT ( 'NONE',  ( -32.95895049410321320, 105.5163260108756873, 16.84587831035222649 ) ) ;
#6404 = DATE_AND_TIME ( #7073, #6988 ) ;
#6405 = CARTESIAN_POINT ( 'NONE',  ( -15.50961894323343060, 100.0000000000000000, -29.72798536380060241 ) ) ;
#6406 = CARTESIAN_POINT ( 'NONE',  ( -27.50000000000000711, -3.000000000000002665, 20.49593455623172034 ) ) ;
#6407 = ORIENTED_EDGE ( 'NONE', *, *, #6995, .T. ) ;
#6408 = ORIENTED_EDGE ( 'NONE', *, *, #1248, .F. ) ;
#6409 = ORIENTED_EDGE ( 'NONE', *, *, #2394, .F. ) ;
#6410 = CARTESIAN_POINT ( 'NONE',  ( -34.26238468519176195, 110.0000000000253948, 16.44978923061457010 ) ) ;
#6411 = CARTESIAN_POINT ( 'NONE',  ( 33.50000000000000000, 102.1592061883328881, -7.973505932702292576 ) ) ;
#6412 = CARTESIAN_POINT ( 'NONE',  ( -12.50000000000001421, 71.95002665055244506, -24.53738644055909646 ) ) ;
#6413 = CARTESIAN_POINT ( 'NONE',  ( 4.999999999999993783, 110.0000000000000000, -35.79571668975681575 ) ) ;
#6414 = DIRECTION ( 'NONE',  ( -0.000000000000000000, 1.000000000000000000, -0.000000000000000000 ) ) ;
#6415 = AXIS2_PLACEMENT_3D ( 'NONE', #3737, #6398, #7067 ) ;
#6416 = EDGE_CURVE ( 'NONE', #509, #6039, #7150, .T. ) ;
#6417 = CARTESIAN_POINT ( 'NONE',  ( 6.091844603489056098, 51.19122902904495476, 35.16533991401915671 ) ) ;
#6418 = CARTESIAN_POINT ( 'NONE',  ( 31.50000000000000711, -5.000000000000000000, 13.56773132595622400 ) ) ;
#6419 = VECTOR ( 'NONE', #7781, 1000.000000000000000 ) ;
#6420 = ORIENTED_EDGE ( 'NONE', *, *, #4206, .T. ) ;
#6421 = CARTESIAN_POINT ( 'NONE',  ( 31.62830305782245688, 105.8162681600163779, -19.39782206671759823 ) ) ;
#6422 = CARTESIAN_POINT ( 'NONE',  ( -3.469446951953614189E-15, -5.000000000000000000, -27.13546265191242313 ) ) ;
#6423 = CARTESIAN_POINT ( 'NONE',  ( -5.000000000000011546, 110.0000000000000000, 35.79571668975681575 ) ) ;
#6424 = CARTESIAN_POINT ( 'NONE',  ( 13.07851516493541411, 101.7877873221361256, 31.13158378462886944 ) ) ;
#6425 = AXIS2_PLACEMENT_3D ( 'NONE', #866, #6006, #287 ) ;
#6426 = DIRECTION ( 'NONE',  ( -0.000000000000000000, 1.000000000000000000, -0.000000000000000000 ) ) ;
#6427 = ORIENTED_EDGE ( 'NONE', *, *, #8139, .T. ) ;
#6428 = CIRCLE ( 'NONE', #5632, 10.00000000000000000 ) ;
#6429 = ADVANCED_FACE ( 'NONE', ( #7190 ), #1584, .F. ) ;
#6430 = CARTESIAN_POINT ( 'NONE',  ( -27.34917446888228554, 110.0000000002412861, -26.39648943223115296 ) ) ;
#6431 = ORIENTED_EDGE ( 'NONE', *, *, #7790, .F. ) ;
#6432 = CARTESIAN_POINT ( 'NONE',  ( -3.506411780512262766, 99.86854719641691247, -29.72983702006100160 ) ) ;
#6433 = AXIS2_PLACEMENT_3D ( 'NONE', #6663, #6045, #7487 ) ;
#6434 = DIRECTION ( 'NONE',  ( 0.000000000000000000, 0.000000000000000000, 1.000000000000000000 ) ) ;
#6435 = CARTESIAN_POINT ( 'NONE',  ( -33.50000000000000711, 103.0842347202263198, -12.47111471818842077 ) ) ;
#6436 = CARTESIAN_POINT ( 'NONE',  ( 4.999999999999993783, 3.552555715023483884, -35.79571668975681575 ) ) ;
#6437 = DIRECTION ( 'NONE',  ( 0.000000000000000000, -0.000000000000000000, -1.000000000000000000 ) ) ;
#6438 = ORIENTED_EDGE ( 'NONE', *, *, #6372, .T. ) ;
#6439 = EDGE_CURVE ( 'NONE', #6695, #190, #6525, .T. ) ;
#6441 = AXIS2_PLACEMENT_3D ( 'NONE', #4780, #4118, #6653 ) ;
#6440 = CARTESIAN_POINT ( 'NONE',  ( 27.49999999999999645, 105.0000000000000142, -3.968626966596889627 ) ) ;
#6442 = ORIENTED_EDGE ( 'NONE', *, *, #6669, .F. ) ;
#6443 = VECTOR ( 'NONE', #463, 1000.000000000000000 ) ;
#6444 = ADVANCED_FACE ( 'NONE', ( #5193 ), #4026, .F. ) ;
#6445 = VERTEX_POINT ( 'NONE', #6563 ) ;
#6446 = DIRECTION ( 'NONE',  ( 1.000000000000000000, 3.469446951953611231E-16, 0.000000000000000000 ) ) ;
#6447 = VERTEX_POINT ( 'NONE', #7731 ) ;
#6448 = CARTESIAN_POINT ( 'NONE',  ( -28.50000000000001066, 103.4621466860844947, 22.22798536380060241 ) ) ;
#6449 = VECTOR ( 'NONE', #3639, 1000.000000000000000 ) ;
#6450 = AXIS2_PLACEMENT_3D ( 'NONE', #1814, #1192, #5591 ) ;
#6451 = DIRECTION ( 'NONE',  ( 0.000000000000000000, 0.000000000000000000, -1.000000000000000000 ) ) ;
#6452 = LINE ( 'NONE', #772, #7103 ) ;
#6453 = ORIENTED_EDGE ( 'NONE', *, *, #5794, .T. ) ;
#6454 = VERTEX_POINT ( 'NONE', #3951 ) ;
#6455 = ADVANCED_FACE ( 'NONE', ( #1465 ), #882, .F. ) ;
#6456 = CIRCLE ( 'NONE', #7791, 6.000000000000000888 ) ;
#6457 = AXIS2_PLACEMENT_3D ( 'NONE', #3168, #1346, #1218 ) ;
#6458 = VERTEX_POINT ( 'NONE', #5824 ) ;
#6459 = CARTESIAN_POINT ( 'NONE',  ( -30.82254944042627898, 107.9020477225563184, 20.40081164510004541 ) ) ;
#6460 = CARTESIAN_POINT ( 'NONE',  ( 12.49999999999999112, 71.95002665055244506, 24.53738644055910356 ) ) ;
#6461 = CARTESIAN_POINT ( 'NONE',  ( 23.50000000000000711, -5.000000000000000000, 13.56773132595622577 ) ) ;
#6462 = FACE_OUTER_BOUND ( 'NONE', #5825, .T. ) ;
#6463 = DIRECTION ( 'NONE',  ( -1.000000000000000000, 0.000000000000000000, 0.000000000000000000 ) ) ;
#6464 =( BOUNDED_CURVE ( )  B_SPLINE_CURVE ( 3, ( #7145, #3990, #6432, #3897 ),
 .UNSPECIFIED., .F., .F. ) 
 B_SPLINE_CURVE_WITH_KNOTS ( ( 4, 4 ),
 ( 0.000000000000000000, 0.05634064111849271944 ),
 .UNSPECIFIED. ) 
 CURVE ( )  GEOMETRIC_REPRESENTATION_ITEM ( )  RATIONAL_B_SPLINE_CURVE ( ( 1.000000000000000000, 0.9997354951724146677, 0.9997354951724146677, 1.000000000000000000 ) ) 
 REPRESENTATION_ITEM ( '' )  );
#6465 = DIRECTION ( 'NONE',  ( 0.000000000000000000, 0.7992742469136906447, -0.6009664534901699717 ) ) ;
#6466 = VERTEX_POINT ( 'NONE', #5320 ) ;
#6467 = VERTEX_POINT ( 'NONE', #7856 ) ;
#6468 = EDGE_CURVE ( 'NONE', #1736, #7560, #3449, .T. ) ;
#6469 = CARTESIAN_POINT ( 'NONE',  ( 30.76129895000732972, 105.2884965010475753, -20.44685723035891911 ) ) ;
#6470 = LINE ( 'NONE', #2113, #3821 ) ;
#6471 = EDGE_CURVE ( 'NONE', #5511, #4658, #4688, .T. ) ;
#6472 = LINE ( 'NONE', #831, #8215 ) ;
#6473 = CARTESIAN_POINT ( 'NONE',  ( 23.42826772035536109, 102.1082400103297800, 25.15615136071116353 ) ) ;
#6474 = CARTESIAN_POINT ( 'NONE',  ( 0.000000000000000000, 105.0000000000000142, 31.00000000000000355 ) ) ;
#6475 = EDGE_LOOP ( 'NONE', ( #5236, #5793, #5873, #5897 ) ) ;
#6476 = VECTOR ( 'NONE', #5605, 1000.000000000000000 ) ;
#6477 = DIRECTION ( 'NONE',  ( 0.000000000000000000, 0.000000000000000000, 1.000000000000000000 ) ) ;
#6478 = ORIENTED_EDGE ( 'NONE', *, *, #4520, .T. ) ;
#6479 = EDGE_CURVE ( 'NONE', #6445, #8073, #2086, .T. ) ;
#6480 = CARTESIAN_POINT ( 'NONE',  ( 6.499999999999992006, 4.664717059371330521, -32.22798536380059886 ) ) ;
#6481 = VECTOR ( 'NONE', #5181, 1000.000000000000000 ) ;
#6482 = CARTESIAN_POINT ( 'NONE',  ( 3.499999999999996003, 51.61105364921484551, 32.01778838598462329 ) ) ;
#6483 = CARTESIAN_POINT ( 'NONE',  ( -21.28982364424427232, 107.0189927906209988, 26.39078262369913830 ) ) ;
#6484 = DIRECTION ( 'NONE',  ( 0.000000000000000000, 0.000000000000000000, 1.000000000000000000 ) ) ;
#6485 = EDGE_CURVE ( 'NONE', #374, #6982, #4569, .T. ) ;
#6486 = CARTESIAN_POINT ( 'NONE',  ( -0.7999999999999928280, 0.000000000000000000, 4.750000000000000000 ) ) ;
#6487 = ORIENTED_EDGE ( 'NONE', *, *, #4323, .F. ) ;
#6488 = CARTESIAN_POINT ( 'NONE',  ( 9.844741305052650659, 102.1592061883329023, -32.99860399313055837 ) ) ;
#6489 = VERTEX_POINT ( 'NONE', #302 ) ;
#6490 = VECTOR ( 'NONE', #967, 1000.000000000000000 ) ;
#6491 = ORIENTED_EDGE ( 'NONE', *, *, #7724, .T. ) ;
#6492 = CARTESIAN_POINT ( 'NONE',  ( -28.50000000000000711, 99.00000000000000000, -10.82773132595622201 ) ) ;
#6493 = ORIENTED_EDGE ( 'NONE', *, *, #4868, .T. ) ;
#6494 = EDGE_CURVE ( 'NONE', #6984, #4801, #7107, .T. ) ;
#6495 = DIRECTION ( 'NONE',  ( 0.8660254037844385966, 0.000000000000000000, 0.5000000000000001110 ) ) ;
#6496 = VECTOR ( 'NONE', #1334, 1000.000000000000000 ) ;
#6497 = CARTESIAN_POINT ( 'NONE',  ( 3.499999999999996003, 51.61105364921484551, -32.01778838598462329 ) ) ;
#6498 = DIRECTION ( 'NONE',  ( 1.040834085586083468E-15, -1.000000000000000000, -6.009258394948631195E-16 ) ) ;
#6499 = ORIENTED_EDGE ( 'NONE', *, *, #6181, .F. ) ;
#6500 = ORIENTED_EDGE ( 'NONE', *, *, #5050, .T. ) ;
#6501 = CIRCLE ( 'NONE', #7558, 8.000000000000000000 ) ;
#6502 = ORIENTED_EDGE ( 'NONE', *, *, #7301, .T. ) ;
#6503 = CARTESIAN_POINT ( 'NONE',  ( -32.92174029884077413, 105.5606347184278491, 16.94796412587210455 ) ) ;
#6504 = DIRECTION ( 'NONE',  ( -1.000000000000000000, -0.000000000000000000, -0.000000000000000000 ) ) ;
#6505 = ADVANCED_FACE ( 'NONE', ( #5867 ), #4654, .F. ) ;
#6506 = CARTESIAN_POINT ( 'NONE',  ( -3.542038879759091596, 104.5545575974461485, -36.49597237078005207 ) ) ;
#6507 = CARTESIAN_POINT ( 'NONE',  ( -0.8000000000000001554, 0.000000000000000000, 4.750000000000000000 ) ) ;
#6508 = CARTESIAN_POINT ( 'NONE',  ( 3.499999999999996003, 51.61105364921484551, -32.01778838598462329 ) ) ;
#6509 = VECTOR ( 'NONE', #850, 1000.000000000000114 ) ;
#6510 = LINE ( 'NONE', #4011, #3132 ) ;
#6511 = ORIENTED_EDGE ( 'NONE', *, *, #161, .T. ) ;
#6512 = ORIENTED_EDGE ( 'NONE', *, *, #5413, .F. ) ;
#6513 = CARTESIAN_POINT ( 'NONE',  ( -0.9658863941261945918, 105.8375999029977237, 37.09966747351970895 ) ) ;
#6514 = LINE ( 'NONE', #1987, #2509 ) ;
#6515 = DIRECTION ( 'NONE',  ( 0.8660254037844385966, 0.000000000000000000, 0.4999999999999999445 ) ) ;
#6516 = CARTESIAN_POINT ( 'NONE',  ( -33.37703538391937030, 104.5564254094382903, -15.18334285848495391 ) ) ;
#6517 = FACE_OUTER_BOUND ( 'NONE', #5440, .T. ) ;
#6518 = VERTEX_POINT ( 'NONE', #3526 ) ;
#6519 = LINE ( 'NONE', #3403, #7346 ) ;
#6520 = EDGE_CURVE ( 'NONE', #5523, #2538, #2907, .T. ) ;
#6521 = EDGE_LOOP ( 'NONE', ( #2508, #5861, #4737, #4324 ) ) ;
#6522 = LINE ( 'NONE', #6972, #7146 ) ;
#6523 = CARTESIAN_POINT ( 'NONE',  ( -5.000000000000011546, 110.0000000000000000, 35.79571668975681575 ) ) ;
#6524 = CARTESIAN_POINT ( 'NONE',  ( -6.314882820214216430, 102.9965023232095263, 35.03656873955332429 ) ) ;
#6525 = LINE ( 'NONE', #5231, #1799 ) ;
#6526 = EDGE_LOOP ( 'NONE', ( #4561, #507, #2204, #3702, #4961, #4928 ) ) ;
#6527 = CARTESIAN_POINT ( 'NONE',  ( 20.72555894130175247, 101.8013993413398026, -26.71656100183891525 ) ) ;
#6528 = VERTEX_POINT ( 'NONE', #3484 ) ;
#6529 = EDGE_CURVE ( 'NONE', #2538, #4092, #5789, .T. ) ;
#6530 = VERTEX_POINT ( 'NONE', #5470 ) ;
#6531 = EDGE_CURVE ( 'NONE', #1509, #2642, #2982, .T. ) ;
#6532 = CARTESIAN_POINT ( 'NONE',  ( 12.49999999999998757, 76.95002665055244506, -38.00000000000000000 ) ) ;
#6533 = CARTESIAN_POINT ( 'NONE',  ( 33.50000000000000000, 110.0000000000000000, -19.34123401785247509 ) ) ;
#6534 = CARTESIAN_POINT ( 'NONE',  ( -3.500000000000010214, 4.861804996342651286, 29.73353886326573203 ) ) ;
#6535 = CALENDAR_DATE ( 2026, 9, 1 ) ;
#6536 = CARTESIAN_POINT ( 'NONE',  ( 38.00000000000000000, 175.0000000000000000, -12.50000000000002132 ) ) ;
#6537 = DIRECTION ( 'NONE',  ( 0.000000000000000000, 0.000000000000000000, 1.000000000000000000 ) ) ;
#6538 = ORIENTED_EDGE ( 'NONE', *, *, #2719, .F. ) ;
#6539 = ORIENTED_EDGE ( 'NONE', *, *, #6764, .F. ) ;
#6540 = EDGE_CURVE ( 'NONE', #8085, #2698, #6645, .T. ) ;
#6541 = VERTEX_POINT ( 'NONE', #6678 ) ;
#6542 = CARTESIAN_POINT ( 'NONE',  ( 23.50000000000000711, -3.000000000000002665, 13.56773132595622577 ) ) ;
#6543 = CARTESIAN_POINT ( 'NONE',  ( -3.059587760786298460, 104.8760829223148789, -36.66590923971416771 ) ) ;
#6544 = DIRECTION ( 'NONE',  ( 0.000000000000000000, 1.000000000000000000, 0.000000000000000000 ) ) ;
#6545 = DIRECTION ( 'NONE',  ( 0.000000000000000000, 0.000000000000000000, -1.000000000000000000 ) ) ;
#6546 = EDGE_CURVE ( 'NONE', #7196, #6302, #1012, .T. ) ;
#6547 = EDGE_LOOP ( 'NONE', ( #4582, #2366, #2339, #3402, #2553 ) ) ;
#6548 = VERTEX_POINT ( 'NONE', #6799 ) ;
#6549 = CARTESIAN_POINT ( 'NONE',  ( 6.713849666925970183, 102.8577766187400186, -34.80622512320654494 ) ) ;
#6550 = DIRECTION ( 'NONE',  ( -0.4999999999999999445, 0.000000000000000000, 0.8660254037844387076 ) ) ;
#6551 = CARTESIAN_POINT ( 'NONE',  ( 30.82254944042859179, 107.9020477225594448, -20.40081164510083767 ) ) ;
#6552 = CARTESIAN_POINT ( 'NONE',  ( -3.500000000000010214, 100.1970879369712719, -29.73353886326572848 ) ) ;
#6553 = CARTESIAN_POINT ( 'NONE',  ( -3.500000000000010214, 4.664717059371330521, -33.22798536380059886 ) ) ;
#6554 = ORIENTED_EDGE ( 'NONE', *, *, #3242, .F. ) ;
#6555 = FACE_OUTER_BOUND ( 'NONE', #4739, .T. ) ;
#6556 = CIRCLE ( 'NONE', #2183, 1.000000000000000888 ) ;
#6557 = VERTEX_POINT ( 'NONE', #4143 ) ;
#6558 = DIRECTION ( 'NONE',  ( -0.000000000000000000, 1.000000000000000000, -0.000000000000000000 ) ) ;
#6559 = DIRECTION ( 'NONE',  ( 0.000000000000000000, -0.000000000000000000, 1.000000000000000000 ) ) ;
#6560 = VECTOR ( 'NONE', #5361, 1000.000000000000000 ) ;
#6561 = VECTOR ( 'NONE', #1632, 1000.000000000000000 ) ;
#6562 = CARTESIAN_POINT ( 'NONE',  ( -4.999999999999999112, 51.05367529751676159, -35.79571668975681575 ) ) ;
#6563 = CARTESIAN_POINT ( 'NONE',  ( 31.50000000000000000, -5.000000000000000000, -13.56773132595622400 ) ) ;
#6564 = ORIENTED_EDGE ( 'NONE', *, *, #2310, .T. ) ;
#6565 = CARTESIAN_POINT ( 'NONE',  ( 11.85418739878529770, 109.9999999999373301, -36.11572382085515898 ) ) ;
#6566 = VERTEX_POINT ( 'NONE', #1735 ) ;
#6567 = VECTOR ( 'NONE', #7793, 1000.000000000000000 ) ;
#6568 = VECTOR ( 'NONE', #2826, 1000.000000000000000 ) ;
#6569 = ORIENTED_EDGE ( 'NONE', *, *, #7664, .F. ) ;
#6570 = CARTESIAN_POINT ( 'NONE',  ( 16.00000000000000000, 115.0000000000000000, -15.00000000000000000 ) ) ;
#6571 = CARTESIAN_POINT ( 'NONE',  ( 38.00000000000000000, 169.9999999999999716, -12.50000000000002132 ) ) ;
#6572 = CARTESIAN_POINT ( 'NONE',  ( -27.50000000000000355, 0.000000000000000000, 15.87713240271471449 ) ) ;
#6573 = EDGE_CURVE ( 'NONE', #8063, #7574, #663, .T. ) ;
#6574 = EDGE_CURVE ( 'NONE', #4668, #1240, #4772, .T. ) ;
#6575 = LINE ( 'NONE', #894, #1859 ) ;
#6576 = VECTOR ( 'NONE', #3458, 1000.000000000000227 ) ;
#6577 = CARTESIAN_POINT ( 'NONE',  ( -28.50000000000000711, 0.000000000000000000, 0.000000000000000000 ) ) ;
#6578 = ORIENTED_EDGE ( 'NONE', *, *, #3275, .T. ) ;
#6579 = AXIS2_PLACEMENT_3D ( 'NONE', #895, #4003, #852 ) ;
#6580 = DIRECTION ( 'NONE',  ( -1.000000000000000000, -0.000000000000000000, -0.000000000000000000 ) ) ;
#6581 = ORIENTED_EDGE ( 'NONE', *, *, #5312, .T. ) ;
#6582 = ORIENTED_EDGE ( 'NONE', *, *, #5559, .T. ) ;
#6583 = CARTESIAN_POINT ( 'NONE',  ( 3.499999999999996003, 45.73950986304808453, 34.43818234161658864 ) ) ;
#6584 = LINE ( 'NONE', #4791, #3182 ) ;
#6585 = DIRECTION ( 'NONE',  ( 0.000000000000000000, 0.000000000000000000, -1.000000000000000000 ) ) ;
#6586 = ADVANCED_FACE ( 'NONE', ( #3602 ), #4185, .F. ) ;
#6587 = AXIS2_PLACEMENT_3D ( 'NONE', #1367, #5813, #2077 ) ;
#6588 = VERTEX_POINT ( 'NONE', #3566 ) ;
#6589 = ORIENTED_EDGE ( 'NONE', *, *, #1041, .F. ) ;
#6590 = CARTESIAN_POINT ( 'NONE',  ( -3.506411780512262322, 48.54382895254835972, -29.72983702006100160 ) ) ;
#6591 = CARTESIAN_POINT ( 'NONE',  ( 33.50000000000000711, 101.7996433483234000, -4.565602452927850052 ) ) ;
#6592 = EDGE_CURVE ( 'NONE', #522, #2189, #7462, .T. ) ;
#6593 = CARTESIAN_POINT ( 'NONE',  ( 35.88523373199622313, 175.0000000000000000, -12.50000000000002132 ) ) ;
#6594 = FACE_OUTER_BOUND ( 'NONE', #4112, .T. ) ;
#6595 = FACE_BOUND ( 'NONE', #6134, .T. ) ;
#6596 = EDGE_LOOP ( 'NONE', ( #4125, #2739, #1585, #286 ) ) ;
#6597 = CARTESIAN_POINT ( 'NONE',  ( 3.499999999999996003, 1.808887184059105646, 34.61635457139905014 ) ) ;
#6598 = ORIENTED_EDGE ( 'NONE', *, *, #5057, .F. ) ;
#6599 = CARTESIAN_POINT ( 'NONE',  ( 0.7308777857714184867, 111.2691078666794482, 38.26049554934508024 ) ) ;
#6600 = CARTESIAN_POINT ( 'NONE',  ( -1.800000000000000044, 0.000000000000000000, 3.749999999999992895 ) ) ;
#6601 = DIRECTION ( 'NONE',  ( -0.8187703157500310081, -0.3258121545647528761, 0.4727172622027550064 ) ) ;
#6602 = EDGE_CURVE ( 'NONE', #3558, #222, #3930, .T. ) ;
#6603 = CIRCLE ( 'NONE', #3150, 1.000000000000000000 ) ;
#6604 = CARTESIAN_POINT ( 'NONE',  ( -16.00000000000000000, 115.0000000000000000, 16.00000000000000000 ) ) ;
#6605 = ORIENTED_EDGE ( 'NONE', *, *, #845, .T. ) ;
#6606 = CARTESIAN_POINT ( 'NONE',  ( 18.13648300077256081, 110.0000000000070770, -33.40765300143807792 ) ) ;
#6607 = ORIENTED_EDGE ( 'NONE', *, *, #5494, .F. ) ;
#6608 = CARTESIAN_POINT ( 'NONE',  ( -33.50000000000000711, 101.6780911546465092, -2.302635942264842583 ) ) ;
#6609 = VERTEX_POINT ( 'NONE', #4808 ) ;
#6610 = DIRECTION ( 'NONE',  ( 0.000000000000000000, -1.000000000000000000, 0.000000000000000000 ) ) ;
#6611 = PERSON_AND_ORGANIZATION ( #18446744073709551615, #5642 ) ;
#6612 = CARTESIAN_POINT ( 'NONE',  ( -28.50000000000000711, 37.50000000000000711, 5.999618943233405055 ) ) ;
#6613 = DIRECTION ( 'NONE',  ( -0.000000000000000000, -0.000000000000000000, 1.000000000000000000 ) ) ;
#6614 = EDGE_LOOP ( 'NONE', ( #7227, #6150 ) ) ;
#6615 = VECTOR ( 'NONE', #1997, 1000.000000000000000 ) ;
#6616 = FACE_OUTER_BOUND ( 'NONE', #3099, .T. ) ;
#6617 = ORIENTED_EDGE ( 'NONE', *, *, #4075, .F. ) ;
#6618 = ADVANCED_FACE ( 'NONE', ( #7343 ), #2362, .F. ) ;
#6619 = VERTEX_POINT ( 'NONE', #1038 ) ;
#6620 = AXIS2_PLACEMENT_3D ( 'NONE', #2359, #7423, #3063 ) ;
#6621 = CARTESIAN_POINT ( 'NONE',  ( -1.380348874026484114E-14, 62.95002665055243796, 38.68246803570493597 ) ) ;
#6622 = LINE ( 'NONE', #5418, #7024 ) ;
#6623 = PRODUCT ( 'Case Upper Piece', 'Case Upper Piece', '', ( #3827 ) ) ;
#6624 = FACE_OUTER_BOUND ( 'NONE', #1568, .T. ) ;
#6625 = AXIS2_PLACEMENT_3D ( 'NONE', #613, #4834, #7542 ) ;
#6626 = EDGE_CURVE ( 'NONE', #3741, #3541, #8004, .T. ) ;
#6627 = EDGE_LOOP ( 'NONE', ( #5198, #1504, #5098, #4819, #5571 ) ) ;
#6628 = ORIENTED_EDGE ( 'NONE', *, *, #2958, .T. ) ;
#6629 = CARTESIAN_POINT ( 'NONE',  ( 5.846445054439101341, 103.1253219605143698, -35.30702140972216796 ) ) ;
#6630 = EDGE_CURVE ( 'NONE', #6226, #6119, #6762, .T. ) ;
#6631 = CARTESIAN_POINT ( 'NONE',  ( 3.499999999999996003, 51.61105364921484551, 32.01778838598462329 ) ) ;
#6632 = B_SPLINE_CURVE_WITH_KNOTS ( 'NONE', 3,
 ( #6448, #1921, #7072, #7117, #1385, #3125, #4451, #6989, #1345, #6364, #685, #5788, #3207, #2594, #7657, #6403, #723, #3250, #103, #3914, #5874, #7158 ),
 .UNSPECIFIED., .F., .F.,
 ( 4, 2, 2, 2, 2, 2, 2, 2, 2, 2, 4 ),
 ( 0.000000000000000000, 0.001460768288728898521, 0.002921536577457797042, 0.003651920721822239906, 0.004382304866186682336, 0.005112689010551113925, 0.005843073154915544645, 0.007303841443644406954, 0.008764609732373269263, 0.01022537802110213938, 0.01168614630983100949 ),
 .UNSPECIFIED. ) ;
#6633 = VECTOR ( 'NONE', #8015, 1000.000000000000227 ) ;
#6634 = DIRECTION ( 'NONE',  ( 0.000000000000000000, 0.000000000000000000, 1.000000000000000000 ) ) ;
#6635 = DIRECTION ( 'NONE',  ( 1.000000000000000000, 0.000000000000000000, -0.000000000000000000 ) ) ;
#6636 = DIRECTION ( 'NONE',  ( 0.000000000000000000, 0.000000000000000000, 1.000000000000000000 ) ) ;
#6637 = ORIENTED_EDGE ( 'NONE', *, *, #4888, .T. ) ;
#6638 = CYLINDRICAL_SURFACE ( 'NONE', #2969, 1.000000000000000888 ) ;
#6639 = ADVANCED_FACE ( 'NONE', ( #495, #3023 ), #5555, .T. ) ;
#6640 = AXIS2_PLACEMENT_3D ( 'NONE', #5675, #1275, #6130 ) ;
#6641 = EDGE_LOOP ( 'NONE', ( #4767, #2295, #64, #1675, #2621, #277, #531 ) ) ;
#6642 = CARTESIAN_POINT ( 'NONE',  ( 4.620887891649985590, 47.78672243024686139, -36.01459716756573215 ) ) ;
#6643 = DIRECTION ( 'NONE',  ( 2.775557561562891351E-15, 0.9454345244055166742, 0.3258121545647344464 ) ) ;
#6644 = DIRECTION ( 'NONE',  ( 0.000000000000000000, 0.000000000000000000, 1.000000000000000000 ) ) ;
#6645 = LINE ( 'NONE', #7933, #7905 ) ;
#6646 = ORIENTED_EDGE ( 'NONE', *, *, #6184, .T. ) ;
#6647 = CARTESIAN_POINT ( 'NONE',  ( 23.06788903032865079, 107.0247856067851728, -25.36421609440832015 ) ) ;
#6648 = EDGE_CURVE ( 'NONE', #7218, #5246, #1821, .T. ) ;
#6649 = ORIENTED_EDGE ( 'NONE', *, *, #5307, .F. ) ;
#6650 = CARTESIAN_POINT ( 'NONE',  ( -33.50000000000000711, 101.7997572540177771, 4.567203403609319423 ) ) ;
#6651 = ORIENTED_EDGE ( 'NONE', *, *, #4192, .T. ) ;
#6652 = CARTESIAN_POINT ( 'NONE',  ( 3.943220832998381109, 109.9999999999753157, 37.79648182963403968 ) ) ;
#6653 = DIRECTION ( 'NONE',  ( 0.000000000000000000, 0.000000000000000000, 1.000000000000000000 ) ) ;
#6654 = CARTESIAN_POINT ( 'NONE',  ( 32.70210098213790673, 105.7547606873934711, 17.48886319926734956 ) ) ;
#6655 = CARTESIAN_POINT ( 'NONE',  ( -1.214306433183764966E-14, -5.000000000000000000, 27.13546265191242313 ) ) ;
#6656 = CARTESIAN_POINT ( 'NONE',  ( 12.49999999999998579, 76.95002665055244506, -31.46558967083462477 ) ) ;
#6657 = VERTEX_POINT ( 'NONE', #1327 ) ;
#6658 = CARTESIAN_POINT ( 'NONE',  ( -27.00000000000000355, 105.0000000000000142, 0.000000000000000000 ) ) ;
#6659 = VERTEX_POINT ( 'NONE', #626 ) ;
#6660 = VERTEX_POINT ( 'NONE', #3761 ) ;
#6661 = CARTESIAN_POINT ( 'NONE',  ( 3.499999999999996003, 4.439165125327534156, -36.39539118850675692 ) ) ;
#6662 = CARTESIAN_POINT ( 'NONE',  ( 0.000000000000000000, 185.0000000000000000, 0.000000000000000000 ) ) ;
#6663 = CARTESIAN_POINT ( 'NONE',  ( -3.500000000000010214, 48.67528175613146146, -33.22798536380059886 ) ) ;
#6664 = EDGE_CURVE ( 'NONE', #575, #6609, #5639, .T. ) ;
#6665 = ORIENTED_EDGE ( 'NONE', *, *, #6312, .F. ) ;
#6666 = CARTESIAN_POINT ( 'NONE',  ( 4.999999999999984013, 3.552555715023483884, 35.79571668975681575 ) ) ;
#6667 = CARTESIAN_POINT ( 'NONE',  ( 3.368536366827511825E-15, 76.95002665055244506, -31.75426480542942898 ) ) ;
#6668 = CARTESIAN_POINT ( 'NONE',  ( 5.000000000000000888, -3.000000000000000000, -35.79571668975680865 ) ) ;
#6669 = EDGE_CURVE ( 'NONE', #7998, #6609, #2217, .T. ) ;
#6670 = CARTESIAN_POINT ( 'NONE',  ( -3.500000000000010214, 4.664717059371330521, -33.22798536380059886 ) ) ;
#6671 = DIRECTION ( 'NONE',  ( 1.000000000000000000, 3.469446951953611231E-16, 0.000000000000000000 ) ) ;
#6672 = ORIENTED_EDGE ( 'NONE', *, *, #5926, .F. ) ;
#6673 = DIRECTION ( 'NONE',  ( 0.000000000000000000, 0.000000000000000000, -1.000000000000000000 ) ) ;
#6674 = ORIENTED_EDGE ( 'NONE', *, *, #3519, .F. ) ;
#6675 = CARTESIAN_POINT ( 'NONE',  ( -5.000000000000011546, 97.62160645861473540, 35.79571668975681575 ) ) ;
#6676 = CARTESIAN_POINT ( 'NONE',  ( 28.50000000000000000, -3.000000000000002665, 22.22798536380061662 ) ) ;
#6677 = CARTESIAN_POINT ( 'NONE',  ( -3.733417588320766534, 47.20923619837791563, 36.41574728538200389 ) ) ;
#6678 = CARTESIAN_POINT ( 'NONE',  ( 4.999999999999992895, 62.95002665055243796, -35.79571668975681575 ) ) ;
#6679 = ORIENTED_EDGE ( 'NONE', *, *, #4013, .F. ) ;
#6680 = VECTOR ( 'NONE', #835, 1000.000000000000114 ) ;
#6681 = CARTESIAN_POINT ( 'NONE',  ( -10.06550233039498288, 110.0000000000725890, -36.65437182495674051 ) ) ;
#6682 = ORIENTED_EDGE ( 'NONE', *, *, #1423, .T. ) ;
#6683 = DIRECTION ( 'NONE',  ( -0.000000000000000000, 1.000000000000000000, -0.000000000000000000 ) ) ;
#6684 = CARTESIAN_POINT ( 'NONE',  ( -6.314882820226580762, 102.9965023232056467, -35.03656873954617623 ) ) ;
#6685 = AXIS2_PLACEMENT_3D ( 'NONE', #6814, #4449, #8146 ) ;
#6686 = FACE_BOUND ( 'NONE', #1308, .T. ) ;
#6687 = CARTESIAN_POINT ( 'NONE',  ( 7.293043950541752807, 97.07832394846913360, -34.47182714764789324 ) ) ;
#6688 = EDGE_CURVE ( 'NONE', #7525, #4900, #1553, .T. ) ;
#6689 = LINE ( 'NONE', #5479, #864 ) ;
#6690 = DIRECTION ( 'NONE',  ( 0.000000000000000000, -1.000000000000000000, 0.000000000000000000 ) ) ;
#6691 = DIRECTION ( 'NONE',  ( 1.000000000000000000, -0.000000000000000000, 1.849002583061117992E-16 ) ) ;
#6692 = ORIENTED_EDGE ( 'NONE', *, *, #2540, .F. ) ;
#6694 = TOROIDAL_SURFACE ( 'NONE', #1122, 8.000000000000000000, 2.000000000000000000 ) ;
#6693 = CARTESIAN_POINT ( 'NONE',  ( -12.50000000000001421, 71.95002665055244506, 31.46558967083460701 ) ) ;
#6695 = VERTEX_POINT ( 'NONE', #539 ) ;
#6696 = AXIS2_PLACEMENT_3D ( 'NONE', #4142, #3525, #6644 ) ;
#6697 = ORIENTED_EDGE ( 'NONE', *, *, #4614, .T. ) ;
#6698 = CARTESIAN_POINT ( 'NONE',  ( -9.844741305052892244, 102.1592061883249869, 32.99860399313042336 ) ) ;
#6699 = CARTESIAN_POINT ( 'NONE',  ( 13.07851516493542121, 101.7877873221361114, -31.13158378462886233 ) ) ;
#6700 = VECTOR ( 'NONE', #816, 1000.000000000000000 ) ;
#6701 = CARTESIAN_POINT ( 'NONE',  ( -12.50000000000001421, 76.95002665055244506, -24.53738644055909646 ) ) ;
#6702 = LINE ( 'NONE', #4283, #473 ) ;
#6703 = ADVANCED_FACE ( 'NONE', ( #8217 ), #2445, .T. ) ;
#6704 = CIRCLE ( 'NONE', #6441, 4.000000000000002665 ) ;
#6705 = VECTOR ( 'NONE', #714, 1000.000000000000000 ) ;
#6706 = ORIENTED_EDGE ( 'NONE', *, *, #3663, .T. ) ;
#6707 = LINE ( 'NONE', #4015, #466 ) ;
#6708 = CARTESIAN_POINT ( 'NONE',  ( 3.499999999999996003, 7.294995000639755922, -35.00702198090831274 ) ) ;
#6709 = CARTESIAN_POINT ( 'NONE',  ( 0.000000000000000000, 110.0000000000000000, 27.00000000000000355 ) ) ;
#6710 = B_SPLINE_CURVE_WITH_KNOTS ( 'NONE', 3,
 ( #789, #3315, #7632, #7050, #2700, #1363 ),
 .UNSPECIFIED., .F., .F.,
 ( 4, 2, 4 ),
 ( 1.474514954580286030E-17, 0.001007245322344462899, 0.002014490644688911054 ),
 .UNSPECIFIED. ) ;
#6711 = CARTESIAN_POINT ( 'NONE',  ( 33.62236321259828031, 109.9999999999751452, 17.72126581387490418 ) ) ;
#6712 = AXIS2_PLACEMENT_3D ( 'NONE', #5676, #2530, #5048 ) ;
#6713 = VECTOR ( 'NONE', #4674, 999.9999999999998863 ) ;
#6714 = LINE ( 'NONE', #487, #7250 ) ;
#6715 = ORIENTED_EDGE ( 'NONE', *, *, #234, .T. ) ;
#6716 = LINE ( 'NONE', #489, #7251 ) ;
#6717 = ADVANCED_FACE ( 'NONE', ( #4967, #5596 ), #8173, .T. ) ;
#6718 = VECTOR ( 'NONE', #938, 1000.000000000000000 ) ;
#6719 = EDGE_CURVE ( 'NONE', #6059, #8009, #2620, .T. ) ;
#6720 = AXIS2_PLACEMENT_3D ( 'NONE', #2555, #1922, #6243 ) ;
#6721 = ORIENTED_EDGE ( 'NONE', *, *, #1505, .T. ) ;
#6722 = CARTESIAN_POINT ( 'NONE',  ( 3.499999999999996003, 97.07832394846914781, 34.47182714764789324 ) ) ;
#6723 = DIRECTION ( 'NONE',  ( 0.000000000000000000, -0.000000000000000000, 1.000000000000000000 ) ) ;
#6724 = DIRECTION ( 'NONE',  ( 0.000000000000000000, -0.8283227331462885701, 0.5602512380647296508 ) ) ;
#6725 = ORIENTED_EDGE ( 'NONE', *, *, #2122, .F. ) ;
#6726 =( BOUNDED_SURFACE ( )  B_SPLINE_SURFACE ( 3, 2, ( 
 ( #3971, #7976, #2059 ),
 ( #3490, #4117, #2730 ),
 ( #822, #3348, #2290 ),
 ( #4814, #5885, #7277 ),
 ( #6732, #7352, #5403 ),
 ( #3573, #1591, #6652 ),
 ( #6109, #424, #2950 ),
 ( #8012, #2878, #6029 ),
 ( #346, #2329, #4854 ),
 ( #7394, #6769, #1077 ),
 ( #3607, #5518, #4590 ),
 ( #6351, #8134, #1115 ),
 ( #1829, #7563, #3731 ),
 ( #1908, #6268, #8097 ),
 ( #3071, #1205, #5604 ),
 ( #1783, #4976, #8180 ),
 ( #2455, #7518, #586 ),
 ( #2413, #4355, #3646 ),
 ( #5647, #2543, #4930 ),
 ( #6891, #2369, #1873 ),
 ( #4267, #7468, #633 ),
 ( #3112, #1740, #6804 ) ),
 .UNSPECIFIED., .F., .F., .F. ) 
 B_SPLINE_SURFACE_WITH_KNOTS ( ( 4, 2, 2, 2, 2, 2, 2, 2, 2, 2, 4 ),
 ( 3, 3 ),
 ( 0.03286631394832353198, 0.03556936930827621357, 0.03827242466822890210, 0.03962395234820524637, 0.04097548002818159063, 0.04367853538813427916, 0.04638159074808696769, 0.04773311842806331196, 0.04908464610803965622, 0.05178770146799234475, 0.05449075682794503328 ),
 ( 0.000000000000000000, 1.000000000000000000 ),
 .UNSPECIFIED. ) 
 GEOMETRIC_REPRESENTATION_ITEM ( )  RATIONAL_B_SPLINE_SURFACE ( (
 ( 1.000000000000000000, 0.9279975443815938752, 1.000000000000000000),
 ( 1.000000000000000000, 0.9360309808294460243, 1.000000000000000000),
 ( 1.000000000000000000, 0.9431055580348109979, 1.000000000000000000),
 ( 1.000000000000000000, 0.9554152026506367301, 1.000000000000000000),
 ( 1.000000000000000000, 0.9606536220475347942, 1.000000000000000000),
 ( 1.000000000000000000, 0.9670989781339278668, 1.000000000000000000),
 ( 1.000000000000000000, 0.9690149568440392658, 1.000000000000000000),
 ( 1.000000000000000000, 0.9722986335256212920, 1.000000000000000000),
 ( 1.000000000000000000, 0.9736745969652342847, 1.000000000000000000),
 ( 1.000000000000000000, 0.9769991886520376090, 1.000000000000000000),
 ( 1.000000000000000000, 0.9781510818708136767, 1.000000000000000000),
 ( 1.000000000000000000, 0.9781445185069008730, 1.000000000000000000),
 ( 1.000000000000000000, 0.9769867758043186967, 1.000000000000000000),
 ( 1.000000000000000000, 0.9736665339461361146, 1.000000000000000000),
 ( 1.000000000000000000, 0.9722941497469098637, 1.000000000000000000),
 ( 1.000000000000000000, 0.9690234601422017535, 1.000000000000000000),
 ( 1.000000000000000000, 0.9671169786157556292, 1.000000000000000000),
 ( 1.000000000000000000, 0.9606593060256344296, 1.000000000000000000),
 ( 1.000000000000000000, 0.9554125996569639012, 1.000000000000000000),
 ( 1.000000000000000000, 0.9430954151788631945, 1.000000000000000000),
 ( 1.000000000000000000, 0.9360214808610431980, 1.000000000000000000),
 ( 1.000000000000000000, 0.9279975443815875469, 1.000000000000000000) ) ) 
 REPRESENTATION_ITEM ( '' )  SURFACE ( )  );
#6727 = CARTESIAN_POINT ( 'NONE',  ( 0.000000000000000000, 169.9999999999999716, 0.000000000000000000 ) ) ;
#6728 = EDGE_CURVE ( 'NONE', #2017, #5486, #7507, .T. ) ;
#6729 = VERTEX_POINT ( 'NONE', #1903 ) ;
#6730 = CARTESIAN_POINT ( 'NONE',  ( -38.00011768044579696, 110.0000000000062244, 0.9971714867445613528 ) ) ;
#6731 = VECTOR ( 'NONE', #2926, 1000.000000000000000 ) ;
#6732 = CARTESIAN_POINT ( 'NONE',  ( 3.059587760786391275, 104.8760829223085693, 36.66590923971413929 ) ) ;
#6733 = CARTESIAN_POINT ( 'NONE',  ( 30.54095610815091177, 185.0000000000000000, 12.49999999999998401 ) ) ;
#6734 = EDGE_CURVE ( 'NONE', #7834, #2681, #4431, .T. ) ;
#6735 = DIRECTION ( 'NONE',  ( 0.000000000000000000, 1.000000000000000000, 0.000000000000000000 ) ) ;
#6736 = CARTESIAN_POINT ( 'NONE',  ( -27.00000000000000355, 115.0000000000000000, 3.999999999999999112 ) ) ;
#6737 = CARTESIAN_POINT ( 'NONE',  ( -1.044870271209150442E-14, 110.0000000000000000, 31.75426480542942187 ) ) ;
#6738 = VERTEX_POINT ( 'NONE', #6966 ) ;
#6739 = CARTESIAN_POINT ( 'NONE',  ( 19.86363467966849683, 110.0000000000075602, 32.41048151469706085 ) ) ;
#6740 = VERTEX_POINT ( 'NONE', #1865 ) ;
#6741 = CIRCLE ( 'NONE', #3154, 9.999999999999998224 ) ;
#6742 = EDGE_CURVE ( 'NONE', #6466, #5511, #6182, .T. ) ;
#6743 = ORIENTED_EDGE ( 'NONE', *, *, #1920, .T. ) ;
#6744 = CARTESIAN_POINT ( 'NONE',  ( -10.44980017264690275, 107.0246128570724267, 32.64927309304713532 ) ) ;
#6745 = CARTESIAN_POINT ( 'NONE',  ( 12.49999999999998401, 76.95002665055244506, 31.46558967083462477 ) ) ;
#6746 = AXIS2_PLACEMENT_3D ( 'NONE', #2036, #7102, #1417 ) ;
#6747 = CARTESIAN_POINT ( 'NONE',  ( 5.282785790119325142, 107.3907954597091532, -35.71741067012872861 ) ) ;
#6748 = DIRECTION ( 'NONE',  ( -0.000000000000000000, -1.000000000000000000, -0.000000000000000000 ) ) ;
#6749 = ORIENTED_EDGE ( 'NONE', *, *, #1079, .T. ) ;
#6750 = EDGE_CURVE ( 'NONE', #5592, #543, #3725, .T. ) ;
#6751 = DIRECTION ( 'NONE',  ( 0.000000000000000000, 0.000000000000000000, -1.000000000000000000 ) ) ;
#6752 = DIRECTION ( 'NONE',  ( 0.000000000000000000, 0.000000000000000000, 1.000000000000000000 ) ) ;
#6753 = CARTESIAN_POINT ( 'NONE',  ( 30.76597342178033401, 109.9999999999741789, -22.30647465085505843 ) ) ;
#6754 = CARTESIAN_POINT ( 'NONE',  ( 6.499999999999992006, 48.67528175613146146, 33.22798536380059886 ) ) ;
#6755 = AXIS2_PLACEMENT_3D ( 'NONE', #46, #838, #6559 ) ;
#6756 = CARTESIAN_POINT ( 'NONE',  ( -33.47306723395129779, 104.0468650111052114, -14.41606418663188371 ) ) ;
#6757 = ORIENTED_EDGE ( 'NONE', *, *, #2011, .F. ) ;
#6758 = VECTOR ( 'NONE', #7083, 1000.000000000000000 ) ;
#6759 = EDGE_LOOP ( 'NONE', ( #6037, #6402 ) ) ;
#6760 = CARTESIAN_POINT ( 'NONE',  ( 38.00000000000000000, 175.0000000000000000, -12.50000000000002132 ) ) ;
#6761 = CARTESIAN_POINT ( 'NONE',  ( -30.54095610815089401, 175.0000000000000000, -12.50000000000002132 ) ) ;
#6762 = LINE ( 'NONE', #1072, #6449 ) ;
#6763 = VERTEX_POINT ( 'NONE', #2495 ) ;
#6764 = EDGE_CURVE ( 'NONE', #5962, #7965, #7511, .T. ) ;
#6765 = AXIS2_PLACEMENT_3D ( 'NONE', #6906, #2685, #5706 ) ;
#6766 = CARTESIAN_POINT ( 'NONE',  ( 36.27641115243469727, 110.0000000000000000, 11.31468045945229406 ) ) ;
#6767 = EDGE_LOOP ( 'NONE', ( #5779, #2221, #1974, #5941 ) ) ;
#6768 = CYLINDRICAL_SURFACE ( 'NONE', #1033, 1.000000000000000888 ) ;
#6769 = CARTESIAN_POINT ( 'NONE',  ( 1.151698729267526700, 108.0236274367879474, 37.08722866945979035 ) ) ;
#6770 = DIRECTION ( 'NONE',  ( 0.000000000000000000, 0.000000000000000000, 1.000000000000000000 ) ) ;
#6771 = CARTESIAN_POINT ( 'NONE',  ( 33.09348213161269570, 105.2985136010657499, 16.42245163009614473 ) ) ;
#6772 = CARTESIAN_POINT ( 'NONE',  ( 3.999999999999994227, -5.000000000000000000, -34.06366588218793368 ) ) ;
#6773 = ADVANCED_FACE ( 'NONE', ( #5724, #6884 ), #6923, .T. ) ;
#6774 = FACE_OUTER_BOUND ( 'NONE', #5619, .T. ) ;
#6775 = ORIENTED_EDGE ( 'NONE', *, *, #4811, .F. ) ;
#6776 = FACE_OUTER_BOUND ( 'NONE', #4620, .T. ) ;
#6777 = ORIENTED_EDGE ( 'NONE', *, *, #6494, .T. ) ;
#6778 = EDGE_CURVE ( 'NONE', #6076, #2925, #1156, .T. ) ;
#6779 = EDGE_LOOP ( 'NONE', ( #6903, #275, #151, #343 ) ) ;
#6780 = CARTESIAN_POINT ( 'NONE',  ( 0.000000000000000000, 169.9999999999999716, 0.000000000000000000 ) ) ;
#6781 = ADVANCED_FACE ( 'NONE', ( #579 ), #4474, .F. ) ;
#6782 = DIRECTION ( 'NONE',  ( -1.000000000000000000, 0.000000000000000000, 0.000000000000000000 ) ) ;
#6783 = CARTESIAN_POINT ( 'NONE',  ( 4.250896149222504583, 104.0475724785974165, -36.19699240132273133 ) ) ;
#6784 = DIRECTION ( 'NONE',  ( 0.000000000000000000, 0.000000000000000000, 1.000000000000000000 ) ) ;
#6785 = EDGE_CURVE ( 'NONE', #469, #7401, #7763, .T. ) ;
#6786 = ORIENTED_EDGE ( 'NONE', *, *, #1526, .T. ) ;
#6787 = CARTESIAN_POINT ( 'NONE',  ( -3.500000000000010214, 100.0000000000000000, 33.22798536380059886 ) ) ;
#6788 = CARTESIAN_POINT ( 'NONE',  ( -14.75730584315630267, 101.6887210729902336, -30.16233353464501477 ) ) ;
#6789 = DIRECTION ( 'NONE',  ( 0.000000000000000000, 0.000000000000000000, 1.000000000000000000 ) ) ;
#6790 = EDGE_CURVE ( 'NONE', #1672, #1392, #2665, .T. ) ;
#6791 = CARTESIAN_POINT ( 'NONE',  ( -12.52522261490358346, 103.0759230070345467, 31.53881964115340963 ) ) ;
#6792 = CARTESIAN_POINT ( 'NONE',  ( -32.69704634829570722, 108.0230196711742394, -17.53967585543106367 ) ) ;
#6793 = ORIENTED_EDGE ( 'NONE', *, *, #8211, .T. ) ;
#6794 = ADVANCED_FACE ( 'NONE', ( #6517, #1456 ), #3984, .T. ) ;
#6795 = DIRECTION ( 'NONE',  ( 0.000000000000000000, -1.000000000000000000, 0.000000000000000000 ) ) ;
#6796 = EDGE_LOOP ( 'NONE', ( #4885, #7391, #2297, #74 ) ) ;
#6797 = LINE ( 'NONE', #623, #4752 ) ;
#6798 = PLANE ( 'NONE',  #7552 ) ;
#6799 = CARTESIAN_POINT ( 'NONE',  ( 3.499999999999996003, 97.46196339113423335, -31.31966057346993892 ) ) ;
#6800 = ORIENTED_EDGE ( 'NONE', *, *, #1793, .T. ) ;
#6801 = CARTESIAN_POINT ( 'NONE',  ( -7.824658321016907614, 107.1016180047759576, -34.16489944774373555 ) ) ;
#6802 = ORIENTED_EDGE ( 'NONE', *, *, #143, .T. ) ;
#6803 = CARTESIAN_POINT ( 'NONE',  ( 3.368536366827511825E-15, 62.95002665055243796, -31.75426480542942898 ) ) ;
#6804 = CARTESIAN_POINT ( 'NONE',  ( -8.339404862628841286, 110.0000000000000000, 37.07363384586358990 ) ) ;
#6805 = FACE_BOUND ( 'NONE', #8022, .T. ) ;
#6806 = CIRCLE ( 'NONE', #1770, 1.000000000000000888 ) ;
#6807 = CARTESIAN_POINT ( 'NONE',  ( 33.30285488826896767, 104.8179056691212310, 15.58970151959954542 ) ) ;
#6808 = CARTESIAN_POINT ( 'NONE',  ( 3.499999999999996003, 51.19122902904495476, 35.16533991401915671 ) ) ;
#6809 = ORIENTED_EDGE ( 'NONE', *, *, #1207, .T. ) ;
#6810 = CARTESIAN_POINT ( 'NONE',  ( 17.23791197533009978, 109.9999999999658939, 33.87979683112376961 ) ) ;
#6811 = EDGE_LOOP ( 'NONE', ( #4694, #4059, #1879, #4079 ) ) ;
#6812 = EDGE_LOOP ( 'NONE', ( #5232, #7559 ) ) ;
#6813 = ADVANCED_FACE ( 'NONE', ( #5221 ), #2118, .F. ) ;
#6814 = CARTESIAN_POINT ( 'NONE',  ( -28.50000000000000711, 99.00000000000000000, -10.82773132595622201 ) ) ;
#6815 = CARTESIAN_POINT ( 'NONE',  ( 0.000000000000000000, 110.0000000000000000, 0.000000000000000000 ) ) ;
#6816 = DIRECTION ( 'NONE',  ( 1.000000000000000000, 0.000000000000000000, 0.000000000000000000 ) ) ;
#6817 = CARTESIAN_POINT ( 'NONE',  ( 3.059266281215712091, 104.8763505614968778, -36.66606111287156011 ) ) ;
#6818 = CARTESIAN_POINT ( 'NONE',  ( 6.499999999999992006, 100.0000000000000000, 33.22798536380059886 ) ) ;
#6819 = ORIENTED_EDGE ( 'NONE', *, *, #255, .F. ) ;
#6820 = VECTOR ( 'NONE', #7106, 1000.000000000000000 ) ;
#6821 = VERTEX_POINT ( 'NONE', #5184 ) ;
#6822 = VECTOR ( 'NONE', #3379, 1000.000000000000000 ) ;
#6823 = PLANE ( 'NONE',  #336 ) ;
#6824 = DIRECTION ( 'NONE',  ( 0.000000000000000000, -1.000000000000000000, 0.000000000000000000 ) ) ;
#6825 = CARTESIAN_POINT ( 'NONE',  ( -5.000000000000011546, 97.62160645861473540, 35.79571668975681575 ) ) ;
#6826 = EDGE_CURVE ( 'NONE', #2068, #4821, #226, .T. ) ;
#6827 = DIRECTION ( 'NONE',  ( -0.8660254037844384856, 0.000000000000000000, -0.5000000000000001110 ) ) ;
#6828 = CARTESIAN_POINT ( 'NONE',  ( -11.46357409632412327, 103.3458200781168870, 32.17581128997039031 ) ) ;
#6829 = DIRECTION ( 'NONE',  ( 0.000000000000000000, 0.000000000000000000, -1.000000000000000000 ) ) ;
#6830 = VERTEX_POINT ( 'NONE', #2745 ) ;
#6831 = AXIS2_PLACEMENT_3D ( 'NONE', #6818, #3045, #3548 ) ;
#6832 = DIRECTION ( 'NONE',  ( 0.000000000000000000, 0.000000000000000000, -1.000000000000000000 ) ) ;
#6833 = EDGE_CURVE ( 'NONE', #2863, #583, #4062, .T. ) ;
#6834 = VERTEX_POINT ( 'NONE', #5270 ) ;
#6835 = DIRECTION ( 'NONE',  ( 0.000000000000000000, 1.000000000000000000, 0.000000000000000000 ) ) ;
#6836 = CARTESIAN_POINT ( 'NONE',  ( -2.912702927882211237E-17, 110.0000000000000000, -38.68246803570493597 ) ) ;
#6837 = AXIS2_PLACEMENT_3D ( 'NONE', #2945, #418, #2405 ) ;
#6838 = AXIS2_PLACEMENT_3D ( 'NONE', #5506, #1691, #4297 ) ;
#6839 = DIRECTION ( 'NONE',  ( 0.000000000000000000, -1.000000000000000000, 0.000000000000000000 ) ) ;
#6840 = DIRECTION ( 'NONE',  ( 0.000000000000000000, -1.000000000000000000, 0.000000000000000000 ) ) ;
#6841 = ORIENTED_EDGE ( 'NONE', *, *, #7185, .T. ) ;
#6842 = DIRECTION ( 'NONE',  ( 0.000000000000000000, 0.000000000000000000, 1.000000000000000000 ) ) ;
#6843 = AXIS2_PLACEMENT_3D ( 'NONE', #82, #2537, #6221 ) ;
#6844 = ORIENTED_EDGE ( 'NONE', *, *, #4159, .T. ) ;
#6845 = ORIENTED_EDGE ( 'NONE', *, *, #1060, .F. ) ;
#6846 = DIRECTION ( 'NONE',  ( -0.000000000000000000, 1.000000000000000000, -0.000000000000000000 ) ) ;
#6847 = EDGE_CURVE ( 'NONE', #7998, #2003, #292, .T. ) ;
#6848 = DIRECTION ( 'NONE',  ( -0.000000000000000000, 1.000000000000000000, -0.000000000000000000 ) ) ;
#6849 = DIRECTION ( 'NONE',  ( -0.000000000000000000, 1.000000000000000000, -8.673617379884035472E-17 ) ) ;
#6850 = CC_DESIGN_APPROVAL ( #2843, ( #4735 ) ) ;
#6851 = CARTESIAN_POINT ( 'NONE',  ( 3.499999999999996003, 48.25545713596157071, 36.37553689183513228 ) ) ;
#6852 = DIRECTION ( 'NONE',  ( -1.000000000000000000, -0.000000000000000000, -0.000000000000000000 ) ) ;
#6853 = LINE ( 'NONE', #1168, #3923 ) ;
#6854 = ORIENTED_EDGE ( 'NONE', *, *, #313, .T. ) ;
#6855 = CARTESIAN_POINT ( 'NONE',  ( -5.000000000000011546, 110.0000000000000000, 35.79571668975681575 ) ) ;
#6856 = ORIENTED_EDGE ( 'NONE', *, *, #7052, .T. ) ;
#6857 = ORIENTED_EDGE ( 'NONE', *, *, #3245, .F. ) ;
#6858 = FACE_OUTER_BOUND ( 'NONE', #7069, .T. ) ;
#6859 = CARTESIAN_POINT ( 'NONE',  ( -33.50000000000000711, 102.3361739462322362, -9.123368439412814723 ) ) ;
#6860 = DESIGN_CONTEXT ( 'detailed design', #7950, 'design' ) ;
#6861 = FACE_BOUND ( 'NONE', #2687, .T. ) ;
#6862 = CARTESIAN_POINT ( 'NONE',  ( -27.50000000000000355, 110.0000000000000000, -15.87713240271471804 ) ) ;
#6863 = CARTESIAN_POINT ( 'NONE',  ( 4.605769670132744409, 3.889072058853495495, -36.02332567682838516 ) ) ;
#6864 = ORIENTED_EDGE ( 'NONE', *, *, #6826, .T. ) ;
#6865 = AXIS2_PLACEMENT_3D ( 'NONE', #5603, #4396, #7562 ) ;
#6866 = EDGE_CURVE ( 'NONE', #5340, #1232, #2703, .T. ) ;
#6867 = ORIENTED_EDGE ( 'NONE', *, *, #5114, .T. ) ;
#6868 = AXIS2_PLACEMENT_3D ( 'NONE', #7551, #3636, #6298 ) ;
#6869 = PLANE ( 'NONE',  #4437 ) ;
#6870 = DIRECTION ( 'NONE',  ( -1.000000000000000000, 0.000000000000000000, 0.000000000000000000 ) ) ;
#6871 = CARTESIAN_POINT ( 'NONE',  ( 28.39730152219814485, 109.9999999999919851, -25.25973780843911953 ) ) ;
#6872 = DIRECTION ( 'NONE',  ( 0.000000000000000000, 0.000000000000000000, 1.000000000000000000 ) ) ;
#6873 = CARTESIAN_POINT ( 'NONE',  ( 27.36713547119579104, 107.2580183663584421, 22.88204500446109435 ) ) ;
#6874 = EDGE_CURVE ( 'NONE', #638, #1112, #251, .T. ) ;
#6875 = CARTESIAN_POINT ( 'NONE',  ( -30.82254944043087974, 107.9020477225625712, -20.40081164510404221 ) ) ;
#6876 = AXIS2_PLACEMENT_3D ( 'NONE', #5670, #2525, #7082 ) ;
#6877 = LINE ( 'NONE', #6255, #3529 ) ;
#6878 = EDGE_CURVE ( 'NONE', #3729, #3802, #397, .T. ) ;
#6879 = ORIENTED_EDGE ( 'NONE', *, *, #6168, .T. ) ;
#6880 = DIRECTION ( 'NONE',  ( 0.8187703157500385576, -0.3258121545647273409, 0.4727172622027594473 ) ) ;
#6881 = DIRECTION ( 'NONE',  ( 0.000000000000000000, 0.000000000000000000, -1.000000000000000000 ) ) ;
#6882 = AXIS2_PLACEMENT_3D ( 'NONE', #6017, #1696, #6102 ) ;
#6883 = DIRECTION ( 'NONE',  ( -0.000000000000000000, -0.000000000000000000, 1.000000000000000000 ) ) ;
#6884 = FACE_BOUND ( 'NONE', #2840, .T. ) ;
#6885 = ORIENTED_EDGE ( 'NONE', *, *, #1060, .T. ) ;
#6886 = EDGE_CURVE ( 'NONE', #5486, #5204, #5896, .T. ) ;
#6887 = DIRECTION ( 'NONE',  ( 0.000000000000000000, 1.000000000000000000, 0.000000000000000000 ) ) ;
#6888 = ORIENTED_EDGE ( 'NONE', *, *, #1079, .F. ) ;
#6889 = EDGE_LOOP ( 'NONE', ( #6637, #788, #8043, #3912, #6802, #6926, #717, #7239, #7455, #5194, #6706, #7778, #2044, #4786, #5059, #692, #5740, #4217, #2948, #8187, #3886, #4486, #644, #1928 ) ) ;
#6890 = CARTESIAN_POINT ( 'NONE',  ( 53.17233120408008773, 50.30228536297321540, 7.983408301589386191 ) ) ;
#6891 = CARTESIAN_POINT ( 'NONE',  ( -4.250896149222501919, 104.0475724785974450, 36.19699240132273843 ) ) ;
#6892 = CARTESIAN_POINT ( 'NONE',  ( -27.50000000000000355, 105.0000000000000142, -3.968626966596885186 ) ) ;
#6893 = DIRECTION ( 'NONE',  ( -0.000000000000000000, 1.000000000000000000, 0.000000000000000000 ) ) ;
#6894 = AXIS2_PLACEMENT_3D ( 'NONE', #6991, #3297, #1347 ) ;
#6895 = CARTESIAN_POINT ( 'NONE',  ( -5.000000000000007994, 46.29688821474618976, -35.79571668975680865 ) ) ;
#6896 = CARTESIAN_POINT ( 'NONE',  ( 6.499999999999992006, 4.664717059371330521, 33.22798536380059886 ) ) ;
#6897 = ORIENTED_EDGE ( 'NONE', *, *, #6602, .T. ) ;
#6898 = LINE ( 'NONE', #3160, #1103 ) ;
#6899 = EDGE_LOOP ( 'NONE', ( #3385, #5747, #4147, #3978 ) ) ;
#6900 = EDGE_CURVE ( 'NONE', #6238, #4898, #3359, .T. ) ;
#6901 = ORIENTED_EDGE ( 'NONE', *, *, #3307, .T. ) ;
#6902 = DIRECTION ( 'NONE',  ( -0.000000000000000000, 1.000000000000000000, -0.000000000000000000 ) ) ;
#6903 = ORIENTED_EDGE ( 'NONE', *, *, #3863, .T. ) ;
#6904 = LINE ( 'NONE', #2301, #2325 ) ;
#6905 = PERSON_AND_ORGANIZATION ( #18446744073709551615, #5642 ) ;
#6906 = CARTESIAN_POINT ( 'NONE',  ( -28.50000000000000711, 55.00000000000000711, -10.82773132595621846 ) ) ;
#6907 = CARTESIAN_POINT ( 'NONE',  ( 13.07851516493542121, 101.7877873221361114, -31.13158378462886233 ) ) ;
#6908 = ORIENTED_EDGE ( 'NONE', *, *, #6057, .T. ) ;
#6909 = VERTEX_POINT ( 'NONE', #7180 ) ;
#6910 = CARTESIAN_POINT ( 'NONE',  ( -19.38824432480296522, 101.7054939845631907, -27.48865995566571385 ) ) ;
#6911 = DIRECTION ( 'NONE',  ( 0.000000000000000000, 0.000000000000000000, -1.000000000000000000 ) ) ;
#6912 = ADVANCED_FACE ( 'NONE', ( #5978 ), #1493, .F. ) ;
#6913 = CARTESIAN_POINT ( 'NONE',  ( 28.29181316014665626, 107.3909644144422231, -22.43318957929844260 ) ) ;
#6914 = LINE ( 'NONE', #4337, #3111 ) ;
#6915 = FACE_OUTER_BOUND ( 'NONE', #3580, .T. ) ;
#6916 = CARTESIAN_POINT ( 'NONE',  ( -30.43558380166656363, 107.8251005603563470, -20.80208916532721375 ) ) ;
#6917 = CARTESIAN_POINT ( 'NONE',  ( -6.314882820226580762, 102.9965023232056467, -35.03656873954617623 ) ) ;
#6918 = ORIENTED_EDGE ( 'NONE', *, *, #1344, .F. ) ;
#6919 = EDGE_CURVE ( 'NONE', #2523, #6048, #2032, .T. ) ;
#6920 = LINE ( 'NONE', #1861, #1255 ) ;
#6921 = PLANE ( 'NONE',  #5145 ) ;
#6922 = CARTESIAN_POINT ( 'NONE',  ( 4.999999999999984013, 103.4621466860844805, 35.79571668975681575 ) ) ;
#6923 = PLANE ( 'NONE',  #94 ) ;
#6924 = ORIENTED_EDGE ( 'NONE', *, *, #1042, .F. ) ;
#6925 = CARTESIAN_POINT ( 'NONE',  ( 0.000000000000000000, 115.0000000000000000, -27.00000000000000355 ) ) ;
#6926 = ORIENTED_EDGE ( 'NONE', *, *, #3832, .T. ) ;
#6927 = ORIENTED_EDGE ( 'NONE', *, *, #4997, .F. ) ;
#6928 = CARTESIAN_POINT ( 'NONE',  ( 12.49999999999997513, 110.0000000000000000, 24.53738644055911067 ) ) ;
#6929 = DIRECTION ( 'NONE',  ( 0.000000000000000000, -1.000000000000000000, -0.000000000000000000 ) ) ;
#6930 = CARTESIAN_POINT ( 'NONE',  ( -33.50000000000000711, 102.1589333984900492, 7.971564496453427573 ) ) ;
#6931 = FACE_OUTER_BOUND ( 'NONE', #4734, .T. ) ;
#6932 = B_SPLINE_CURVE_WITH_KNOTS ( 'NONE', 3,
 ( #7303, #4730, #7341, #2164, #878, #6675 ),
 .UNSPECIFIED., .F., .F.,
 ( 4, 2, 4 ),
 ( 0.000000000000000000, 0.001007245322344455961, 0.002014490644688911921 ),
 .UNSPECIFIED. ) ;
#6933 = CARTESIAN_POINT ( 'NONE',  ( 4.999999999999984013, 62.95002665055243796, 35.79571668975681575 ) ) ;
#6934 = EDGE_LOOP ( 'NONE', ( #947, #679, #709, #7133 ) ) ;
#6935 = CARTESIAN_POINT ( 'NONE',  ( 23.92991758644636491, 107.0349506179087058, 24.86652367548974851 ) ) ;
#6936 = ORIENTED_EDGE ( 'NONE', *, *, #2566, .T. ) ;
#6937 = VERTEX_POINT ( 'NONE', #4681 ) ;
#6938 = CARTESIAN_POINT ( 'NONE',  ( -12.50000000000002487, 85.95002665055245927, -38.00000000000000000 ) ) ;
#6939 = ORIENTED_EDGE ( 'NONE', *, *, #7428, .F. ) ;
#6940 = ADVANCED_FACE ( 'NONE', ( #6595, #7217, #914, #2819 ), #1991, .F. ) ;
#6941 = FACE_OUTER_BOUND ( 'NONE', #3748, .T. ) ;
#6942 = DIRECTION ( 'NONE',  ( -0.4999999999999995004, 0.000000000000000000, -0.8660254037844389297 ) ) ;
#6943 = DIRECTION ( 'NONE',  ( 0.000000000000000000, 1.000000000000000000, 0.000000000000000000 ) ) ;
#6944 = DIRECTION ( 'NONE',  ( 0.5000000000000000000, 0.000000000000000000, -0.8660254037844385966 ) ) ;
#6945 = ORIENTED_EDGE ( 'NONE', *, *, #2928, .T. ) ;
#6946 = VECTOR ( 'NONE', #4187, 1000.000000000000114 ) ;
#6947 = ORIENTED_EDGE ( 'NONE', *, *, #7918, .F. ) ;
#6948 = CARTESIAN_POINT ( 'NONE',  ( -30.22590896625517232, 104.8778266705512010, 20.98082998305304514 ) ) ;
#6949 = VECTOR ( 'NONE', #1629, 1000.000000000000000 ) ;
#6950 = CARTESIAN_POINT ( 'NONE',  ( 33.50000000000000000, 101.6482647400268178, -1.141498962884751389 ) ) ;
#6951 = VECTOR ( 'NONE', #1794, 1000.000000000000000 ) ;
#6952 = EDGE_CURVE ( 'NONE', #4470, #808, #4327, .T. ) ;
#6953 = CARTESIAN_POINT ( 'NONE',  ( -3.500000000000010214, 100.0000000000000000, -29.72798536380060241 ) ) ;
#6954 = DIRECTION ( 'NONE',  ( 1.000000000000000000, -0.000000000000000000, 1.849002583061117992E-16 ) ) ;
#6955 = CARTESIAN_POINT ( 'NONE',  ( 30.84439605608555013, 105.3489062731647721, 20.35804236671456380 ) ) ;
#6956 = CARTESIAN_POINT ( 'NONE',  ( -31.54402012420218071, 108.0237847286280015, -19.53904820893383842 ) ) ;
#6957 = CARTESIAN_POINT ( 'NONE',  ( -3.469446951953614189E-15, -3.000000000000002665, -27.13546265191242313 ) ) ;
#6958 = AXIS2_PLACEMENT_3D ( 'NONE', #6291, #2868, #1764 ) ;
#6959 = ORIENTED_EDGE ( 'NONE', *, *, #1891, .T. ) ;
#6960 = CYLINDRICAL_SURFACE ( 'NONE', #7349, 9.999999999999998224 ) ;
#6961 = DIRECTION ( 'NONE',  ( -0.000000000000000000, -1.000000000000000000, -0.000000000000000000 ) ) ;
#6962 = LINE ( 'NONE', #6423, #529 ) ;
#6963 = AXIS2_PLACEMENT_3D ( 'NONE', #6583, #361, #6002 ) ;
#6964 = AXIS2_PLACEMENT_3D ( 'NONE', #4010, #6544, #4792 ) ;
#6965 = B_SPLINE_CURVE_WITH_KNOTS ( 'NONE', 3,
 ( #4400, #3074, #6353, #2504 ),
 .UNSPECIFIED., .F., .F.,
 ( 4, 4 ),
 ( 1.880294871231800172E-14, 0.001977169343811227727 ),
 .UNSPECIFIED. ) ;
#6966 = CARTESIAN_POINT ( 'NONE',  ( -3.500000000000010214, 4.664717059371330521, 34.22798536380060597 ) ) ;
#6967 = VERTEX_POINT ( 'NONE', #6095 ) ;
#6968 = CARTESIAN_POINT ( 'NONE',  ( -3.500000000000010214, 48.67528175613146146, 33.22798536380059886 ) ) ;
#6969 = ADVANCED_FACE ( 'NONE', ( #4174 ), #8170, .T. ) ;
#6970 = TOROIDAL_SURFACE ( 'NONE', #3127, 8.000000000000000000, 2.000000000000000000 ) ;
#6971 = EDGE_LOOP ( 'NONE', ( #700, #1834, #57, #7221 ) ) ;
#6972 = CARTESIAN_POINT ( 'NONE',  ( 34.08177679146024275, 98.96069673547357581, -19.00534503069462744 ) ) ;
#6973 = EDGE_CURVE ( 'NONE', #3906, #2831, #2899, .T. ) ;
#6974 = PLANE ( 'NONE',  #2365 ) ;
#6975 = CARTESIAN_POINT ( 'NONE',  ( -33.50000000000001421, 101.7996433483233716, 4.565602452927842947 ) ) ;
#6976 = LINE ( 'NONE', #2628, #2188 ) ;
#6977 = DIRECTION ( 'NONE',  ( -1.000000000000000000, -0.000000000000000000, -0.000000000000000000 ) ) ;
#6978 = ORIENTED_EDGE ( 'NONE', *, *, #8000, .F. ) ;
#6979 = VECTOR ( 'NONE', #1947, 1000.000000000000000 ) ;
#6980 = AXIS2_PLACEMENT_3D ( 'NONE', #3477, #2279, #2861 ) ;
#6981 = CARTESIAN_POINT ( 'NONE',  ( 20.70531417177436140, 101.7997572540177771, 26.72824932497524131 ) ) ;
#6982 = VERTEX_POINT ( 'NONE', #7924 ) ;
#6983 = ADVANCED_FACE ( 'NONE', ( #4098 ), #7260, .F. ) ;
#6984 = VERTEX_POINT ( 'NONE', #8040 ) ;
#6985 = EDGE_CURVE ( 'NONE', #1101, #2870, #4850, .T. ) ;
#6986 = LINE ( 'NONE', #5574, #6951 ) ;
#6987 = ORIENTED_EDGE ( 'NONE', *, *, #2144, .T. ) ;
#6988 = LOCAL_TIME ( 0, 57, 20.00000000000000000, #4370 ) ;
#6989 = CARTESIAN_POINT ( 'NONE',  ( -31.05810251041391368, 105.4965609553109402, 20.11936639608006416 ) ) ;
#6990 = CYLINDRICAL_SURFACE ( 'NONE', #6457, 10.00000000000000000 ) ;
#6991 = CARTESIAN_POINT ( 'NONE',  ( 3.499999999999996003, 100.3836394426650855, -30.07581878962261968 ) ) ;
#6992 = LINE ( 'NONE', #5744, #5110 ) ;
#6993 = EDGE_LOOP ( 'NONE', ( #7089, #7200, #415, #1958 ) ) ;
#6994 = ORIENTED_EDGE ( 'NONE', *, *, #6592, .F. ) ;
#6995 = EDGE_CURVE ( 'NONE', #1240, #5077, #6714, .T. ) ;
#6996 = ORIENTED_EDGE ( 'NONE', *, *, #6973, .T. ) ;
#6997 = CARTESIAN_POINT ( 'NONE',  ( -28.50000000000000711, 37.50000000000000711, 5.999618943233405055 ) ) ;
#6998 = CARTESIAN_POINT ( 'NONE',  ( 37.80284144563412951, 110.0000000000321592, 3.991418448506514061 ) ) ;
#6999 = VECTOR ( 'NONE', #5690, 1000.000000000000114 ) ;
#7000 = CARTESIAN_POINT ( 'NONE',  ( -1.380348874026484114E-14, 76.95002665055244506, 38.68246803570493597 ) ) ;
#7001 = DIRECTION ( 'NONE',  ( -0.000000000000000000, -0.000000000000000000, 1.000000000000000000 ) ) ;
#7002 = CARTESIAN_POINT ( 'NONE',  ( -31.68330817057588789, 105.8509778106469383, -19.33226538394959348 ) ) ;
#7003 = PRODUCT_RELATED_PRODUCT_CATEGORY ( 'detail', '', ( #6623 ) ) ;
#7004 = DIRECTION ( 'NONE',  ( -1.000000000000000000, -0.000000000000000000, -0.000000000000000000 ) ) ;
#7005 = EDGE_CURVE ( 'NONE', #5504, #1069, #4595, .T. ) ;
#7006 = VECTOR ( 'NONE', #4438, 1000.000000000000000 ) ;
#7007 = ORIENTED_EDGE ( 'NONE', *, *, #5851, .T. ) ;
#7008 = CARTESIAN_POINT ( 'NONE',  ( 4.290773903946301537, 104.0169656792285764, 36.17725803826647990 ) ) ;
#7009 = PLANE ( 'NONE',  #7682 ) ;
#7010 = CARTESIAN_POINT ( 'NONE',  ( 27.49999999999999645, 71.95002665055244506, -15.87713240271472515 ) ) ;
#7011 = VECTOR ( 'NONE', #3436, 1000.000000000000114 ) ;
#7012 = DIRECTION ( 'NONE',  ( -0.5509046671155005681, -0.7715819660501486155, -0.3180649578569553770 ) ) ;
#7013 = EDGE_LOOP ( 'NONE', ( #4190, #2679, #3690, #3422 ) ) ;
#7014 = DIRECTION ( 'NONE',  ( 0.000000000000000000, -1.000000000000000000, 0.000000000000000000 ) ) ;
#7015 = AXIS2_PLACEMENT_3D ( 'NONE', #3947, #7690, #759 ) ;
#7016 = VERTEX_POINT ( 'NONE', #2237 ) ;
#7017 = CARTESIAN_POINT ( 'NONE',  ( 4.620887891649974044, 49.13104740517515978, 36.01459716756573215 ) ) ;
#7018 = DIRECTION ( 'NONE',  ( -1.000000000000000000, 0.000000000000000000, 0.000000000000000000 ) ) ;
#7019 = DIRECTION ( 'NONE',  ( -1.000000000000000000, -0.000000000000000000, -0.000000000000000000 ) ) ;
#7020 = EDGE_CURVE ( 'NONE', #3335, #7204, #1510, .T. ) ;
#7021 = CARTESIAN_POINT ( 'NONE',  ( 7.293043950541736820, 97.07832394846914781, 34.47182714764789324 ) ) ;
#7022 = CARTESIAN_POINT ( 'NONE',  ( 3.499999999999996003, 1.808887184059105646, -34.61635457139905014 ) ) ;
#7023 = ORIENTED_EDGE ( 'NONE', *, *, #945, .T. ) ;
#7024 = VECTOR ( 'NONE', #194, 1000.000000000000000 ) ;
#7025 = LINE ( 'NONE', #1211, #2583 ) ;
#7026 = VERTEX_POINT ( 'NONE', #2858 ) ;
#7027 = EDGE_LOOP ( 'NONE', ( #3247, #3709, #7512, #6388, #554 ) ) ;
#7028 = LINE ( 'NONE', #7156, #7351 ) ;
#7029 = EDGE_LOOP ( 'NONE', ( #1023, #2033, #6646, #5686 ) ) ;
#7030 = AXIS2_PLACEMENT_3D ( 'NONE', #2372, #4153, #5445 ) ;
#7031 = DIRECTION ( 'NONE',  ( -0.000000000000000000, 1.000000000000000000, -0.000000000000000000 ) ) ;
#7032 = ADVANCED_FACE ( 'NONE', ( #2352 ), #6064, .F. ) ;
#7033 = APPROVAL_STATUS ( 'not_yet_approved' ) ;
#7034 = PLANE ( 'NONE',  #6894 ) ;
#7035 = DIRECTION ( 'NONE',  ( -0.8660254037844388186, 0.000000000000000000, 0.4999999999999998335 ) ) ;
#7036 = ORIENTED_EDGE ( 'NONE', *, *, #1270, .T. ) ;
#7037 = EDGE_CURVE ( 'NONE', #4576, #4995, #4956, .T. ) ;
#7038 = ORIENTED_EDGE ( 'NONE', *, *, #4379, .T. ) ;
#7039 = CIRCLE ( 'NONE', #4115, 1.000000000000000888 ) ;
#7040 = EDGE_LOOP ( 'NONE', ( #4319, #3820, #8174, #1083 ) ) ;
#7041 = CARTESIAN_POINT ( 'NONE',  ( -29.90116340323554667, 104.6089011690929027, 21.26233711344081811 ) ) ;
#7042 = CARTESIAN_POINT ( 'NONE',  ( 37.38519404735576757, 110.0000000000517133, 6.876057515978099666 ) ) ;
#7043 = EDGE_CURVE ( 'NONE', #6937, #7742, #5589, .T. ) ;
#7044 = DIRECTION ( 'NONE',  ( 0.8660254037844388186, 0.000000000000000000, -0.4999999999999998335 ) ) ;
#7045 = LINE ( 'NONE', #7585, #2599 ) ;
#7046 = DIRECTION ( 'NONE',  ( 0.8660254037844387076, 0.000000000000000000, -0.4999999999999999445 ) ) ;
#7047 = CARTESIAN_POINT ( 'NONE',  ( 27.50000000000000355, -3.000000000000000000, 20.49593455623173810 ) ) ;
#7048 = DIRECTION ( 'NONE',  ( 0.000000000000000000, 0.000000000000000000, -1.000000000000000000 ) ) ;
#7049 = ORIENTED_EDGE ( 'NONE', *, *, #6750, .T. ) ;
#7050 = CARTESIAN_POINT ( 'NONE',  ( -3.981630956429011547, 6.332962337385124485, -36.31282312856293260 ) ) ;
#7051 = FACE_OUTER_BOUND ( 'NONE', #4706, .T. ) ;
#7052 = EDGE_CURVE ( 'NONE', #2955, #2498, #2080, .T. ) ;
#7053 = DIRECTION ( 'NONE',  ( -0.000000000000000000, 1.000000000000000000, -0.000000000000000000 ) ) ;
#7054 = CARTESIAN_POINT ( 'NONE',  ( -4.741963672924472739, 46.45772526023930737, -35.94469403265459562 ) ) ;
#7055 = EDGE_CURVE ( 'NONE', #4004, #2978, #6456, .T. ) ;
#7056 = DIRECTION ( 'NONE',  ( 0.000000000000000000, 0.9200893390015730811, 0.3917085756728440615 ) ) ;
#7057 = ORIENTED_EDGE ( 'NONE', *, *, #3443, .T. ) ;
#7058 = FACE_OUTER_BOUND ( 'NONE', #372, .T. ) ;
#7059 = ORIENTED_EDGE ( 'NONE', *, *, #3482, .F. ) ;
#7060 = CARTESIAN_POINT ( 'NONE',  ( 3.499999999999996003, 46.15933448321797528, 31.29063081358204812 ) ) ;
#7061 = DIRECTION ( 'NONE',  ( 0.000000000000000000, -1.000000000000000000, 0.000000000000000000 ) ) ;
#7062 = CARTESIAN_POINT ( 'NONE',  ( -28.50000000000000711, 7.653575834721456542E-16, 5.672268674043793091 ) ) ;
#7063 = CARTESIAN_POINT ( 'NONE',  ( -12.50000000000002487, 80.95002665055245927, -24.53738644055908935 ) ) ;
#7064 = ADVANCED_FACE ( 'NONE', ( #1813 ), #4468, .F. ) ;
#7065 = CARTESIAN_POINT ( 'NONE',  ( 3.499999999999996003, 102.5380366088657524, 35.13631015413126590 ) ) ;
#7066 = VERTEX_POINT ( 'NONE', #6379 ) ;
#7067 = DIRECTION ( 'NONE',  ( 0.000000000000000000, 0.000000000000000000, 1.000000000000000000 ) ) ;
#7068 = ORIENTED_EDGE ( 'NONE', *, *, #7174, .T. ) ;
#7069 = EDGE_LOOP ( 'NONE', ( #6170, #86, #4490, #1656 ) ) ;
#7070 = FACE_OUTER_BOUND ( 'NONE', #6382, .T. ) ;
#7071 = EDGE_LOOP ( 'NONE', ( #3631, #6607, #6819, #3321 ) ) ;
#7072 = CARTESIAN_POINT ( 'NONE',  ( -29.18518304873152047, 104.0170856536538508, 21.80446645231482705 ) ) ;
#7073 = CALENDAR_DATE ( 2026, 9, 1 ) ;
#7074 = LINE ( 'NONE', #2556, #7702 ) ;
#7075 = CARTESIAN_POINT ( 'NONE',  ( -3.500000000000010214, 48.47819381916013270, 29.73353886326573203 ) ) ;
#7076 = ORIENTED_EDGE ( 'NONE', *, *, #423, .F. ) ;
#7077 = VERTEX_POINT ( 'NONE', #5718 ) ;
#7078 = ADVANCED_FACE ( 'NONE', ( #31 ), #2567, .F. ) ;
#7079 = EDGE_CURVE ( 'NONE', #6588, #5120, #5660, .T. ) ;
#7080 = ORIENTED_EDGE ( 'NONE', *, *, #4249, .F. ) ;
#7081 = CARTESIAN_POINT ( 'NONE',  ( -33.47306723395081463, 104.0468650111051971, 14.41606418663570466 ) ) ;
#7082 = DIRECTION ( 'NONE',  ( 0.000000000000000000, -0.9245283778641979477, 0.3811132095897422079 ) ) ;
#7083 = DIRECTION ( 'NONE',  ( 0.000000000000000000, 0.9245283778641980588, 0.3811132095897420413 ) ) ;
#7084 = DIRECTION ( 'NONE',  ( -0.000000000000000000, -1.000000000000000000, -0.000000000000000000 ) ) ;
#7085 = CARTESIAN_POINT ( 'NONE',  ( -16.00000000000000000, 110.0000000000000000, -17.00000000000000000 ) ) ;
#7086 = CARTESIAN_POINT ( 'NONE',  ( -15.50961894323343060, 4.664717059371330521, -29.72798536380060241 ) ) ;
#7087 = VERTEX_POINT ( 'NONE', #1147 ) ;
#7088 = AXIS2_PLACEMENT_3D ( 'NONE', #4619, #223, #1471 ) ;
#7089 = ORIENTED_EDGE ( 'NONE', *, *, #5839, .T. ) ;
#7090 = CARTESIAN_POINT ( 'NONE',  ( 4.620887891649972268, 47.78672243024686850, 36.01459716756573215 ) ) ;
#7091 = EDGE_CURVE ( 'NONE', #5581, #2941, #1812, .T. ) ;
#7092 = DIRECTION ( 'NONE',  ( 1.000000000000000000, -0.000000000000000000, -1.849002583061117992E-16 ) ) ;
#7093 = PLANE ( 'NONE',  #1190 ) ;
#7094 = CARTESIAN_POINT ( 'NONE',  ( -1.044870271209150442E-14, 85.95002665055245927, 31.75426480542942187 ) ) ;
#7095 = CIRCLE ( 'NONE', #1924, 33.00000000000000000 ) ;
#7096 = DIRECTION ( 'NONE',  ( 0.000000000000000000, 0.000000000000000000, 1.000000000000000000 ) ) ;
#7097 = ORIENTED_EDGE ( 'NONE', *, *, #2115, .F. ) ;
#7098 = VECTOR ( 'NONE', #6872, 1000.000000000000000 ) ;
#7099 = DIRECTION ( 'NONE',  ( 0.000000000000000000, 0.8283227331462885701, 0.5602512380647296508 ) ) ;
#7100 = EDGE_CURVE ( 'NONE', #4144, #2624, #5392, .T. ) ;
#7101 = ORIENTED_EDGE ( 'NONE', *, *, #5364, .T. ) ;
#7102 = DIRECTION ( 'NONE',  ( 0.000000000000000000, 1.000000000000000000, 0.000000000000000000 ) ) ;
#7103 = VECTOR ( 'NONE', #149, 1000.000000000000227 ) ;
#7104 = CARTESIAN_POINT ( 'NONE',  ( 3.499999999999996003, 100.3836394426650855, -30.07581878962261968 ) ) ;
#7105 = CARTESIAN_POINT ( 'NONE',  ( -20.72180874315101207, 109.9999999999677414, 31.86836809439594376 ) ) ;
#7106 = DIRECTION ( 'NONE',  ( -0.000000000000000000, 1.000000000000000000, -0.000000000000000000 ) ) ;
#7107 = LINE ( 'NONE', #217, #3652 ) ;
#7108 = ORIENTED_EDGE ( 'NONE', *, *, #5461, .T. ) ;
#7110 = TOROIDAL_SURFACE ( 'NONE', #351, 8.000000000000000000, 2.000000000000000000 ) ;
#7109 = CARTESIAN_POINT ( 'NONE',  ( 10.44980017264411387, 107.0246128570724267, -32.64927309305492287 ) ) ;
#7111 = ORIENTED_EDGE ( 'NONE', *, *, #3295, .F. ) ;
#7112 = VECTOR ( 'NONE', #1957, 1000.000000000000114 ) ;
#7113 = EDGE_CURVE ( 'NONE', #1267, #5437, #1424, .T. ) ;
#7114 = VERTEX_POINT ( 'NONE', #6693 ) ;
#7115 = LINE ( 'NONE', #1508, #2849 ) ;
#7116 = VERTEX_POINT ( 'NONE', #4157 ) ;
#7117 = CARTESIAN_POINT ( 'NONE',  ( -29.83471903546790571, 104.5539779550087047, 21.31605027790021367 ) ) ;
#7118 = AXIS2_PLACEMENT_3D ( 'NONE', #6301, #5685, #6387 ) ;
#7119 = AXIS2_PLACEMENT_3D ( 'NONE', #4607, #7725, #796 ) ;
#7120 = LINE ( 'NONE', #7235, #4647 ) ;
#7121 = CARTESIAN_POINT ( 'NONE',  ( -12.50000000000006750, 109.9999999999999858, -24.53738644055906448 ) ) ;
#7122 = VERTEX_POINT ( 'NONE', #1598 ) ;
#7123 = ORIENTED_EDGE ( 'NONE', *, *, #5453, .T. ) ;
#7124 = VECTOR ( 'NONE', #7673, 1000.000000000000000 ) ;
#7125 = EDGE_LOOP ( 'NONE', ( #5656, #1460, #3918, #1722 ) ) ;
#7126 = FACE_OUTER_BOUND ( 'NONE', #5041, .T. ) ;
#7127 = FACE_BOUND ( 'NONE', #1252, .T. ) ;
#7128 = CARTESIAN_POINT ( 'NONE',  ( -0.2482871766476140996, 105.9326517071299207, -37.13546265191243378 ) ) ;
#7129 = CARTESIAN_POINT ( 'NONE',  ( -12.50000000000002487, 85.95002665055245927, 31.46558967083461056 ) ) ;
#7130 = DIRECTION ( 'NONE',  ( 1.000000000000000000, -0.000000000000000000, -1.849002583061117992E-16 ) ) ;
#7131 = FACE_OUTER_BOUND ( 'NONE', #744, .T. ) ;
#7132 = ORIENTED_EDGE ( 'NONE', *, *, #1041, .T. ) ;
#7133 = ORIENTED_EDGE ( 'NONE', *, *, #1136, .T. ) ;
#7134 = CARTESIAN_POINT ( 'NONE',  ( 33.37676242648223734, 104.5575901435535400, -15.18512662539879798 ) ) ;
#7135 = CARTESIAN_POINT ( 'NONE',  ( 6.499999999999992006, 48.67528175613146146, -33.22798536380059886 ) ) ;
#7136 = DIRECTION ( 'NONE',  ( 0.000000000000000000, -0.000000000000000000, -1.000000000000000000 ) ) ;
#7137 = ADVANCED_FACE ( 'NONE', ( #2609 ), #5333, .F. ) ;
#7138 = CARTESIAN_POINT ( 'NONE',  ( -3.509618943233422161, 100.0657394430916156, -29.72798536380060597 ) ) ;
#7139 = DIRECTION ( 'NONE',  ( 0.000000000000000000, 0.000000000000000000, 1.000000000000000000 ) ) ;
#7140 = ORIENTED_EDGE ( 'NONE', *, *, #30, .T. ) ;
#7141 = VECTOR ( 'NONE', #1631, 1000.000000000000000 ) ;
#7142 = DIRECTION ( 'NONE',  ( 0.000000000000000000, 0.000000000000000000, 1.000000000000000000 ) ) ;
#7143 = EDGE_CURVE ( 'NONE', #1435, #2813, #7947, .T. ) ;
#7144 = ORIENTED_EDGE ( 'NONE', *, *, #7390, .F. ) ;
#7145 = CARTESIAN_POINT ( 'NONE',  ( -3.509618943233419053, 100.0000000000000000, -29.72798536380060241 ) ) ;
#7146 = VECTOR ( 'NONE', #1290, 1000.000000000000227 ) ;
#7147 = DIRECTION ( 'NONE',  ( 1.000000000000000000, -0.000000000000000000, -1.849002583061117992E-16 ) ) ;
#7148 = EDGE_CURVE ( 'NONE', #2312, #512, #3265, .T. ) ;
#7149 = DIRECTION ( 'NONE',  ( 0.000000000000000000, 0.000000000000000000, 1.000000000000000000 ) ) ;
#7150 = LINE ( 'NONE', #2792, #5251 ) ;
#7151 = ORIENTED_EDGE ( 'NONE', *, *, #3988, .F. ) ;
#7152 = DIRECTION ( 'NONE',  ( 0.000000000000000000, 0.000000000000000000, 1.000000000000000000 ) ) ;
#7153 = VERTEX_POINT ( 'NONE', #5804 ) ;
#7154 = AXIS2_PLACEMENT_3D ( 'NONE', #1025, #5584, #3667 ) ;
#7155 = ORIENTED_EDGE ( 'NONE', *, *, #6479, .T. ) ;
#7156 = CARTESIAN_POINT ( 'NONE',  ( -12.50000000000001421, 110.0000000000000000, 24.53738644055909646 ) ) ;
#7157 = ORIENTED_EDGE ( 'NONE', *, *, #4541, .F. ) ;
#7158 = CARTESIAN_POINT ( 'NONE',  ( -33.50000000000000711, 103.4621466860844947, 13.56773132595621689 ) ) ;
#7159 = PERSON_AND_ORGANIZATION ( #18446744073709551615, #5642 ) ;
#7160 = AXIS2_PLACEMENT_3D ( 'NONE', #5011, #7553, #4388 ) ;
#7161 = CARTESIAN_POINT ( 'NONE',  ( 3.368536366827511825E-15, 85.95002665055245927, -31.75426480542942898 ) ) ;
#7162 = LINE ( 'NONE', #5917, #7635 ) ;
#7163 = EDGE_LOOP ( 'NONE', ( #2559, #5545, #243, #3933, #5871, #5447, #2776, #1244, #8186, #5197, #5590, #627, #3810, #5335, #5179, #5698 ) ) ;
#7164 = EDGE_CURVE ( 'NONE', #3892, #7572, #973, .T. ) ;
#7165 = ORIENTED_EDGE ( 'NONE', *, *, #3365, .T. ) ;
#7166 = CIRCLE ( 'NONE', #3576, 38.00000000000000000 ) ;
#7167 = EDGE_LOOP ( 'NONE', ( #4456, #3008, #83, #650 ) ) ;
#7168 = DIRECTION ( 'NONE',  ( 0.000000000000000000, -1.000000000000000000, 0.000000000000000000 ) ) ;
#7169 = DIRECTION ( 'NONE',  ( 0.000000000000000000, 1.000000000000000000, 0.000000000000000000 ) ) ;
#7170 = CARTESIAN_POINT ( 'NONE',  ( -12.50000000000002487, 67.95002665055244506, -38.00000000000000000 ) ) ;
#7171 = AXIS2_PLACEMENT_3D ( 'NONE', #2993, #6690, #1008 ) ;
#7172 = DIRECTION ( 'NONE',  ( -1.709455358784207150E-16, 0.3811132095897419858, -0.9245283778641980588 ) ) ;
#7173 = ORIENTED_EDGE ( 'NONE', *, *, #320, .F. ) ;
#7174 = EDGE_CURVE ( 'NONE', #2479, #6695, #4667, .T. ) ;
#7175 = ORIENTED_EDGE ( 'NONE', *, *, #2816, .F. ) ;
#7176 = CARTESIAN_POINT ( 'NONE',  ( 3.499999999999996003, 51.19122902904495476, -35.16533991401915671 ) ) ;
#7177 = CARTESIAN_POINT ( 'NONE',  ( 33.50000000000000000, 103.4621466860844947, -13.56773132595622400 ) ) ;
#7178 = CARTESIAN_POINT ( 'NONE',  ( 31.27681371804983002, 105.6347904760134782, -19.85822135256363552 ) ) ;
#7179 = CARTESIAN_POINT ( 'NONE',  ( -33.50000000000000711, -3.000000000000002665, -13.56773132595622400 ) ) ;
#7180 = CARTESIAN_POINT ( 'NONE',  ( 1.799999999999999600, -5.000000000000000000, -3.749999999999992895 ) ) ;
#7181 = VERTEX_POINT ( 'NONE', #355 ) ;
#7182 = LINE ( 'NONE', #4559, #3931 ) ;
#7183 =( BOUNDED_CURVE ( )  B_SPLINE_CURVE ( 3, ( #6272, #590, #5651, #8183 ),
 .UNSPECIFIED., .F., .F. ) 
 B_SPLINE_CURVE_WITH_KNOTS ( ( 4, 4 ),
 ( 2.617993877991495300, 2.750436612813836668 ),
 .UNSPECIFIED. ) 
 CURVE ( )  GEOMETRIC_REPRESENTATION_ITEM ( )  RATIONAL_B_SPLINE_CURVE ( ( 1.000000000000000000, 0.9985387776043365138, 0.9985387776043365138, 1.000000000000000000 ) ) 
 REPRESENTATION_ITEM ( '' )  );
#7184 = EDGE_CURVE ( 'NONE', #5474, #817, #2886, .T. ) ;
#7185 = EDGE_CURVE ( 'NONE', #7981, #7948, #7201, .T. ) ;
#7186 = VERTEX_POINT ( 'NONE', #5131 ) ;
#7187 = DIRECTION ( 'NONE',  ( 0.000000000000000000, 0.7992742469136906447, 0.6009664534901699717 ) ) ;
#7188 = LINE ( 'NONE', #5730, #1459 ) ;
#7189 = CYLINDRICAL_SURFACE ( 'NONE', #6295, 3.499999999999999556 ) ;
#7190 = FACE_OUTER_BOUND ( 'NONE', #3258, .T. ) ;
#7191 = ORIENTED_EDGE ( 'NONE', *, *, #2361, .T. ) ;
#7192 = CARTESIAN_POINT ( 'NONE',  ( 20.72180874314921795, 109.9999999999672013, -31.86836809439624218 ) ) ;
#7193 = ORIENTED_EDGE ( 'NONE', *, *, #6067, .T. ) ;
#7194 = VERTEX_POINT ( 'NONE', #2839 ) ;
#7195 = CARTESIAN_POINT ( 'NONE',  ( 1.800000000000000044, 0.000000000000000000, -3.749999999999992895 ) ) ;
#7196 = VERTEX_POINT ( 'NONE', #2262 ) ;
#7197 = ADVANCED_FACE ( 'NONE', ( #6616, #4785 ), #7868, .T. ) ;
#7198 = DIRECTION ( 'NONE',  ( 0.8660254037844388186, 0.000000000000000000, -0.4999999999999998335 ) ) ;
#7199 = DIRECTION ( 'NONE',  ( 0.000000000000000000, 0.9245283778641980588, -0.3811132095897419858 ) ) ;
#7200 = ORIENTED_EDGE ( 'NONE', *, *, #4563, .F. ) ;
#7201 = LINE ( 'NONE', #897, #7124 ) ;
#7202 = ORIENTED_EDGE ( 'NONE', *, *, #6372, .F. ) ;
#7203 = EDGE_CURVE ( 'NONE', #2863, #1212, #3537, .T. ) ;
#7204 = VERTEX_POINT ( 'NONE', #1359 ) ;
#7205 = FACE_OUTER_BOUND ( 'NONE', #2762, .T. ) ;
#7206 = CARTESIAN_POINT ( 'NONE',  ( 12.49999999999997691, 109.9999999999999858, -31.46558967083462477 ) ) ;
#7207 = DIRECTION ( 'NONE',  ( -0.000000000000000000, 0.000000000000000000, 1.000000000000000000 ) ) ;
#7208 = DIRECTION ( 'NONE',  ( -0.000000000000000000, -1.000000000000000000, -0.000000000000000000 ) ) ;
#7209 = VERTEX_POINT ( 'NONE', #2180 ) ;
#7210 = EDGE_CURVE ( 'NONE', #6399, #7707, #2654, .T. ) ;
#7211 = VERTEX_POINT ( 'NONE', #6417 ) ;
#7212 = DIRECTION ( 'NONE',  ( -0.000000000000000000, -0.000000000000000000, 1.000000000000000000 ) ) ;
#7213 = CARTESIAN_POINT ( 'NONE',  ( -0.8000000000000001554, 0.000000000000000000, 3.750000000000000000 ) ) ;
#7214 = AXIS2_PLACEMENT_3D ( 'NONE', #3727, #5687, #4521 ) ;
#7215 = CARTESIAN_POINT ( 'NONE',  ( 32.45417433240297100, 108.0579995479078548, -18.05804741346158337 ) ) ;
#7216 = DIRECTION ( 'NONE',  ( 0.000000000000000000, 0.000000000000000000, 1.000000000000000000 ) ) ;
#7217 = FACE_BOUND ( 'NONE', #1992, .T. ) ;
#7218 = VERTEX_POINT ( 'NONE', #4747 ) ;
#7219 = CYLINDRICAL_SURFACE ( 'NONE', #3374, 4.000000000000000000 ) ;
#7220 = AXIS2_PLACEMENT_3D ( 'NONE', #4040, #276, #5368 ) ;
#7221 = ORIENTED_EDGE ( 'NONE', *, *, #6886, .F. ) ;
#7222 = CARTESIAN_POINT ( 'NONE',  ( 6.499999999999992006, 48.67528175613146146, 34.22798536380060597 ) ) ;
#7223 = CARTESIAN_POINT ( 'NONE',  ( -3.500000000000010214, 100.0000000000000000, -33.22798536380059886 ) ) ;
#7224 = AXIS2_PLACEMENT_3D ( 'NONE', #3181, #4547, #4508 ) ;
#7225 = CARTESIAN_POINT ( 'NONE',  ( -12.50000000000002487, 80.95002665055245927, -31.46558967083460701 ) ) ;
#7226 = DIRECTION ( 'NONE',  ( 0.000000000000000000, 1.000000000000000000, 0.000000000000000000 ) ) ;
#7227 = ORIENTED_EDGE ( 'NONE', *, *, #4987, .F. ) ;
#7228 = CARTESIAN_POINT ( 'NONE',  ( 3.499999999999996003, 4.890268993415121557, 30.06057953909446212 ) ) ;
#7229 = VECTOR ( 'NONE', #611, 1000.000000000000000 ) ;
#7230 = VECTOR ( 'NONE', #2695, 1000.000000000000227 ) ;
#7231 = ORIENTED_EDGE ( 'NONE', *, *, #4364, .F. ) ;
#7232 = CARTESIAN_POINT ( 'NONE',  ( -37.20422800431707344, 109.9999999999357669, 7.791834481846022342 ) ) ;
#7233 = DIRECTION ( 'NONE',  ( 0.8660254037844387076, 0.000000000000000000, -0.4999999999999997224 ) ) ;
#7234 = DIRECTION ( 'NONE',  ( 1.776356839400250859E-15, 0.000000000000000000, -1.000000000000000000 ) ) ;
#7235 = CARTESIAN_POINT ( 'NONE',  ( -3.999999999999993339, -5.000000000000000000, -34.06366588218793368 ) ) ;
#7236 = CIRCLE ( 'NONE', #4304, 1.000000000000000888 ) ;
#7237 = ADVANCED_FACE ( 'NONE', ( #5174 ), #3462, .F. ) ;
#7238 = FACE_OUTER_BOUND ( 'NONE', #6767, .T. ) ;
#7239 = ORIENTED_EDGE ( 'NONE', *, *, #8099, .T. ) ;
#7240 = AXIS2_PLACEMENT_3D ( 'NONE', #1091, #7989, #2427 ) ;
#7241 = DIRECTION ( 'NONE',  ( 0.000000000000000000, 0.000000000000000000, 1.000000000000000000 ) ) ;
#7242 = VERTEX_POINT ( 'NONE', #7906 ) ;
#7243 = EDGE_CURVE ( 'NONE', #6557, #4599, #4702, .T. ) ;
#7244 = VERTEX_POINT ( 'NONE', #3038 ) ;
#7245 = CIRCLE ( 'NONE', #8165, 9.999999999999998224 ) ;
#7246 = DIRECTION ( 'NONE',  ( 0.000000000000000000, 0.000000000000000000, 1.000000000000000000 ) ) ;
#7247 = DIRECTION ( 'NONE',  ( 0.000000000000000000, 0.000000000000000000, 1.000000000000000000 ) ) ;
#7248 = ADVANCED_FACE ( 'NONE', ( #6776 ), #2377, .F. ) ;
#7249 = CARTESIAN_POINT ( 'NONE',  ( -3.500000000000010214, 4.467629122400074593, -29.73353886326572848 ) ) ;
#7250 = VECTOR ( 'NONE', #7964, 1000.000000000000000 ) ;
#7251 = VECTOR ( 'NONE', #3560, 1000.000000000000114 ) ;
#7252 = ORIENTED_EDGE ( 'NONE', *, *, #1644, .F. ) ;
#7253 = ORIENTED_EDGE ( 'NONE', *, *, #918, .T. ) ;
#7254 = DIRECTION ( 'NONE',  ( 1.000000000000000000, -0.000000000000000000, -1.849002583061117992E-16 ) ) ;
#7255 = CARTESIAN_POINT ( 'NONE',  ( -33.50000000000000711, 99.00000000000000000, -10.82773132595622201 ) ) ;
#7256 = APPROVAL_PERSON_ORGANIZATION ( #724, #7259, #3208 ) ;
#7257 = CARTESIAN_POINT ( 'NONE',  ( 31.13614653717514358, 105.5475089462854896, -20.02820681323093766 ) ) ;
#7258 = CARTESIAN_POINT ( 'NONE',  ( 33.50000000000000711, 103.7551335477933350, 13.99282273155856160 ) ) ;
#7259 = APPROVAL ( #2472, 'Coincident' ) ;
#7260 = PLANE ( 'NONE',  #6052 ) ;
#7261 = EDGE_LOOP ( 'NONE', ( #8178, #2946, #6285, #488 ) ) ;
#7262 = EDGE_CURVE ( 'NONE', #6039, #6834, #7437, .T. ) ;
#7263 = DIRECTION ( 'NONE',  ( 0.000000000000000000, 0.000000000000000000, 1.000000000000000000 ) ) ;
#7264 = VERTEX_POINT ( 'NONE', #6192 ) ;
#7265 = CARTESIAN_POINT ( 'NONE',  ( 3.499999999999996003, 102.5380366088657524, 35.13631015413126590 ) ) ;
#7266 = CARTESIAN_POINT ( 'NONE',  ( 3.499999999999996003, 102.5380366088657524, 35.13631015413126590 ) ) ;
#7267 = LINE ( 'NONE', #2484, #734 ) ;
#7268 = VECTOR ( 'NONE', #2340, 1000.000000000000000 ) ;
#7269 = DIRECTION ( 'NONE',  ( 0.000000000000000000, -1.000000000000000000, -3.469446951953611724E-16 ) ) ;
#7270 = VERTEX_POINT ( 'NONE', #5570 ) ;
#7271 = CARTESIAN_POINT ( 'NONE',  ( 3.499999999999996003, 0.000000000000000000, 5.547007749183353632E-15 ) ) ;
#7272 = CIRCLE ( 'NONE', #7809, 6.000000000000000888 ) ;
#7273 = ORIENTED_EDGE ( 'NONE', *, *, #5476, .T. ) ;
#7274 = CARTESIAN_POINT ( 'NONE',  ( 3.340762400140840693, 1.656687733874215418, 36.75367796468503911 ) ) ;
#7275 = EDGE_LOOP ( 'NONE', ( #236, #7782, #937, #2399, #3673, #3162 ) ) ;
#7276 = EDGE_CURVE ( 'NONE', #6518, #5829, #6237, .T. ) ;
#7277 = CARTESIAN_POINT ( 'NONE',  ( 5.668691113874878340, 109.9999999999832454, 37.58098692859952195 ) ) ;
#7278 = LINE ( 'NONE', #5363, #3126 ) ;
#7279 = LINE ( 'NONE', #7901, #3324 ) ;
#7280 = CARTESIAN_POINT ( 'NONE',  ( 4.649736360301875315, 103.7409065505311645, -35.99794149642387708 ) ) ;
#7281 = VERTEX_POINT ( 'NONE', #394 ) ;
#7282 = AXIS2_PLACEMENT_3D ( 'NONE', #442, #6870, #1185 ) ;
#7283 = DIRECTION ( 'NONE',  ( 0.000000000000000000, -0.7992742469136896455, -0.6009664534901714150 ) ) ;
#7284 = ORIENTED_EDGE ( 'NONE', *, *, #2349, .T. ) ;
#7285 = EDGE_LOOP ( 'NONE', ( #7049, #4528, #6185, #7817, #731, #2147, #5808, #321 ) ) ;
#7286 = EDGE_CURVE ( 'NONE', #3729, #5076, #1747, .T. ) ;
#7287 = CARTESIAN_POINT ( 'NONE',  ( 3.499999999999996003, 48.25545713596157071, -36.37553689183513228 ) ) ;
#7288 = CARTESIAN_POINT ( 'NONE',  ( -5.723327222560572913, 107.3150733589108654, -35.44197631013089733 ) ) ;
#7289 = DIRECTION ( 'NONE',  ( -0.000000000000000000, 0.000000000000000000, 1.000000000000000000 ) ) ;
#7290 = VECTOR ( 'NONE', #4465, 1000.000000000000000 ) ;
#7291 = ORIENTED_EDGE ( 'NONE', *, *, #6790, .T. ) ;
#7292 = LINE ( 'NONE', #7877, #4573 ) ;
#7293 = CARTESIAN_POINT ( 'NONE',  ( 33.50000000000001421, 101.8014505386379227, 4.591252191786178827 ) ) ;
#7294 = CIRCLE ( 'NONE', #8, 38.00000000000000000 ) ;
#7295 = CARTESIAN_POINT ( 'NONE',  ( 35.85643837764126829, 110.0000000000249401, -12.60086096959822477 ) ) ;
#7296 = DIRECTION ( 'NONE',  ( 0.5000000000000021094, 0.000000000000000000, -0.8660254037844373753 ) ) ;
#7297 = CARTESIAN_POINT ( 'NONE',  ( -33.09216959183824969, 107.9068563916697059, -16.48859223491766812 ) ) ;
#7298 = ORIENTED_EDGE ( 'NONE', *, *, #1815, .T. ) ;
#7299 = CARTESIAN_POINT ( 'NONE',  ( -0.7999999999999928280, 0.000000000000000000, 4.750000000000000000 ) ) ;
#7300 = AXIS2_PLACEMENT_3D ( 'NONE', #7846, #7881, #7296 ) ;
#7301 = EDGE_CURVE ( 'NONE', #2003, #5415, #2997, .T. ) ;
#7302 = ORIENTED_EDGE ( 'NONE', *, *, #3801, .F. ) ;
#7303 = CARTESIAN_POINT ( 'NONE',  ( -3.500000000000010214, 98.76527597093840427, 36.50295964951001793 ) ) ;
#7304 = EDGE_CURVE ( 'NONE', #5881, #621, #3613, .T. ) ;
#7305 = DIRECTION ( 'NONE',  ( 1.000000000000000000, -0.000000000000000000, 1.849002583061117992E-16 ) ) ;
#7306 = LINE ( 'NONE', #527, #5773 ) ;
#7307 = DIRECTION ( 'NONE',  ( -1.000000000000000000, -0.000000000000000000, -0.000000000000000000 ) ) ;
#7308 = VERTEX_POINT ( 'NONE', #1835 ) ;
#7309 =( BOUNDED_CURVE ( )  B_SPLINE_CURVE ( 3, ( #7689, #4562, #7017, #212 ),
 .UNSPECIFIED., .F., .F. ) 
 B_SPLINE_CURVE_WITH_KNOTS ( ( 4, 4 ),
 ( 0.3923647502199178461, 0.5235987755982981495 ),
 .UNSPECIFIED. ) 
 CURVE ( )  GEOMETRIC_REPRESENTATION_ITEM ( )  RATIONAL_B_SPLINE_CURVE ( ( 1.000000000000000000, 0.9985653174226137851, 0.9985653174226137851, 1.000000000000000000 ) ) 
 REPRESENTATION_ITEM ( '' )  );
#7310 = LINE ( 'NONE', #4146, #6946 ) ;
#7311 = ORIENTED_EDGE ( 'NONE', *, *, #6224, .T. ) ;
#7312 = CARTESIAN_POINT ( 'NONE',  ( -36.53461765347855561, 110.0000000002358718, 10.48683514646073967 ) ) ;
#7313 = CARTESIAN_POINT ( 'NONE',  ( -1.214306433183764966E-14, 110.0000000000000000, 27.13546265191242313 ) ) ;
#7314 = EDGE_CURVE ( 'NONE', #4488, #7834, #6556, .T. ) ;
#7315 = FACE_OUTER_BOUND ( 'NONE', #6227, .T. ) ;
#7316 = CARTESIAN_POINT ( 'NONE',  ( 3.368536366827511825E-15, 71.95002665055244506, -31.75426480542942898 ) ) ;
#7317 = CARTESIAN_POINT ( 'NONE',  ( 32.60595280736473711, 105.8203154429886865, 17.70770153340962949 ) ) ;
#7318 = CARTESIAN_POINT ( 'NONE',  ( -9.434273629437708308, 43.53295385887544455, -33.23558761614049217 ) ) ;
#7319 = CARTESIAN_POINT ( 'NONE',  ( -3.509618943233419053, 4.664717059371330521, -29.72798536380060241 ) ) ;
#7320 = VERTEX_POINT ( 'NONE', #2336 ) ;
#7321 = CARTESIAN_POINT ( 'NONE',  ( -23.49999999999999645, -5.000000000000000000, -13.56773132595621689 ) ) ;
#7322 = ORIENTED_EDGE ( 'NONE', *, *, #4116, .F. ) ;
#7323 = ORIENTED_EDGE ( 'NONE', *, *, #2935, .T. ) ;
#7324 = CARTESIAN_POINT ( 'NONE',  ( -6.132864528804132576, 107.2580183663584563, 35.14165704909636645 ) ) ;
#7325 = CARTESIAN_POINT ( 'NONE',  ( -27.36713547119590118, 107.2580183663584563, 22.88204500446102685 ) ) ;
#7326 = CARTESIAN_POINT ( 'NONE',  ( -12.50000000000001421, 71.95002665055244506, 24.53738644055908935 ) ) ;
#7327 = PLANE ( 'NONE',  #5783 ) ;
#7328 = ADVANCED_FACE ( 'NONE', ( #7358 ), #3561, .F. ) ;
#7329 = ADVANCED_FACE ( 'NONE', ( #6318 ), #3202, .F. ) ;
#7330 = ORIENTED_EDGE ( 'NONE', *, *, #2658, .F. ) ;
#7331 = CARTESIAN_POINT ( 'NONE',  ( 0.000000000000000000, 110.0000000000000000, 0.000000000000000000 ) ) ;
#7332 = CARTESIAN_POINT ( 'NONE',  ( 33.50000000000000711, 103.0842347202263056, 12.47111471818841899 ) ) ;
#7333 = CARTESIAN_POINT ( 'NONE',  ( 31.93387055012258813, 105.9331469466237792, -18.96022203625265945 ) ) ;
#7334 = CARTESIAN_POINT ( 'NONE',  ( 32.69704634830191736, 108.0230196711742110, 17.53967585543410834 ) ) ;
#7335 = EDGE_CURVE ( 'NONE', #1487, #7732, #7733, .T. ) ;
#7336 = DIRECTION ( 'NONE',  ( 0.000000000000000000, -1.000000000000000000, 0.000000000000000000 ) ) ;
#7337 = ORIENTED_EDGE ( 'NONE', *, *, #4911, .F. ) ;
#7338 = FACE_OUTER_BOUND ( 'NONE', #6811, .T. ) ;
#7339 = EDGE_CURVE ( 'NONE', #297, #6076, #6898, .T. ) ;
#7340 = ORIENTED_EDGE ( 'NONE', *, *, #8115, .T. ) ;
#7341 = CARTESIAN_POINT ( 'NONE',  ( -3.981630956429006218, 98.33175472198622913, 36.31282312856295391 ) ) ;
#7342 = CARTESIAN_POINT ( 'NONE',  ( 12.49999999999998046, 62.95002665055243796, 24.53738644055910711 ) ) ;
#7343 = FACE_OUTER_BOUND ( 'NONE', #7701, .T. ) ;
#7344 = ORIENTED_EDGE ( 'NONE', *, *, #2316, .F. ) ;
#7345 = EDGE_CURVE ( 'NONE', #5411, #8114, #7696, .T. ) ;
#7346 = VECTOR ( 'NONE', #5311, 1000.000000000000000 ) ;
#7347 = CARTESIAN_POINT ( 'NONE',  ( -12.21017635575970317, 107.0189927906130549, -31.63291942984436034 ) ) ;
#7348 = ORIENTED_EDGE ( 'NONE', *, *, #845, .F. ) ;
#7349 = AXIS2_PLACEMENT_3D ( 'NONE', #7313, #6070, #5680 ) ;
#7350 = CARTESIAN_POINT ( 'NONE',  ( -37.68902482640321239, 109.9999999999539995, 4.946943588095473743 ) ) ;
#7351 = VECTOR ( 'NONE', #2761, 1000.000000000000000 ) ;
#7352 = CARTESIAN_POINT ( 'NONE',  ( 3.854212602957130418, 107.6505067099467396, 36.41590262306493742 ) ) ;
#7353 = LINE ( 'NONE', #3693, #4587 ) ;
#7354 = CARTESIAN_POINT ( 'NONE',  ( 33.37703538391937741, 104.5564254094382761, 15.18334285848496990 ) ) ;
#7355 = CARTESIAN_POINT ( 'NONE',  ( -12.50000000000002665, 67.95002665055244506, -31.46558967083459990 ) ) ;
#7356 = CARTESIAN_POINT ( 'NONE',  ( 3.499999999999996003, 7.520546934683549622, 31.83961615620216890 ) ) ;
#7357 = EDGE_LOOP ( 'NONE', ( #3279, #7023 ) ) ;
#7358 = FACE_OUTER_BOUND ( 'NONE', #232, .T. ) ;
#7359 = VERTEX_POINT ( 'NONE', #6357 ) ;
#7360 = AXIS2_PLACEMENT_3D ( 'NONE', #2790, #1543, #5319 ) ;
#7361 = EDGE_CURVE ( 'NONE', #2870, #1101, #6806, .T. ) ;
#7362 = ORIENTED_EDGE ( 'NONE', *, *, #6247, .F. ) ;
#7363 = LINE ( 'NONE', #514, #6731 ) ;
#7364 = DIRECTION ( 'NONE',  ( 0.000000000000000000, 0.000000000000000000, 1.000000000000000000 ) ) ;
#7365 = AXIS2_PLACEMENT_3D ( 'NONE', #3825, #3871, #7613 ) ;
#7366 = AXIS2_PLACEMENT_3D ( 'NONE', #5162, #1307, #1388 ) ;
#7367 = CARTESIAN_POINT ( 'NONE',  ( 1.987183596743447245, 107.9361784748517863, -36.94924776497560970 ) ) ;
#7368 = DIRECTION ( 'NONE',  ( 1.000000000000000000, -0.000000000000000000, -0.000000000000000000 ) ) ;
#7369 = VECTOR ( 'NONE', #1833, 1000.000000000000000 ) ;
#7370 = EDGE_LOOP ( 'NONE', ( #7132, #4584, #4925, #6569 ) ) ;
#7371 = DIRECTION ( 'NONE',  ( -1.000000000000000000, 0.000000000000000000, 0.000000000000000000 ) ) ;
#7372 = CARTESIAN_POINT ( 'NONE',  ( 27.00000000000000355, 110.0000000000000000, 0.000000000000000000 ) ) ;
#7373 = EDGE_CURVE ( 'NONE', #7981, #3777, #7025, .T. ) ;
#7374 = CARTESIAN_POINT ( 'NONE',  ( 27.49999999999999645, 105.0000000000000142, 3.968626966596889627 ) ) ;
#7375 = CARTESIAN_POINT ( 'NONE',  ( 31.54402012420061041, 108.0237847286155812, 19.53904820893229655 ) ) ;
#7376 = AXIS2_PLACEMENT_3D ( 'NONE', #3855, #3440, #7139 ) ;
#7377 = AXIS2_PLACEMENT_3D ( 'NONE', #2354, #6056, #6832 ) ;
#7378 = CARTESIAN_POINT ( 'NONE',  ( -33.55514580259097812, 107.3148983700315569, -12.76289306427686121 ) ) ;
#7379 = ORIENTED_EDGE ( 'NONE', *, *, #8071, .T. ) ;
#7380 = CARTESIAN_POINT ( 'NONE',  ( -1.044870271209150442E-14, 85.95002665055245927, 31.75426480542942187 ) ) ;
#7381 = APPROVAL_PERSON_ORGANIZATION ( #6905, #1217, #3251 ) ;
#7382 = ORIENTED_EDGE ( 'NONE', *, *, #42, .T. ) ;
#7383 = EDGE_CURVE ( 'NONE', #1112, #5734, #1339, .T. ) ;
#7384 = CARTESIAN_POINT ( 'NONE',  ( -12.50000000000002487, 80.95002665055245927, 31.46558967083460701 ) ) ;
#7385 = FACE_OUTER_BOUND ( 'NONE', #6314, .T. ) ;
#7386 = ADVANCED_FACE ( 'NONE', ( #592 ), #5780, .T. ) ;
#7387 = CARTESIAN_POINT ( 'NONE',  ( 6.499999999999992006, 48.67528175613146146, 33.22798536380059886 ) ) ;
#7388 = ORIENTED_EDGE ( 'NONE', *, *, #1089, .F. ) ;
#7389 = CARTESIAN_POINT ( 'NONE',  ( -14.54077171542787639, 109.9999999999465672, -35.12120241151716016 ) ) ;
#7390 = EDGE_CURVE ( 'NONE', #6119, #6518, #5485, .T. ) ;
#7391 = ORIENTED_EDGE ( 'NONE', *, *, #7832, .T. ) ;
#7392 = CARTESIAN_POINT ( 'NONE',  ( -33.50000000000398614, 107.0328263279882606, -2.112121642659093190 ) ) ;
#7393 = AXIS2_PLACEMENT_3D ( 'NONE', #7517, #1076, #2989 ) ;
#7394 = CARTESIAN_POINT ( 'NONE',  ( 0.9024554228307020143, 105.8506062142090087, 37.10454299045296267 ) ) ;
#7395 = FACE_BOUND ( 'NONE', #7717, .T. ) ;
#7396 = CARTESIAN_POINT ( 'NONE',  ( 30.15066261385770474, 104.8163704574817530, 21.04783235319157342 ) ) ;
#7397 = DIRECTION ( 'NONE',  ( 0.000000000000000000, 0.000000000000000000, 1.000000000000000000 ) ) ;
#7398 = DIRECTION ( 'NONE',  ( -1.000000000000000000, 0.000000000000000000, 0.000000000000000000 ) ) ;
#7399 = ORIENTED_EDGE ( 'NONE', *, *, #1496, .F. ) ;
#7400 = CARTESIAN_POINT ( 'NONE',  ( 7.824658321009083650, 107.1016180047759718, 34.16489944775158705 ) ) ;
#7401 = VERTEX_POINT ( 'NONE', #1379 ) ;
#7402 = AXIS2_PLACEMENT_3D ( 'NONE', #4479, #1333, #132 ) ;
#7403 = ORIENTED_EDGE ( 'NONE', *, *, #3964, .F. ) ;
#7404 = CARTESIAN_POINT ( 'NONE',  ( -17.74743888532439229, 101.6484425686766144, 28.43597941783647798 ) ) ;
#7405 = EDGE_CURVE ( 'NONE', #5932, #3622, #3905, .T. ) ;
#7406 = LINE ( 'NONE', #1797, #1131 ) ;
#7407 = ADVANCED_FACE ( 'NONE', ( #2507 ), #1816, .F. ) ;
#7408 = VECTOR ( 'NONE', #950, 1000.000000000000000 ) ;
#7409 = CARTESIAN_POINT ( 'NONE',  ( -0.7334672854106021322, 109.9999999999560885, -38.00006028106852085 ) ) ;
#7410 = FACE_OUTER_BOUND ( 'NONE', #1055, .T. ) ;
#7411 = AXIS2_PLACEMENT_3D ( 'NONE', #3447, #5317, #6643 ) ;
#7412 = ORIENTED_EDGE ( 'NONE', *, *, #1125, .F. ) ;
#7413 = CARTESIAN_POINT ( 'NONE',  ( -3.500000000000010214, 47.44055772706986573, -36.50295964951001793 ) ) ;
#7414 = CARTESIAN_POINT ( 'NONE',  ( 33.50000000000000711, 102.3361739462322362, 9.123368439409894393 ) ) ;
#7415 = CARTESIAN_POINT ( 'NONE',  ( 30.97298180614820495, 110.0000000000047606, -22.01817392159961884 ) ) ;
#7416 = CARTESIAN_POINT ( 'NONE',  ( 28.86925732777703857, 103.7560228161014066, 22.01479454620830722 ) ) ;
#7417 = CARTESIAN_POINT ( 'NONE',  ( -34.26238468519063929, 110.0000000000243290, -16.44978923061565723 ) ) ;
#7418 = ORIENTED_EDGE ( 'NONE', *, *, #2677, .F. ) ;
#7419 = CARTESIAN_POINT ( 'NONE',  ( 11.85216712396702299, 7.520546934683550511, -31.83961615620216179 ) ) ;
#7420 = AXIS2_PLACEMENT_3D ( 'NONE', #1090, #8027, #8110 ) ;
#7421 = ORIENTED_EDGE ( 'NONE', *, *, #594, .T. ) ;
#7422 = DIRECTION ( 'NONE',  ( 0.000000000000000000, 0.000000000000000000, 1.000000000000000000 ) ) ;
#7423 = DIRECTION ( 'NONE',  ( 0.000000000000000000, -1.000000000000000000, 0.000000000000000000 ) ) ;
#7424 = DIRECTION ( 'NONE',  ( 0.000000000000000000, 0.000000000000000000, -1.000000000000000000 ) ) ;
#7425 = ORIENTED_EDGE ( 'NONE', *, *, #1961, .F. ) ;
#7426 = VECTOR ( 'NONE', #5046, 1000.000000000000000 ) ;
#7427 = CARTESIAN_POINT ( 'NONE',  ( -5.000000000000011546, 103.4621466860844947, 35.79571668975681575 ) ) ;
#7428 = EDGE_CURVE ( 'NONE', #3281, #5950, #3895, .T. ) ;
#7429 = ORIENTED_EDGE ( 'NONE', *, *, #6275, .F. ) ;
#7430 = FACE_OUTER_BOUND ( 'NONE', #2134, .T. ) ;
#7431 = DIRECTION ( 'NONE',  ( 0.000000000000000000, 1.000000000000000000, 0.000000000000000000 ) ) ;
#7432 = LINE ( 'NONE', #8098, #1441 ) ;
#7433 = CARTESIAN_POINT ( 'NONE',  ( -1.044870271209150442E-14, 80.95002665055245927, 31.75426480542942187 ) ) ;
#7434 = CARTESIAN_POINT ( 'NONE',  ( -1.800000000000000266, 0.000000000000000000, -3.749999999999992895 ) ) ;
#7435 = DIRECTION ( 'NONE',  ( 0.000000000000000000, 0.000000000000000000, 1.000000000000000000 ) ) ;
#7436 = ORIENTED_EDGE ( 'NONE', *, *, #5851, .F. ) ;
#7437 = LINE ( 'NONE', #6855, #7879 ) ;
#7438 = ORIENTED_EDGE ( 'NONE', *, *, #1391, .F. ) ;
#7439 = VERTEX_POINT ( 'NONE', #2169 ) ;
#7440 = ADVANCED_FACE ( 'NONE', ( #4691 ), #1468, .T. ) ;
#7441 = DIRECTION ( 'NONE',  ( -0.000000000000000000, 1.000000000000000000, -0.000000000000000000 ) ) ;
#7442 = CARTESIAN_POINT ( 'NONE',  ( -36.77636832536894218, 110.0000000000711680, -9.610205192504979621 ) ) ;
#7443 = LINE ( 'NONE', #4328, #1402 ) ;
#7444 = CARTESIAN_POINT ( 'NONE',  ( 2.211743045684158471, 105.3472154415210866, -36.89028505228718302 ) ) ;
#7445 = CARTESIAN_POINT ( 'NONE',  ( 3.499999999999996003, 97.46196339113423335, 31.31966057346993892 ) ) ;
#7446 = EDGE_LOOP ( 'NONE', ( #7590, #4385, #3343, #7579 ) ) ;
#7447 = ADVANCED_FACE ( 'NONE', ( #304, #7894 ), #4736, .T. ) ;
#7448 = ORIENTED_EDGE ( 'NONE', *, *, #5710, .F. ) ;
#7449 = CYLINDRICAL_SURFACE ( 'NONE', #2596, 1.000000000000000888 ) ;
#7450 = CARTESIAN_POINT ( 'NONE',  ( -3.500000000000010214, 100.0000000000000000, -33.22798536380059886 ) ) ;
#7451 = CYLINDRICAL_SURFACE ( 'NONE', #5432, 9.999999999999998224 ) ;
#7452 = FACE_OUTER_BOUND ( 'NONE', #4675, .T. ) ;
#7453 = CARTESIAN_POINT ( 'NONE',  ( 31.00889573718189496, 107.9368076561129044, 20.19155024596116732 ) ) ;
#7454 = DIRECTION ( 'NONE',  ( 0.000000000000000000, 0.000000000000000000, 1.000000000000000000 ) ) ;
#7455 = ORIENTED_EDGE ( 'NONE', *, *, #955, .T. ) ;
#7456 = CARTESIAN_POINT ( 'NONE',  ( 33.50000000000000000, 103.4621466860844947, -13.56773132595622400 ) ) ;
#7457 = EDGE_CURVE ( 'NONE', #7707, #4658, #1523, .T. ) ;
#7458 = ORIENTED_EDGE ( 'NONE', *, *, #4269, .F. ) ;
#7459 = DIRECTION ( 'NONE',  ( 0.4999999999999997224, 0.000000000000000000, -0.8660254037844387076 ) ) ;
#7460 = PLANE ( 'NONE',  #8062 ) ;
#7461 = CARTESIAN_POINT ( 'NONE',  ( -28.50000000000000711, 37.50000000000000711, -6.000381056766596721 ) ) ;
#7462 = LINE ( 'NONE', #996, #5653 ) ;
#7463 = ORIENTED_EDGE ( 'NONE', *, *, #5817, .F. ) ;
#7464 = CARTESIAN_POINT ( 'NONE',  ( -17.65793105118180506, 107.0365219452670829, -28.48765678997406425 ) ) ;
#7465 = ORIENTED_EDGE ( 'NONE', *, *, #2254, .T. ) ;
#7466 = VERTEX_POINT ( 'NONE', #6766 ) ;
#7467 = CARTESIAN_POINT ( 'NONE',  ( 3.499999999999996003, 45.73950986304808453, -34.43818234161658864 ) ) ;
#7468 = CARTESIAN_POINT ( 'NONE',  ( -5.723808657973879832, 107.3150062873168054, 35.44162326702603139 ) ) ;
#7469 = FACE_OUTER_BOUND ( 'NONE', #7163, .T. ) ;
#7470 = VECTOR ( 'NONE', #4529, 1000.000000000000000 ) ;
#7471 = ADVANCED_FACE ( 'NONE', ( #4309 ), #6223, .T. ) ;
#7472 = FACE_OUTER_BOUND ( 'NONE', #2922, .T. ) ;
#7473 = DIRECTION ( 'NONE',  ( -0.000000000000000000, -1.000000000000000000, -0.000000000000000000 ) ) ;
#7474 = CARTESIAN_POINT ( 'NONE',  ( -3.506411780512261878, 4.796169862954432261, -29.72983702006100160 ) ) ;
#7475 = EDGE_LOOP ( 'NONE', ( #6564, #4259 ) ) ;
#7476 = CARTESIAN_POINT ( 'NONE',  ( 6.911315741568508919, 102.7976417775472839, 34.69221803185585173 ) ) ;
#7477 = ORIENTED_EDGE ( 'NONE', *, *, #5332, .F. ) ;
#7478 = AXIS2_PLACEMENT_3D ( 'NONE', #4386, #1772, #3533 ) ;
#7479 = VECTOR ( 'NONE', #5693, 1000.000000000000227 ) ;
#7480 = ORIENTED_EDGE ( 'NONE', *, *, #7276, .T. ) ;
#7481 = CARTESIAN_POINT ( 'NONE',  ( -33.50000000000000711, 37.50000000000000711, 5.999618943233405055 ) ) ;
#7482 = LINE ( 'NONE', #2267, #2894 ) ;
#7483 = DIRECTION ( 'NONE',  ( 1.000000000000000000, -0.000000000000000000, -0.000000000000000000 ) ) ;
#7484 = EDGE_CURVE ( 'NONE', #7991, #137, #3604, .T. ) ;
#7485 = CARTESIAN_POINT ( 'NONE',  ( 3.823745289727952024, 48.25545713596157071, -36.37553689183513228 ) ) ;
#7486 = AXIS2_PLACEMENT_3D ( 'NONE', #6090, #5458, #7992 ) ;
#7487 = DIRECTION ( 'NONE',  ( 0.000000000000000000, 0.000000000000000000, 1.000000000000000000 ) ) ;
#7488 = EDGE_LOOP ( 'NONE', ( #6100, #1368 ) ) ;
#7489 = CIRCLE ( 'NONE', #6038, 1.000000000000000888 ) ;
#7490 = EDGE_CURVE ( 'NONE', #5959, #5163, #4248, .T. ) ;
#7491 = EDGE_LOOP ( 'NONE', ( #7870, #7302, #5087, #1972 ) ) ;
#7492 = VECTOR ( 'NONE', #4280, 1000.000000000000000 ) ;
#7493 = CIRCLE ( 'NONE', #3919, 38.00000000000000000 ) ;
#7494 = CARTESIAN_POINT ( 'NONE',  ( -3.981630956429019985, 101.6682452780137851, 36.31282312856293970 ) ) ;
#7495 = DIRECTION ( 'NONE',  ( -0.000000000000000000, -1.000000000000000000, -0.000000000000000000 ) ) ;
#7496 = EDGE_CURVE ( 'NONE', #5495, #5997, #983, .T. ) ;
#7497 = CARTESIAN_POINT ( 'NONE',  ( 4.999999999999992895, 76.95002665055244506, -35.79571668975681575 ) ) ;
#7498 = DIRECTION ( 'NONE',  ( 0.000000000000000000, 0.000000000000000000, -1.000000000000000000 ) ) ;
#7499 = CARTESIAN_POINT ( 'NONE',  ( 29.18115783413799846, 107.5588201121971395, 21.86624249522973074 ) ) ;
#7500 = AXIS2_PLACEMENT_3D ( 'NONE', #2174, #4662, #3491 ) ;
#7501 = CARTESIAN_POINT ( 'NONE',  ( -30.76597342177988637, 109.9999999999738947, -22.30647465085540304 ) ) ;
#7502 = AXIS2_PLACEMENT_3D ( 'NONE', #3035, #3540, #506 ) ;
#7503 = LINE ( 'NONE', #1983, #1554 ) ;
#7504 = ORIENTED_EDGE ( 'NONE', *, *, #6362, .F. ) ;
#7505 = LINE ( 'NONE', #1818, #5765 ) ;
#7506 = CARTESIAN_POINT ( 'NONE',  ( -1.044870271209150442E-14, 62.95002665055243796, 31.75426480542942187 ) ) ;
#7507 = CIRCLE ( 'NONE', #3274, 9.999999999999998224 ) ;
#7508 = CIRCLE ( 'NONE', #7911, 2.000000000000001776 ) ;
#7509 = LINE ( 'NONE', #1820, #5027 ) ;
#7510 = EDGE_CURVE ( 'NONE', #638, #3635, #1624, .T. ) ;
#7511 = LINE ( 'NONE', #3191, #4727 ) ;
#7512 = ORIENTED_EDGE ( 'NONE', *, *, #5763, .F. ) ;
#7513 = PLANE ( 'NONE',  #7214 ) ;
#7514 = AXIS2_PLACEMENT_3D ( 'NONE', #698, #5544, #7454 ) ;
#7515 = ORIENTED_EDGE ( 'NONE', *, *, #366, .F. ) ;
#7516 = VERTEX_POINT ( 'NONE', #1040 ) ;
#7517 = CARTESIAN_POINT ( 'NONE',  ( -12.50000000000002487, 85.95002665055245927, -38.00000000000000000 ) ) ;
#7518 = CARTESIAN_POINT ( 'NONE',  ( -3.069015038831253595, 107.7820753581825102, 36.67963407482444183 ) ) ;
#7519 = CARTESIAN_POINT ( 'NONE',  ( -24.64743751039731379, 110.0000000000558629, 28.93849901243930489 ) ) ;
#7520 = FACE_OUTER_BOUND ( 'NONE', #2724, .T. ) ;
#7521 = CARTESIAN_POINT ( 'NONE',  ( -31.91129675951994571, 105.9323209603947760, -18.99868218888412130 ) ) ;
#7522 = LINE ( 'NONE', #3116, #7369 ) ;
#7523 = EDGE_LOOP ( 'NONE', ( #5798, #3476 ) ) ;
#7524 = CARTESIAN_POINT ( 'NONE',  ( 15.75256111467707498, 101.6484425686766144, 29.58772263572009820 ) ) ;
#7525 = VERTEX_POINT ( 'NONE', #8007 ) ;
#7526 = EDGE_CURVE ( 'NONE', #5734, #2797, #7310, .T. ) ;
#7527 = ORIENTED_EDGE ( 'NONE', *, *, #7724, .F. ) ;
#7528 = DIRECTION ( 'NONE',  ( -0.8660254037844384856, 0.000000000000000000, -0.5000000000000002220 ) ) ;
#7529 = ORIENTED_EDGE ( 'NONE', *, *, #3196, .F. ) ;
#7530 = CARTESIAN_POINT ( 'NONE',  ( 27.49999999999999645, 110.0000000000000000, -15.87713240271472515 ) ) ;
#7531 =( NAMED_UNIT ( * ) PLANE_ANGLE_UNIT ( ) SI_UNIT ( $, .RADIAN. ) );
#7532 = CARTESIAN_POINT ( 'NONE',  ( -1.151698729270804744, 108.0236274368253220, -37.08722866945667818 ) ) ;
#7533 = CARTESIAN_POINT ( 'NONE',  ( 33.50000000000000000, -3.000000000000002665, -13.56773132595622400 ) ) ;
#7534 = ORIENTED_EDGE ( 'NONE', *, *, #2892, .F. ) ;
#7535 = VECTOR ( 'NONE', #6267, 1000.000000000000000 ) ;
#7536 = ADVANCED_FACE ( 'NONE', ( #6140 ), #5267, .F. ) ;
#7537 = ADVANCED_FACE ( 'NONE', ( #7058 ), #1200, .T. ) ;
#7538 = EDGE_LOOP ( 'NONE', ( #3739, #7919, #4308, #2777 ) ) ;
#7539 = AXIS2_PLACEMENT_3D ( 'NONE', #6384, #2072, #37 ) ;
#7540 = DIRECTION ( 'NONE',  ( 0.000000000000000000, 0.000000000000000000, 1.000000000000000000 ) ) ;
#7541 = DIRECTION ( 'NONE',  ( 1.000000000000000000, -0.000000000000000000, -0.000000000000000000 ) ) ;
#7542 = DIRECTION ( 'NONE',  ( 1.776356839400250859E-15, 0.000000000000000000, -1.000000000000000000 ) ) ;
#7543 = CARTESIAN_POINT ( 'NONE',  ( -4.485497660534405462, 46.63070489658348805, 36.07736631550223194 ) ) ;
#7544 = CARTESIAN_POINT ( 'NONE',  ( 32.16467817330014611, 109.9999999999777032, 20.24705474499653235 ) ) ;
#7545 =( BOUNDED_SURFACE ( )  B_SPLINE_SURFACE ( 3, 2, ( 
 ( #2846, #2105, #239 ),
 ( #5886, #7288, #6003 ),
 ( #1604, #318, #5377 ),
 ( #2772, #2229, #4127 ),
 ( #6543, #5925, #858 ),
 ( #7913, #5297, #7836 ),
 ( #4753, #5254, #978 ),
 ( #3503, #362, #7795 ),
 ( #402, #2426, #1755 ),
 ( #3005, #7532, #2962 ),
 ( #1179, #5531, #7409 ),
 ( #1059, #3587, #1843 ),
 ( #4866, #6124, #2302 ),
 ( #474, #7367, #4943 ),
 ( #4246, #437, #5455 ),
 ( #7444, #1800, #4907 ),
 ( #1719, #4282, #3707 ),
 ( #6817, #2344, #6244 ),
 ( #562, #517, #3086 ),
 ( #6783, #6747, #2386 ),
 ( #7988, #6155, #3547 ),
 ( #5489, #1681, #4826 ) ),
 .UNSPECIFIED., .F., .F., .F. ) 
 B_SPLINE_SURFACE_WITH_KNOTS ( ( 4, 2, 2, 2, 2, 2, 2, 2, 2, 2, 4 ),
 ( 3, 3 ),
 ( 0.03286631394832363606, 0.03556936930827631071, 0.03827242466822898537, 0.03962395234820532269, 0.04097548002818166002, 0.04367853538813434161, 0.04638159074808702320, 0.04773311842806336053, 0.04908464610803969785, 0.05178770146799237251, 0.05449075682794504716 ),
 ( 0.000000000000000000, 1.000000000000000000 ),
 .UNSPECIFIED. ) 
 GEOMETRIC_REPRESENTATION_ITEM ( )  RATIONAL_B_SPLINE_SURFACE ( (
 ( 1.000000000000000000, 0.9279975443815945413, 1.000000000000000000),
 ( 1.000000000000000000, 0.9360309808295219636, 1.000000000000000000),
 ( 1.000000000000000000, 0.9431055580347121881, 1.000000000000000000),
 ( 1.000000000000000000, 0.9554152026507368722, 1.000000000000000000),
 ( 1.000000000000000000, 0.9606536220475856425, 1.000000000000000000),
 ( 1.000000000000000000, 0.9670989781339033309, 1.000000000000000000),
 ( 1.000000000000000000, 0.9690149568440643568, 1.000000000000000000),
 ( 1.000000000000000000, 0.9722986335255962009, 1.000000000000000000),
 ( 1.000000000000000000, 0.9736745969652347288, 1.000000000000000000),
 ( 1.000000000000000000, 0.9769991886520380531, 1.000000000000000000),
 ( 1.000000000000000000, 0.9781510818708136767, 1.000000000000000000),
 ( 1.000000000000000000, 0.9781445185069008730, 1.000000000000000000),
 ( 1.000000000000000000, 0.9769867758042686257, 1.000000000000000000),
 ( 1.000000000000000000, 0.9736665339461607616, 1.000000000000000000),
 ( 1.000000000000000000, 0.9722941497468348127, 1.000000000000000000),
 ( 1.000000000000000000, 0.9690234601422770266, 1.000000000000000000),
 ( 1.000000000000000000, 0.9671169786157300940, 1.000000000000000000),
 ( 1.000000000000000000, 0.9606593060256845007, 1.000000000000000000),
 ( 1.000000000000000000, 0.9554125996569634571, 1.000000000000000000),
 ( 1.000000000000000000, 0.9430954151788629725, 1.000000000000000000),
 ( 1.000000000000000000, 0.9360214808610430870, 1.000000000000000000),
 ( 1.000000000000000000, 0.9279975443815874359, 1.000000000000000000) ) ) 
 REPRESENTATION_ITEM ( '' )  SURFACE ( )  );
#7546 = CARTESIAN_POINT ( 'NONE',  ( -30.69274460092304579, 105.2371647133201691, -20.51844322377234775 ) ) ;
#7547 = VECTOR ( 'NONE', #4016, 1000.000000000000000 ) ;
#7548 = CARTESIAN_POINT ( 'NONE',  ( 27.00000000000000355, 115.0000000000000000, 0.000000000000000000 ) ) ;
#7549 = ORIENTED_EDGE ( 'NONE', *, *, #652, .T. ) ;
#7550 = CARTESIAN_POINT ( 'NONE',  ( -14.75730584315630267, 101.6887210729902336, -30.16233353464501477 ) ) ;
#7551 = CARTESIAN_POINT ( 'NONE',  ( -33.50000000000046896, 103.4621466860842673, 30.88823940164472504 ) ) ;
#7552 = AXIS2_PLACEMENT_3D ( 'NONE', #5595, #578, #3637 ) ;
#7553 = DIRECTION ( 'NONE',  ( -0.000000000000000000, 8.673617379884035472E-17, 1.000000000000000000 ) ) ;
#7554 = DIRECTION ( 'NONE',  ( 0.000000000000000000, 0.000000000000000000, 1.000000000000000000 ) ) ;
#7555 = VERTEX_POINT ( 'NONE', #43 ) ;
#7556 = CARTESIAN_POINT ( 'NONE',  ( -27.93700628980611000, 110.0000000000000000, -25.75895338641175414 ) ) ;
#7557 = ADVANCED_FACE ( 'NONE', ( #5097 ), #7513, .F. ) ;
#7558 = AXIS2_PLACEMENT_3D ( 'NONE', #6461, #657, #7583 ) ;
#7559 = ORIENTED_EDGE ( 'NONE', *, *, #3115, .T. ) ;
#7560 = VERTEX_POINT ( 'NONE', #8219 ) ;
#7561 = B_SPLINE_CURVE_WITH_KNOTS ( 'NONE', 3,
 ( #7762, #4643, #3940, #5812, #5764, #6473, #3890, #4358, #5183, #2459, #5857, #6424 ),
 .UNSPECIFIED., .F., .F.,
 ( 4, 2, 2, 2, 2, 4 ),
 ( 0.000000000000000000, 0.002266260585147099153, 0.004532521170294198307, 0.009065042340588405287, 0.01359756351088261053, 0.01813008468117681751 ),
 .UNSPECIFIED. ) ;
#7562 = DIRECTION ( 'NONE',  ( 0.000000000000000000, 0.000000000000000000, 1.000000000000000000 ) ) ;
#7563 = CARTESIAN_POINT ( 'NONE',  ( -1.155616506760003048, 108.0232865843014167, 37.08671315685676007 ) ) ;
#7564 = CARTESIAN_POINT ( 'NONE',  ( -4.999999999999999112, 103.4621466860844805, -35.79571668975681575 ) ) ;
#7565 = CARTESIAN_POINT ( 'NONE',  ( -3.500000000000010214, 4.664717059371330521, 33.22798536380059886 ) ) ;
#7566 = VECTOR ( 'NONE', #771, 1000.000000000000000 ) ;
#7567 = DIRECTION ( 'NONE',  ( 0.000000000000000000, 0.000000000000000000, -1.000000000000000000 ) ) ;
#7568 = VERTEX_POINT ( 'NONE', #2576 ) ;
#7569 = CARTESIAN_POINT ( 'NONE',  ( 25.35004060552742899, 109.9999999999388791, 28.32388933900247707 ) ) ;
#7570 = ORIENTED_EDGE ( 'NONE', *, *, #2040, .T. ) ;
#7571 = EDGE_CURVE ( 'NONE', #2831, #5026, #4560, .T. ) ;
#7572 = VERTEX_POINT ( 'NONE', #4434 ) ;
#7573 = FACE_BOUND ( 'NONE', #4275, .T. ) ;
#7574 = VERTEX_POINT ( 'NONE', #5058 ) ;
#7575 = CARTESIAN_POINT ( 'NONE',  ( 3.499999999999996003, 4.664717059371330521, -32.22798536380059886 ) ) ;
#7576 = DIRECTION ( 'NONE',  ( -0.5000000000000000000, 0.000000000000000000, 0.8660254037844387076 ) ) ;
#7577 = FACE_OUTER_BOUND ( 'NONE', #6934, .T. ) ;
#7578 = CARTESIAN_POINT ( 'NONE',  ( 14.37063111156419204, 101.6872287694212673, -30.38558029501854563 ) ) ;
#7579 = ORIENTED_EDGE ( 'NONE', *, *, #652, .F. ) ;
#7580 = EDGE_LOOP ( 'NONE', ( #948, #6213, #8017, #5133 ) ) ;
#7581 = CARTESIAN_POINT ( 'NONE',  ( -30.43558380167135269, 107.8251005603626140, 20.80208916533104357 ) ) ;
#7582 = CARTESIAN_POINT ( 'NONE',  ( 33.50000000000000000, 101.7997572540177629, -4.567203403607353884 ) ) ;
#7583 = DIRECTION ( 'NONE',  ( 0.000000000000000000, 0.000000000000000000, -1.000000000000000000 ) ) ;
#7584 = EDGE_CURVE ( 'NONE', #6266, #2698, #6022, .T. ) ;
#7585 = CARTESIAN_POINT ( 'NONE',  ( -12.50000000000006750, 109.9999999999999858, -31.46558967083457858 ) ) ;
#7586 = CARTESIAN_POINT ( 'NONE',  ( 3.499999999999996003, 49.09510637630136642, -30.08043383576606900 ) ) ;
#7587 = ADVANCED_FACE ( 'NONE', ( #1288, #753 ), #2539, .T. ) ;
#7588 = CARTESIAN_POINT ( 'NONE',  ( -31.27681371805056543, 105.6347904760103802, -19.85822135256270826 ) ) ;
#7589 = FACE_OUTER_BOUND ( 'NONE', #2760, .T. ) ;
#7590 = ORIENTED_EDGE ( 'NONE', *, *, #3242, .T. ) ;
#7591 = VERTEX_POINT ( 'NONE', #1330 ) ;
#7592 = CARTESIAN_POINT ( 'NONE',  ( -15.50961894323343060, 100.0000000000000000, -29.72798536380060241 ) ) ;
#7593 = DIRECTION ( 'NONE',  ( -1.662906336704901873E-16, 0.4372229104044813575, -0.8993531712388825872 ) ) ;
#7594 = DIRECTION ( 'NONE',  ( -1.000000000000000000, 0.000000000000000000, 0.000000000000000000 ) ) ;
#7595 = EDGE_CURVE ( 'NONE', #1638, #2900, #7638, .T. ) ;
#7596 = DIRECTION ( 'NONE',  ( 0.000000000000000000, 0.000000000000000000, -1.000000000000000000 ) ) ;
#7597 = ORIENTED_EDGE ( 'NONE', *, *, #6847, .T. ) ;
#7598 = DIRECTION ( 'NONE',  ( 0.000000000000000000, -0.000000000000000000, 1.000000000000000000 ) ) ;
#7599 = ADVANCED_FACE ( 'NONE', ( #4477 ), #3764, .F. ) ;
#7600 = EDGE_LOOP ( 'NONE', ( #4558, #555, #1289, #7515 ) ) ;
#7601 = DIRECTION ( 'NONE',  ( 0.000000000000000000, 0.7992742469136906447, -0.6009664534901699717 ) ) ;
#7602 = FACE_OUTER_BOUND ( 'NONE', #6307, .T. ) ;
#7603 = CARTESIAN_POINT ( 'NONE',  ( 1.800000000000000044, 0.000000000000000000, -3.749999999999992895 ) ) ;
#7604 = ADVANCED_FACE ( 'NONE', ( #3233, #3107 ), #8130, .F. ) ;
#7605 = CARTESIAN_POINT ( 'NONE',  ( 3.499999999999996003, 51.19122902904495476, 35.16533991401915671 ) ) ;
#7606 = DIRECTION ( 'NONE',  ( 0.000000000000000000, 0.000000000000000000, 1.000000000000000000 ) ) ;
#7607 = VERTEX_POINT ( 'NONE', #7686 ) ;
#7608 = DIRECTION ( 'NONE',  ( 0.000000000000000000, -1.000000000000000000, 0.000000000000000000 ) ) ;
#7609 = VERTEX_POINT ( 'NONE', #2448 ) ;
#7610 = ORIENTED_EDGE ( 'NONE', *, *, #691, .T. ) ;
#7611 = CARTESIAN_POINT ( 'NONE',  ( -28.50000000000000711, 37.50000000000000711, -0.0003810567665955832961 ) ) ;
#7612 = ORIENTED_EDGE ( 'NONE', *, *, #7990, .F. ) ;
#7613 = DIRECTION ( 'NONE',  ( -0.4999999999999993339, 0.000000000000000000, 0.8660254037844390407 ) ) ;
#7614 = CC_DESIGN_PERSON_AND_ORGANIZATION_ASSIGNMENT ( #5833, #1476, ( #4735 ) ) ;
#7615 = CARTESIAN_POINT ( 'NONE',  ( -15.50961894323343415, 96.23256134792640637, -29.72798536380059531 ) ) ;
#7616 = LINE ( 'NONE', #6326, #5376 ) ;
#7617 = ORIENTED_EDGE ( 'NONE', *, *, #7510, .T. ) ;
#7618 = EDGE_CURVE ( 'NONE', #3294, #1970, #3623, .T. ) ;
#7619 = ORIENTED_EDGE ( 'NONE', *, *, #3597, .F. ) ;
#7620 = ORIENTED_EDGE ( 'NONE', *, *, #4180, .T. ) ;
#7621 = CARTESIAN_POINT ( 'NONE',  ( -36.27641115243482517, 110.0000000000000000, 11.31468045945188372 ) ) ;
#7622 = CARTESIAN_POINT ( 'NONE',  ( -27.00000000000000355, 115.0000000000000000, -3.999999999999999112 ) ) ;
#7623 = CIRCLE ( 'NONE', #3384, 1.000000000000000888 ) ;
#7624 = CARTESIAN_POINT ( 'NONE',  ( -0.9802702050897235120, 105.8173836604819797, -37.09026903653546725 ) ) ;
#7625 = CARTESIAN_POINT ( 'NONE',  ( -1.044870271209150442E-14, 0.000000000000000000, 31.75426480542942187 ) ) ;
#7626 = CARTESIAN_POINT ( 'NONE',  ( 27.49999999999999645, 110.0000000000000000, -15.87713240271472515 ) ) ;
#7627 = CARTESIAN_POINT ( 'NONE',  ( -29.22285807430147742, 104.0482272178096110, -21.77935397931268113 ) ) ;
#7628 = CARTESIAN_POINT ( 'NONE',  ( 4.999999999999993783, 49.66202142550014287, -35.79571668975681575 ) ) ;
#7629 = TOROIDAL_SURFACE ( 'NONE', #4046, 8.000000000000000000, 2.000000000000000000 ) ;
#7630 = ADVANCED_FACE ( 'NONE', ( #2667 ), #875, .T. ) ;
#7631 = ORIENTED_EDGE ( 'NONE', *, *, #216, .F. ) ;
#7632 = CARTESIAN_POINT ( 'NONE',  ( -4.485497660534403686, 6.709293918919293276, -36.07736631550224615 ) ) ;
#7633 = CARTESIAN_POINT ( 'NONE',  ( -30.54095610815091177, 185.0000000000000000, 12.49999999999998401 ) ) ;
#7634 = CARTESIAN_POINT ( 'NONE',  ( -3.469446951953614189E-15, 76.95002665055244506, -27.13546265191242313 ) ) ;
#7635 = VECTOR ( 'NONE', #230, 1000.000000000000000 ) ;
#7636 = CARTESIAN_POINT ( 'NONE',  ( 69.45202326297975048, 69.63589376701200706, 1.415676290940557580 ) ) ;
#7637 = ORIENTED_EDGE ( 'NONE', *, *, #152, .T. ) ;
#7638 = LINE ( 'NONE', #6263, #3500 ) ;
#7639 = EDGE_CURVE ( 'NONE', #1341, #4821, #1413, .T. ) ;
#7640 = VECTOR ( 'NONE', #2129, 1000.000000000000000 ) ;
#7641 = ORIENTED_EDGE ( 'NONE', *, *, #6416, .F. ) ;
#7642 = CARTESIAN_POINT ( 'NONE',  ( 3.499999999999996003, 45.73950986304808453, -34.43818234161658864 ) ) ;
#7643 = LINE ( 'NONE', #5062, #5279 ) ;
#7644 = EDGE_CURVE ( 'NONE', #7948, #5143, #2747, .T. ) ;
#7645 = DIRECTION ( 'NONE',  ( 0.000000000000000000, 0.07103043809259564079, -0.9974741484692092319 ) ) ;
#7646 = CARTESIAN_POINT ( 'NONE',  ( -3.469446951953614189E-15, -5.000000000000000000, -35.13546265191241957 ) ) ;
#7647 = VERTEX_POINT ( 'NONE', #2034 ) ;
#7648 = AXIS2_PLACEMENT_3D ( 'NONE', #1574, #1689, #5428 ) ;
#7649 = VECTOR ( 'NONE', #5930, 1000.000000000000000 ) ;
#7650 = CARTESIAN_POINT ( 'NONE',  ( 27.34917446887317993, 110.0000000002303864, 26.39648943222713129 ) ) ;
#7651 = EDGE_LOOP ( 'NONE', ( #564, #2712, #7617, #6078, #4840 ) ) ;
#7652 = EDGE_CURVE ( 'NONE', #6201, #5907, #178, .T. ) ;
#7653 = ORIENTED_EDGE ( 'NONE', *, *, #8160, .T. ) ;
#7654 = FACE_OUTER_BOUND ( 'NONE', #3108, .T. ) ;
#7655 = ORIENTED_EDGE ( 'NONE', *, *, #8211, .F. ) ;
#7656 = AXIS2_PLACEMENT_3D ( 'NONE', #5159, #7576, #2515 ) ;
#7657 = CARTESIAN_POINT ( 'NONE',  ( -32.61235561186958876, 105.8374634305872490, 17.71296561415137916 ) ) ;
#7658 = EDGE_CURVE ( 'NONE', #4539, #3684, #7752, .T. ) ;
#7659 = APPROVAL_DATE_TIME ( #5117, #7259 ) ;
#7660 = CARTESIAN_POINT ( 'NONE',  ( -33.50000000000000711, 99.00000000000000000, 9.672268674043777992 ) ) ;
#7661 = LINE ( 'NONE', #3253, #6171 ) ;
#7662 = ORIENTED_EDGE ( 'NONE', *, *, #2011, .T. ) ;
#7663 = EDGE_LOOP ( 'NONE', ( #449, #1515, #5215, #7165, #1599, #4794, #4530, #540, #7382, #6885, #939, #7974, #7529, #1557 ) ) ;
#7664 = EDGE_CURVE ( 'NONE', #929, #6738, #6519, .T. ) ;
#7665 = VERTEX_POINT ( 'NONE', #4683 ) ;
#7666 = ADVANCED_FACE ( 'NONE', ( #3361 ), #7219, .F. ) ;
#7667 = CARTESIAN_POINT ( 'NONE',  ( -33.28302625882634658, 104.8774166941862944, 15.68532823158307110 ) ) ;
#7668 = CARTESIAN_POINT ( 'NONE',  ( 33.50000000000795808, 107.0328893880635377, -2.096315199703650212 ) ) ;
#7669 = VECTOR ( 'NONE', #460, 999.9999999999998863 ) ;
#7670 = CARTESIAN_POINT ( 'NONE',  ( -28.50000000000000711, 20.00000000000000000, -6.827731325956209574 ) ) ;
#7671 = DIRECTION ( 'NONE',  ( -1.000000000000000000, -0.000000000000000000, -0.000000000000000000 ) ) ;
#7672 = DIRECTION ( 'NONE',  ( 0.000000000000000000, 0.000000000000000000, 1.000000000000000000 ) ) ;
#7673 = DIRECTION ( 'NONE',  ( 1.000000000000000000, -0.000000000000000000, 1.849002583061117992E-16 ) ) ;
#7674 = DIRECTION ( 'NONE',  ( 0.000000000000000000, -1.000000000000000000, -0.000000000000000000 ) ) ;
#7675 = VECTOR ( 'NONE', #3020, 1000.000000000000000 ) ;
#7676 = ADVANCED_FACE ( 'NONE', ( #6555 ), #6638, .F. ) ;
#7677 = ORIENTED_EDGE ( 'NONE', *, *, #1737, .T. ) ;
#7678 = CARTESIAN_POINT ( 'NONE',  ( 32.95895049410319899, 105.5163260108756589, -16.84587831035223005 ) ) ;
#7679 = DIRECTION ( 'NONE',  ( 0.000000000000000000, 0.000000000000000000, 1.000000000000000000 ) ) ;
#7680 = DIRECTION ( 'NONE',  ( -0.000000000000000000, 7.885106708985486569E-17, 1.000000000000000000 ) ) ;
#7681 = CARTESIAN_POINT ( 'NONE',  ( -3.733417588320766534, 47.20923619837791563, -36.41574728538199679 ) ) ;
#7682 = AXIS2_PLACEMENT_3D ( 'NONE', #5761, #7593, #3936 ) ;
#7683 = CARTESIAN_POINT ( 'NONE',  ( -1.380348874026484114E-14, 80.95002665055245927, 38.68246803570493597 ) ) ;
#7684 = VERTEX_POINT ( 'NONE', #7884 ) ;
#7685 = MANIFOLD_SOLID_BREP ( 'Fillet3', #7755 ) ;
#7686 = CARTESIAN_POINT ( 'NONE',  ( 3.499999999999996003, 100.0000000000000000, -34.22798536380060597 ) ) ;
#7687 = AXIS2_PLACEMENT_3D ( 'NONE', #5054, #2981, #4923 ) ;
#7688 = EDGE_LOOP ( 'NONE', ( #4027, #293, #467, #3194, #3088, #5806, #7631, #4186, #4870, #7985, #1817, #1447 ) ) ;
#7689 = CARTESIAN_POINT ( 'NONE',  ( 3.823745289727939145, 48.25545713596157071, 36.37553689183513228 ) ) ;
#7690 = DIRECTION ( 'NONE',  ( -1.000000000000000000, 0.000000000000000000, 0.000000000000000000 ) ) ;
#7691 = CARTESIAN_POINT ( 'NONE',  ( -23.94505604027789047, 107.0353440241442655, 24.85778348509077773 ) ) ;
#7692 = DIRECTION ( 'NONE',  ( -0.4999999999999998890, 0.000000000000000000, -0.8660254037844387076 ) ) ;
#7693 = ADVANCED_FACE ( 'NONE', ( #5816, #3943 ), #129, .F. ) ;
#7694 = DIRECTION ( 'NONE',  ( 0.000000000000000000, -1.000000000000000000, 0.000000000000000000 ) ) ;
#7695 = ORIENTED_EDGE ( 'NONE', *, *, #1223, .T. ) ;
#7696 = LINE ( 'NONE', #5826, #4947 ) ;
#7697 = VERTEX_POINT ( 'NONE', #5272 ) ;
#7698 = ORIENTED_EDGE ( 'NONE', *, *, #3826, .F. ) ;
#7699 = ORIENTED_EDGE ( 'NONE', *, *, #5887, .T. ) ;
#7700 = PLANE ( 'NONE',  #2315 ) ;
#7701 = EDGE_LOOP ( 'NONE', ( #1836, #1350, #2401, #3788 ) ) ;
#7702 = VECTOR ( 'NONE', #3915, 1000.000000000000000 ) ;
#7703 = CARTESIAN_POINT ( 'NONE',  ( -33.50000000000000711, 99.00000000000000000, 9.672268674043776215 ) ) ;
#7704 = DATE_AND_TIME ( #2639, #2225 ) ;
#7705 = LINE ( 'NONE', #1886, #4176 ) ;
#7706 = ORIENTED_EDGE ( 'NONE', *, *, #3185, .F. ) ;
#7707 = VERTEX_POINT ( 'NONE', #2706 ) ;
#7708 = AXIS2_PLACEMENT_3D ( 'NONE', #7586, #1229, #3754 ) ;
#7709 = ORIENTED_EDGE ( 'NONE', *, *, #2071, .T. ) ;
#7710 = CARTESIAN_POINT ( 'NONE',  ( -29.61275668941741301, 107.6511012311465549, 21.54374304172094767 ) ) ;
#7711 = CARTESIAN_POINT ( 'NONE',  ( 33.49999999999209876, 107.0241564892025821, -4.184452875044500253 ) ) ;
#7712 = CARTESIAN_POINT ( 'NONE',  ( 11.54356376948596186, 51.61105364921485261, -32.01778838598461618 ) ) ;
#7713 = ADVANCED_FACE ( 'NONE', ( #5223 ), #2785, .F. ) ;
#7714 = CARTESIAN_POINT ( 'NONE',  ( -28.50000000000000711, 99.00000000000000000, 9.672268674043777992 ) ) ;
#7715 = DIRECTION ( 'NONE',  ( -0.000000000000000000, -0.000000000000000000, -1.000000000000000000 ) ) ;
#7716 = DIRECTION ( 'NONE',  ( 0.000000000000000000, 0.9245283778641980588, 0.3811132095897419858 ) ) ;
#7717 = EDGE_LOOP ( 'NONE', ( #6499, #3256, #2430 ) ) ;
#7718 = ORIENTED_EDGE ( 'NONE', *, *, #1356, .T. ) ;
#7719 = CARTESIAN_POINT ( 'NONE',  ( -3.500000000000010214, 100.0000000000000000, -34.22798536380060597 ) ) ;
#7720 = CARTESIAN_POINT ( 'NONE',  ( 3.499999999999996003, 51.61105364921484551, -32.01778838598462329 ) ) ;
#7721 = DIRECTION ( 'NONE',  ( -1.531570873195732766E-16, -0.5602512380647296508, 0.8283227331462885701 ) ) ;
#7722 = DIRECTION ( 'NONE',  ( -0.000000000000000000, 1.000000000000000000, -0.000000000000000000 ) ) ;
#7723 = ORIENTED_EDGE ( 'NONE', *, *, #6529, .T. ) ;
#7724 = EDGE_CURVE ( 'NONE', #7114, #1341, #7766, .T. ) ;
#7725 = DIRECTION ( 'NONE',  ( -0.000000000000000000, -1.000000000000000000, -0.000000000000000000 ) ) ;
#7726 = ORIENTED_EDGE ( 'NONE', *, *, #6630, .T. ) ;
#7727 = CARTESIAN_POINT ( 'NONE',  ( -3.469446951953614189E-15, 67.95002665055244506, -37.13546265191241957 ) ) ;
#7728 = LINE ( 'NONE', #6523, #6615 ) ;
#7729 = CARTESIAN_POINT ( 'NONE',  ( -20.72555894130176668, 101.8013993413398026, 26.71656100183891525 ) ) ;
#7730 = CARTESIAN_POINT ( 'NONE',  ( -4.741963672924470963, 50.89283825202362976, -35.94469403265458141 ) ) ;
#7731 = CARTESIAN_POINT ( 'NONE',  ( -4.999999999999999112, 102.3783935413852788, -35.79571668975681575 ) ) ;
#7732 = VERTEX_POINT ( 'NONE', #4646 ) ;
#7733 = LINE ( 'NONE', #2043, #5224 ) ;
#7734 = ORIENTED_EDGE ( 'NONE', *, *, #2633, .T. ) ;
#7735 = ORIENTED_EDGE ( 'NONE', *, *, #1352, .T. ) ;
#7736 = DIRECTION ( 'NONE',  ( -0.000000000000000000, -1.000000000000000000, -0.000000000000000000 ) ) ;
#7737 = VERTEX_POINT ( 'NONE', #5980 ) ;
#7738 = EDGE_CURVE ( 'NONE', #4948, #171, #7182, .T. ) ;
#7739 = DIRECTION ( 'NONE',  ( 0.000000000000000000, 0.000000000000000000, 1.000000000000000000 ) ) ;
#7740 = DIRECTION ( 'NONE',  ( 0.000000000000000000, 0.9200893390015731921, -0.3917085756728440615 ) ) ;
#7741 = FACE_OUTER_BOUND ( 'NONE', #5938, .T. ) ;
#7742 = VERTEX_POINT ( 'NONE', #254 ) ;
#7743 = ORIENTED_EDGE ( 'NONE', *, *, #8029, .F. ) ;
#7744 = ORIENTED_EDGE ( 'NONE', *, *, #1391, .T. ) ;
#7745 = ADVANCED_FACE ( 'NONE', ( #4021 ), #7849, .F. ) ;
#7746 = CARTESIAN_POINT ( 'NONE',  ( -29.22285807430252191, 104.0482272178096679, 21.77935397931188177 ) ) ;
#7747 = CYLINDRICAL_SURFACE ( 'NONE', #4218, 9.999999999999998224 ) ;
#7748 = CARTESIAN_POINT ( 'NONE',  ( -4.289971658094762219, 104.0175839345805144, -36.17765955285878476 ) ) ;
#7749 = ADVANCED_FACE ( 'NONE', ( #7926 ), #4219, .F. ) ;
#7750 = CARTESIAN_POINT ( 'NONE',  ( -3.469446951953614189E-15, -3.000000000000002665, -27.13546265191242313 ) ) ;
#7751 = LINE ( 'NONE', #6508, #2590 ) ;
#7752 = CIRCLE ( 'NONE', #4160, 20.00000000000000000 ) ;
#7753 = CARTESIAN_POINT ( 'NONE',  ( 0.4144594498112501024, 102.1355687877624661, 38.44317976078821886 ) ) ;
#7754 = ORIENTED_EDGE ( 'NONE', *, *, #2834, .F. ) ;
#7755 = CLOSED_SHELL ( 'NONE', ( #5407, #3645, #7666, #7248, #2728, #2182, #5155, #3530, #4693, #6781, #1571, #7676, #7329, #975, #4707, #6717, #448, #4829, #1610, #91, #5671, #381, #6586, #7386, #3336, #2774, #51, #5683, #7471, #7927, #2550, #2985, #5600, #4281, #6256, #2573, #6159, #4640, #1311, #8191, #4715, #7328, #2127, #6813, #3544, #7749, #4, #1524, #7908, #2280, #1984, #6940, #4484, #1518, #8200, #1093, #3701, #8195, #7537, #5020, #5091, #5259, #7587, #5200, #7693, #2582, #787, #5549, #1400, #2429, #6137, #5127, #7604, #7197, #6444, #7993, #4043, #5299, #2368, #6429, #7064, #1256, #3765, #6703, #3213, #3721, #4627, #4759, #6027, #3090, #6912, #4442, #7745, #2794, #2612, #4350, #490, #2510, #1373, #3323, #7032, #7407, #7536, #3671, #2219, #3781, #7557, #1513, #3047, #458, #6773, #5001, #6019, #6618, #2385, #2224, #7137, #6639, #3909, #4384, #3877, #309, #8105, #1950, #7447, #6087, #6211, #6794, #3080, #2694, #7713, #7915, #7863, #331, #3844, #1898, #3106, #1201, #5585, #5068, #3149, #7440, #7630, #4671, #4279, #4743, #4637, #2768, #2520, #620, #6015, #2647, #2357, #477, #7237, #2645, #6455, #396, #3851, #6505, #8038, #2674, #6381, #5699, #738, #3929, #3059, #2733, #7942, #598, #3175, #4771, #4500, #6983, #3073, #3634, #1473, #5502, #5273, #7078, #2028, #2409, #4742, #5562, #6303, #2915, #3220, #1483, #7599, #5047, #266, #3232, #1173, #2923, #827, #2600, #7797, #5512, #669, #1507, #6286, #5667, #8205, #1032, #497, #905, #3685, #6969 ) ) ;
#7756 = EDGE_CURVE ( 'NONE', #4519, #2999, #5431, .T. ) ;
#7757 = CIRCLE ( 'NONE', #4697, 2.000000000000000444 ) ;
#7758 = ORIENTED_EDGE ( 'NONE', *, *, #5649, .F. ) ;
#7759 = CARTESIAN_POINT ( 'NONE',  ( 3.543738636543280585, 104.5533794142376252, 36.49530885681079440 ) ) ;
#7760 = DIRECTION ( 'NONE',  ( 0.000000000000000000, 0.8283227331462885701, 0.5602512380647296508 ) ) ;
#7761 = DIRECTION ( 'NONE',  ( -0.000000000000000000, 1.000000000000000000, -0.000000000000000000 ) ) ;
#7762 = CARTESIAN_POINT ( 'NONE',  ( 28.50000000000000000, 103.4621466860844947, 22.22798536380061662 ) ) ;
#7763 = LINE ( 'NONE', #6474, #2873 ) ;
#7764 = ORIENTED_EDGE ( 'NONE', *, *, #4997, .T. ) ;
#7765 = VECTOR ( 'NONE', #3448, 1000.000000000000000 ) ;
#7766 = LINE ( 'NONE', #917, #227 ) ;
#7767 = ORIENTED_EDGE ( 'NONE', *, *, #7335, .T. ) ;
#7768 = AXIS2_PLACEMENT_3D ( 'NONE', #1088, #1841, #8066 ) ;
#7769 = CARTESIAN_POINT ( 'NONE',  ( 6.499999999999992006, 4.664717059371330521, -33.22798536380059886 ) ) ;
#7770 = VECTOR ( 'NONE', #5491, 1000.000000000000000 ) ;
#7771 = EDGE_CURVE ( 'NONE', #5340, #1672, #2617, .T. ) ;
#7772 = CARTESIAN_POINT ( 'NONE',  ( -3.469446951953614189E-15, 110.0000000000000000, -27.13546265191242313 ) ) ;
#7773 = LINE ( 'NONE', #7854, #3908 ) ;
#7774 = DIRECTION ( 'NONE',  ( 1.000000000000000000, -0.000000000000000000, 1.849002583061117992E-16 ) ) ;
#7775 = ORIENTED_EDGE ( 'NONE', *, *, #3425, .T. ) ;
#7777 = CIRCLE ( 'NONE', #616, 1.000000000000000888 ) ;
#7776 = CARTESIAN_POINT ( 'NONE',  ( 20.39230525117205062, 107.0240642451339994, -26.90896510954516074 ) ) ;
#7778 = ORIENTED_EDGE ( 'NONE', *, *, #754, .T. ) ;
#7779 = CIRCLE ( 'NONE', #5116, 1.000000000000000888 ) ;
#7780 = ORIENTED_EDGE ( 'NONE', *, *, #7571, .T. ) ;
#7781 = DIRECTION ( 'NONE',  ( 1.000000000000000000, -0.000000000000000000, 1.849002583061117992E-16 ) ) ;
#7782 = ORIENTED_EDGE ( 'NONE', *, *, #7490, .F. ) ;
#7783 = FACE_OUTER_BOUND ( 'NONE', #2988, .T. ) ;
#7784 = VECTOR ( 'NONE', #4884, 1000.000000000000114 ) ;
#7785 = CIRCLE ( 'NONE', #1145, 1.000000000000000000 ) ;
#7786 = DIRECTION ( 'NONE',  ( 0.000000000000000000, 0.000000000000000000, -1.000000000000000000 ) ) ;
#7787 = CARTESIAN_POINT ( 'NONE',  ( 27.00000000000000355, 115.0000000000000000, -4.000000000000002665 ) ) ;
#7788 = EDGE_LOOP ( 'NONE', ( #7726, #3875, #7480, #7735 ) ) ;
#7789 = EDGE_LOOP ( 'NONE', ( #3360, #5645, #5952, #3454 ) ) ;
#7790 = EDGE_CURVE ( 'NONE', #5310, #6659, #2749, .T. ) ;
#7791 = AXIS2_PLACEMENT_3D ( 'NONE', #8121, #1895, #4295 ) ;
#7792 = ORIENTED_EDGE ( 'NONE', *, *, #6128, .T. ) ;
#7793 = DIRECTION ( 'NONE',  ( -0.000000000000000000, 1.000000000000000000, -0.000000000000000000 ) ) ;
#7794 = CARTESIAN_POINT ( 'NONE',  ( -33.50000000000000711, 103.4621466860844947, 13.56773132595621689 ) ) ;
#7795 = CARTESIAN_POINT ( 'NONE',  ( -2.881025288451133815, 109.9999999999966747, -37.89229413074618691 ) ) ;
#7796 = CARTESIAN_POINT ( 'NONE',  ( -5.827796503984620458, 102.8267681780267822, 35.31778815534707405 ) ) ;
#7797 = ADVANCED_FACE ( 'NONE', ( #2400 ), #4851, .T. ) ;
#7798 = EDGE_CURVE ( 'NONE', #1822, #642, #2940, .T. ) ;
#7799 = CARTESIAN_POINT ( 'NONE',  ( -1.214306433183764966E-14, -3.000000000000002665, 27.13546265191242313 ) ) ;
#7800 = VERTEX_POINT ( 'NONE', #4919 ) ;
#7801 = VECTOR ( 'NONE', #1206, 1000.000000000000000 ) ;
#7802 = EDGE_LOOP ( 'NONE', ( #5275, #6959, #1781, #534 ) ) ;
#7803 = CARTESIAN_POINT ( 'NONE',  ( 32.03305809897264567, 105.9322440649508223, -18.78772589297868478 ) ) ;
#7804 = FACE_OUTER_BOUND ( 'NONE', #1845, .T. ) ;
#7805 = CARTESIAN_POINT ( 'NONE',  ( -5.000000000000011546, 85.95002665055245927, 35.79571668975681575 ) ) ;
#7806 = CARTESIAN_POINT ( 'NONE',  ( -32.39661751976707649, 105.9090604782671363, -18.14024994872081820 ) ) ;
#7807 = CARTESIAN_POINT ( 'NONE',  ( 4.617391055095889207, 99.13286458556835612, 36.01661606709155450 ) ) ;
#7808 = ORIENTED_EDGE ( 'NONE', *, *, #4713, .T. ) ;
#7809 = AXIS2_PLACEMENT_3D ( 'NONE', #577, #5468, #7422 ) ;
#7810 = DIRECTION ( 'NONE',  ( 0.000000000000000000, 1.000000000000000000, 0.000000000000000000 ) ) ;
#7811 = ORIENTED_EDGE ( 'NONE', *, *, #990, .F. ) ;
#7812 = LINE ( 'NONE', #3446, #651 ) ;
#7813 = VECTOR ( 'NONE', #5539, 1000.000000000000227 ) ;
#7814 = CARTESIAN_POINT ( 'NONE',  ( 0.000000000000000000, 115.0000000000000000, -23.00000000000000355 ) ) ;
#7815 = CARTESIAN_POINT ( 'NONE',  ( -27.93700628980641554, 110.0000000000000000, 25.75895338641143084 ) ) ;
#7816 = DIRECTION ( 'NONE',  ( -1.000000000000000000, -0.000000000000000000, -0.000000000000000000 ) ) ;
#7817 = ORIENTED_EDGE ( 'NONE', *, *, #990, .T. ) ;
#7818 = EDGE_CURVE ( 'NONE', #7211, #210, #6716, .T. ) ;
#7819 = CARTESIAN_POINT ( 'NONE',  ( 9.185443184593919952, 110.0000000002246168, -36.88332457868669678 ) ) ;
#7820 = ORIENTED_EDGE ( 'NONE', *, *, #3854, .F. ) ;
#7821 = AXIS2_PLACEMENT_3D ( 'NONE', #5691, #4891, #5 ) ;
#7822 = ORIENTED_EDGE ( 'NONE', *, *, #5218, .F. ) ;
#7823 = PLANE ( 'NONE',  #4704 ) ;
#7824 = ORIENTED_EDGE ( 'NONE', *, *, #1626, .F. ) ;
#7825 = CARTESIAN_POINT ( 'NONE',  ( 3.499999999999996003, 4.664717059371330521, 34.22798536380060597 ) ) ;
#7826 = AXIS2_PLACEMENT_3D ( 'NONE', #4883, #1864, #7594 ) ;
#7827 = CARTESIAN_POINT ( 'NONE',  ( 3.499999999999996003, 48.67528175613146146, 32.22798536380059886 ) ) ;
#7828 = PLANE ( 'NONE',  #5638 ) ;
#7829 = VERTEX_POINT ( 'NONE', #7456 ) ;
#7830 = CARTESIAN_POINT ( 'NONE',  ( 30.54095610815089401, 185.0000000000000000, -12.50000000000002132 ) ) ;
#7831 = ORIENTED_EDGE ( 'NONE', *, *, #1867, .F. ) ;
#7832 = EDGE_CURVE ( 'NONE', #7077, #2955, #4765, .T. ) ;
#7833 = VECTOR ( 'NONE', #3466, 1000.000000000000000 ) ;
#7834 = VERTEX_POINT ( 'NONE', #1102 ) ;
#7835 = CARTESIAN_POINT ( 'NONE',  ( 12.49999999999997691, 80.95002665055245927, 31.46558967083463187 ) ) ;
#7836 = CARTESIAN_POINT ( 'NONE',  ( -3.943220832998131975, 109.9999999999753157, -37.79648182963406100 ) ) ;
#7837 = DIRECTION ( 'NONE',  ( -1.000000000000000000, 0.000000000000000000, -0.000000000000000000 ) ) ;
#7838 = VECTOR ( 'NONE', #7979, 1000.000000000000000 ) ;
#7839 = CARTESIAN_POINT ( 'NONE',  ( -23.23840440120769202, 68.67496396723660723, 52.09916707227955612 ) ) ;
#7840 = VERTEX_POINT ( 'NONE', #3632 ) ;
#7841 = ORIENTED_EDGE ( 'NONE', *, *, #2161, .T. ) ;
#7842 = CARTESIAN_POINT ( 'NONE',  ( 0.000000000000000000, 105.0000000000000142, 27.00000000000000355 ) ) ;
#7843 = CARTESIAN_POINT ( 'NONE',  ( -3.500000000000010214, 100.0000000000000000, 33.22798536380059886 ) ) ;
#7844 = EDGE_CURVE ( 'NONE', #2859, #1338, #624, .T. ) ;
#7845 = CARTESIAN_POINT ( 'NONE',  ( 31.87169888653342298, 108.0584124460897897, -19.06811704351076386 ) ) ;
#7846 = CARTESIAN_POINT ( 'NONE',  ( 27.49999999999999289, -3.000000000000000000, -20.49593455623172744 ) ) ;
#7847 = CARTESIAN_POINT ( 'NONE',  ( -1.044870271209150442E-14, 71.95002665055244506, 31.75426480542942187 ) ) ;
#7848 = ORIENTED_EDGE ( 'NONE', *, *, #1607, .F. ) ;
#7849 = PLANE ( 'NONE',  #4596 ) ;
#7850 = ORIENTED_EDGE ( 'NONE', *, *, #6376, .F. ) ;
#7851 = EDGE_CURVE ( 'NONE', #1435, #5533, #6013, .T. ) ;
#7852 = CARTESIAN_POINT ( 'NONE',  ( -27.50000000000000355, 110.0000000000000000, -15.87713240271471804 ) ) ;
#7853 = CARTESIAN_POINT ( 'NONE',  ( 4.196938965583870917, 4.792682632524337905, 36.22352772227512929 ) ) ;
#7854 = CARTESIAN_POINT ( 'NONE',  ( 37.07919770813398230, 48.02878692081880985, -17.27478325757843436 ) ) ;
#7855 = EDGE_CURVE ( 'NONE', #5932, #1092, #1067, .T. ) ;
#7856 = CARTESIAN_POINT ( 'NONE',  ( -4.999999999999986677, 62.95002665055243796, 35.79571668975682286 ) ) ;
#7857 = VERTEX_POINT ( 'NONE', #5391 ) ;
#7858 = CARTESIAN_POINT ( 'NONE',  ( 16.00000000000000000, 110.0000000000000000, -16.00000000000000000 ) ) ;
#7859 = ORIENTED_EDGE ( 'NONE', *, *, #2175, .T. ) ;
#7860 = ORIENTED_EDGE ( 'NONE', *, *, #3365, .F. ) ;
#7861 = CARTESIAN_POINT ( 'NONE',  ( -15.50961894323343060, 48.67528175613146146, -29.72798536380060241 ) ) ;
#7862 = ORIENTED_EDGE ( 'NONE', *, *, #6626, .T. ) ;
#7863 = ADVANCED_FACE ( 'NONE', ( #1616 ), #447, .T. ) ;
#7864 = CARTESIAN_POINT ( 'NONE',  ( 3.499999999999996003, 2.034439118102898902, -31.44894874669289919 ) ) ;
#7865 = DIRECTION ( 'NONE',  ( 0.7263372651181294604, -0.5445905829773608486, 0.4193510155384085336 ) ) ;
#7866 = CARTESIAN_POINT ( 'NONE',  ( -5.000000000000011546, 103.4621466860844947, 35.79571668975681575 ) ) ;
#7867 = ORIENTED_EDGE ( 'NONE', *, *, #1809, .T. ) ;
#7868 = PLANE ( 'NONE',  #3140 ) ;
#7869 = VERTEX_POINT ( 'NONE', #5465 ) ;
#7870 = ORIENTED_EDGE ( 'NONE', *, *, #3766, .T. ) ;
#7871 = LINE ( 'NONE', #6661, #4965 ) ;
#7872 = EDGE_CURVE ( 'NONE', #7186, #2189, #7966, .T. ) ;
#7873 = DIRECTION ( 'NONE',  ( 1.000000000000000000, -0.000000000000000000, -1.849002583061117992E-16 ) ) ;
#7874 = CYLINDRICAL_SURFACE ( 'NONE', #1396, 2.000000000000001776 ) ;
#7875 = ORIENTED_EDGE ( 'NONE', *, *, #1449, .F. ) ;
#7876 = ORIENTED_EDGE ( 'NONE', *, *, #3032, .F. ) ;
#7877 = CARTESIAN_POINT ( 'NONE',  ( -1.800000000000000044, 0.000000000000000000, -3.749999999999992895 ) ) ;
#7878 = DIRECTION ( 'NONE',  ( 0.8660254037844387076, 0.000000000000000000, 0.4999999999999999445 ) ) ;
#7879 = VECTOR ( 'NONE', #4937, 1000.000000000000000 ) ;
#7880 = CARTESIAN_POINT ( 'NONE',  ( 32.92174029884151309, 105.5606347184216105, -16.94796412587030687 ) ) ;
#7881 = DIRECTION ( 'NONE',  ( 0.8660254037844380415, 0.000000000000000000, 0.5000000000000013323 ) ) ;
#7882 = CARTESIAN_POINT ( 'NONE',  ( 6.499999999999992006, 48.67528175613146146, 32.22798536380059886 ) ) ;
#7883 = VERTEX_POINT ( 'NONE', #7419 ) ;
#7884 = CARTESIAN_POINT ( 'NONE',  ( -1.800000000000000266, -5.000000000000000000, -3.749999999999992895 ) ) ;
#7885 = VECTOR ( 'NONE', #2306, 1000.000000000000000 ) ;
#7886 = VECTOR ( 'NONE', #7528, 1000.000000000000114 ) ;
#7887 = EDGE_CURVE ( 'NONE', #4069, #4948, #1731, .T. ) ;
#7888 = ORIENTED_EDGE ( 'NONE', *, *, #2834, .T. ) ;
#7889 = LINE ( 'NONE', #920, #1971 ) ;
#7890 = PLANE ( 'NONE',  #4762 ) ;
#7891 = FACE_OUTER_BOUND ( 'NONE', #1887, .T. ) ;
#7892 = FACE_OUTER_BOUND ( 'NONE', #1301, .T. ) ;
#7893 = ORIENTED_EDGE ( 'NONE', *, *, #4184, .F. ) ;
#7894 = FACE_BOUND ( 'NONE', #285, .T. ) ;
#7895 = EDGE_CURVE ( 'NONE', #4221, #7647, #2901, .T. ) ;
#7896 = AXIS2_PLACEMENT_3D ( 'NONE', #3589, #1180, #8028 ) ;
#7897 = EDGE_LOOP ( 'NONE', ( #2009, #7252, #5250, #6987 ) ) ;
#7898 = CARTESIAN_POINT ( 'NONE',  ( -37.99988179268130750, 109.9999999999937899, -1.006120491054004695 ) ) ;
#7899 = EDGE_LOOP ( 'NONE', ( #775, #3501, #1941, #4689, #5414, #5569, #5075, #353, #4448, #4311, #4618, #5993, #5725, #6327, #931, #1637 ) ) ;
#7900 = DIRECTION ( 'NONE',  ( 1.000000000000000000, -0.000000000000000000, 1.849002583061117992E-16 ) ) ;
#7901 = CARTESIAN_POINT ( 'NONE',  ( 0.3262023460269894426, 51.00677655292068380, -38.49413502341596427 ) ) ;
#7902 = AXIS2_PLACEMENT_3D ( 'NONE', #3659, #2469, #2961 ) ;
#7903 = CARTESIAN_POINT ( 'NONE',  ( -28.50000000000000000, 110.0000000000000000, -22.22798536380060952 ) ) ;
#7904 = ORIENTED_EDGE ( 'NONE', *, *, #3223, .F. ) ;
#7905 = VECTOR ( 'NONE', #6138, 1000.000000000000000 ) ;
#7906 = CARTESIAN_POINT ( 'NONE',  ( 12.49999999999997513, 80.95002665055245927, -31.46558967083463187 ) ) ;
#7907 = VERTEX_POINT ( 'NONE', #4802 ) ;
#7908 = ADVANCED_FACE ( 'NONE', ( #7338 ), #2313, .F. ) ;
#7909 = ORIENTED_EDGE ( 'NONE', *, *, #7383, .T. ) ;
#7910 = AXIS2_PLACEMENT_3D ( 'NONE', #6896, #6977, #3864 ) ;
#7911 = AXIS2_PLACEMENT_3D ( 'NONE', #1278, #2568, #3800 ) ;
#7912 = CARTESIAN_POINT ( 'NONE',  ( 3.368536366827511825E-15, 110.0000000000000000, -31.75426480542942898 ) ) ;
#7913 = CARTESIAN_POINT ( 'NONE',  ( -2.428112502131265504, 105.2344648248177066, -36.83865243848351412 ) ) ;
#7914 = LINE ( 'NONE', #4712, #4305 ) ;
#7915 = ADVANCED_FACE ( 'NONE', ( #33 ), #2531, .T. ) ;
#7916 = VECTOR ( 'NONE', #5858, 1000.000000000000114 ) ;
#7917 = LOCAL_TIME ( 0, 57, 20.00000000000000000, #6324 ) ;
#7918 = EDGE_CURVE ( 'NONE', #3741, #3148, #1804, .T. ) ;
#7919 = ORIENTED_EDGE ( 'NONE', *, *, #6066, .T. ) ;
#7920 = CARTESIAN_POINT ( 'NONE',  ( 4.999999999999993783, 103.4621466860844805, -35.79571668975681575 ) ) ;
#7921 = DIRECTION ( 'NONE',  ( 0.000000000000000000, 0.000000000000000000, 1.000000000000000000 ) ) ;
#7922 = FACE_OUTER_BOUND ( 'NONE', #1866, .T. ) ;
#7923 = CARTESIAN_POINT ( 'NONE',  ( -5.000000000000011546, 51.05367529751673317, 35.79571668975681575 ) ) ;
#7924 = CARTESIAN_POINT ( 'NONE',  ( -3.500000000000010214, 49.91000578519306430, -36.50295964951001793 ) ) ;
#7925 = ORIENTED_EDGE ( 'NONE', *, *, #8000, .T. ) ;
#7926 = FACE_OUTER_BOUND ( 'NONE', #3069, .T. ) ;
#7927 = ADVANCED_FACE ( 'NONE', ( #7589 ), #532, .T. ) ;
#7928 = ORIENTED_EDGE ( 'NONE', *, *, #5971, .F. ) ;
#7929 = LINE ( 'NONE', #2243, #4625 ) ;
#7930 = CARTESIAN_POINT ( 'NONE',  ( 0.000000000000000000, 110.0000000000000000, 0.000000000000000000 ) ) ;
#7931 = CYLINDRICAL_SURFACE ( 'NONE', #1266, 10.00000000000000000 ) ;
#7932 = VECTOR ( 'NONE', #6350, 1000.000000000000000 ) ;
#7933 = CARTESIAN_POINT ( 'NONE',  ( 0.000000000000000000, 105.0000000000000142, -23.00000000000000355 ) ) ;
#7934 = ORIENTED_EDGE ( 'NONE', *, *, #708, .F. ) ;
#7935 = CARTESIAN_POINT ( 'NONE',  ( 15.76143289975117945, 101.6482647400268320, -29.58260050821937170 ) ) ;
#7936 = CIRCLE ( 'NONE', #3812, 3.999999999999999112 ) ;
#7937 = ORIENTED_EDGE ( 'NONE', *, *, #1796, .F. ) ;
#7938 = CARTESIAN_POINT ( 'NONE',  ( -36.77788327300132210, 110.0000000000642473, 9.604924151602833859 ) ) ;
#7939 = CARTESIAN_POINT ( 'NONE',  ( -14.75730584315630267, 101.6887210729902336, -30.16233353464501477 ) ) ;
#7940 = CYLINDRICAL_SURFACE ( 'NONE', #2244, 1.000000000000000888 ) ;
#7941 = EDGE_CURVE ( 'NONE', #7439, #2681, #3658, .T. ) ;
#7942 = ADVANCED_FACE ( 'NONE', ( #2437 ), #3184, .F. ) ;
#7943 = CARTESIAN_POINT ( 'NONE',  ( -4.741963672924475404, 97.78244350410783170, -35.94469403265459562 ) ) ;
#7944 = PLANE ( 'NONE',  #3843 ) ;
#7945 = DIRECTION ( 'NONE',  ( 0.8660254037844388186, 0.000000000000000000, -0.4999999999999998335 ) ) ;
#7946 = VERTEX_POINT ( 'NONE', #3142 ) ;
#7947 = LINE ( 'NONE', #5961, #1021 ) ;
#7948 = VERTEX_POINT ( 'NONE', #4340 ) ;
#7949 = ORIENTED_EDGE ( 'NONE', *, *, #6000, .F. ) ;
#7950 = APPLICATION_CONTEXT ( 'configuration controlled 3d designs of mechanical parts and assemblies' ) ;
#7951 = CIRCLE ( 'NONE', #1847, 1.000000000000000888 ) ;
#7952 = CARTESIAN_POINT ( 'NONE',  ( 4.041334437186266200E-15, 185.0000000000000000, 33.00000000000000000 ) ) ;
#7953 = DIRECTION ( 'NONE',  ( -0.000000000000000000, -0.000000000000000000, -1.000000000000000000 ) ) ;
#7954 = FACE_OUTER_BOUND ( 'NONE', #5988, .T. ) ;
#7955 = EDGE_CURVE ( 'NONE', #2959, #2053, #7503, .T. ) ;
#7956 = AXIS2_PLACEMENT_3D ( 'NONE', #5811, #5268, #1365 ) ;
#7957 = VERTEX_POINT ( 'NONE', #4422 ) ;
#7958 = PLANE ( 'NONE',  #1263 ) ;
#7959 = LINE ( 'NONE', #2741, #4089 ) ;
#7960 = EDGE_CURVE ( 'NONE', #1310, #2547, #6877, .T. ) ;
#7961 = VECTOR ( 'NONE', #273, 1000.000000000000000 ) ;
#7962 = CARTESIAN_POINT ( 'NONE',  ( 33.36468410970100962, 104.6074589332903031, -15.26176382600693060 ) ) ;
#7963 = CARTESIAN_POINT ( 'NONE',  ( -28.50000000000000000, 103.4621466860844947, -22.22798536380060952 ) ) ;
#7964 = DIRECTION ( 'NONE',  ( -0.8660254037844387076, 0.000000000000000000, 0.4999999999999999445 ) ) ;
#7965 = VERTEX_POINT ( 'NONE', #8210 ) ;
#7966 = LINE ( 'NONE', #8082, #3405 ) ;
#7967 = ORIENTED_EDGE ( 'NONE', *, *, #7652, .T. ) ;
#7968 = LINE ( 'NONE', #375, #6204 ) ;
#7969 = DIRECTION ( 'NONE',  ( -1.000000000000000000, 0.000000000000000000, 0.000000000000000000 ) ) ;
#7970 = EDGE_CURVE ( 'NONE', #808, #1210, #4320, .T. ) ;
#7971 = CARTESIAN_POINT ( 'NONE',  ( -15.50961894323343415, 8.432155711444941915, 29.72798536380060597 ) ) ;
#7972 = ORIENTED_EDGE ( 'NONE', *, *, #4091, .T. ) ;
#7973 = CARTESIAN_POINT ( 'NONE',  ( -9.191218909946282878, 110.0000000001639222, -36.88202537736530218 ) ) ;
#7974 = ORIENTED_EDGE ( 'NONE', *, *, #6168, .F. ) ;
#7975 = CARTESIAN_POINT ( 'NONE',  ( -37.96044734402008203, 109.9999999999728999, 1.996385391788018548 ) ) ;
#7976 = CARTESIAN_POINT ( 'NONE',  ( 6.132864528803866122, 107.2580183663584847, 35.14165704909654409 ) ) ;
#7977 = CARTESIAN_POINT ( 'NONE',  ( 0.000000000000000000, 115.0000000000000000, 27.00000000000000355 ) ) ;
#7978 = CARTESIAN_POINT ( 'NONE',  ( -3.733417588320765201, 98.53395444224645416, -36.41574728538200389 ) ) ;
#7979 = DIRECTION ( 'NONE',  ( 0.000000000000000000, -1.000000000000000000, 0.000000000000000000 ) ) ;
#7980 = LINE ( 'NONE', #5481, #4845 ) ;
#7981 = VERTEX_POINT ( 'NONE', #3097 ) ;
#7982 = CARTESIAN_POINT ( 'NONE',  ( 6.132864528803732895, 107.2580183663584847, 35.14165704909659382 ) ) ;
#7983 = VERTEX_POINT ( 'NONE', #5005 ) ;
#7984 = EDGE_CURVE ( 'NONE', #6068, #1236, #5248, .T. ) ;
#7985 = ORIENTED_EDGE ( 'NONE', *, *, #6485, .T. ) ;
#7986 = LINE ( 'NONE', #470, #5534 ) ;
#7987 = DIRECTION ( 'NONE',  ( 0.000000000000000000, -0.000000000000000000, 1.000000000000000000 ) ) ;
#7988 = CARTESIAN_POINT ( 'NONE',  ( 4.631155577774511478, 103.7556942022373931, -36.00866911621779565 ) ) ;
#7989 = DIRECTION ( 'NONE',  ( 0.000000000000000000, -1.000000000000000000, 0.000000000000000000 ) ) ;
#7990 = EDGE_CURVE ( 'NONE', #4776, #5948, #5797, .T. ) ;
#7991 = VERTEX_POINT ( 'NONE', #6380 ) ;
#7992 = DIRECTION ( 'NONE',  ( 0.000000000000000000, 0.7992742469136906447, 0.6009664534901699717 ) ) ;
#7993 = ADVANCED_FACE ( 'NONE', ( #3222 ), #6294, .F. ) ;
#7994 = CARTESIAN_POINT ( 'NONE',  ( -3.500000000000010214, 110.0000000000000000, -29.73353886326572848 ) ) ;
#7995 = CARTESIAN_POINT ( 'NONE',  ( 38.00000000000000000, 175.0000000000000000, 12.49999999999998046 ) ) ;
#7996 = CARTESIAN_POINT ( 'NONE',  ( 12.49999999999997513, 67.95002665055244506, -31.46558967083463187 ) ) ;
#7997 = CARTESIAN_POINT ( 'NONE',  ( -33.24494540445849822, 107.8260213226760555, -15.95329835591144807 ) ) ;
#7998 = VERTEX_POINT ( 'NONE', #619 ) ;
#7999 = DIRECTION ( 'NONE',  ( 0.8660254037844387076, 0.000000000000000000, -0.4999999999999997224 ) ) ;
#8000 = EDGE_CURVE ( 'NONE', #5652, #6445, #7508, .T. ) ;
#8001 = ORIENTED_EDGE ( 'NONE', *, *, #7771, .F. ) ;
#8002 = DIRECTION ( 'NONE',  ( -1.000000000000000000, -0.000000000000000000, -0.000000000000000000 ) ) ;
#8003 = DIRECTION ( 'NONE',  ( 0.000000000000000000, -1.000000000000000000, 0.000000000000000000 ) ) ;
#8004 = LINE ( 'NONE', #4262, #1144 ) ;
#8005 = EDGE_LOOP ( 'NONE', ( #4655, #1759, #1788, #5326 ) ) ;
#8006 = AXIS2_PLACEMENT_3D ( 'NONE', #52, #2678, #2587 ) ;
#8007 = CARTESIAN_POINT ( 'NONE',  ( 3.499999999999996003, 100.0000000000000000, 34.22798536380060597 ) ) ;
#8008 = EDGE_CURVE ( 'NONE', #7883, #7555, #662, .T. ) ;
#8009 = VERTEX_POINT ( 'NONE', #7628 ) ;
#8010 = CARTESIAN_POINT ( 'NONE',  ( -33.50000000000000711, 101.8949159985225634, -5.729786420119461710 ) ) ;
#8011 = CIRCLE ( 'NONE', #2054, 1.000000000000000888 ) ;
#8012 = CARTESIAN_POINT ( 'NONE',  ( 1.780183680879684260, 105.5461337513325049, 36.97821050536527565 ) ) ;
#8013 = DIRECTION ( 'NONE',  ( 0.000000000000000000, -0.000000000000000000, 1.000000000000000000 ) ) ;
#8014 = CARTESIAN_POINT ( 'NONE',  ( 3.499999999999996003, 100.0000000000000000, 32.22798536380059886 ) ) ;
#8015 = DIRECTION ( 'NONE',  ( 0.8644263440539592391, 0.06074093299148008301, -0.4990767824341567072 ) ) ;
#8016 = LINE ( 'NONE', #7356, #5509 ) ;
#8017 = ORIENTED_EDGE ( 'NONE', *, *, #5620, .F. ) ;
#8018 = CARTESIAN_POINT ( 'NONE',  ( 18.72919669032787482, 101.6775501992645729, 27.86916128483869315 ) ) ;
#8019 = ORIENTED_EDGE ( 'NONE', *, *, #7960, .F. ) ;
#8020 = AXIS2_PLACEMENT_3D ( 'NONE', #5002, #2208, #337 ) ;
#8021 =( BOUNDED_CURVE ( )  B_SPLINE_CURVE ( 3, ( #1633, #3075, #7318, #3577 ),
 .UNSPECIFIED., .F., .F. ) 
 B_SPLINE_CURVE_WITH_KNOTS ( ( 4, 4 ),
 ( 0.000000000000000000, 2.394455833806002243 ),
 .UNSPECIFIED. ) 
 CURVE ( )  GEOMETRIC_REPRESENTATION_ITEM ( )  RATIONAL_B_SPLINE_CURVE ( ( 1.000000000000000000, 0.5766266991369460859, 0.5766266991369460859, 1.000000000000000000 ) ) 
 REPRESENTATION_ITEM ( '' )  );
#8022 = EDGE_LOOP ( 'NONE', ( #3688, #5880, #7848 ) ) ;
#8023 = CARTESIAN_POINT ( 'NONE',  ( -12.79468582822650902, 101.7997572540257067, 31.29545272858167593 ) ) ;
#8024 = FACE_BOUND ( 'NONE', #1711, .T. ) ;
#8025 = VECTOR ( 'NONE', #4577, 999.9999999999998863 ) ;
#8026 = AXIS2_PLACEMENT_3D ( 'NONE', #195, #4088, #860 ) ;
#8027 = DIRECTION ( 'NONE',  ( -0.000000000000000000, 1.000000000000000000, -0.000000000000000000 ) ) ;
#8028 = DIRECTION ( 'NONE',  ( 0.000000000000000000, 0.000000000000000000, 1.000000000000000000 ) ) ;
#8029 = EDGE_CURVE ( 'NONE', #2941, #2506, #1940, .T. ) ;
#8030 = AXIS2_PLACEMENT_3D ( 'NONE', #6486, #804, #762 ) ;
#8031 = ORIENTED_EDGE ( 'NONE', *, *, #7091, .F. ) ;
#8032 = CARTESIAN_POINT ( 'NONE',  ( 11.70133080589679864, 102.9216760515308380, 31.98414357995329382 ) ) ;
#8033 = DIRECTION ( 'NONE',  ( 0.000000000000000000, 0.07103043809259564079, 0.9974741484692092319 ) ) ;
#8034 = CARTESIAN_POINT ( 'NONE',  ( 0.000000000000000000, 110.0000000000000000, 0.000000000000000000 ) ) ;
#8035 = EDGE_CURVE ( 'NONE', #4599, #4550, #1321, .T. ) ;
#8036 = CARTESIAN_POINT ( 'NONE',  ( -6.314882820214216430, 102.9965023232095263, 35.03656873955332429 ) ) ;
#8037 = AXIS2_PLACEMENT_3D ( 'NONE', #3064, #3230, #7554 ) ;
#8038 = ADVANCED_FACE ( 'NONE', ( #2611 ), #3885, .F. ) ;
#8039 = VECTOR ( 'NONE', #2697, 1000.000000000000114 ) ;
#8040 = CARTESIAN_POINT ( 'NONE',  ( 4.999999999999992895, 67.95002665055244506, -35.79571668975681575 ) ) ;
#8041 = ORIENTED_EDGE ( 'NONE', *, *, #2304, .T. ) ;
#8042 = DIRECTION ( 'NONE',  ( 0.000000000000000000, 1.000000000000000000, 0.000000000000000000 ) ) ;
#8043 = ORIENTED_EDGE ( 'NONE', *, *, #5982, .T. ) ;
#8044 = DIRECTION ( 'NONE',  ( 0.000000000000000000, 0.000000000000000000, 1.000000000000000000 ) ) ;
#8045 = LINE ( 'NONE', #1734, #4495 ) ;
#8046 = DIRECTION ( 'NONE',  ( 0.4999999999999997224, 0.000000000000000000, 0.8660254037844387076 ) ) ;
#8047 = VERTEX_POINT ( 'NONE', #2108 ) ;
#8048 = CARTESIAN_POINT ( 'NONE',  ( -5.949600326987710019, 103.0842735268136039, -35.24746468534789301 ) ) ;
#8049 = EDGE_CURVE ( 'NONE', #5504, #915, #6053, .T. ) ;
#8050 = ORIENTED_EDGE ( 'NONE', *, *, #3377, .T. ) ;
#8051 = CARTESIAN_POINT ( 'NONE',  ( 3.499999999999996003, 97.07832394846914781, -34.47182714764789324 ) ) ;
#8052 = VECTOR ( 'NONE', #837, 1000.000000000000000 ) ;
#8053 = CARTESIAN_POINT ( 'NONE',  ( 12.49999999999997335, 62.95002665055243796, -24.53738644055912488 ) ) ;
#8054 = DIRECTION ( 'NONE',  ( 1.000000000000000000, 0.000000000000000000, -0.000000000000000000 ) ) ;
#8055 = EDGE_CURVE ( 'NONE', #684, #6359, #5805, .T. ) ;
#8056 = CARTESIAN_POINT ( 'NONE',  ( 33.50000000000001421, 103.7408661126230385, 13.97212226837528171 ) ) ;
#8057 = FACE_OUTER_BOUND ( 'NONE', #2513, .T. ) ;
#8058 = CARTESIAN_POINT ( 'NONE',  ( 12.49999999999998757, 76.95002665055244506, -38.00000000000000000 ) ) ;
#8059 = ORIENTED_EDGE ( 'NONE', *, *, #1753, .F. ) ;
#8060 = CARTESIAN_POINT ( 'NONE',  ( 12.21017635576166249, 107.0189927906369149, 31.63291942985232907 ) ) ;
#8061 = ORIENTED_EDGE ( 'NONE', *, *, #5887, .F. ) ;
#8062 = AXIS2_PLACEMENT_3D ( 'NONE', #4963, #1154, #493 ) ;
#8063 = VERTEX_POINT ( 'NONE', #5212 ) ;
#8064 = CARTESIAN_POINT ( 'NONE',  ( 3.499999999999996003, 45.73950986304808453, 34.43818234161658864 ) ) ;
#8065 = CARTESIAN_POINT ( 'NONE',  ( -3.500000000000010214, 4.467629122400008868, 29.73353886326573203 ) ) ;
#8066 = DIRECTION ( 'NONE',  ( 0.5000000000000004441, 0.000000000000000000, -0.8660254037844384856 ) ) ;
#8067 = CIRCLE ( 'NONE', #1975, 1.000000000000000888 ) ;
#8068 = DIRECTION ( 'NONE',  ( 1.000000000000000000, 0.000000000000000000, 0.000000000000000000 ) ) ;
#8069 = CARTESIAN_POINT ( 'NONE',  ( -28.50000000000000711, 0.000000000000000000, -6.827731325956207797 ) ) ;
#8070 = ORIENTED_EDGE ( 'NONE', *, *, #2944, .T. ) ;
#8071 = EDGE_CURVE ( 'NONE', #4945, #6660, #8171, .T. ) ;
#8072 = VECTOR ( 'NONE', #6883, 1000.000000000000000 ) ;
#8073 = VERTEX_POINT ( 'NONE', #6418 ) ;
#8074 = FACE_OUTER_BOUND ( 'NONE', #3527, .T. ) ;
#8075 = DIRECTION ( 'NONE',  ( 1.000000000000000000, -0.000000000000000000, 1.849002583061117992E-16 ) ) ;
#8076 = DIRECTION ( 'NONE',  ( 0.5509046671155006791, 0.7715819660501485044, 0.3180649578569554881 ) ) ;
#8077 = DIRECTION ( 'NONE',  ( 0.000000000000000000, 0.000000000000000000, -1.000000000000000000 ) ) ;
#8078 = CARTESIAN_POINT ( 'NONE',  ( 31.57723352302762265, 110.0000000000111555, 21.14251073057547003 ) ) ;
#8079 = VECTOR ( 'NONE', #7873, 1000.000000000000000 ) ;
#8080 = CARTESIAN_POINT ( 'NONE',  ( -31.13614653717510805, 105.5475089462854612, -20.02820681323099450 ) ) ;
#8081 = EDGE_LOOP ( 'NONE', ( #1578, #3338, #6692, #5261 ) ) ;
#8082 = CARTESIAN_POINT ( 'NONE',  ( -42.29965392503936528, 43.92770038904965446, 63.10418461595438089 ) ) ;
#8083 = EDGE_CURVE ( 'NONE', #7732, #5504, #198, .T. ) ;
#8084 = AXIS2_PLACEMENT_3D ( 'NONE', #6655, #2883, #2259 ) ;
#8085 = VERTEX_POINT ( 'NONE', #4597 ) ;
#8086 = CARTESIAN_POINT ( 'NONE',  ( -12.50000000000002487, 80.95002665055245927, -38.00000000000000000 ) ) ;
#8087 = CARTESIAN_POINT ( 'NONE',  ( -3.500000000000010214, 48.67528175613146146, 33.22798536380059886 ) ) ;
#8088 = CARTESIAN_POINT ( 'NONE',  ( 12.80303762999563411, 46.15933448321796817, -31.29063081358204812 ) ) ;
#8089 = DIRECTION ( 'NONE',  ( -1.000000000000000000, 0.000000000000000000, -0.000000000000000000 ) ) ;
#8090 = EDGE_LOOP ( 'NONE', ( #5602, #2375, #2136, #162, #6345 ) ) ;
#8091 = VECTOR ( 'NONE', #6414, 1000.000000000000000 ) ;
#8092 = CARTESIAN_POINT ( 'NONE',  ( -15.75256111466999442, 101.6484425686686563, -29.58772263572419092 ) ) ;
#8093 = EDGE_CURVE ( 'NONE', #4014, #150, #5175, .T. ) ;
#8094 = ORIENTED_EDGE ( 'NONE', *, *, #295, .F. ) ;
#8095 = ORIENTED_EDGE ( 'NONE', *, *, #8099, .F. ) ;
#8096 = DIRECTION ( 'NONE',  ( 0.000000000000000000, 0.000000000000000000, 1.000000000000000000 ) ) ;
#8097 = CARTESIAN_POINT ( 'NONE',  ( -2.528084164637786735, 110.0000000000106013, 37.91748837691879004 ) ) ;
#8098 = CARTESIAN_POINT ( 'NONE',  ( 3.368536366827511825E-15, 110.0000000000000000, -31.75426480542942898 ) ) ;
#8099 = EDGE_CURVE ( 'NONE', #150, #1202, #2735, .T. ) ;
#8100 = CARTESIAN_POINT ( 'NONE',  ( 3.499999999999996003, 49.09510637630136642, -30.08043383576606900 ) ) ;
#8101 = CARTESIAN_POINT ( 'NONE',  ( -3.500000000000010214, 110.0000000000000000, 36.50295964951001793 ) ) ;
#8102 = ORIENTED_EDGE ( 'NONE', *, *, #3163, .F. ) ;
#8103 = CARTESIAN_POINT ( 'NONE',  ( -16.00000000000000000, 110.0000000000000000, -16.00000000000000000 ) ) ;
#8104 = VERTEX_POINT ( 'NONE', #5258 ) ;
#8105 = ADVANCED_FACE ( 'NONE', ( #7131 ), #3268, .F. ) ;
#8106 = ORIENTED_EDGE ( 'NONE', *, *, #141, .F. ) ;
#8107 = CARTESIAN_POINT ( 'NONE',  ( -3.500000000000010214, 100.0000000000000000, -33.22798536380059886 ) ) ;
#8108 = CARTESIAN_POINT ( 'NONE',  ( -8.865758550820583395, 102.3326384899905577, 33.56381994981845196 ) ) ;
#8109 = FACE_BOUND ( 'NONE', #6812, .T. ) ;
#8110 = DIRECTION ( 'NONE',  ( 0.000000000000000000, 0.000000000000000000, -1.000000000000000000 ) ) ;
#8111 = DIRECTION ( 'NONE',  ( 0.000000000000000000, 0.000000000000000000, -1.000000000000000000 ) ) ;
#8112 = ORIENTED_EDGE ( 'NONE', *, *, #143, .F. ) ;
#8113 = B_SPLINE_CURVE_WITH_KNOTS ( 'NONE', 3,
 ( #1955, #6310, #4441, #3113, #6930, #2503, #6975, #4482, #5648, #3732, #1375, #676, #3237, #1292, #8181, #3814, #6435, #6352 ),
 .UNSPECIFIED., .F., .F.,
 ( 4, 2, 2, 2, 2, 2, 2, 2, 4 ),
 ( 3.469446951953614189E-18, 0.003465861164778497473, 0.006931722329556991476, 0.01039758349433548244, 0.01386344465911397428, 0.01732930582389246438, 0.02079516698867095448, 0.02426102815344944458, 0.02772688931822793121 ),
 .UNSPECIFIED. ) ;
#8114 = VERTEX_POINT ( 'NONE', #2023 ) ;
#8115 = EDGE_CURVE ( 'NONE', #3081, #4221, #3975, .T. ) ;
#8116 = CARTESIAN_POINT ( 'NONE',  ( 1.800000000000000044, 0.000000000000000000, -3.749999999999992895 ) ) ;
#8117 = CARTESIAN_POINT ( 'NONE',  ( -33.50000000000000711, 110.0000000000000000, -13.56773132595622400 ) ) ;
#8118 = DIRECTION ( 'NONE',  ( -1.000000000000000000, -0.000000000000000000, -0.000000000000000000 ) ) ;
#8119 = PLANE ( 'NONE',  #8020 ) ;
#8120 = CARTESIAN_POINT ( 'NONE',  ( -8.137179986360411732, 103.4132091417368144, 34.02918287882715731 ) ) ;
#8121 = CARTESIAN_POINT ( 'NONE',  ( -28.50000000000000711, 37.50000000000000711, -0.0003810567665955832961 ) ) ;
#8122 = CARTESIAN_POINT ( 'NONE',  ( -12.50000000000002487, 67.95002665055244506, -38.00000000000000000 ) ) ;
#8123 = VERTEX_POINT ( 'NONE', #5301 ) ;
#8124 = CARTESIAN_POINT ( 'NONE',  ( -7.766861211506971507, 103.3605559346548830, -34.22910941320892420 ) ) ;
#8125 = CARTESIAN_POINT ( 'NONE',  ( 0.000000000000000000, 185.0000000000000000, 0.000000000000000000 ) ) ;
#8126 = CARTESIAN_POINT ( 'NONE',  ( -1.044870271209150442E-14, 110.0000000000000000, 31.75426480542942187 ) ) ;
#8127 = CARTESIAN_POINT ( 'NONE',  ( 0.000000000000000000, 185.0000000000000000, 0.000000000000000000 ) ) ;
#8128 = ORIENTED_EDGE ( 'NONE', *, *, #3067, .T. ) ;
#8129 = EDGE_CURVE ( 'NONE', #4475, #638, #6510, .T. ) ;
#8130 = PLANE ( 'NONE',  #588 ) ;
#8131 = ORIENTED_EDGE ( 'NONE', *, *, #233, .F. ) ;
#8132 = ORIENTED_EDGE ( 'NONE', *, *, #4653, .F. ) ;
#8133 = FACE_OUTER_BOUND ( 'NONE', #6339, .T. ) ;
#8134 = CARTESIAN_POINT ( 'NONE',  ( -0.5848537558554820492, 108.0581119958964393, 37.13532552790094599 ) ) ;
#8135 = LINE ( 'NONE', #2456, #7141 ) ;
#8136 = AXIS2_PLACEMENT_3D ( 'NONE', #6968, #628, #1868 ) ;
#8137 = CARTESIAN_POINT ( 'NONE',  ( -3.469446951953614189E-15, 110.0000000000000000, -27.13546265191242313 ) ) ;
#8138 = DIRECTION ( 'NONE',  ( -0.000000000000000000, 1.000000000000000000, -0.000000000000000000 ) ) ;
#8139 = EDGE_CURVE ( 'NONE', #7209, #4788, #7785, .T. ) ;
#8140 = DIRECTION ( 'NONE',  ( 0.000000000000000000, -1.000000000000000000, 0.000000000000000000 ) ) ;
#8141 = ORIENTED_EDGE ( 'NONE', *, *, #7210, .T. ) ;
#8142 = CARTESIAN_POINT ( 'NONE',  ( 12.73775653695758159, 110.0000000000541149, 35.81455652841345483 ) ) ;
#8143 = VERTEX_POINT ( 'NONE', #7086 ) ;
#8144 = VECTOR ( 'NONE', #2257, 1000.000000000000227 ) ;
#8145 = ORIENTED_EDGE ( 'NONE', *, *, #7584, .T. ) ;
#8146 = DIRECTION ( 'NONE',  ( 0.000000000000000000, 1.000000000000000000, -7.885106708985487801E-17 ) ) ;
#8147 = ORIENTED_EDGE ( 'NONE', *, *, #7276, .F. ) ;
#8148 = LINE ( 'NONE', #5454, #7492 ) ;
#8149 = CARTESIAN_POINT ( 'NONE',  ( 4.228239662652792497, 48.66151901779868894, -36.20814825262807801 ) ) ;
#8150 = CYLINDRICAL_SURFACE ( 'NONE', #1931, 2.000000000000001776 ) ;
#8151 = ORIENTED_EDGE ( 'NONE', *, *, #4969, .F. ) ;
#8152 = AXIS2_PLACEMENT_3D ( 'NONE', #4632, #5255, #2891 ) ;
#8153 =( BOUNDED_CURVE ( )  B_SPLINE_CURVE ( 3, ( #2788, #6642, #1540, #1498 ),
 .UNSPECIFIED., .F., .F. ) 
 B_SPLINE_CURVE_WITH_KNOTS ( ( 4, 4 ),
 ( 2.617993877991494855, 2.749227903369874770 ),
 .UNSPECIFIED. ) 
 CURVE ( )  GEOMETRIC_REPRESENTATION_ITEM ( )  RATIONAL_B_SPLINE_CURVE ( ( 1.000000000000000000, 0.9985653174226137851, 0.9985653174226137851, 1.000000000000000000 ) ) 
 REPRESENTATION_ITEM ( '' )  );
#8154 = ORIENTED_EDGE ( 'NONE', *, *, #5165, .F. ) ;
#8155 = VECTOR ( 'NONE', #2049, 1000.000000000000000 ) ;
#8156 = B_SPLINE_CURVE_WITH_KNOTS ( 'NONE', 3,
 ( #6907, #7578, #3787, #2597, #106, #2518, #1221, #3830, #62, #1969, #5037, #2641, #3298, #4412 ),
 .UNSPECIFIED., .F., .F.,
 ( 4, 2, 2, 2, 2, 2, 4 ),
 ( 0.009572049212976739552, 0.01411075923928952966, 0.01638011425244592645, 0.01864946926560232324, 0.02318817929191512028, 0.02545753430507151707, 0.02772688931822791386 ),
 .UNSPECIFIED. ) ;
#8157 = CARTESIAN_POINT ( 'NONE',  ( -20.54047187385524609, 101.7807059021240548, -26.82342107005268161 ) ) ;
#8158 = CARTESIAN_POINT ( 'NONE',  ( -30.54095610815091177, 175.0000000000000000, 12.49999999999998046 ) ) ;
#8159 = CARTESIAN_POINT ( 'NONE',  ( 6.715338029590579794, 102.8574029661986913, 34.80536581662147455 ) ) ;
#8160 = EDGE_CURVE ( 'NONE', #6328, #621, #3932, .T. ) ;
#8161 = LINE ( 'NONE', #4380, #6568 ) ;
#8162 = CARTESIAN_POINT ( 'NONE',  ( 31.37823220547793213, 109.9999999999945572, 21.43670050321427567 ) ) ;
#8163 = VECTOR ( 'NONE', #1551, 1000.000000000000000 ) ;
#8164 = CARTESIAN_POINT ( 'NONE',  ( -30.84439605608555723, 105.3489062731679127, -20.35804236671455314 ) ) ;
#8165 = AXIS2_PLACEMENT_3D ( 'NONE', #5904, #5280, #2828 ) ;
#8166 = DIRECTION ( 'NONE',  ( -1.000000000000000000, -1.040834085586083468E-15, 0.000000000000000000 ) ) ;
#8167 = ORIENTED_EDGE ( 'NONE', *, *, #2079, .F. ) ;
#8168 = CYLINDRICAL_SURFACE ( 'NONE', #7478, 1.000000000000000888 ) ;
#8169 = DIRECTION ( 'NONE',  ( 0.4999999999999998335, -0.000000000000000000, 0.8660254037844388186 ) ) ;
#8170 = TOROIDAL_SURFACE ( 'NONE', #484, 8.000000000000000000, 2.000000000000000000 ) ;
#8171 = CIRCLE ( 'NONE', #5123, 10.00000000000000178 ) ;
#8172 = PLANE ( 'NONE',  #2376 ) ;
#8173 = CYLINDRICAL_SURFACE ( 'NONE', #5122, 38.00000000000000000 ) ;
#8174 = ORIENTED_EDGE ( 'NONE', *, *, #2457, .T. ) ;
#8175 = EDGE_CURVE ( 'NONE', #1638, #3060, #5849, .T. ) ;
#8176 = CARTESIAN_POINT ( 'NONE',  ( -23.92991758644667044, 107.0349506179167065, -24.86652367549357123 ) ) ;
#8177 = EDGE_LOOP ( 'NONE', ( #5234, #4570, #8019, #6715 ) ) ;
#8178 = ORIENTED_EDGE ( 'NONE', *, *, #7203, .T. ) ;
#8179 = CARTESIAN_POINT ( 'NONE',  ( -3.469446951953614189E-15, 85.95002665055245927, -27.13546265191242313 ) ) ;
#8180 = CARTESIAN_POINT ( 'NONE',  ( -3.587324159814371249, 110.0000000000050449, 37.83194950463811779 ) ) ;
#8181 = CARTESIAN_POINT ( 'NONE',  ( -33.50000000000000711, 102.3362239455569522, -9.123644951373629297 ) ) ;
#8182 = DIRECTION ( 'NONE',  ( 0.000000000000000000, -0.000000000000000000, 1.000000000000000000 ) ) ;
#8183 = CARTESIAN_POINT ( 'NONE',  ( 3.812573934246227481, 99.61636055733491446, -36.38015193797856739 ) ) ;
#8184 = ORIENTED_EDGE ( 'NONE', *, *, #3453, .F. ) ;
#8185 = CARTESIAN_POINT ( 'NONE',  ( 27.36713547119588341, 107.2580183663584705, 22.88204500446104817 ) ) ;
#8186 = ORIENTED_EDGE ( 'NONE', *, *, #5142, .F. ) ;
#8187 = ORIENTED_EDGE ( 'NONE', *, *, #2031, .T. ) ;
#8188 = EDGE_CURVE ( 'NONE', #752, #7991, #1945, .T. ) ;
#8189 = DIRECTION ( 'NONE',  ( 0.000000000000000000, 1.000000000000000000, 0.000000000000000000 ) ) ;
#8190 = ORIENTED_EDGE ( 'NONE', *, *, #5839, .F. ) ;
#8191 = ADVANCED_FACE ( 'NONE', ( #1360 ), #4453, .F. ) ;
#8192 = CARTESIAN_POINT ( 'NONE',  ( -3.500000000000010214, 110.0000000000000000, -36.50295964951001793 ) ) ;
#8193 = CYLINDRICAL_SURFACE ( 'NONE', #1151, 2.000000000000000888 ) ;
#8194 = CARTESIAN_POINT ( 'NONE',  ( -28.50000000000000711, 55.00000000000000711, -10.82773132595621846 ) ) ;
#8195 = ADVANCED_FACE ( 'NONE', ( #5035 ), #6990, .T. ) ;
#8196 = CARTESIAN_POINT ( 'NONE',  ( 2.327860450476308074, 105.2966849238512879, -36.87016854597521842 ) ) ;
#8197 = ORIENTED_EDGE ( 'NONE', *, *, #3118, .F. ) ;
#8198 = VECTOR ( 'NONE', #712, 1000.000000000000000 ) ;
#8199 = VERTEX_POINT ( 'NONE', #3744 ) ;
#8200 = ADVANCED_FACE ( 'NONE', ( #6280 ), #5663, .T. ) ;
#8201 = AXIS2_PLACEMENT_3D ( 'NONE', #2125, #6558, #5316 ) ;
#8202 = DIRECTION ( 'NONE',  ( 0.000000000000000000, 0.1208150920878808959, 0.9926750291630169754 ) ) ;
#8203 = CARTESIAN_POINT ( 'NONE',  ( 36.27641115243481806, 110.0000000000000000, -11.31468045945191037 ) ) ;
#8204 = DIRECTION ( 'NONE',  ( 0.000000000000000000, -0.1322104677095565783, 0.9912216665448855268 ) ) ;
#8205 = ADVANCED_FACE ( 'NONE', ( #1386 ), #8193, .T. ) ;
#8206 = FACE_OUTER_BOUND ( 'NONE', #7789, .T. ) ;
#8207 = CARTESIAN_POINT ( 'NONE',  ( 30.82254944043010170, 107.9020477225656975, 20.40081164510328904 ) ) ;
#8208 = CARTESIAN_POINT ( 'NONE',  ( -30.22590896625671775, 104.8778266705511726, -20.98082998305151747 ) ) ;
#8209 = VECTOR ( 'NONE', #8075, 1000.000000000000000 ) ;
#8210 = CARTESIAN_POINT ( 'NONE',  ( -3.500000000000010214, 47.44055772706986573, 36.50295964951001793 ) ) ;
#8211 = EDGE_CURVE ( 'NONE', #7186, #915, #561, .T. ) ;
#8212 = ORIENTED_EDGE ( 'NONE', *, *, #2192, .T. ) ;
#8213 = LINE ( 'NONE', #4149, #6949 ) ;
#8214 = CARTESIAN_POINT ( 'NONE',  ( 4.999999999999984013, 71.95002665055244506, 35.79571668975681575 ) ) ;
#8215 = VECTOR ( 'NONE', #5723, 1000.000000000000000 ) ;
#8216 = DIRECTION ( 'NONE',  ( -1.477860147117641871E-16, -0.6009664534901713040, 0.7992742469136897565 ) ) ;
#8217 = FACE_OUTER_BOUND ( 'NONE', #6148, .T. ) ;
#8218 = ORIENTED_EDGE ( 'NONE', *, *, #2192, .F. ) ;
#8219 = CARTESIAN_POINT ( 'NONE',  ( 12.80303762999565542, 46.15933448321798238, 31.29063081358204812 ) ) ;
#8220 = CIRCLE ( 'NONE', #2529, 33.00000000000000000 ) ;
ENDSEC;
END-ISO-10303-21;
