ISO-10303-21;
HEADER;
FILE_DESCRIPTION (( 'STEP AP203' ),
    '1' );
FILE_NAME ('Heatsink.STEP',
    '2026-01-09T05:57:21',
    ( '' ),
    ( '' ),
    'SwSTEP 2.0',
    'SolidWorks 2026',
    '' );
FILE_SCHEMA (( 'CONFIG_CONTROL_DESIGN' ));
ENDSEC;

DATA;
#1 = LINE ( 'NONE', #3206, #314 ) ;
#2 = CARTESIAN_POINT ( 'NONE',  ( 9.289310318467498107, 0.000000000000000000, 8.364132579485646701 ) ) ;
#3 = LINE ( 'NONE', #3309, #1836 ) ;
#4 = PLANE ( 'NONE',  #2570 ) ;
#5 = VECTOR ( 'NONE', #2626, 1000.000000000000000 ) ;
#6 = ORIENTED_EDGE ( 'NONE', *, *, #977, .T. ) ;
#7 = CARTESIAN_POINT ( 'NONE',  ( -9.186318383134763010, 180.7926290564130340, -8.478516711792666527 ) ) ;
#8 = LINE ( 'NONE', #1547, #4068 ) ;
#9 = EDGE_CURVE ( 'NONE', #4051, #3443, #711, .T. ) ;
#10 = ORIENTED_EDGE ( 'NONE', *, *, #770, .T. ) ;
#11 = ORIENTED_EDGE ( 'NONE', *, *, #771, .T. ) ;
#12 = DIRECTION ( 'NONE',  ( 0.000000000000000000, 0.000000000000000000, -1.000000000000000000 ) ) ;
#13 = ORIENTED_EDGE ( 'NONE', *, *, #1916, .F. ) ;
#14 = EDGE_CURVE ( 'NONE', #887, #1871, #2666, .T. ) ;
#15 = EDGE_CURVE ( 'NONE', #3371, #2478, #1731, .T. ) ;
#16 = DIRECTION ( 'NONE',  ( 0.8846129582076956988, -0.000000000000000000, 0.4663259741543780423 ) ) ;
#17 = FACE_OUTER_BOUND ( 'NONE', #3842, .T. ) ;
#18 = CARTESIAN_POINT ( 'NONE',  ( 5.224820071140023003, 50.00000000000000000, -11.35671371007826380 ) ) ;
#19 = EDGE_CURVE ( 'NONE', #3040, #3755, #1775, .T. ) ;
#20 = DIRECTION ( 'NONE',  ( -0.000000000000000000, -1.000000000000000000, 0.000000000000000000 ) ) ;
#21 = ORIENTED_EDGE ( 'NONE', *, *, #1422, .F. ) ;
#22 = CARTESIAN_POINT ( 'NONE',  ( -0.1539190321798746819, 0.000000000000000000, -12.50000000000000000 ) ) ;
#23 = CARTESIAN_POINT ( 'NONE',  ( 0.000000000000000000, 50.00000000000000000, 0.000000000000000000 ) ) ;
#24 = CARTESIAN_POINT ( 'NONE',  ( 0.2279186904424618243, 0.000000000000000000, -0.2343417753688082916 ) ) ;
#25 = VERTEX_POINT ( 'NONE', #1047 ) ;
#26 = CARTESIAN_POINT ( 'NONE',  ( 0.2092340361418253414, 0.000000000000000000, 0.2511655136674071365 ) ) ;
#27 = CARTESIAN_POINT ( 'NONE',  ( -0.9231105439640795440, 0.000000000000000000, 32.48688761521519552 ) ) ;
#28 = CYLINDRICAL_SURFACE ( 'NONE', #1849, 32.50000000000000000 ) ;
#29 = ORIENTED_EDGE ( 'NONE', *, *, #3484, .T. ) ;
#30 = ORIENTED_EDGE ( 'NONE', *, *, #3840, .F. ) ;
#31 = LINE ( 'NONE', #397, #2896 ) ;
#32 = VERTEX_POINT ( 'NONE', #789 ) ;
#33 = CARTESIAN_POINT ( 'NONE',  ( 5.224820071140023003, 180.7926290564130340, -11.35671371007826380 ) ) ;
#34 = CARTESIAN_POINT ( 'NONE',  ( 0.000000000000000000, 0.000000000000000000, 0.000000000000000000 ) ) ;
#35 = DIRECTION ( 'NONE',  ( 0.000000000000000000, -1.000000000000000000, 0.000000000000000000 ) ) ;
#36 = VECTOR ( 'NONE', #2132, 1000.000000000000000 ) ;
#37 = EDGE_CURVE ( 'NONE', #862, #3684, #3387, .T. ) ;
#38 = DIRECTION ( 'NONE',  ( 0.000000000000000000, -1.000000000000000000, -0.000000000000000000 ) ) ;
#39 = ORIENTED_EDGE ( 'NONE', *, *, #2001, .T. ) ;
#40 = DIRECTION ( 'NONE',  ( 0.000000000000000000, 0.000000000000000000, 1.000000000000000000 ) ) ;
#41 = FACE_OUTER_BOUND ( 'NONE', #1545, .T. ) ;
#42 = LINE ( 'NONE', #965, #3047 ) ;
#43 = EDGE_CURVE ( 'NONE', #3349, #3461, #4046, .T. ) ;
#44 = ORIENTED_EDGE ( 'NONE', *, *, #924, .F. ) ;
#45 = CARTESIAN_POINT ( 'NONE',  ( -0.1742157254725243409, 0.000000000000000000, -0.2766078056275595443 ) ) ;
#46 = LINE ( 'NONE', #1067, #944 ) ;
#47 = DIRECTION ( 'NONE',  ( -0.000000000000000000, -1.000000000000000000, -0.000000000000000000 ) ) ;
#48 = VERTEX_POINT ( 'NONE', #3767 ) ;
#49 = ORIENTED_EDGE ( 'NONE', *, *, #1337, .T. ) ;
#50 = ORIENTED_EDGE ( 'NONE', *, *, #1000, .T. ) ;
#51 = CARTESIAN_POINT ( 'NONE',  ( 27.67291469268417003, 50.00000000000000000, -17.04288098918210892 ) ) ;
#52 = AXIS2_PLACEMENT_3D ( 'NONE', #2262, #3878, #3834 ) ;
#53 = VECTOR ( 'NONE', #3200, 1000.000000000000000 ) ;
#54 = ORIENTED_EDGE ( 'NONE', *, *, #70, .F. ) ;
#55 = VECTOR ( 'NONE', #591, 1000.000000000000114 ) ;
#56 = DIRECTION ( 'NONE',  ( -0.000000000000000000, -1.000000000000000000, 0.000000000000000000 ) ) ;
#57 = DIRECTION ( 'NONE',  ( 0.000000000000000000, 0.000000000000000000, 1.000000000000000000 ) ) ;
#58 = CARTESIAN_POINT ( 'NONE',  ( -0.04664745434581726163, 0.000000000000000000, -0.3235537237292517299 ) ) ;
#59 = CIRCLE ( 'NONE', #2853, 32.50000000000000000 ) ;
#60 = DIRECTION ( 'NONE',  ( -0.8310226184039017916, 0.000000000000000000, -0.5562386247835753306 ) ) ;
#61 = VERTEX_POINT ( 'NONE', #560 ) ;
#62 = VECTOR ( 'NONE', #3188, 1000.000000000000114 ) ;
#63 = LINE ( 'NONE', #2698, #3946 ) ;
#64 = EDGE_CURVE ( 'NONE', #775, #3609, #2766, .T. ) ;
#65 = CYLINDRICAL_SURFACE ( 'NONE', #4148, 32.50000000000000000 ) ;
#66 = VECTOR ( 'NONE', #1306, 1000.000000000000000 ) ;
#67 = ORIENTED_EDGE ( 'NONE', *, *, #771, .F. ) ;
#68 = LINE ( 'NONE', #1947, #3266 ) ;
#69 = EDGE_CURVE ( 'NONE', #3048, #452, #853, .T. ) ;
#70 = EDGE_CURVE ( 'NONE', #2840, #862, #2080, .T. ) ;
#71 = DIRECTION ( 'NONE',  ( 0.9897664470031871664, 0.000000000000000000, 0.1426968128119441015 ) ) ;
#72 = AXIS2_PLACEMENT_3D ( 'NONE', #3590, #88, #3052 ) ;
#73 = CARTESIAN_POINT ( 'NONE',  ( 2.448340603188076336, 180.7926290564130340, 12.25884657540210121 ) ) ;
#74 = ORIENTED_EDGE ( 'NONE', *, *, #972, .T. ) ;
#75 = ORIENTED_EDGE ( 'NONE', *, *, #360, .F. ) ;
#76 = FACE_OUTER_BOUND ( 'NONE', #3165, .T. ) ;
#77 = EDGE_LOOP ( 'NONE', ( #1611, #1639, #1343, #2218 ) ) ;
#78 = CARTESIAN_POINT ( 'NONE',  ( 9.186318383134819854, 0.000000000000000000, 8.478516711792604355 ) ) ;
#79 = CARTESIAN_POINT ( 'NONE',  ( -0.02164250622222797446, 0.000000000000000000, 0.3261818496796393685 ) ) ;
#80 = CARTESIAN_POINT ( 'NONE',  ( 12.44761261200481250, 180.7926290564130340, -1.153529943229024912 ) ) ;
#81 = VERTEX_POINT ( 'NONE', #2199 ) ;
#82 = CARTESIAN_POINT ( 'NONE',  ( -11.88820645368943296, 50.00000000000000000, -3.862712429686812499 ) ) ;
#83 = LINE ( 'NONE', #2284, #1148 ) ;
#84 = EDGE_CURVE ( 'NONE', #3510, #1208, #2113, .T. ) ;
#85 = VERTEX_POINT ( 'NONE', #1860 ) ;
#86 = CARTESIAN_POINT ( 'NONE',  ( 10.74835803121561106, 50.00000000000000000, 6.383297791993578052 ) ) ;
#87 = CARTESIAN_POINT ( 'NONE',  ( -7.657342097276495174, 180.7926290564130340, -31.58504570212424056 ) ) ;
#88 = DIRECTION ( 'NONE',  ( 0.9854195692347137436, 0.000000000000000000, -0.1701419189067505666 ) ) ;
#89 = ADVANCED_FACE ( 'NONE', ( #2152 ), #3161, .T. ) ;
#90 = VERTEX_POINT ( 'NONE', #1216 ) ;
#91 = EDGE_CURVE ( 'NONE', #2214, #1208, #236, .T. ) ;
#92 = EDGE_LOOP ( 'NONE', ( #2725, #3333, #589, #1763 ) ) ;
#93 = VERTEX_POINT ( 'NONE', #1540 ) ;
#94 = CARTESIAN_POINT ( 'NONE',  ( 0.000000000000000000, 50.00000000000000000, 0.000000000000000000 ) ) ;
#95 = ADVANCED_FACE ( 'NONE', ( #3452 ), #2836, .T. ) ;
#96 = ORIENTED_EDGE ( 'NONE', *, *, #1533, .F. ) ;
#97 = VERTEX_POINT ( 'NONE', #2467 ) ;
#98 = LINE ( 'NONE', #3344, #1229 ) ;
#99 = APPROVAL_ROLE ( '' ) ;
#100 = VERTEX_POINT ( 'NONE', #493 ) ;
#101 = DIRECTION ( 'NONE',  ( 0.3090169943749383474, 0.000000000000000000, -0.9510565162951566398 ) ) ;
#102 = CIRCLE ( 'NONE', #1191, 32.50000000000000000 ) ;
#103 = LINE ( 'NONE', #2111, #1140 ) ;
#104 = VERTEX_POINT ( 'NONE', #4114 ) ;
#105 = FACE_OUTER_BOUND ( 'NONE', #2156, .T. ) ;
#106 = CARTESIAN_POINT ( 'NONE',  ( 9.186318383134640442, 50.00000000000000000, -8.478516711792799754 ) ) ;
#107 = CARTESIAN_POINT ( 'NONE',  ( 11.93577005039070471, 0.000000000000000000, -3.716326731150463303 ) ) ;
#108 = VERTEX_POINT ( 'NONE', #2863 ) ;
#109 = VERTEX_POINT ( 'NONE', #3141 ) ;
#110 = EDGE_CURVE ( 'NONE', #452, #4032, #216, .T. ) ;
#111 = ORIENTED_EDGE ( 'NONE', *, *, #903, .T. ) ;
#112 = FACE_OUTER_BOUND ( 'NONE', #522, .T. ) ;
#113 = EDGE_CURVE ( 'NONE', #556, #81, #1517, .T. ) ;
#114 = EDGE_CURVE ( 'NONE', #2521, #2692, #3817, .T. ) ;
#115 = VERTEX_POINT ( 'NONE', #2489 ) ;
#116 = APPROVAL_PERSON_ORGANIZATION ( #3023, #1466, #441 ) ;
#117 = VECTOR ( 'NONE', #2539, 1000.000000000000000 ) ;
#118 = CARTESIAN_POINT ( 'NONE',  ( 12.37030416825326995, 180.7926290564130340, 30.05371149766524397 ) ) ;
#119 = EDGE_CURVE ( 'NONE', #2662, #2136, #1401, .T. ) ;
#120 = APPROVAL_STATUS ( 'not_yet_approved' ) ;
#121 = AXIS2_PLACEMENT_3D ( 'NONE', #455, #2804, #3776 ) ;
#122 = ORIENTED_EDGE ( 'NONE', *, *, #793, .F. ) ;
#123 = CARTESIAN_POINT ( 'NONE',  ( 11.84064285698813634, 180.7926290564130340, 4.009098128223234525 ) ) ;
#124 = PLANE ( 'NONE',  #3131 ) ;
#125 = CIRCLE ( 'NONE', #2576, 32.50000000000000000 ) ;
#126 = AXIS2_PLACEMENT_3D ( 'NONE', #985, #694, #1329 ) ;
#127 = VERTEX_POINT ( 'NONE', #3093 ) ;
#128 = LINE ( 'NONE', #3029, #1016 ) ;
#129 = CARTESIAN_POINT ( 'NONE',  ( 7.471838766447048030, 180.7926290564130340, -10.02224109252447803 ) ) ;
#130 = DIRECTION ( 'NONE',  ( -0.3713041585673813039, 0.000000000000000000, -0.9285112933241947974 ) ) ;
#131 = CIRCLE ( 'NONE', #2789, 32.50000000000000000 ) ;
#132 = ORIENTED_EDGE ( 'NONE', *, *, #4132, .F. ) ;
#133 = VERTEX_POINT ( 'NONE', #1495 ) ;
#134 = ORIENTED_EDGE ( 'NONE', *, *, #119, .T. ) ;
#135 = AXIS2_PLACEMENT_3D ( 'NONE', #1165, #2808, #576 ) ;
#136 = DIRECTION ( 'NONE',  ( 0.6972142673703927152, 0.000000000000000000, -0.7168627939676925909 ) ) ;
#137 = CARTESIAN_POINT ( 'NONE',  ( 0.000000000000000000, 50.00000000000000000, 0.000000000000000000 ) ) ;
#138 = CC_DESIGN_PERSON_AND_ORGANIZATION_ASSIGNMENT ( #762, #3683, ( #1391 ) ) ;
#139 = EDGE_CURVE ( 'NONE', #1510, #1313, #4093, .T. ) ;
#140 = AXIS2_PLACEMENT_3D ( 'NONE', #3075, #2092, #1476 ) ;
#141 = ORIENTED_EDGE ( 'NONE', *, *, #996, .T. ) ;
#142 = DIRECTION ( 'NONE',  ( -0.5562386247835870989, 0.000000000000000000, -0.8310226184038939090 ) ) ;
#143 = PERSON_AND_ORGANIZATION_ROLE ( 'design_supplier' ) ;
#144 = ADVANCED_FACE ( 'NONE', ( #169 ), #4163, .T. ) ;
#145 = ADVANCED_FACE ( 'NONE', ( #515 ), #836, .T. ) ;
#146 = ORIENTED_EDGE ( 'NONE', *, *, #1692, .T. ) ;
#147 = EDGE_CURVE ( 'NONE', #1163, #4197, #2242, .T. ) ;
#148 = DIRECTION ( 'NONE',  ( 0.000000000000000000, -0.000000000000000000, 1.000000000000000000 ) ) ;
#149 = CARTESIAN_POINT ( 'NONE',  ( -4.943596005754852030, 180.7926290564130340, -11.48192273098682215 ) ) ;
#150 = ORIENTED_EDGE ( 'NONE', *, *, #1663, .F. ) ;
#151 = LINE ( 'NONE', #2035, #2787 ) ;
#152 = CARTESIAN_POINT ( 'NONE',  ( -10.82531754730549878, 50.00000000000000000, -6.249999999999975131 ) ) ;
#153 = DIRECTION ( 'NONE',  ( 0.1701419189067438220, 0.000000000000000000, 0.9854195692347149649 ) ) ;
#154 = ORIENTED_EDGE ( 'NONE', *, *, #114, .F. ) ;
#155 = ORIENTED_EDGE ( 'NONE', *, *, #3428, .F. ) ;
#156 = ORIENTED_EDGE ( 'NONE', *, *, #2712, .F. ) ;
#157 = CYLINDRICAL_SURFACE ( 'NONE', #166, 32.50000000000000000 ) ;
#158 = CARTESIAN_POINT ( 'NONE',  ( 2.184465970885645092, 50.00001200000000523, 1.259047450927248901 ) ) ;
#159 = ORIENTED_EDGE ( 'NONE', *, *, #662, .F. ) ;
#160 = DIRECTION ( 'NONE',  ( 0.000000000000000000, 0.000000000000000000, 1.000000000000000000 ) ) ;
#161 = DIRECTION ( 'NONE',  ( 0.6400570086392272096, 0.000000000000000000, -0.7683274208902115543 ) ) ;
#162 = ORIENTED_EDGE ( 'NONE', *, *, #2382, .T. ) ;
#163 = EDGE_CURVE ( 'NONE', #681, #3001, #1668, .T. ) ;
#164 = CARTESIAN_POINT ( 'NONE',  ( -11.84064285698810970, 0.000000000000000000, -4.009098128223316237 ) ) ;
#165 = CARTESIAN_POINT ( 'NONE',  ( -24.76014394513165939, 50.00000000000000000, 21.05196598459062329 ) ) ;
#166 = AXIS2_PLACEMENT_3D ( 'NONE', #759, #1741, #3037 ) ;
#167 = EDGE_CURVE ( 'NONE', #970, #3358, #2966, .T. ) ;
#168 = VECTOR ( 'NONE', #875, 999.9999999999998863 ) ;
#169 = FACE_OUTER_BOUND ( 'NONE', #4076, .T. ) ;
#170 = CARTESIAN_POINT ( 'NONE',  ( 12.44761261200481250, 180.7926290564130340, -1.153529943229024912 ) ) ;
#171 = LINE ( 'NONE', #3883, #2168 ) ;
#172 = CARTESIAN_POINT ( 'NONE',  ( 0.000000000000000000, 50.00000000000000000, 0.000000000000000000 ) ) ;
#173 = EDGE_CURVE ( 'NONE', #616, #207, #4052, .T. ) ;
#174 = ORIENTED_EDGE ( 'NONE', *, *, #4042, .F. ) ;
#175 = AXIS2_PLACEMENT_3D ( 'NONE', #2124, #847, #2326 ) ;
#176 = ORIENTED_EDGE ( 'NONE', *, *, #722, .T. ) ;
#177 = EDGE_LOOP ( 'NONE', ( #2753, #3567, #1999, #2902 ) ) ;
#178 = CARTESIAN_POINT ( 'NONE',  ( -14.05691105693384380, 50.00000000000000000, -29.30278572998566844 ) ) ;
#179 = DIRECTION ( 'NONE',  ( -0.5000000000000101030, 0.000000000000000000, -0.8660254037844328234 ) ) ;
#180 = ORIENTED_EDGE ( 'NONE', *, *, #191, .F. ) ;
#181 = VERTEX_POINT ( 'NONE', #603 ) ;
#182 = DIRECTION ( 'NONE',  ( 0.000000000000000000, -1.000000000000000000, -0.000000000000000000 ) ) ;
#183 = CARTESIAN_POINT ( 'NONE',  ( -30.61160931482707426, 180.7926290564130340, 10.91693066554845259 ) ) ;
#184 = PERSON_AND_ORGANIZATION ( #18446744073709551615, #2903 ) ;
#185 = AXIS2_PLACEMENT_3D ( 'NONE', #3090, #2401, #1813 ) ;
#186 = ORIENTED_EDGE ( 'NONE', *, *, #456, .T. ) ;
#187 = DIRECTION ( 'NONE',  ( -0.6691306063588671194, 0.000000000000000000, -0.7431448254773862505 ) ) ;
#188 = FACE_OUTER_BOUND ( 'NONE', #3216, .T. ) ;
#189 = AXIS2_PLACEMENT_3D ( 'NONE', #1040, #3622, #2344 ) ;
#190 = CC_DESIGN_DATE_AND_TIME_ASSIGNMENT ( #2048, #2418, ( #1391 ) ) ;
#191 = EDGE_CURVE ( 'NONE', #973, #2955, #1122, .T. ) ;
#192 = CARTESIAN_POINT ( 'NONE',  ( 0.000000000000000000, 50.00000000000000000, 0.000000000000000000 ) ) ;
#193 = AXIS2_PLACEMENT_3D ( 'NONE', #3990, #2997, #1675 ) ;
#194 = CARTESIAN_POINT ( 'NONE',  ( 0.000000000000000000, 50.00000000000000000, 0.000000000000000000 ) ) ;
#195 = CARTESIAN_POINT ( 'NONE',  ( -0.1128986973196322574, 0.000000000000000000, -0.3067847474688737974 ) ) ;
#196 = LINE ( 'NONE', #2470, #3815 ) ;
#197 = ORIENTED_EDGE ( 'NONE', *, *, #4188, .T. ) ;
#198 = AXIS2_PLACEMENT_3D ( 'NONE', #1085, #1429, #445 ) ;
#199 = EDGE_CURVE ( 'NONE', #3349, #1673, #643, .T. ) ;
#200 = EDGE_LOOP ( 'NONE', ( #3187, #3863, #3918, #2802 ) ) ;
#201 = ADVANCED_FACE ( 'NONE', ( #347 ), #627, .T. ) ;
#202 = EDGE_LOOP ( 'NONE', ( #1724, #3822, #3152, #3712 ) ) ;
#203 = CARTESIAN_POINT ( 'NONE',  ( -10.82531754730545615, 0.000000000000000000, 6.250000000000050626 ) ) ;
#204 = CARTESIAN_POINT ( 'NONE',  ( 0.000000000000000000, 0.000000000000000000, 12.50000000000000000 ) ) ;
#205 = AXIS2_PLACEMENT_3D ( 'NONE', #1048, #1066, #1732 ) ;
#206 = VECTOR ( 'NONE', #2923, 1000.000000000000114 ) ;
#207 = VERTEX_POINT ( 'NONE', #366 ) ;
#208 = ORIENTED_EDGE ( 'NONE', *, *, #2859, .F. ) ;
#209 = LINE ( 'NONE', #3807, #1470 ) ;
#210 = CARTESIAN_POINT ( 'NONE',  ( 0.000000000000000000, 50.00000000000000000, 0.000000000000000000 ) ) ;
#211 = VECTOR ( 'NONE', #374, 1000.000000000000000 ) ;
#212 = ORIENTED_EDGE ( 'NONE', *, *, #3063, .T. ) ;
#213 = DIRECTION ( 'NONE',  ( -0.000000000000000000, -1.000000000000000000, 0.000000000000000000 ) ) ;
#214 = LINE ( 'NONE', #3833, #3136 ) ;
#215 = CARTESIAN_POINT ( 'NONE',  ( -0.04664745434581726163, 50.00000000000000000, -0.3235537237292517299 ) ) ;
#216 = LINE ( 'NONE', #2815, #3710 ) ;
#217 = PLANE ( 'NONE',  #3942 ) ;
#218 = EDGE_CURVE ( 'NONE', #252, #3510, #3520, .T. ) ;
#219 = LINE ( 'NONE', #3691, #2102 ) ;
#220 = CARTESIAN_POINT ( 'NONE',  ( 0.000000000000000000, 0.000000000000000000, 0.000000000000000000 ) ) ;
#221 = VERTEX_POINT ( 'NONE', #1626 ) ;
#222 = ORIENTED_EDGE ( 'NONE', *, *, #1445, .F. ) ;
#223 = ORIENTED_EDGE ( 'NONE', *, *, #537, .T. ) ;
#224 = CARTESIAN_POINT ( 'NONE',  ( 0.000000000000000000, 50.00000000000000000, 0.000000000000000000 ) ) ;
#225 = DIRECTION ( 'NONE',  ( 1.000000000000000000, 0.000000000000000000, 0.000000000000000000 ) ) ;
#226 = EDGE_CURVE ( 'NONE', #2544, #2828, #1902, .T. ) ;
#227 = EDGE_LOOP ( 'NONE', ( #391, #2288, #3111, #2977 ) ) ;
#228 = VERTEX_POINT ( 'NONE', #2926 ) ;
#229 = VERTEX_POINT ( 'NONE', #3288 ) ;
#230 = PLANE ( 'NONE',  #2614 ) ;
#231 = CARTESIAN_POINT ( 'NONE',  ( 31.18212300637024370, 180.7926290564130340, -9.161070069353028700 ) ) ;
#232 = VERTEX_POINT ( 'NONE', #962 ) ;
#233 = DIRECTION ( 'NONE',  ( -0.6184622884358139672, 0.000000000000000000, -0.7858144805122491139 ) ) ;
#234 = CARTESIAN_POINT ( 'NONE',  ( 2.749451667255840448, 180.7926290564130340, -12.19484344294305700 ) ) ;
#235 = DIRECTION ( 'NONE',  ( -0.5329343072475669629, -0.000000000000000000, 0.8461566191660713221 ) ) ;
#236 = LINE ( 'NONE', #4137, #36 ) ;
#237 = CYLINDRICAL_SURFACE ( 'NONE', #1640, 32.50000000000000000 ) ;
#238 = LINE ( 'NONE', #303, #2505 ) ;
#239 = CYLINDRICAL_SURFACE ( 'NONE', #1984, 2.500000000000000000 ) ;
#240 = CIRCLE ( 'NONE', #785, 32.50000000000000000 ) ;
#241 = ORIENTED_EDGE ( 'NONE', *, *, #3763, .F. ) ;
#242 = ORIENTED_EDGE ( 'NONE', *, *, #4022, .T. ) ;
#243 = CARTESIAN_POINT ( 'NONE',  ( -5.224820071140182876, 0.000000000000000000, -11.35671371007818742 ) ) ;
#244 = DIRECTION ( 'NONE',  ( -0.6184622884358027539, 0.000000000000000000, 0.7858144805122578846 ) ) ;
#245 = AXIS2_PLACEMENT_3D ( 'NONE', #538, #4067, #3791 ) ;
#246 = EDGE_CURVE ( 'NONE', #3580, #859, #3563, .T. ) ;
#247 = ORIENTED_EDGE ( 'NONE', *, *, #1612, .T. ) ;
#248 = EDGE_LOOP ( 'NONE', ( #2627, #4104, #1722, #1953 ) ) ;
#249 = CARTESIAN_POINT ( 'NONE',  ( -0.2279186904424639337, 50.00000000000000000, -0.2343417753688038230 ) ) ;
#250 = EDGE_CURVE ( 'NONE', #3849, #859, #1, .T. ) ;
#251 = LINE ( 'NONE', #2761, #2050 ) ;
#252 = VERTEX_POINT ( 'NONE', #2264 ) ;
#253 = EDGE_CURVE ( 'NONE', #1871, #2331, #102, .T. ) ;
#254 = EDGE_CURVE ( 'NONE', #1509, #361, #2280, .T. ) ;
#255 = CARTESIAN_POINT ( 'NONE',  ( 32.40541237228661231, 0.000000000000000000, -2.477750790950143944 ) ) ;
#256 = CARTESIAN_POINT ( 'NONE',  ( -7.347315653655861922, 50.00000000000000000, 10.11271242968688178 ) ) ;
#257 = LINE ( 'NONE', #2535, #329 ) ;
#258 = CARTESIAN_POINT ( 'NONE',  ( 2.598896135221836712, 0.000000000000000000, -12.22684500917260664 ) ) ;
#259 = FACE_OUTER_BOUND ( 'NONE', #1447, .T. ) ;
#260 = VECTOR ( 'NONE', #3599, 1000.000000000000114 ) ;
#261 = LINE ( 'NONE', #1564, #876 ) ;
#262 = DIRECTION ( 'NONE',  ( -0.000000000000000000, -1.000000000000000000, -0.000000000000000000 ) ) ;
#263 = AXIS2_PLACEMENT_3D ( 'NONE', #2601, #3269, #2330 ) ;
#264 = VECTOR ( 'NONE', #373, 1000.000000000000000 ) ;
#265 = ORIENTED_EDGE ( 'NONE', *, *, #4132, .T. ) ;
#266 = ORIENTED_EDGE ( 'NONE', *, *, #4212, .T. ) ;
#267 = CARTESIAN_POINT ( 'NONE',  ( 12.44761261200481250, 0.000000000000000000, -1.153529943229024912 ) ) ;
#268 = PLANE ( 'NONE',  #741 ) ;
#269 = VECTOR ( 'NONE', #1925, 1000.000000000000114 ) ;
#270 = ORIENTED_EDGE ( 'NONE', *, *, #3428, .T. ) ;
#271 = VECTOR ( 'NONE', #885, 1000.000000000000114 ) ;
#272 = DIRECTION ( 'NONE',  ( -1.000000000000000000, 0.000000000000000000, 0.000000000000000000 ) ) ;
#273 = LINE ( 'NONE', #394, #2720 ) ;
#274 = ADVANCED_FACE ( 'NONE', ( #1585 ), #2555, .T. ) ;
#275 = AXIS2_PLACEMENT_3D ( 'NONE', #466, #1772, #148 ) ;
#276 = ORIENTED_EDGE ( 'NONE', *, *, #1642, .F. ) ;
#277 = AXIS2_PLACEMENT_3D ( 'NONE', #1033, #2355, #2335 ) ;
#278 = CARTESIAN_POINT ( 'NONE',  ( -14.05691105693384380, 0.000000000000000000, -29.30278572998566844 ) ) ;
#279 = CARTESIAN_POINT ( 'NONE',  ( 7.222792540864527489, 180.7926290564130340, -10.20318376684939210 ) ) ;
#280 = DIRECTION ( 'NONE',  ( -0.000000000000000000, -1.000000000000000000, 0.000000000000000000 ) ) ;
#281 = EDGE_CURVE ( 'NONE', #2227, #1739, #1606, .T. ) ;
#282 = VECTOR ( 'NONE', #130, 1000.000000000000114 ) ;
#283 = DIRECTION ( 'NONE',  ( 0.000000000000000000, -1.000000000000000000, 0.000000000000000000 ) ) ;
#284 = CARTESIAN_POINT ( 'NONE',  ( -0.2279186904424640447, 50.00000000000000000, 0.2343417753688073757 ) ) ;
#285 = DIRECTION ( 'NONE',  ( -0.8090169943749466741, 0.000000000000000000, 0.5877852522924741363 ) ) ;
#286 = DIRECTION ( 'NONE',  ( 0.2722142569187113170, 0.000000000000000000, 0.9622366644075635023 ) ) ;
#287 = ORIENTED_EDGE ( 'NONE', *, *, #2027, .T. ) ;
#288 = LINE ( 'NONE', #1593, #882 ) ;
#289 = CARTESIAN_POINT ( 'NONE',  ( -0.2716605149648507744, 0.000000000000000000, 0.1818338850298365228 ) ) ;
#290 = ORIENTED_EDGE ( 'NONE', *, *, #2541, .F. ) ;
#291 = ORIENTED_EDGE ( 'NONE', *, *, #2592, .F. ) ;
#292 = ORIENTED_EDGE ( 'NONE', *, *, #1642, .T. ) ;
#293 = LINE ( 'NONE', #249, #1803 ) ;
#294 = ORIENTED_EDGE ( 'NONE', *, *, #795, .T. ) ;
#295 = LINE ( 'NONE', #1514, #3386 ) ;
#296 = CARTESIAN_POINT ( 'NONE',  ( -11.93577005039072780, 180.7926290564130340, 3.716326731150388252 ) ) ;
#297 = LINE ( 'NONE', #215, #3385 ) ;
#298 = ORIENTED_EDGE ( 'NONE', *, *, #1730, .T. ) ;
#299 = ADVANCED_FACE ( 'NONE', ( #2904 ), #687, .T. ) ;
#300 = CARTESIAN_POINT ( 'NONE',  ( 0.000000000000000000, 0.000000000000000000, 0.000000000000000000 ) ) ;
#301 = PLANE ( 'NONE',  #1083 ) ;
#302 = EDGE_CURVE ( 'NONE', #4125, #2544, #1615, .T. ) ;
#303 = CARTESIAN_POINT ( 'NONE',  ( 0.3266572492947957262, 0.000000000000000000, 0.01257134118416023023 ) ) ;
#304 = LINE ( 'NONE', #2642, #1209 ) ;
#305 = VECTOR ( 'NONE', #1550, 1000.000000000000114 ) ;
#306 = ORIENTED_EDGE ( 'NONE', *, *, #37, .T. ) ;
#307 = LINE ( 'NONE', #651, #952 ) ;
#308 = EDGE_CURVE ( 'NONE', #1935, #1822, #2554, .T. ) ;
#309 = FACE_OUTER_BOUND ( 'NONE', #2205, .T. ) ;
#310 = VECTOR ( 'NONE', #1823, 1000.000000000000000 ) ;
#311 = EDGE_LOOP ( 'NONE', ( #2565, #44, #3959, #1403 ) ) ;
#312 = ORIENTED_EDGE ( 'NONE', *, *, #1532, .T. ) ;
#313 = ORIENTED_EDGE ( 'NONE', *, *, #218, .F. ) ;
#314 = VECTOR ( 'NONE', #283, 1000.000000000000000 ) ;
#315 = PLANE ( 'NONE',  #3841 ) ;
#316 = AXIS2_PLACEMENT_3D ( 'NONE', #300, #4202, #828 ) ;
#317 = ORIENTED_EDGE ( 'NONE', *, *, #2848, .T. ) ;
#318 = CARTESIAN_POINT ( 'NONE',  ( 28.59602523664860740, 180.7926290564130340, 15.44400662603314522 ) ) ;
#319 = DIRECTION ( 'NONE',  ( 0.000000000000000000, -1.000000000000000000, 0.000000000000000000 ) ) ;
#320 = CARTESIAN_POINT ( 'NONE',  ( -0.2933030211870767956, 0.000000000000000000, 0.1443479646498056490 ) ) ;
#321 = ADVANCED_BREP_SHAPE_REPRESENTATION ( 'Heatsink', ( #2811, #3793 ), #1348 ) ;
#322 = CARTESIAN_POINT ( 'NONE',  ( -9.392302253800131950, 180.7926290564130340, -8.249748447178747668 ) ) ;
#323 = CARTESIAN_POINT ( 'NONE',  ( -32.40541237228663363, 0.000000000000000000, 2.477750790949932114 ) ) ;
#324 = CARTESIAN_POINT ( 'NONE',  ( 0.2716605149648548267, 50.00000000000000000, 0.1818338850298336917 ) ) ;
#325 = LINE ( 'NONE', #2620, #4142 ) ;
#326 = ADVANCED_FACE ( 'NONE', ( #3107 ), #2103, .T. ) ;
#327 = EDGE_CURVE ( 'NONE', #3492, #1244, #3963, .T. ) ;
#328 = PRODUCT_DEFINITION_SHAPE ( 'NONE', 'NONE',  #1391 ) ;
#329 = VECTOR ( 'NONE', #1859, 1000.000000000000114 ) ;
#330 = VERTEX_POINT ( 'NONE', #726 ) ;
#331 = LINE ( 'NONE', #2249, #4151 ) ;
#332 = DIRECTION ( 'NONE',  ( 0.000000000000000000, 0.000000000000000000, -1.000000000000000000 ) ) ;
#333 = AXIS2_PLACEMENT_3D ( 'NONE', #2779, #1440, #4056 ) ;
#334 = EDGE_CURVE ( 'NONE', #2674, #1426, #2148, .T. ) ;
#335 = ADVANCED_FACE ( 'NONE', ( #3425 ), #3404, .T. ) ;
#336 = EDGE_LOOP ( 'NONE', ( #2825, #3656, #1367, #49 ) ) ;
#337 = ORIENTED_EDGE ( 'NONE', *, *, #1081, .T. ) ;
#338 = CARTESIAN_POINT ( 'NONE',  ( 0.000000000000000000, 50.00000000000000000, 0.000000000000000000 ) ) ;
#339 = CIRCLE ( 'NONE', #1966, 32.50000000000000000 ) ;
#340 = AXIS2_PLACEMENT_3D ( 'NONE', #963, #2577, #2556 ) ;
#341 = ORIENTED_EDGE ( 'NONE', *, *, #2179, .T. ) ;
#342 = CARTESIAN_POINT ( 'NONE',  ( 0.04664745434581284850, 0.000000000000000000, -0.3235537237292536172 ) ) ;
#343 = CARTESIAN_POINT ( 'NONE',  ( -0.2279186904424640447, 0.000000000000000000, 0.2343417753688073757 ) ) ;
#344 = DIRECTION ( 'NONE',  ( -0.6691306063588671194, 0.000000000000000000, -0.7431448254773862505 ) ) ;
#345 = VECTOR ( 'NONE', #665, 1000.000000000000114 ) ;
#346 = VECTOR ( 'NONE', #319, 1000.000000000000000 ) ;
#347 = FACE_OUTER_BOUND ( 'NONE', #3700, .T. ) ;
#348 = ORIENTED_EDGE ( 'NONE', *, *, #364, .F. ) ;
#349 = CARTESIAN_POINT ( 'NONE',  ( -11.88820645368940632, 50.00000000000000000, 3.862712429686893323 ) ) ;
#350 = CARTESIAN_POINT ( 'NONE',  ( -10.74835803121551869, 180.7926290564130340, 6.383297791993737924 ) ) ;
#351 = DIRECTION ( 'NONE',  ( 0.4415673862654548865, -0.000000000000000000, 0.8972280888306465307 ) ) ;
#352 = VECTOR ( 'NONE', #4177, 1000.000000000000000 ) ;
#353 = ORIENTED_EDGE ( 'NONE', *, *, #2993, .F. ) ;
#354 = CARTESIAN_POINT ( 'NONE',  ( -9.392302253800131950, 50.00000000000000000, -8.249748447178747668 ) ) ;
#355 = CARTESIAN_POINT ( 'NONE',  ( -9.392302253800131950, 0.000000000000000000, -8.249748447178747668 ) ) ;
#356 = DIRECTION ( 'NONE',  ( 0.000000000000000000, 0.000000000000000000, -1.000000000000000000 ) ) ;
#357 = VERTEX_POINT ( 'NONE', #485 ) ;
#358 = ORIENTED_EDGE ( 'NONE', *, *, #2640, .F. ) ;
#359 = LINE ( 'NONE', #679, #2011 ) ;
#360 = EDGE_CURVE ( 'NONE', #4061, #3510, #1828, .T. ) ;
#361 = VERTEX_POINT ( 'NONE', #2439 ) ;
#362 = DIRECTION ( 'NONE',  ( 0.000000000000000000, -1.000000000000000000, -0.000000000000000000 ) ) ;
#363 = DIRECTION ( 'NONE',  ( 0.9285112933241947974, 0.000000000000000000, -0.3713041585673813039 ) ) ;
#364 = EDGE_CURVE ( 'NONE', #1509, #821, #2028, .T. ) ;
#365 = PLANE ( 'NONE',  #2094 ) ;
#366 = CARTESIAN_POINT ( 'NONE',  ( 0.9231105439640797661, 50.00000000000000000, -32.48688761521519552 ) ) ;
#367 = ORIENTED_EDGE ( 'NONE', *, *, #3783, .T. ) ;
#368 = CARTESIAN_POINT ( 'NONE',  ( 0.000000000000000000, 50.00000000000000000, 0.000000000000000000 ) ) ;
#369 = CARTESIAN_POINT ( 'NONE',  ( 0.1524415238222751046, 0.000000000000000000, 0.2891791468117193009 ) ) ;
#370 = CARTESIAN_POINT ( 'NONE',  ( 32.40541237228666205, 180.7926290564130340, 2.477750790949469817 ) ) ;
#371 = ORIENTED_EDGE ( 'NONE', *, *, #1888, .F. ) ;
#372 = DIRECTION ( 'NONE',  ( 0.8090169943749426773, 0.000000000000000000, -0.5877852522924797984 ) ) ;
#373 = DIRECTION ( 'NONE',  ( -0.9781476007338055778, 0.000000000000000000, 0.2079116908177597867 ) ) ;
#374 = DIRECTION ( 'NONE',  ( 0.000000000000000000, -1.000000000000000000, 0.000000000000000000 ) ) ;
#375 = ORIENTED_EDGE ( 'NONE', *, *, #302, .F. ) ;
#376 = VERTEX_POINT ( 'NONE', #2760 ) ;
#377 = CARTESIAN_POINT ( 'NONE',  ( 10.90227706339534386, 180.7926290564130340, -6.116702208006449482 ) ) ;
#378 = EDGE_CURVE ( 'NONE', #4089, #228, #707, .T. ) ;
#379 = EDGE_LOOP ( 'NONE', ( #3531, #1356, #3511, #1270 ) ) ;
#380 = EDGE_CURVE ( 'NONE', #2758, #2828, #1463, .T. ) ;
#381 = LINE ( 'NONE', #2276, #675 ) ;
#382 = CARTESIAN_POINT ( 'NONE',  ( -12.44761261200482849, 0.000000000000000000, -1.153529943228850829 ) ) ;
#383 = FACE_OUTER_BOUND ( 'NONE', #490, .T. ) ;
#384 = AXIS2_PLACEMENT_3D ( 'NONE', #2661, #60, #2988 ) ;
#385 = EDGE_CURVE ( 'NONE', #2101, #1120, #1806, .T. ) ;
#386 = EDGE_CURVE ( 'NONE', #638, #1529, #387, .T. ) ;
#387 = LINE ( 'NONE', #1139, #3649 ) ;
#388 = ORIENTED_EDGE ( 'NONE', *, *, #3539, .T. ) ;
#389 = CARTESIAN_POINT ( 'NONE',  ( -7.347315653655861922, 0.000000000000000000, 10.11271242968688178 ) ) ;
#390 = PLANE ( 'NONE',  #4008 ) ;
#391 = ORIENTED_EDGE ( 'NONE', *, *, #2452, .F. ) ;
#392 = CARTESIAN_POINT ( 'NONE',  ( 0.04664745434581963474, 50.00000000000000000, 0.3235537237292531176 ) ) ;
#393 = PLANE ( 'NONE',  #193 ) ;
#394 = CARTESIAN_POINT ( 'NONE',  ( 0.3221327334614539351, 0.000000000000000000, -0.05561923380146917978 ) ) ;
#395 = EDGE_LOOP ( 'NONE', ( #1503, #3382, #2941, #1600 ) ) ;
#396 = ORIENTED_EDGE ( 'NONE', *, *, #905, .F. ) ;
#397 = CARTESIAN_POINT ( 'NONE',  ( 12.41543477220202618, 180.7926290564130340, 1.459681638462315911 ) ) ;
#398 = PRODUCT_DEFINITION_FORMATION_WITH_SPECIFIED_SOURCE ( 'Symmetric', '', #1591, .NOT_KNOWN. ) ;
#399 = VECTOR ( 'NONE', #233, 1000.000000000000000 ) ;
#400 = ORIENTED_EDGE ( 'NONE', *, *, #1718, .T. ) ;
#401 = CIRCLE ( 'NONE', #4143, 32.50000000000000000 ) ;
#402 = EDGE_CURVE ( 'NONE', #1595, #654, #3743, .T. ) ;
#403 = LINE ( 'NONE', #2005, #3210 ) ;
#404 = DIRECTION ( 'NONE',  ( 0.9945218953682744001, 0.000000000000000000, 0.1045284632676436454 ) ) ;
#405 = DIRECTION ( 'NONE',  ( 0.000000000000000000, -1.000000000000000000, -0.000000000000000000 ) ) ;
#406 = ORIENTED_EDGE ( 'NONE', *, *, #2128, .T. ) ;
#407 = VECTOR ( 'NONE', #1776, 1000.000000000000000 ) ;
#408 = FACE_OUTER_BOUND ( 'NONE', #1228, .T. ) ;
#409 = CARTESIAN_POINT ( 'NONE',  ( 19.84212555086035934, 0.000000000000000000, 25.73985341108015490 ) ) ;
#410 = ADVANCED_FACE ( 'NONE', ( #802 ), #2143, .T. ) ;
#411 = VECTOR ( 'NONE', #1858, 1000.000000000000000 ) ;
#412 = ORIENTED_EDGE ( 'NONE', *, *, #14, .T. ) ;
#413 = CARTESIAN_POINT ( 'NONE',  ( 4.943596005754690381, 180.7926290564130340, -11.48192273098689498 ) ) ;
#414 = LINE ( 'NONE', #2668, #264 ) ;
#415 = AXIS2_PLACEMENT_3D ( 'NONE', #1986, #363, #3022 ) ;
#416 = PLANE ( 'NONE',  #1029 ) ;
#417 = ORIENTED_EDGE ( 'NONE', *, *, #1589, .T. ) ;
#418 = ORIENTED_EDGE ( 'NONE', *, *, #2054, .T. ) ;
#419 = DIRECTION ( 'NONE',  ( 0.000000000000000000, 1.000000000000000000, 0.000000000000000000 ) ) ;
#420 = VERTEX_POINT ( 'NONE', #3132 ) ;
#421 = DIRECTION ( 'NONE',  ( 0.000000000000000000, 1.000000000000000000, 0.000000000000000000 ) ) ;
#422 = COORDINATED_UNIVERSAL_TIME_OFFSET ( 5, 0, .BEHIND. ) ;
#423 = ORIENTED_EDGE ( 'NONE', *, *, #2775, .F. ) ;
#424 = LINE ( 'NONE', #82, #751 ) ;
#425 = CARTESIAN_POINT ( 'NONE',  ( 0.000000000000000000, 50.00000000000000000, 0.000000000000000000 ) ) ;
#426 = EDGE_CURVE ( 'NONE', #2397, #3496, #2693, .T. ) ;
#427 = ORIENTED_EDGE ( 'NONE', *, *, #1605, .T. ) ;
#428 = EDGE_CURVE ( 'NONE', #127, #3640, #953, .T. ) ;
#429 = PLANE ( 'NONE',  #205 ) ;
#430 = CARTESIAN_POINT ( 'NONE',  ( -12.37030416825284007, 180.7926290564130340, 30.05371149766541095 ) ) ;
#431 = CARTESIAN_POINT ( 'NONE',  ( 5.224820071140258371, 0.000000000000000000, 11.35671371007815367 ) ) ;
#432 = EDGE_LOOP ( 'NONE', ( #929, #2081, #1933, #3418 ) ) ;
#433 = EDGE_CURVE ( 'NONE', #330, #1458, #209, .T. ) ;
#434 = ORIENTED_EDGE ( 'NONE', *, *, #3447, .F. ) ;
#435 = EDGE_LOOP ( 'NONE', ( #1960, #111, #242, #2788 ) ) ;
#436 = CARTESIAN_POINT ( 'NONE',  ( -31.18212300637031120, 50.00000000000000000, 9.161070069352833301 ) ) ;
#437 = ORIENTED_EDGE ( 'NONE', *, *, #1161, .T. ) ;
#438 = ORIENTED_EDGE ( 'NONE', *, *, #3204, .F. ) ;
#439 = AXIS2_PLACEMENT_3D ( 'NONE', #1979, #1681, #3620 ) ;
#440 = CARTESIAN_POINT ( 'NONE',  ( -30.61160931482708847, 0.000000000000000000, 10.91693066554845615 ) ) ;
#441 = APPROVAL_ROLE ( '' ) ;
#442 = VECTOR ( 'NONE', #2139, 1000.000000000000000 ) ;
#443 = ORIENTED_EDGE ( 'NONE', *, *, #2235, .T. ) ;
#444 = LINE ( 'NONE', #1407, #888 ) ;
#445 = DIRECTION ( 'NONE',  ( 0.000000000000000000, 0.000000000000000000, 1.000000000000000000 ) ) ;
#446 = VERTEX_POINT ( 'NONE', #3829 ) ;
#447 = DIRECTION ( 'NONE',  ( -0.1045284632676635739, 0.000000000000000000, -0.9945218953682721796 ) ) ;
#448 = EDGE_CURVE ( 'NONE', #127, #2875, #3217, .T. ) ;
#449 = DIRECTION ( 'NONE',  ( 0.000000000000000000, -1.000000000000000000, -0.000000000000000000 ) ) ;
#450 = LINE ( 'NONE', #2117, #1577 ) ;
#451 = ORIENTED_EDGE ( 'NONE', *, *, #3616, .T. ) ;
#452 = VERTEX_POINT ( 'NONE', #4195 ) ;
#453 = VERTEX_POINT ( 'NONE', #2215 ) ;
#454 = CARTESIAN_POINT ( 'NONE',  ( 0.1128986973196336174, 50.00000000000000000, 0.3067847474688715215 ) ) ;
#455 = CARTESIAN_POINT ( 'NONE',  ( -5.851465369695151075, 180.7926290564130340, 31.96889665013883430 ) ) ;
#456 = EDGE_CURVE ( 'NONE', #998, #973, #3513, .T. ) ;
#457 = EDGE_CURVE ( 'NONE', #2271, #1764, #865, .T. ) ;
#458 = ADVANCED_FACE ( 'NONE', ( #2849 ), #1511, .T. ) ;
#459 = EDGE_LOOP ( 'NONE', ( #2317, #2268, #3618, #2352 ) ) ;
#460 = VECTOR ( 'NONE', #1877, 1000.000000000000114 ) ;
#461 = VECTOR ( 'NONE', #2818, 999.9999999999998863 ) ;
#462 = CARTESIAN_POINT ( 'NONE',  ( 32.40541237228666915, 50.00000000000000000, 2.477750790949469817 ) ) ;
#463 = DIRECTION ( 'NONE',  ( 1.000000000000000000, 0.000000000000000000, 0.000000000000000000 ) ) ;
#464 = AXIS2_PLACEMENT_3D ( 'NONE', #3253, #2604, #332 ) ;
#465 = VERTEX_POINT ( 'NONE', #4128 ) ;
#466 = CARTESIAN_POINT ( 'NONE',  ( 0.000000000000000000, 0.000000000000000000, 0.000000000000000000 ) ) ;
#467 = LINE ( 'NONE', #3431, #1015 ) ;
#468 = AXIS2_PLACEMENT_3D ( 'NONE', #495, #3455, #3143 ) ;
#469 = VECTOR ( 'NONE', #604, 1000.000000000000000 ) ;
#470 = ORIENTED_EDGE ( 'NONE', *, *, #253, .F. ) ;
#471 = PLANE ( 'NONE',  #3134 ) ;
#472 = PLANE ( 'NONE',  #1493 ) ;
#473 = DIRECTION ( 'NONE',  ( 0.000000000000000000, 0.000000000000000000, -1.000000000000000000 ) ) ;
#474 = VECTOR ( 'NONE', #4111, 1000.000000000000000 ) ;
#475 = ORIENTED_EDGE ( 'NONE', *, *, #588, .T. ) ;
#476 = ORIENTED_EDGE ( 'NONE', *, *, #3407, .T. ) ;
#477 = VERTEX_POINT ( 'NONE', #1890 ) ;
#478 = VECTOR ( 'NONE', #3005, 1000.000000000000000 ) ;
#479 = DIRECTION ( 'NONE',  ( -0.4999999999999979461, 0.000000000000000000, 0.8660254037844397068 ) ) ;
#480 = CARTESIAN_POINT ( 'NONE',  ( 2.434931691670789711, 50.00001200000001234, -0.6543697108982002852 ) ) ;
#481 = VECTOR ( 'NONE', #4031, 1000.000000000000000 ) ;
#482 = ADVANCED_FACE ( 'NONE', ( #2529 ), #230, .T. ) ;
#483 = ORIENTED_EDGE ( 'NONE', *, *, #903, .F. ) ;
#484 = ORIENTED_EDGE ( 'NONE', *, *, #3825, .T. ) ;
#485 = CARTESIAN_POINT ( 'NONE',  ( -30.61160931482716308, 0.000000000000000000, -10.91693066554822522 ) ) ;
#486 = ADVANCED_FACE ( 'NONE', ( #2807 ), #2234, .T. ) ;
#487 = CARTESIAN_POINT ( 'NONE',  ( 0.000000000000000000, 50.00000000000000000, 0.000000000000000000 ) ) ;
#488 = APPLICATION_PROTOCOL_DEFINITION ( 'international standard', 'config_control_design', 1994, #1981 ) ;
#489 = EDGE_CURVE ( 'NONE', #1396, #794, #912, .T. ) ;
#490 = EDGE_LOOP ( 'NONE', ( #2770, #475, #2893, #4083 ) ) ;
#491 = LINE ( 'NONE', #3474, #1021 ) ;
#492 = FACE_OUTER_BOUND ( 'NONE', #3379, .T. ) ;
#493 = CARTESIAN_POINT ( 'NONE',  ( 11.84064285698805108, 0.000000000000000000, -4.009098128223480551 ) ) ;
#494 = CARTESIAN_POINT ( 'NONE',  ( 12.37030416825327173, 0.000000000000000000, 30.05371149766524752 ) ) ;
#495 = CARTESIAN_POINT ( 'NONE',  ( 0.000000000000000000, 50.00000000000000000, 0.000000000000000000 ) ) ;
#496 = CARTESIAN_POINT ( 'NONE',  ( -0.2568820170656737067, 50.00000000000000000, 0.2021747423499790641 ) ) ;
#497 = VERTEX_POINT ( 'NONE', #1872 ) ;
#498 = ORIENTED_EDGE ( 'NONE', *, *, #2286, .F. ) ;
#499 = ORIENTED_EDGE ( 'NONE', *, *, #308, .F. ) ;
#500 = CARTESIAN_POINT ( 'NONE',  ( -0.2568820170656799795, 50.00000000000000000, -0.2021747423499752616 ) ) ;
#501 = LINE ( 'NONE', #548, #2643 ) ;
#502 = ORIENTED_EDGE ( 'NONE', *, *, #2404, .T. ) ;
#503 = ORIENTED_EDGE ( 'NONE', *, *, #3422, .F. ) ;
#504 = CARTESIAN_POINT ( 'NONE',  ( -9.186318383134763010, 180.7926290564130340, -8.478516711792666527 ) ) ;
#505 = CARTESIAN_POINT ( 'NONE',  ( 0.000000000000000000, 50.00000000000000000, 0.000000000000000000 ) ) ;
#506 = CC_DESIGN_DATE_AND_TIME_ASSIGNMENT ( #1746, #3662, ( #1485 ) ) ;
#507 = PERSON_AND_ORGANIZATION_ROLE ( 'creator' ) ;
#508 = ORIENTED_EDGE ( 'NONE', *, *, #3819, .T. ) ;
#509 = DIRECTION ( 'NONE',  ( 0.000000000000000000, -1.000000000000000000, 0.000000000000000000 ) ) ;
#510 = CARTESIAN_POINT ( 'NONE',  ( 0.000000000000000000, 50.00000000000000000, 0.000000000000000000 ) ) ;
#511 = EDGE_CURVE ( 'NONE', #1299, #998, #293, .T. ) ;
#512 = EDGE_CURVE ( 'NONE', #446, #2232, #4105, .T. ) ;
#513 = ORIENTED_EDGE ( 'NONE', *, *, #1532, .F. ) ;
#514 = VECTOR ( 'NONE', #899, 1000.000000000000114 ) ;
#515 = FACE_OUTER_BOUND ( 'NONE', #2233, .T. ) ;
#516 = PLANE ( 'NONE',  #2580 ) ;
#517 = LINE ( 'NONE', #3051, #1077 ) ;
#518 = CARTESIAN_POINT ( 'NONE',  ( 9.289310318467498107, 50.00000000000000000, 8.364132579485646701 ) ) ;
#519 = ORIENTED_EDGE ( 'NONE', *, *, #1400, .F. ) ;
#520 = VECTOR ( 'NONE', #4038, 1000.000000000000000 ) ;
#521 = EDGE_LOOP ( 'NONE', ( #1096, #3992, #2194, #1336 ) ) ;
#522 = EDGE_LOOP ( 'NONE', ( #594, #881, #4043, #1644 ) ) ;
#523 = LINE ( 'NONE', #203, #3172 ) ;
#524 = CARTESIAN_POINT ( 'NONE',  ( 1.536366799937287642, 50.00001200000000523, 1.999167105995451221 ) ) ;
#525 = VERTEX_POINT ( 'NONE', #1575 ) ;
#526 = ORIENTED_EDGE ( 'NONE', *, *, #3458, .F. ) ;
#527 = CARTESIAN_POINT ( 'NONE',  ( -1.999167105995450777, 50.00001200000001234, 1.536366799937286975 ) ) ;
#528 = CARTESIAN_POINT ( 'NONE',  ( -31.18212300637031120, 0.000000000000000000, 9.161070069352833301 ) ) ;
#529 = VECTOR ( 'NONE', #2006, 1000.000000000000000 ) ;
#530 = EDGE_CURVE ( 'NONE', #736, #2136, #2876, .T. ) ;
#531 = VECTOR ( 'NONE', #351, 1000.000000000000114 ) ;
#532 = LINE ( 'NONE', #1276, #3933 ) ;
#533 = DIRECTION ( 'NONE',  ( 0.6400570086392328717, 0.000000000000000000, 0.7683274208902067803 ) ) ;
#534 = FACE_OUTER_BOUND ( 'NONE', #2687, .T. ) ;
#535 = CC_DESIGN_APPROVAL ( #3969, ( #1485 ) ) ;
#536 = AXIS2_PLACEMENT_3D ( 'NONE', #1556, #2550, #1187 ) ;
#537 = EDGE_CURVE ( 'NONE', #1176, #4054, #3468, .T. ) ;
#538 = CARTESIAN_POINT ( 'NONE',  ( 5.851465369694941465, 180.7926290564130340, -31.96889665013887694 ) ) ;
#539 = VECTOR ( 'NONE', #2134, 1000.000000000000000 ) ;
#540 = DIRECTION ( 'NONE',  ( 0.000000000000000000, -1.000000000000000000, 0.000000000000000000 ) ) ;
#541 = EDGE_CURVE ( 'NONE', #4197, #3741, #575, .T. ) ;
#542 = CARTESIAN_POINT ( 'NONE',  ( -5.224820071140096722, 180.7926290564130340, 11.35671371007822827 ) ) ;
#543 = DIRECTION ( 'NONE',  ( -0.8972280888306465307, 0.000000000000000000, 0.4415673862654548865 ) ) ;
#544 = VERTEX_POINT ( 'NONE', #1854 ) ;
#545 = ORIENTED_EDGE ( 'NONE', *, *, #3713, .F. ) ;
#546 = VERTEX_POINT ( 'NONE', #3852 ) ;
#547 = DIRECTION ( 'NONE',  ( 0.5000000000000039968, -0.000000000000000000, 0.8660254037844363761 ) ) ;
#548 = CARTESIAN_POINT ( 'NONE',  ( 10.82531754730540996, 50.00000000000000000, -6.250000000000127010 ) ) ;
#549 = AXIS2_PLACEMENT_3D ( 'NONE', #194, #3116, #4115 ) ;
#550 = ORIENTED_EDGE ( 'NONE', *, *, #2909, .F. ) ;
#551 = AXIS2_PLACEMENT_3D ( 'NONE', #3362, #749, #4025 ) ;
#552 = EDGE_LOOP ( 'NONE', ( #1983, #1727, #635, #2589 ) ) ;
#553 = CARTESIAN_POINT ( 'NONE',  ( 10.82531754730553963, 50.00000000000000000, 6.249999999999900524 ) ) ;
#554 = CARTESIAN_POINT ( 'NONE',  ( -2.448340603187992848, 180.7926290564130340, -12.25884657540212075 ) ) ;
#555 = CIRCLE ( 'NONE', #1505, 32.50000000000000000 ) ;
#556 = VERTEX_POINT ( 'NONE', #3155 ) ;
#557 = CARTESIAN_POINT ( 'NONE',  ( -0.08898658541609759387, 50.00000000000000000, 0.3145542636048592744 ) ) ;
#558 = PLANE ( 'NONE',  #4154 ) ;
#559 = CARTESIAN_POINT ( 'NONE',  ( 0.1742157254725203441, 0.000000000000000000, -0.2766078056275621533 ) ) ;
#560 = CARTESIAN_POINT ( 'NONE',  ( -12.41543477220201730, 50.00000000000000000, -1.459681638462399844 ) ) ;
#561 = FACE_OUTER_BOUND ( 'NONE', #620, .T. ) ;
#562 = CARTESIAN_POINT ( 'NONE',  ( 18.34850131535250028, 50.00000000000000000, -26.82503493903610803 ) ) ;
#563 = DIRECTION ( 'NONE',  ( 0.000000000000000000, 0.000000000000000000, 1.000000000000000000 ) ) ;
#564 = EDGE_CURVE ( 'NONE', #1756, #3934, #649, .T. ) ;
#565 = ORIENTED_EDGE ( 'NONE', *, *, #3324, .T. ) ;
#566 = EDGE_CURVE ( 'NONE', #1093, #2806, #2361, .T. ) ;
#567 = VERTEX_POINT ( 'NONE', #51 ) ;
#568 = ORIENTED_EDGE ( 'NONE', *, *, #1297, .F. ) ;
#569 = CARTESIAN_POINT ( 'NONE',  ( 32.40541237228666915, 0.000000000000000000, 2.477750790949469817 ) ) ;
#570 = DIRECTION ( 'NONE',  ( -0.4415673862654364012, 0.000000000000000000, 0.8972280888306557456 ) ) ;
#571 = ADVANCED_FACE ( 'NONE', ( #3958 ), #315, .T. ) ;
#572 = ORIENTED_EDGE ( 'NONE', *, *, #3486, .F. ) ;
#573 = ORIENTED_EDGE ( 'NONE', *, *, #825, .T. ) ;
#574 = ORIENTED_EDGE ( 'NONE', *, *, #489, .F. ) ;
#575 = LINE ( 'NONE', #1250, #3769 ) ;
#576 = DIRECTION ( 'NONE',  ( 0.4415673862654422854, 0.000000000000000000, -0.8972280888306527480 ) ) ;
#577 = ORIENTED_EDGE ( 'NONE', *, *, #3176, .T. ) ;
#578 = CARTESIAN_POINT ( 'NONE',  ( 4.943596005754927525, 180.7926290564130340, 11.48192273098678839 ) ) ;
#579 = CARTESIAN_POINT ( 'NONE',  ( 10.82531754730553963, 0.000000000000000000, 6.249999999999900524 ) ) ;
#580 = CARTESIAN_POINT ( 'NONE',  ( 0.1539190321798654393, 180.8028096028521645, -12.50000000000000000 ) ) ;
#581 = DIRECTION ( 'NONE',  ( 0.000000000000000000, 0.000000000000000000, 1.000000000000000000 ) ) ;
#582 = CARTESIAN_POINT ( 'NONE',  ( -9.289310318467443039, 50.00000000000000000, -8.364132579485710650 ) ) ;
#583 = AXIS2_PLACEMENT_3D ( 'NONE', #338, #2956, #3003 ) ;
#584 = LINE ( 'NONE', #324, #3600 ) ;
#585 = DIRECTION ( 'NONE',  ( 0.4415673862654548865, 0.000000000000000000, 0.8972280888306465307 ) ) ;
#586 = AXIS2_PLACEMENT_3D ( 'NONE', #1177, #2474, #3775 ) ;
#587 = ORIENTED_EDGE ( 'NONE', *, *, #2586, .F. ) ;
#588 = EDGE_CURVE ( 'NONE', #3008, #3591, #31, .T. ) ;
#589 = ORIENTED_EDGE ( 'NONE', *, *, #3331, .T. ) ;
#590 = CARTESIAN_POINT ( 'NONE',  ( 0.04664745434581963474, 0.000000000000000000, 0.3235537237292531176 ) ) ;
#591 = DIRECTION ( 'NONE',  ( 0.8461566191660635505, 0.000000000000000000, -0.5329343072475793974 ) ) ;
#592 = VECTOR ( 'NONE', #38, 1000.000000000000000 ) ;
#593 = ORIENTED_EDGE ( 'NONE', *, *, #426, .F. ) ;
#594 = ORIENTED_EDGE ( 'NONE', *, *, #4099, .F. ) ;
#595 = ORIENTED_EDGE ( 'NONE', *, *, #3639, .T. ) ;
#596 = CARTESIAN_POINT ( 'NONE',  ( -1.536366799937288086, 50.00001200000000523, 1.999167105995449445 ) ) ;
#597 = CARTESIAN_POINT ( 'NONE',  ( 12.37030416825264645, 180.7926290564130340, -30.05371149766549976 ) ) ;
#598 = EDGE_CURVE ( 'NONE', #357, #1721, #359, .T. ) ;
#599 = VERTEX_POINT ( 'NONE', #1703 ) ;
#600 = DIRECTION ( 'NONE',  ( 0.000000000000000000, 0.000000000000000000, 1.000000000000000000 ) ) ;
#601 = DIRECTION ( 'NONE',  ( -0.9510565162951523099, 0.000000000000000000, 0.3090169943749513926 ) ) ;
#602 = PLANE ( 'NONE',  #803 ) ;
#603 = CARTESIAN_POINT ( 'NONE',  ( -11.84064285698807950, 50.00000000000000000, 4.009098128223405944 ) ) ;
#604 = DIRECTION ( 'NONE',  ( 0.000000000000000000, -1.000000000000000000, -0.000000000000000000 ) ) ;
#605 = LOCAL_TIME ( 0, 57, 21.00000000000000000, #1726 ) ;
#606 = CARTESIAN_POINT ( 'NONE',  ( 0.08898658541610167394, 50.00000000000000000, 0.3145542636048563323 ) ) ;
#607 = DIRECTION ( 'NONE',  ( 0.000000000000000000, 0.000000000000000000, 1.000000000000000000 ) ) ;
#608 = CIRCLE ( 'NONE', #4000, 32.50000000000000000 ) ;
#609 = VECTOR ( 'NONE', #1656, 1000.000000000000000 ) ;
#610 = ORIENTED_EDGE ( 'NONE', *, *, #2885, .F. ) ;
#611 = CARTESIAN_POINT ( 'NONE',  ( -19.84212555086017460, 180.7926290564130340, -25.73985341108028635 ) ) ;
#612 = LINE ( 'NONE', #1949, #2574 ) ;
#613 = AXIS2_PLACEMENT_3D ( 'NONE', #425, #2948, #2329 ) ;
#614 = ORIENTED_EDGE ( 'NONE', *, *, #2965, .F. ) ;
#615 = ORIENTED_EDGE ( 'NONE', *, *, #4156, .T. ) ;
#616 = VERTEX_POINT ( 'NONE', #2918 ) ;
#617 = CIRCLE ( 'NONE', #3470, 32.50000000000000000 ) ;
#618 = DIRECTION ( 'NONE',  ( -0.4067366430758010409, 0.000000000000000000, -0.9135454576426005335 ) ) ;
#619 = VECTOR ( 'NONE', #2420, 1000.000000000000114 ) ;
#620 = EDGE_LOOP ( 'NONE', ( #4149, #4053, #3076, #1062 ) ) ;
#621 = EDGE_CURVE ( 'NONE', #781, #2506, #700, .T. ) ;
#622 = AXIS2_PLACEMENT_3D ( 'NONE', #1058, #1706, #2364 ) ;
#623 = LINE ( 'NONE', #557, #3796 ) ;
#624 = DIRECTION ( 'NONE',  ( 0.000000000000000000, -1.000000000000000000, 0.000000000000000000 ) ) ;
#625 = CARTESIAN_POINT ( 'NONE',  ( 12.43152369210343089, 0.000000000000000000, 1.306605790845545956 ) ) ;
#626 = ADVANCED_FACE ( 'NONE', ( #1014 ), #1296, .T. ) ;
#627 = PLANE ( 'NONE',  #3851 ) ;
#628 = LINE ( 'NONE', #2947, #2584 ) ;
#629 = CARTESIAN_POINT ( 'NONE',  ( 12.43152369210340424, 0.000000000000000000, -1.306605790845794868 ) ) ;
#630 = DIRECTION ( 'NONE',  ( 0.000000000000000000, -1.000000000000000000, 0.000000000000000000 ) ) ;
#631 = ORIENTED_EDGE ( 'NONE', *, *, #3534, .T. ) ;
#632 = DIRECTION ( 'NONE',  ( -0.2722142569186973837, 0.000000000000000000, 0.9622366644075673880 ) ) ;
#633 = CARTESIAN_POINT ( 'NONE',  ( -7.657342097276264248, 50.00000000000000000, 31.58504570212430806 ) ) ;
#634 = ORIENTED_EDGE ( 'NONE', *, *, #3848, .F. ) ;
#635 = ORIENTED_EDGE ( 'NONE', *, *, #2965, .T. ) ;
#636 = CARTESIAN_POINT ( 'NONE',  ( -4.943596005754852030, 180.7926290564130340, -11.48192273098682215 ) ) ;
#637 = VERTEX_POINT ( 'NONE', #3932 ) ;
#638 = VERTEX_POINT ( 'NONE', #1660 ) ;
#639 = ADVANCED_FACE ( 'NONE', ( #3256 ), #1335, .T. ) ;
#640 = DIRECTION ( 'NONE',  ( 0.000000000000000000, 0.000000000000000000, -1.000000000000000000 ) ) ;
#641 = CARTESIAN_POINT ( 'NONE',  ( 11.93577005039078109, 180.7926290564130340, 3.716326731150215501 ) ) ;
#642 = DIRECTION ( 'NONE',  ( -0.9897664470031861672, 0.000000000000000000, 0.1426968128119514567 ) ) ;
#643 = LINE ( 'NONE', #2536, #2222 ) ;
#644 = DIRECTION ( 'NONE',  ( 0.000000000000000000, 1.000000000000000000, 0.000000000000000000 ) ) ;
#645 = LINE ( 'NONE', #2865, #1358 ) ;
#646 = LINE ( 'NONE', #24, #2921 ) ;
#647 = EDGE_CURVE ( 'NONE', #786, #1504, #3976, .T. ) ;
#648 = EDGE_CURVE ( 'NONE', #1133, #1037, #1382, .T. ) ;
#649 = CIRCLE ( 'NONE', #1535, 32.50000000000000000 ) ;
#650 = ORIENTED_EDGE ( 'NONE', *, *, #2541, .T. ) ;
#651 = CARTESIAN_POINT ( 'NONE',  ( -0.1524415238222771585, 50.00000000000000000, -0.2891791468117183017 ) ) ;
#652 = CARTESIAN_POINT ( 'NONE',  ( 10.74835803121547073, 50.00000000000000000, -6.383297791993812531 ) ) ;
#653 = VECTOR ( 'NONE', #2410, 1000.000000000000114 ) ;
#654 = VERTEX_POINT ( 'NONE', #2319 ) ;
#655 = ORIENTED_EDGE ( 'NONE', *, *, #701, .F. ) ;
#656 = AXIS2_PLACEMENT_3D ( 'NONE', #3432, #3115, #3225 ) ;
#657 = LINE ( 'NONE', #718, #1115 ) ;
#658 = ORIENTED_EDGE ( 'NONE', *, *, #1103, .F. ) ;
#659 = CYLINDRICAL_SURFACE ( 'NONE', #739, 2.500000000000000000 ) ;
#660 = LINE ( 'NONE', #1955, #3612 ) ;
#661 = CARTESIAN_POINT ( 'NONE',  ( -0.2092340361418212336, 50.00000000000000000, 0.2511655136674094679 ) ) ;
#662 = EDGE_CURVE ( 'NONE', #181, #2407, #2294, .T. ) ;
#663 = DIRECTION ( 'NONE',  ( 0.000000000000000000, 1.000000000000000000, 0.000000000000000000 ) ) ;
#664 = ORIENTED_EDGE ( 'NONE', *, *, #4107, .F. ) ;
#665 = DIRECTION ( 'NONE',  ( 0.6184622884358194073, -0.000000000000000000, 0.7858144805122447840 ) ) ;
#666 = CARTESIAN_POINT ( 'NONE',  ( 4.943596005754690381, 50.00000000000000000, -11.48192273098689320 ) ) ;
#667 = FACE_OUTER_BOUND ( 'NONE', #1832, .T. ) ;
#668 = EDGE_CURVE ( 'NONE', #2432, #1230, #1327, .T. ) ;
#669 = ORIENTED_EDGE ( 'NONE', *, *, #1692, .F. ) ;
#670 = EDGE_CURVE ( 'NONE', #2271, #3231, #657, .T. ) ;
#671 = AXIS2_PLACEMENT_3D ( 'NONE', #1002, #1346, #1609 ) ;
#672 = CARTESIAN_POINT ( 'NONE',  ( 28.59602523664861806, 50.00000000000000000, 15.44400662603315055 ) ) ;
#673 = LINE ( 'NONE', #2311, #3535 ) ;
#674 = PLANE ( 'NONE',  #2587 ) ;
#675 = VECTOR ( 'NONE', #1646, 999.9999999999998863 ) ;
#676 = ADVANCED_FACE ( 'NONE', ( #3300 ), #2273, .T. ) ;
#677 = ORIENTED_EDGE ( 'NONE', *, *, #2809, .T. ) ;
#678 = ORIENTED_EDGE ( 'NONE', *, *, #110, .T. ) ;
#679 = CARTESIAN_POINT ( 'NONE',  ( -0.1128986973196304255, 0.000000000000000000, 0.3067847474688759069 ) ) ;
#680 = AXIS2_PLACEMENT_3D ( 'NONE', #4171, #2542, #923 ) ;
#681 = VERTEX_POINT ( 'NONE', #2020 ) ;
#682 = FACE_OUTER_BOUND ( 'NONE', #2493, .T. ) ;
#683 = PLANE ( 'NONE',  #415 ) ;
#684 = DIRECTION ( 'NONE',  ( 0.000000000000000000, 0.000000000000000000, -1.000000000000000000 ) ) ;
#685 = VECTOR ( 'NONE', #2282, 1000.000000000000227 ) ;
#686 = CIRCLE ( 'NONE', #277, 32.50000000000000000 ) ;
#687 = CYLINDRICAL_SURFACE ( 'NONE', #3104, 32.50000000000000000 ) ;
#688 = VERTEX_POINT ( 'NONE', #1314 ) ;
#689 = CARTESIAN_POINT ( 'NONE',  ( 18.34850131535249318, 180.7926290564130340, -26.82503493903610092 ) ) ;
#690 = DIRECTION ( 'NONE',  ( 0.000000000000000000, 0.000000000000000000, 1.000000000000000000 ) ) ;
#691 = CARTESIAN_POINT ( 'NONE',  ( 7.222792540864527489, 50.00000000000000000, -10.20318376684939210 ) ) ;
#692 = AXIS2_PLACEMENT_3D ( 'NONE', #3015, #2706, #3369 ) ;
#693 = VERTEX_POINT ( 'NONE', #3317 ) ;
#694 = DIRECTION ( 'NONE',  ( 0.9510565162951503115, 0.000000000000000000, -0.3090169943749573878 ) ) ;
#695 = ADVANCED_FACE ( 'NONE', ( #76 ), #3572, .T. ) ;
#696 = LINE ( 'NONE', #1995, #2038 ) ;
#697 = LINE ( 'NONE', #73, #822 ) ;
#698 = EDGE_CURVE ( 'NONE', #2916, #3366, #3911, .T. ) ;
#699 = ORIENTED_EDGE ( 'NONE', *, *, #898, .T. ) ;
#700 = LINE ( 'NONE', #1952, #1737 ) ;
#701 = EDGE_CURVE ( 'NONE', #376, #1037, #1398, .T. ) ;
#702 = EDGE_CURVE ( 'NONE', #2231, #2955, #2733, .T. ) ;
#703 = ORIENTED_EDGE ( 'NONE', *, *, #3147, .T. ) ;
#704 = DIRECTION ( 'NONE',  ( 0.000000000000000000, -1.000000000000000000, 0.000000000000000000 ) ) ;
#705 = DIRECTION ( 'NONE',  ( 0.000000000000000000, 0.000000000000000000, 1.000000000000000000 ) ) ;
#706 = LINE ( 'NONE', #320, #260 ) ;
#707 = LINE ( 'NONE', #1043, #4196 ) ;
#708 = ORIENTED_EDGE ( 'NONE', *, *, #43, .F. ) ;
#709 = DIRECTION ( 'NONE',  ( 0.000000000000000000, -1.000000000000000000, -0.000000000000000000 ) ) ;
#710 = DIRECTION ( 'NONE',  ( -0.000000000000000000, -1.000000000000000000, 0.000000000000000000 ) ) ;
#711 = LINE ( 'NONE', #1065, #2553 ) ;
#712 = CARTESIAN_POINT ( 'NONE',  ( -10.90227706339543623, 180.7926290564130340, -6.116702208006289609 ) ) ;
#713 = DIRECTION ( 'NONE',  ( -0.3713041585673681477, 0.000000000000000000, 0.9285112933242000155 ) ) ;
#714 = CARTESIAN_POINT ( 'NONE',  ( 9.186318383134638665, 180.7926290564130340, -8.478516711792799754 ) ) ;
#715 = ADVANCED_FACE ( 'NONE', ( #1759 ), #3019, .T. ) ;
#716 = ORIENTED_EDGE ( 'NONE', *, *, #3922, .F. ) ;
#717 = ORIENTED_EDGE ( 'NONE', *, *, #957, .T. ) ;
#718 = CARTESIAN_POINT ( 'NONE',  ( 2.749451667256094467, 180.7926290564130340, 12.19484344294300016 ) ) ;
#719 = AXIS2_PLACEMENT_3D ( 'NONE', #823, #2121, #3420 ) ;
#720 = ORIENTED_EDGE ( 'NONE', *, *, #64, .T. ) ;
#721 = ORIENTED_EDGE ( 'NONE', *, *, #1108, .F. ) ;
#722 = EDGE_CURVE ( 'NONE', #3235, #4032, #2061, .T. ) ;
#723 = DIRECTION ( 'NONE',  ( 0.000000000000000000, 1.000000000000000000, 0.000000000000000000 ) ) ;
#724 = LINE ( 'NONE', #1623, #1552 ) ;
#725 = AXIS2_PLACEMENT_3D ( 'NONE', #504, #3718, #3082 ) ;
#726 = CARTESIAN_POINT ( 'NONE',  ( 0.1539190321798654393, 0.000000000000000000, -12.50000000000000000 ) ) ;
#727 = ORIENTED_EDGE ( 'NONE', *, *, #3870, .F. ) ;
#728 = PLANE ( 'NONE',  #275 ) ;
#729 = CYLINDRICAL_SURFACE ( 'NONE', #4074, 32.50000000000000000 ) ;
#730 = ORIENTED_EDGE ( 'NONE', *, *, #647, .F. ) ;
#731 = ORIENTED_EDGE ( 'NONE', *, *, #3126, .T. ) ;
#732 = FACE_OUTER_BOUND ( 'NONE', #2254, .T. ) ;
#733 = CARTESIAN_POINT ( 'NONE',  ( 27.67291469268416293, 180.7926290564130340, -17.04288098918210537 ) ) ;
#734 = DIRECTION ( 'NONE',  ( 0.7683274208902158842, 0.000000000000000000, 0.6400570086392219915 ) ) ;
#735 = VECTOR ( 'NONE', #1385, 1000.000000000000000 ) ;
#736 = VERTEX_POINT ( 'NONE', #436 ) ;
#737 = ORIENTED_EDGE ( 'NONE', *, *, #199, .T. ) ;
#738 = DIRECTION ( 'NONE',  ( 0.000000000000000000, -1.000000000000000000, -0.000000000000000000 ) ) ;
#739 = AXIS2_PLACEMENT_3D ( 'NONE', #3285, #2942, #3303 ) ;
#740 = ORIENTED_EDGE ( 'NONE', *, *, #2461, .T. ) ;
#741 = AXIS2_PLACEMENT_3D ( 'NONE', #2230, #1570, #244 ) ;
#742 = DIRECTION ( 'NONE',  ( -0.9135454576426004225, 0.000000000000000000, 0.4067366430758009854 ) ) ;
#743 = PERSON_AND_ORGANIZATION ( #18446744073709551615, #2903 ) ;
#744 = AXIS2_PLACEMENT_3D ( 'NONE', #3605, #3648, #690 ) ;
#745 = ADVANCED_FACE ( 'NONE', ( #1073 ), #3079, .T. ) ;
#746 = ADVANCED_FACE ( 'NONE', ( #4035 ), #2377, .T. ) ;
#747 = ORIENTED_EDGE ( 'NONE', *, *, #2665, .F. ) ;
#748 = AXIS2_PLACEMENT_3D ( 'NONE', #2403, #790, #1410 ) ;
#749 = DIRECTION ( 'NONE',  ( 0.000000000000000000, 1.000000000000000000, 0.000000000000000000 ) ) ;
#750 = CARTESIAN_POINT ( 'NONE',  ( 0.2279186904424618243, 50.00000000000000000, -0.2343417753688082916 ) ) ;
#751 = VECTOR ( 'NONE', #1084, 1000.000000000000114 ) ;
#752 = VERTEX_POINT ( 'NONE', #3678 ) ;
#753 = CARTESIAN_POINT ( 'NONE',  ( 9.392302253800187017, 180.7926290564130340, 8.249748447178685495 ) ) ;
#754 = DIRECTION ( 'NONE',  ( 0.8461566191660635505, 0.000000000000000000, -0.5329343072475793974 ) ) ;
#755 = VECTOR ( 'NONE', #2943, 1000.000000000000114 ) ;
#756 = DIRECTION ( 'NONE',  ( 0.000000000000000000, -1.000000000000000000, 0.000000000000000000 ) ) ;
#757 = VERTEX_POINT ( 'NONE', #1439 ) ;
#758 = ORIENTED_EDGE ( 'NONE', *, *, #1785, .T. ) ;
#759 = CARTESIAN_POINT ( 'NONE',  ( 0.000000000000000000, 50.00000000000000000, 0.000000000000000000 ) ) ;
#760 = ORIENTED_EDGE ( 'NONE', *, *, #191, .T. ) ;
#761 = FACE_OUTER_BOUND ( 'NONE', #4113, .T. ) ;
#762 = PERSON_AND_ORGANIZATION ( #18446744073709551615, #2903 ) ;
#763 = EDGE_CURVE ( 'NONE', #3043, #4201, #1054, .T. ) ;
#764 = EDGE_CURVE ( 'NONE', #477, #752, #1136, .T. ) ;
#765 = ORIENTED_EDGE ( 'NONE', *, *, #4099, .T. ) ;
#766 = LINE ( 'NONE', #2387, #3060 ) ;
#767 = DIRECTION ( 'NONE',  ( 0.000000000000000000, -1.000000000000000000, 0.000000000000000000 ) ) ;
#768 = VERTEX_POINT ( 'NONE', #178 ) ;
#769 = DIRECTION ( 'NONE',  ( -0.3453625605954904754, 0.000000000000000000, -0.9384693397969516848 ) ) ;
#770 = EDGE_CURVE ( 'NONE', #998, #2231, #2897, .T. ) ;
#771 = EDGE_CURVE ( 'NONE', #3524, #376, #3397, .T. ) ;
#772 = DIRECTION ( 'NONE',  ( 0.6691306063588620123, -0.000000000000000000, 0.7431448254773909134 ) ) ;
#773 = LINE ( 'NONE', #839, #1370 ) ;
#774 = ADVANCED_FACE ( 'NONE', ( #112 ), #157, .T. ) ;
#775 = VERTEX_POINT ( 'NONE', #2710 ) ;
#776 = ORIENTED_EDGE ( 'NONE', *, *, #3114, .F. ) ;
#777 = ORIENTED_EDGE ( 'NONE', *, *, #3490, .F. ) ;
#778 = DIRECTION ( 'NONE',  ( -0.000000000000000000, -1.000000000000000000, 0.000000000000000000 ) ) ;
#779 = LINE ( 'NONE', #993, #2370 ) ;
#780 = EDGE_LOOP ( 'NONE', ( #3130, #2386, #3774, #2422 ) ) ;
#781 = VERTEX_POINT ( 'NONE', #1459 ) ;
#782 = VECTOR ( 'NONE', #738, 1000.000000000000000 ) ;
#783 = CARTESIAN_POINT ( 'NONE',  ( 0.000000000000000000, 50.00000000000000000, 0.000000000000000000 ) ) ;
#784 = COORDINATED_UNIVERSAL_TIME_OFFSET ( 5, 0, .BEHIND. ) ;
#785 = AXIS2_PLACEMENT_3D ( 'NONE', #224, #2496, #3843 ) ;
#786 = VERTEX_POINT ( 'NONE', #2754 ) ;
#787 = LINE ( 'NONE', #4005, #2251 ) ;
#788 = PLANE ( 'NONE',  #2299 ) ;
#789 = CARTESIAN_POINT ( 'NONE',  ( -5.851465369695153740, 0.000000000000000000, 31.96889665013884851 ) ) ;
#790 = DIRECTION ( 'NONE',  ( -0.5329343072475735132, 0.000000000000000000, -0.8461566191660673253 ) ) ;
#791 = LINE ( 'NONE', #195, #1213 ) ;
#792 = CARTESIAN_POINT ( 'NONE',  ( 9.392302253800181688, 0.000000000000000000, 8.249748447178685495 ) ) ;
#793 = EDGE_CURVE ( 'NONE', #48, #2044, #2433, .T. ) ;
#794 = VERTEX_POINT ( 'NONE', #3696 ) ;
#795 = EDGE_CURVE ( 'NONE', #1856, #3106, #1119, .T. ) ;
#796 = ORIENTED_EDGE ( 'NONE', *, *, #1467, .F. ) ;
#797 = ORIENTED_EDGE ( 'NONE', *, *, #19, .T. ) ;
#798 = CARTESIAN_POINT ( 'NONE',  ( 0.000000000000000000, 50.00000000000000000, 0.000000000000000000 ) ) ;
#799 = DIRECTION ( 'NONE',  ( 0.000000000000000000, 0.000000000000000000, 1.000000000000000000 ) ) ;
#800 = EDGE_CURVE ( 'NONE', #108, #104, #1480, .T. ) ;
#801 = ORIENTED_EDGE ( 'NONE', *, *, #978, .T. ) ;
#802 = FACE_OUTER_BOUND ( 'NONE', #945, .T. ) ;
#803 = AXIS2_PLACEMENT_3D ( 'NONE', #2198, #961, #3519 ) ;
#804 = AXIS2_PLACEMENT_3D ( 'NONE', #3945, #983, #2285 ) ;
#805 = PLANE ( 'NONE',  #135 ) ;
#806 = VECTOR ( 'NONE', #2160, 1000.000000000000000 ) ;
#807 = ORIENTED_EDGE ( 'NONE', *, *, #428, .T. ) ;
#808 = DIRECTION ( 'NONE',  ( 0.000000000000000000, -1.000000000000000000, -0.000000000000000000 ) ) ;
#809 = DIRECTION ( 'NONE',  ( -0.000000000000000000, -1.000000000000000000, -0.000000000000000000 ) ) ;
#810 = AXIS2_PLACEMENT_3D ( 'NONE', #2266, #3547, #3565 ) ;
#811 = VECTOR ( 'NONE', #1994, 1000.000000000000000 ) ;
#812 = DIRECTION ( 'NONE',  ( -0.8846129582076855957, 0.000000000000000000, 0.4663259741543971937 ) ) ;
#813 = DIRECTION ( 'NONE',  ( 0.8846129582076888154, 0.000000000000000000, -0.4663259741543909764 ) ) ;
#814 = CARTESIAN_POINT ( 'NONE',  ( -3.061616997868383141E-16, 50.00000599999999906, 2.500000000000000000 ) ) ;
#815 = CARTESIAN_POINT ( 'NONE',  ( -32.40541237228663363, 50.00000000000000000, 2.477750790949932114 ) ) ;
#816 = CIRCLE ( 'NONE', #2713, 32.50000000000000000 ) ;
#817 = ORIENTED_EDGE ( 'NONE', *, *, #1080, .F. ) ;
#818 = EDGE_CURVE ( 'NONE', #2681, #781, #1801, .T. ) ;
#819 = ORIENTED_EDGE ( 'NONE', *, *, #3816, .F. ) ;
#820 = EDGE_CURVE ( 'NONE', #3461, #1286, #3756, .T. ) ;
#821 = VERTEX_POINT ( 'NONE', #267 ) ;
#822 = VECTOR ( 'NONE', #1996, 1000.000000000000000 ) ;
#823 = CARTESIAN_POINT ( 'NONE',  ( 0.000000000000000000, 0.000000000000000000, 0.000000000000000000 ) ) ;
#824 = DIRECTION ( 'NONE',  ( 0.000000000000000000, 1.000000000000000000, 0.000000000000000000 ) ) ;
#825 = EDGE_CURVE ( 'NONE', #1827, #3318, #1225, .T. ) ;
#826 = VECTOR ( 'NONE', #3391, 1000.000000000000000 ) ;
#827 = ORIENTED_EDGE ( 'NONE', *, *, #2647, .F. ) ;
#828 = DIRECTION ( 'NONE',  ( 0.000000000000000000, 0.000000000000000000, 1.000000000000000000 ) ) ;
#829 = CARTESIAN_POINT ( 'NONE',  ( 9.186318383134640442, 0.000000000000000000, -8.478516711792799754 ) ) ;
#830 = EDGE_CURVE ( 'NONE', #181, #2917, #3440, .T. ) ;
#831 = ADVANCED_FACE ( 'NONE', ( #1866 ), #1850, .T. ) ;
#832 =( LENGTH_UNIT ( ) NAMED_UNIT ( * ) SI_UNIT ( .MILLI., .METRE. ) );
#833 = ORIENTED_EDGE ( 'NONE', *, *, #764, .F. ) ;
#834 = LINE ( 'NONE', #4134, #2383 ) ;
#835 = CARTESIAN_POINT ( 'NONE',  ( -0.1539190321798746819, 180.8028096028521645, -12.50000000000000000 ) ) ;
#836 = CYLINDRICAL_SURFACE ( 'NONE', #656, 32.50000000000000000 ) ;
#837 = CARTESIAN_POINT ( 'NONE',  ( -9.289310318467386196, 50.00000000000000000, 8.364132579485774599 ) ) ;
#838 = DIRECTION ( 'NONE',  ( 0.000000000000000000, -1.000000000000000000, 0.000000000000000000 ) ) ;
#839 = CARTESIAN_POINT ( 'NONE',  ( -9.186318383134763010, 180.7926290564130340, -8.478516711792666527 ) ) ;
#840 = VERTEX_POINT ( 'NONE', #243 ) ;
#841 = ORIENTED_EDGE ( 'NONE', *, *, #3783, .F. ) ;
#842 = ORIENTED_EDGE ( 'NONE', *, *, #873, .F. ) ;
#843 = DIRECTION ( 'NONE',  ( 0.5562386247835812147, 0.000000000000000000, 0.8310226184038977948 ) ) ;
#844 = CARTESIAN_POINT ( 'NONE',  ( 27.67291469268416293, 180.7926290564130340, -17.04288098918210537 ) ) ;
#845 = EDGE_CURVE ( 'NONE', #2214, #3211, #240, .T. ) ;
#846 = ORIENTED_EDGE ( 'NONE', *, *, #281, .T. ) ;
#847 = DIRECTION ( 'NONE',  ( 0.000000000000000000, 1.000000000000000000, 0.000000000000000000 ) ) ;
#848 = DIRECTION ( 'NONE',  ( 0.8090169943749426773, 0.000000000000000000, -0.5877852522924797984 ) ) ;
#849 = EDGE_CURVE ( 'NONE', #3854, #25, #523, .T. ) ;
#850 = CARTESIAN_POINT ( 'NONE',  ( 7.657342097276056414, 0.000000000000000000, -31.58504570212435780 ) ) ;
#851 = LINE ( 'NONE', #2444, #2318 ) ;
#852 = DIRECTION ( 'NONE',  ( 0.000000000000000000, -1.000000000000000000, 0.000000000000000000 ) ) ;
#853 = LINE ( 'NONE', #3500, #3372 ) ;
#854 = CARTESIAN_POINT ( 'NONE',  ( 14.05691105693403387, 180.7926290564130340, 29.30278572998556186 ) ) ;
#855 = LINE ( 'NONE', #152, #1704 ) ;
#856 = DIRECTION ( 'NONE',  ( 0.6691306063588519093, 0.000000000000000000, -0.7431448254774000173 ) ) ;
#857 = ORIENTED_EDGE ( 'NONE', *, *, #849, .T. ) ;
#858 = ORIENTED_EDGE ( 'NONE', *, *, #3582, .F. ) ;
#859 = VERTEX_POINT ( 'NONE', #1506 ) ;
#860 = DIRECTION ( 'NONE',  ( 0.9781476007338042455, 0.000000000000000000, -0.2079116908177664758 ) ) ;
#861 = DIRECTION ( 'NONE',  ( 0.000000000000000000, -1.000000000000000000, 0.000000000000000000 ) ) ;
#862 = VERTEX_POINT ( 'NONE', #1546 ) ;
#863 = ORIENTED_EDGE ( 'NONE', *, *, #14, .F. ) ;
#864 = VERTEX_POINT ( 'NONE', #569 ) ;
#865 = LINE ( 'NONE', #932, #3980 ) ;
#866 = DIRECTION ( 'NONE',  ( 0.5329343072475611898, 0.000000000000000000, -0.8461566191660750968 ) ) ;
#867 = CIRCLE ( 'NONE', #2844, 32.50000000000000000 ) ;
#868 = ORIENTED_EDGE ( 'NONE', *, *, #4212, .F. ) ;
#869 = VECTOR ( 'NONE', #1621, 1000.000000000000227 ) ;
#870 = DIRECTION ( 'NONE',  ( 0.000000000000000000, -1.000000000000000000, 0.000000000000000000 ) ) ;
#871 = PLANE ( 'NONE',  #1155 ) ;
#872 = CARTESIAN_POINT ( 'NONE',  ( 31.18212300637024370, 0.000000000000000000, -9.161070069353028700 ) ) ;
#873 = EDGE_CURVE ( 'NONE', #1798, #2271, #2842, .T. ) ;
#874 = AXIS2_PLACEMENT_3D ( 'NONE', #733, #1049, #754 ) ;
#875 = DIRECTION ( 'NONE',  ( 0.5562386247835694464, 0.000000000000000000, -0.8310226184039057884 ) ) ;
#876 = VECTOR ( 'NONE', #3163, 1000.000000000000000 ) ;
#877 = DIRECTION ( 'NONE',  ( 0.3713041585673751976, 0.000000000000000000, 0.9285112933241972399 ) ) ;
#878 = CARTESIAN_POINT ( 'NONE',  ( -0.1539190321798654393, 180.7926290564130340, 12.50000000000000000 ) ) ;
#879 = CARTESIAN_POINT ( 'NONE',  ( 9.392302253800012934, 0.000000000000000000, -8.249748447178886224 ) ) ;
#880 = EDGE_CURVE ( 'NONE', #599, #1133, #3801, .T. ) ;
#881 = ORIENTED_EDGE ( 'NONE', *, *, #3729, .F. ) ;
#882 = VECTOR ( 'NONE', #2889, 1000.000000000000114 ) ;
#883 = VERTEX_POINT ( 'NONE', #907 ) ;
#884 = EDGE_LOOP ( 'NONE', ( #2671, #3297, #1884, #417 ) ) ;
#885 = DIRECTION ( 'NONE',  ( -0.3090169943749448977, 0.000000000000000000, 0.9510565162951543083 ) ) ;
#886 = CARTESIAN_POINT ( 'NONE',  ( -0.9231105439640795440, 50.00000000000000000, 32.48688761521519552 ) ) ;
#887 = VERTEX_POINT ( 'NONE', #3824 ) ;
#888 = VECTOR ( 'NONE', #1387, 1000.000000000000000 ) ;
#889 = VERTEX_POINT ( 'NONE', #2207 ) ;
#890 = DIRECTION ( 'NONE',  ( -0.7168627939676827099, 0.000000000000000000, 0.6972142673704029292 ) ) ;
#891 = CARTESIAN_POINT ( 'NONE',  ( -0.3221327334614555449, 50.00000000000000000, -0.05561923380146473195 ) ) ;
#892 = VECTOR ( 'NONE', #2193, 1000.000000000000000 ) ;
#893 = ORIENTED_EDGE ( 'NONE', *, *, #3282, .F. ) ;
#894 = CARTESIAN_POINT ( 'NONE',  ( 32.21242971911313191, 50.00000000000000000, -4.313858086585353746 ) ) ;
#895 = CARTESIAN_POINT ( 'NONE',  ( -7.471838766447118196, 0.000000000000000000, 10.02224109252442652 ) ) ;
#896 = CARTESIAN_POINT ( 'NONE',  ( -18.34850131535288043, 50.00000000000000000, -26.82503493903585223 ) ) ;
#897 = ADVANCED_FACE ( 'NONE', ( #4101 ), #1885, .T. ) ;
#898 = EDGE_CURVE ( 'NONE', #2431, #2331, #3488, .T. ) ;
#899 = DIRECTION ( 'NONE',  ( 0.8846129582076888154, 0.000000000000000000, -0.4663259741543909764 ) ) ;
#900 = CARTESIAN_POINT ( 'NONE',  ( -0.3035294714114935011, 50.00000000000000000, 0.1213789813792755246 ) ) ;
#901 = DIRECTION ( 'NONE',  ( 0.000000000000000000, 0.000000000000000000, -1.000000000000000000 ) ) ;
#902 = PLANE ( 'NONE',  #3325 ) ;
#903 = EDGE_CURVE ( 'NONE', #2316, #90, #1525, .T. ) ;
#904 = ORIENTED_EDGE ( 'NONE', *, *, #1445, .T. ) ;
#905 = EDGE_CURVE ( 'NONE', #1721, #3461, #1199, .T. ) ;
#906 = ORIENTED_EDGE ( 'NONE', *, *, #1399, .F. ) ;
#907 = CARTESIAN_POINT ( 'NONE',  ( 12.37030416825327173, 50.00000000000000000, 30.05371149766524752 ) ) ;
#908 = CYLINDRICAL_SURFACE ( 'NONE', #3727, 32.50000000000000000 ) ;
#909 = EDGE_CURVE ( 'NONE', #3868, #1756, #3506, .T. ) ;
#910 = VERTEX_POINT ( 'NONE', #2871 ) ;
#911 = ORIENTED_EDGE ( 'NONE', *, *, #1717, .T. ) ;
#912 = LINE ( 'NONE', #2502, #3238 ) ;
#913 = CARTESIAN_POINT ( 'NONE',  ( 18.34850131535249318, 180.7926290564130340, -26.82503493903610092 ) ) ;
#914 = ORIENTED_EDGE ( 'NONE', *, *, #1658, .F. ) ;
#915 = DIRECTION ( 'NONE',  ( 0.9897664470031871664, 0.000000000000000000, 0.1426968128119441015 ) ) ;
#916 = PLANE ( 'NONE',  #1364 ) ;
#917 = DIRECTION ( 'NONE',  ( 0.4415673862654422854, 0.000000000000000000, -0.8972280888306527480 ) ) ;
#918 = DIRECTION ( 'NONE',  ( 0.000000000000000000, 1.000000000000000000, 0.000000000000000000 ) ) ;
#919 = DIRECTION ( 'NONE',  ( 0.000000000000000000, 1.000000000000000000, 0.000000000000000000 ) ) ;
#920 = CARTESIAN_POINT ( 'NONE',  ( 0.000000000000000000, 50.00000000000000000, 0.000000000000000000 ) ) ;
#921 = CARTESIAN_POINT ( 'NONE',  ( -11.93577005039072780, 180.7926290564130340, 3.716326731150388252 ) ) ;
#922 = ORIENTED_EDGE ( 'NONE', *, *, #4107, .T. ) ;
#923 = DIRECTION ( 'NONE',  ( 0.000000000000000000, 0.000000000000000000, 1.000000000000000000 ) ) ;
#924 = EDGE_CURVE ( 'NONE', #752, #1355, #3337, .T. ) ;
#925 = DESIGN_CONTEXT ( 'detailed design', #1981, 'design' ) ;
#926 = LINE ( 'NONE', #2952, #609 ) ;
#927 = VECTOR ( 'NONE', #1787, 1000.000000000000000 ) ;
#928 = ADVANCED_FACE ( 'NONE', ( #2229 ), #3525, .T. ) ;
#929 = ORIENTED_EDGE ( 'NONE', *, *, #2235, .F. ) ;
#930 = ORIENTED_EDGE ( 'NONE', *, *, #2862, .F. ) ;
#931 = ORIENTED_EDGE ( 'NONE', *, *, #3846, .T. ) ;
#932 = CARTESIAN_POINT ( 'NONE',  ( -0.3169052758585614860, 50.00000000000000000, 0.08021248823605393874 ) ) ;
#933 = EDGE_CURVE ( 'NONE', #2431, #2781, #288, .T. ) ;
#934 = ORIENTED_EDGE ( 'NONE', *, *, #3583, .T. ) ;
#935 = DIRECTION ( 'NONE',  ( 0.000000000000000000, 0.000000000000000000, 1.000000000000000000 ) ) ;
#936 = DIRECTION ( 'NONE',  ( -0.8461566191660673253, 0.000000000000000000, 0.5329343072475735132 ) ) ;
#937 = FACE_OUTER_BOUND ( 'NONE', #3423, .T. ) ;
#938 = CARTESIAN_POINT ( 'NONE',  ( 7.347315653655996925, 50.00000000000000000, 10.11271242968678230 ) ) ;
#939 = DIRECTION ( 'NONE',  ( 0.3090169943749513926, -0.000000000000000000, 0.9510565162951523099 ) ) ;
#940 = VECTOR ( 'NONE', #1987, 1000.000000000000000 ) ;
#941 = DIRECTION ( 'NONE',  ( 0.9992602814019557744, 0.000000000000000000, 0.03845633904162090722 ) ) ;
#942 = CARTESIAN_POINT ( 'NONE',  ( 0.1539190321798746819, 50.00000000000000000, 12.50000000000000000 ) ) ;
#943 = AXIS2_PLACEMENT_3D ( 'NONE', #1018, #3559, #640 ) ;
#944 = VECTOR ( 'NONE', #3031, 1000.000000000000000 ) ;
#945 = EDGE_LOOP ( 'NONE', ( #2321, #2501, #2995, #3924 ) ) ;
#946 = DIRECTION ( 'NONE',  ( -0.9510565162951544194, 0.000000000000000000, -0.3090169943749449533 ) ) ;
#947 = CARTESIAN_POINT ( 'NONE',  ( 11.88820645368945961, 0.000000000000000000, 3.862712429686729454 ) ) ;
#948 = CC_DESIGN_PERSON_AND_ORGANIZATION_ASSIGNMENT ( #4002, #4087, ( #1485 ) ) ;
#949 = ADVANCED_FACE ( 'NONE', ( #4189 ), #2560, .T. ) ;
#950 = EDGE_LOOP ( 'NONE', ( #1023, #4028, #2730, #863 ) ) ;
#951 = ORIENTED_EDGE ( 'NONE', *, *, #972, .F. ) ;
#952 = VECTOR ( 'NONE', #3865, 1000.000000000000114 ) ;
#953 = LINE ( 'NONE', #2479, #3442 ) ;
#954 = VECTOR ( 'NONE', #3546, 1000.000000000000000 ) ;
#955 = EDGE_LOOP ( 'NONE', ( #2936, #1914, #1592, #708 ) ) ;
#956 = EDGE_CURVE ( 'NONE', #1355, #3931, #307, .T. ) ;
#957 = EDGE_CURVE ( 'NONE', #3680, #1827, #2511, .T. ) ;
#958 = AXIS2_PLACEMENT_3D ( 'NONE', #2659, #1362, #3641 ) ;
#959 = DIRECTION ( 'NONE',  ( 0.9694285242891058640, 0.000000000000000000, -0.2453738704398790438 ) ) ;
#960 = CARTESIAN_POINT ( 'NONE',  ( -24.76014394513181571, 0.000000000000000000, -21.05196598459043855 ) ) ;
#961 = DIRECTION ( 'NONE',  ( 0.8660254037844328234, 0.000000000000000000, -0.5000000000000101030 ) ) ;
#962 = CARTESIAN_POINT ( 'NONE',  ( -32.40541237228664784, 50.00000000000000000, -2.477750790949689197 ) ) ;
#963 = CARTESIAN_POINT ( 'NONE',  ( 0.000000000000000000, 0.000000000000000000, 0.000000000000000000 ) ) ;
#964 = FACE_OUTER_BOUND ( 'NONE', #4192, .T. ) ;
#965 = CARTESIAN_POINT ( 'NONE',  ( -0.3169052758585648721, 0.000000000000000000, -0.08021248823604776312 ) ) ;
#966 = ORIENTED_EDGE ( 'NONE', *, *, #933, .T. ) ;
#967 = FACE_OUTER_BOUND ( 'NONE', #1921, .T. ) ;
#968 = DIRECTION ( 'NONE',  ( 0.06620547042674784777, 0.000000000000000000, -0.9978060110490279966 ) ) ;
#969 = VERTEX_POINT ( 'NONE', #672 ) ;
#970 = VERTEX_POINT ( 'NONE', #354 ) ;
#971 = DIRECTION ( 'NONE',  ( 0.000000000000000000, 0.000000000000000000, 1.000000000000000000 ) ) ;
#972 = EDGE_CURVE ( 'NONE', #910, #3105, #2289, .T. ) ;
#973 = VERTEX_POINT ( 'NONE', #2582 ) ;
#974 = DIRECTION ( 'NONE',  ( 0.000000000000000000, 1.000000000000000000, 0.000000000000000000 ) ) ;
#975 = LINE ( 'NONE', #2900, #1643 ) ;
#976 = LINE ( 'NONE', #2325, #3527 ) ;
#977 = EDGE_CURVE ( 'NONE', #2623, #3254, #68, .T. ) ;
#978 = EDGE_CURVE ( 'NONE', #93, #2397, #331, .T. ) ;
#979 = DIRECTION ( 'NONE',  ( -0.3453625605954834810, -0.000000000000000000, 0.9384693397969542383 ) ) ;
#980 = VERTEX_POINT ( 'NONE', #3551 ) ;
#981 = CARTESIAN_POINT ( 'NONE',  ( 2.448340603187820985, 50.00000000000000000, -12.25884657540215628 ) ) ;
#982 = LINE ( 'NONE', #3944, #3197 ) ;
#983 = DIRECTION ( 'NONE',  ( 0.000000000000000000, 1.000000000000000000, 0.000000000000000000 ) ) ;
#984 = EDGE_LOOP ( 'NONE', ( #1931, #1333, #1758, #1781 ) ) ;
#985 = CARTESIAN_POINT ( 'NONE',  ( 11.93577005039070471, 180.7926290564130340, -3.716326731150463303 ) ) ;
#986 = CARTESIAN_POINT ( 'NONE',  ( 0.6543697108982008404, 50.00001200000000523, -2.434931691670789267 ) ) ;
#987 = DIRECTION ( 'NONE',  ( -0.4999999999999979461, 0.000000000000000000, 0.8660254037844397068 ) ) ;
#988 = AXIS2_PLACEMENT_3D ( 'NONE', #798, #419, #1418 ) ;
#989 = ORIENTED_EDGE ( 'NONE', *, *, #218, .T. ) ;
#990 = ORIENTED_EDGE ( 'NONE', *, *, #308, .T. ) ;
#991 = CARTESIAN_POINT ( 'NONE',  ( 0.3266572492947953932, 50.00000000000000000, -0.01257134118416045054 ) ) ;
#992 = ORIENTED_EDGE ( 'NONE', *, *, #1450, .T. ) ;
#993 = CARTESIAN_POINT ( 'NONE',  ( -0.1524415238222712743, 0.000000000000000000, 0.2891791468117222985 ) ) ;
#994 = FACE_OUTER_BOUND ( 'NONE', #2045, .T. ) ;
#995 = CARTESIAN_POINT ( 'NONE',  ( 0.000000000000000000, 0.000000000000000000, 2.500000000000000000 ) ) ;
#996 = EDGE_CURVE ( 'NONE', #3396, #109, #2269, .T. ) ;
#997 = DIRECTION ( 'NONE',  ( 0.000000000000000000, 0.000000000000000000, 1.000000000000000000 ) ) ;
#998 = VERTEX_POINT ( 'NONE', #3906 ) ;
#999 = DIRECTION ( 'NONE',  ( 0.1701419189067300275, 0.000000000000000000, -0.9854195692347171853 ) ) ;
#1000 = EDGE_CURVE ( 'NONE', #3318, #544, #3232, .T. ) ;
#1001 = DIRECTION ( 'NONE',  ( -0.2079116908177532363, 0.000000000000000000, 0.9781476007338070211 ) ) ;
#1002 = CARTESIAN_POINT ( 'NONE',  ( 0.000000000000000000, 50.00000000000000000, 0.000000000000000000 ) ) ;
#1003 = VECTOR ( 'NONE', #1539, 999.9999999999998863 ) ;
#1004 = ORIENTED_EDGE ( 'NONE', *, *, #4027, .F. ) ;
#1005 = VECTOR ( 'NONE', #3137, 1000.000000000000114 ) ;
#1006 = DIRECTION ( 'NONE',  ( -0.3090169943749448977, 0.000000000000000000, 0.9510565162951543083 ) ) ;
#1007 = ADVANCED_FACE ( 'NONE', ( #1613 ), #1288, .T. ) ;
#1008 = LINE ( 'NONE', #87, #3128 ) ;
#1009 = LINE ( 'NONE', #2312, #2112 ) ;
#1010 = ORIENTED_EDGE ( 'NONE', *, *, #3039, .F. ) ;
#1011 = CIRCLE ( 'NONE', #1285, 32.50000000000000000 ) ;
#1012 = ORIENTED_EDGE ( 'NONE', *, *, #621, .F. ) ;
#1013 = ORIENTED_EDGE ( 'NONE', *, *, #1450, .F. ) ;
#1014 = FACE_OUTER_BOUND ( 'NONE', #432, .T. ) ;
#1015 = VECTOR ( 'NONE', #852, 1000.000000000000000 ) ;
#1016 = VECTOR ( 'NONE', #4047, 1000.000000000000000 ) ;
#1017 = ORIENTED_EDGE ( 'NONE', *, *, #1663, .T. ) ;
#1018 = CARTESIAN_POINT ( 'NONE',  ( 0.000000000000000000, 50.00000000000000000, 0.000000000000000000 ) ) ;
#1019 = DIRECTION ( 'NONE',  ( 0.000000000000000000, -1.000000000000000000, 0.000000000000000000 ) ) ;
#1020 = CARTESIAN_POINT ( 'NONE',  ( 32.21242971911321717, 180.7926290564130340, 4.313858086584684060 ) ) ;
#1021 = VECTOR ( 'NONE', #1469, 1000.000000000000000 ) ;
#1022 = DIRECTION ( 'NONE',  ( 0.03845633904162162192, -0.000000000000000000, 0.9992602814019556634 ) ) ;
#1023 = ORIENTED_EDGE ( 'NONE', *, *, #2648, .F. ) ;
#1024 = CARTESIAN_POINT ( 'NONE',  ( 2.749451667255840448, 0.000000000000000000, -12.19484344294305700 ) ) ;
#1025 = LINE ( 'NONE', #1046, #3263 ) ;
#1026 = PLANE ( 'NONE',  #263 ) ;
#1027 = ADVANCED_FACE ( 'NONE', ( #3587 ), #2911, .T. ) ;
#1028 = EDGE_CURVE ( 'NONE', #2331, #3524, #4208, .T. ) ;
#1029 = AXIS2_PLACEMENT_3D ( 'NONE', #3708, #2373, #4050 ) ;
#1030 = ORIENTED_EDGE ( 'NONE', *, *, #2404, .F. ) ;
#1031 = CARTESIAN_POINT ( 'NONE',  ( 10.90227706339534386, 180.7926290564130340, -6.116702208006449482 ) ) ;
#1032 = CARTESIAN_POINT ( 'NONE',  ( -12.44761261200481783, 0.000000000000000000, 1.153529943228943644 ) ) ;
#1033 = CARTESIAN_POINT ( 'NONE',  ( 0.000000000000000000, 50.00000000000000000, 0.000000000000000000 ) ) ;
#1034 = EDGE_LOOP ( 'NONE', ( #587, #176, #1069, #2237 ) ) ;
#1035 = EDGE_CURVE ( 'NONE', #2458, #1426, #3887, .T. ) ;
#1036 = ORIENTED_EDGE ( 'NONE', *, *, #139, .T. ) ;
#1037 = VERTEX_POINT ( 'NONE', #1674 ) ;
#1038 = DIRECTION ( 'NONE',  ( -0.4663259741543971937, 0.000000000000000000, -0.8846129582076855957 ) ) ;
#1039 = ORIENTED_EDGE ( 'NONE', *, *, #1467, .T. ) ;
#1040 = CARTESIAN_POINT ( 'NONE',  ( -0.1539190321798654393, 180.7926290564130340, 12.50000000000000000 ) ) ;
#1041 = CARTESIAN_POINT ( 'NONE',  ( 0.000000000000000000, 50.00000000000000000, 0.000000000000000000 ) ) ;
#1042 = CARTESIAN_POINT ( 'NONE',  ( 0.000000000000000000, 50.00000000000000000, 0.000000000000000000 ) ) ;
#1043 = CARTESIAN_POINT ( 'NONE',  ( -0.3266572492947953932, 0.000000000000000000, 0.01257134118416045054 ) ) ;
#1044 = VERTEX_POINT ( 'NONE', #1375 ) ;
#1045 = DIRECTION ( 'NONE',  ( 0.4415673862654422854, 0.000000000000000000, -0.8972280888306527480 ) ) ;
#1046 = CARTESIAN_POINT ( 'NONE',  ( 10.74835803121561106, 180.7926290564130340, 6.383297791993578940 ) ) ;
#1047 = CARTESIAN_POINT ( 'NONE',  ( -10.74835803121551692, 0.000000000000000000, 6.383297791993737924 ) ) ;
#1048 = CARTESIAN_POINT ( 'NONE',  ( 30.61160931482700320, 180.7926290564130340, -10.91693066554864799 ) ) ;
#1049 = DIRECTION ( 'NONE',  ( 0.5329343072475793974, 0.000000000000000000, 0.8461566191660635505 ) ) ;
#1050 = LINE ( 'NONE', #913, #3140 ) ;
#1051 = ORIENTED_EDGE ( 'NONE', *, *, #1896, .F. ) ;
#1052 = ORIENTED_EDGE ( 'NONE', *, *, #2743, .F. ) ;
#1053 = DIRECTION ( 'NONE',  ( -0.000000000000000000, -1.000000000000000000, -0.000000000000000000 ) ) ;
#1054 = CIRCLE ( 'NONE', #988, 32.50000000000000000 ) ;
#1055 = ADVANCED_FACE ( 'NONE', ( #967 ), #2933, .T. ) ;
#1056 = ORIENTED_EDGE ( 'NONE', *, *, #2452, .T. ) ;
#1057 = ORIENTED_EDGE ( 'NONE', *, *, #2862, .T. ) ;
#1058 = CARTESIAN_POINT ( 'NONE',  ( -5.224820071140096722, 180.7926290564130340, 11.35671371007822827 ) ) ;
#1059 = EDGE_CURVE ( 'NONE', #25, #115, #2973, .T. ) ;
#1060 = CARTESIAN_POINT ( 'NONE',  ( -0.9231105439641028587, 180.8028096028521645, -32.48688761521518842 ) ) ;
#1061 = VECTOR ( 'NONE', #2566, 1000.000000000000000 ) ;
#1062 = ORIENTED_EDGE ( 'NONE', *, *, #3685, .T. ) ;
#1063 = CARTESIAN_POINT ( 'NONE',  ( -7.657342097276264248, 0.000000000000000000, 31.58504570212430806 ) ) ;
#1064 = LINE ( 'NONE', #750, #1079 ) ;
#1065 = CARTESIAN_POINT ( 'NONE',  ( -18.34850131535287687, 180.7926290564130340, -26.82503493903584513 ) ) ;
#1066 = DIRECTION ( 'NONE',  ( 0.3453625605954963596, 0.000000000000000000, 0.9384693397969494644 ) ) ;
#1067 = CARTESIAN_POINT ( 'NONE',  ( 24.76014394513195072, 180.7926290564130340, 21.05196598459026447 ) ) ;
#1068 = CARTESIAN_POINT ( 'NONE',  ( 0.3035294714114927794, 50.00000000000000000, -0.1213789813792775230 ) ) ;
#1069 = ORIENTED_EDGE ( 'NONE', *, *, #3249, .T. ) ;
#1070 = VECTOR ( 'NONE', #344, 1000.000000000000000 ) ;
#1071 = ORIENTED_EDGE ( 'NONE', *, *, #1965, .F. ) ;
#1072 = ORIENTED_EDGE ( 'NONE', *, *, #2913, .F. ) ;
#1073 = FACE_OUTER_BOUND ( 'NONE', #1826, .T. ) ;
#1074 = CIRCLE ( 'NONE', #333, 32.50000000000000000 ) ;
#1075 = EDGE_CURVE ( 'NONE', #3931, #452, #3950, .T. ) ;
#1076 = EDGE_LOOP ( 'NONE', ( #1677, #54, #758, #1799 ) ) ;
#1077 = VECTOR ( 'NONE', #449, 1000.000000000000000 ) ;
#1078 = DIRECTION ( 'NONE',  ( 0.6691306063588620123, 0.000000000000000000, 0.7431448254773909134 ) ) ;
#1079 = VECTOR ( 'NONE', #3748, 1000.000000000000000 ) ;
#1080 = EDGE_CURVE ( 'NONE', #599, #376, #3631, .T. ) ;
#1081 = EDGE_CURVE ( 'NONE', #361, #2840, #3312, .T. ) ;
#1082 = ORIENTED_EDGE ( 'NONE', *, *, #3422, .T. ) ;
#1083 = AXIS2_PLACEMENT_3D ( 'NONE', #3226, #1924, #4203 ) ;
#1084 = DIRECTION ( 'NONE',  ( -0.3090169943749448977, 0.000000000000000000, 0.9510565162951543083 ) ) ;
#1085 = CARTESIAN_POINT ( 'NONE',  ( 0.000000000000000000, 0.000000000000000000, 0.000000000000000000 ) ) ;
#1086 = VECTOR ( 'NONE', #3576, 1000.000000000000114 ) ;
#1087 = ORIENTED_EDGE ( 'NONE', *, *, #3788, .T. ) ;
#1088 = PLANE ( 'NONE',  #748 ) ;
#1089 = CARTESIAN_POINT ( 'NONE',  ( 11.93577005039070471, 180.7926290564130340, -3.716326731150463303 ) ) ;
#1090 = AXIS2_PLACEMENT_3D ( 'NONE', #554, #1117, #3405 ) ;
#1091 = DIRECTION ( 'NONE',  ( -0.9854195692347149649, -0.000000000000000000, 0.1701419189067438220 ) ) ;
#1092 = ORIENTED_EDGE ( 'NONE', *, *, #996, .F. ) ;
#1093 = VERTEX_POINT ( 'NONE', #3073 ) ;
#1094 = ORIENTED_EDGE ( 'NONE', *, *, #2145, .T. ) ;
#1095 = CARTESIAN_POINT ( 'NONE',  ( 9.186318383134819854, 180.7926290564130340, 8.478516711792604355 ) ) ;
#1096 = ORIENTED_EDGE ( 'NONE', *, *, #457, .F. ) ;
#1097 = CARTESIAN_POINT ( 'NONE',  ( 7.471838766447048030, 180.7926290564130340, -10.02224109252447803 ) ) ;
#1098 = DATE_AND_TIME ( #4021, #3046 ) ;
#1099 = ORIENTED_EDGE ( 'NONE', *, *, #2075, .T. ) ;
#1100 = EDGE_CURVE ( 'NONE', #3741, #654, #3968, .T. ) ;
#1101 = CARTESIAN_POINT ( 'NONE',  ( 0.000000000000000000, 50.00000000000000000, 0.000000000000000000 ) ) ;
#1102 = CYLINDRICAL_SURFACE ( 'NONE', #185, 32.50000000000000000 ) ;
#1103 = EDGE_CURVE ( 'NONE', #3231, #2432, #3013, .T. ) ;
#1104 = VERTEX_POINT ( 'NONE', #2423 ) ;
#1105 = CARTESIAN_POINT ( 'NONE',  ( -0.9231105439640796551, 180.7926290564130340, 32.48688761521519552 ) ) ;
#1106 = CARTESIAN_POINT ( 'NONE',  ( 9.392302253800012934, 180.7926290564130340, -8.249748447178886224 ) ) ;
#1107 = CARTESIAN_POINT ( 'NONE',  ( -18.34850131535268147, 180.7926290564130340, 26.82503493903597658 ) ) ;
#1108 = EDGE_CURVE ( 'NONE', #100, #2628, #3651, .T. ) ;
#1109 = VERTEX_POINT ( 'NONE', #3672 ) ;
#1110 = ORIENTED_EDGE ( 'NONE', *, *, #3175, .T. ) ;
#1111 = ORIENTED_EDGE ( 'NONE', *, *, #4027, .T. ) ;
#1112 = CARTESIAN_POINT ( 'NONE',  ( 10.74835803121547073, 180.7926290564130340, -6.383297791993812531 ) ) ;
#1113 = CARTESIAN_POINT ( 'NONE',  ( -7.657342097276498727, 50.00000000000000000, -31.58504570212425477 ) ) ;
#1114 = ORIENTED_EDGE ( 'NONE', *, *, #1081, .F. ) ;
#1115 = VECTOR ( 'NONE', #1619, 1000.000000000000000 ) ;
#1116 = CARTESIAN_POINT ( 'NONE',  ( -2.434931691670789267, 50.00001200000001234, 0.6543697108982009514 ) ) ;
#1117 = DIRECTION ( 'NONE',  ( -0.2079116908177597867, 0.000000000000000000, -0.9781476007338055778 ) ) ;
#1118 = PERSON_AND_ORGANIZATION_ROLE ( 'design_owner' ) ;
#1119 = CIRCLE ( 'NONE', #719, 32.50000000000000000 ) ;
#1120 = VERTEX_POINT ( 'NONE', #2353 ) ;
#1121 = CARTESIAN_POINT ( 'NONE',  ( -5.224820071140182876, 180.7926290564130340, -11.35671371007818742 ) ) ;
#1122 = CIRCLE ( 'NONE', #2686, 32.50000000000000000 ) ;
#1123 = DIRECTION ( 'NONE',  ( 0.000000000000000000, -1.000000000000000000, 0.000000000000000000 ) ) ;
#1124 = CC_DESIGN_PERSON_AND_ORGANIZATION_ASSIGNMENT ( #184, #143, ( #398 ) ) ;
#1125 = ORIENTED_EDGE ( 'NONE', *, *, #1132, .F. ) ;
#1126 = CARTESIAN_POINT ( 'NONE',  ( -11.93577005039075800, 180.7926290564130340, -3.716326731150298546 ) ) ;
#1127 = EDGE_CURVE ( 'NONE', #693, #2380, #4029, .T. ) ;
#1128 = DIRECTION ( 'NONE',  ( 0.1045284632676436315, 0.000000000000000000, -0.9945218953682742891 ) ) ;
#1129 = DIRECTION ( 'NONE',  ( 0.1045284632676570791, -0.000000000000000000, 0.9945218953682730678 ) ) ;
#1130 = DIRECTION ( 'NONE',  ( -0.000000000000000000, -1.000000000000000000, -0.000000000000000000 ) ) ;
#1131 = ORIENTED_EDGE ( 'NONE', *, *, #3447, .T. ) ;
#1132 = EDGE_CURVE ( 'NONE', #3033, #3299, #3050, .T. ) ;
#1133 = VERTEX_POINT ( 'NONE', #3350 ) ;
#1134 = ADVANCED_FACE ( 'NONE', ( #732 ), #429, .T. ) ;
#1135 = ORIENTED_EDGE ( 'NONE', *, *, #378, .T. ) ;
#1136 = LINE ( 'NONE', #454, #2548 ) ;
#1137 = CARTESIAN_POINT ( 'NONE',  ( 2.500000000000000000, 50.00001200000000523, 0.3272492347489370790 ) ) ;
#1138 = ORIENTED_EDGE ( 'NONE', *, *, #825, .F. ) ;
#1139 = CARTESIAN_POINT ( 'NONE',  ( -23.52478090909391995, 180.7926290564130340, -22.42397563277151207 ) ) ;
#1140 = VECTOR ( 'NONE', #2388, 1000.000000000000000 ) ;
#1141 = VECTOR ( 'NONE', #2260, 1000.000000000000000 ) ;
#1142 = CARTESIAN_POINT ( 'NONE',  ( -0.3221327334614547122, 0.000000000000000000, 0.05561923380146704260 ) ) ;
#1143 = CALENDAR_DATE ( 2026, 9, 1 ) ;
#1144 = AXIS2_PLACEMENT_3D ( 'NONE', #1719, #3014, #1733 ) ;
#1145 = ORIENTED_EDGE ( 'NONE', *, *, #880, .F. ) ;
#1146 = CARTESIAN_POINT ( 'NONE',  ( -31.18212300637037160, 50.00000000000000000, -9.161070069352598821 ) ) ;
#1147 = LINE ( 'NONE', #4045, #3593 ) ;
#1148 = VECTOR ( 'NONE', #2680, 999.9999999999998863 ) ;
#1149 = AXIS2_PLACEMENT_3D ( 'NONE', #1880, #919, #2133 ) ;
#1150 = DIRECTION ( 'NONE',  ( -0.5000000000000101030, 0.000000000000000000, -0.8660254037844328234 ) ) ;
#1151 = DIRECTION ( 'NONE',  ( -0.000000000000000000, -1.000000000000000000, -0.000000000000000000 ) ) ;
#1152 = ADVANCED_FACE ( 'NONE', ( #1453 ), #1088, .T. ) ;
#1153 = CARTESIAN_POINT ( 'NONE',  ( -11.93577005039075978, 0.000000000000000000, -3.716326731150298546 ) ) ;
#1154 = DIRECTION ( 'NONE',  ( 0.6184622884358194073, -0.000000000000000000, 0.7858144805122447840 ) ) ;
#1155 = AXIS2_PLACEMENT_3D ( 'NONE', #234, #1792, #2465 ) ;
#1156 = ORIENTED_EDGE ( 'NONE', *, *, #3616, .F. ) ;
#1157 = ORIENTED_EDGE ( 'NONE', *, *, #2882, .T. ) ;
#1158 = ORIENTED_EDGE ( 'NONE', *, *, #3458, .T. ) ;
#1159 = DIRECTION ( 'NONE',  ( -0.6184622884358027539, 0.000000000000000000, 0.7858144805122578846 ) ) ;
#1160 = LINE ( 'NONE', #2497, #806 ) ;
#1161 = EDGE_CURVE ( 'NONE', #2685, #1093, #151, .T. ) ;
#1162 = VERTEX_POINT ( 'NONE', #1751 ) ;
#1163 = VERTEX_POINT ( 'NONE', #1716 ) ;
#1164 = CARTESIAN_POINT ( 'NONE',  ( -1.999167105995450333, 50.00001200000001234, -1.536366799937288086 ) ) ;
#1165 = CARTESIAN_POINT ( 'NONE',  ( -5.224820071140096722, 180.7926290564130340, 11.35671371007822827 ) ) ;
#1166 = ORIENTED_EDGE ( 'NONE', *, *, #2128, .F. ) ;
#1167 = DIRECTION ( 'NONE',  ( 0.000000000000000000, 1.000000000000000000, 0.000000000000000000 ) ) ;
#1168 = CARTESIAN_POINT ( 'NONE',  ( -0.2279186904424639337, 0.000000000000000000, -0.2343417753688038230 ) ) ;
#1169 = FACE_OUTER_BOUND ( 'NONE', #248, .T. ) ;
#1170 = CARTESIAN_POINT ( 'NONE',  ( 0.000000000000000000, 0.000000000000000000, 0.000000000000000000 ) ) ;
#1171 = LINE ( 'NONE', #582, #1769 ) ;
#1172 = LINE ( 'NONE', #1454, #2042 ) ;
#1173 = DIRECTION ( 'NONE',  ( -0.6972142673704029292, 0.000000000000000000, -0.7168627939676827099 ) ) ;
#1174 = ORIENTED_EDGE ( 'NONE', *, *, #3758, .F. ) ;
#1175 = ORIENTED_EDGE ( 'NONE', *, *, #2462, .T. ) ;
#1176 = VERTEX_POINT ( 'NONE', #86 ) ;
#1177 = CARTESIAN_POINT ( 'NONE',  ( 7.657342097276711002, 180.7926290564130340, 31.58504570212418372 ) ) ;
#1178 = LINE ( 'NONE', #1507, #1559 ) ;
#1179 = ORIENTED_EDGE ( 'NONE', *, *, #254, .F. ) ;
#1180 = ORIENTED_EDGE ( 'NONE', *, *, #2826, .F. ) ;
#1181 = DIRECTION ( 'NONE',  ( 0.000000000000000000, -1.000000000000000000, 0.000000000000000000 ) ) ;
#1182 = EDGE_CURVE ( 'NONE', #4057, #2978, #128, .T. ) ;
#1183 = DIRECTION ( 'NONE',  ( 0.1701419189067438220, 0.000000000000000000, 0.9854195692347149649 ) ) ;
#1184 = AXIS2_PLACEMENT_3D ( 'NONE', #3533, #1204, #1915 ) ;
#1185 = EDGE_LOOP ( 'NONE', ( #1478, #3973, #1865, #2675 ) ) ;
#1186 = ADVANCED_FACE ( 'NONE', ( #105 ), #3094, .T. ) ;
#1187 = DIRECTION ( 'NONE',  ( -0.1045284632676503761, 0.000000000000000000, 0.9945218953682736229 ) ) ;
#1188 = CARTESIAN_POINT ( 'NONE',  ( 9.392302253800012934, 180.7926290564130340, -8.249748447178886224 ) ) ;
#1189 = CARTESIAN_POINT ( 'NONE',  ( 0.2933030211870827353, 0.000000000000000000, 0.1443479646498034286 ) ) ;
#1190 = AXIS2_PLACEMENT_3D ( 'NONE', #2078, #4017, #3341 ) ;
#1191 = AXIS2_PLACEMENT_3D ( 'NONE', #3579, #2597, #997 ) ;
#1192 = DIRECTION ( 'NONE',  ( 0.03845633904162162192, -0.000000000000000000, 0.9992602814019556634 ) ) ;
#1193 = LINE ( 'NONE', #2490, #469 ) ;
#1194 = CARTESIAN_POINT ( 'NONE',  ( -10.90227706339539004, 50.00000000000000000, 6.116702208006373986 ) ) ;
#1195 = CARTESIAN_POINT ( 'NONE',  ( -12.41543477220200486, 50.00000000000000000, 1.459681638462492881 ) ) ;
#1196 = EDGE_LOOP ( 'NONE', ( #2358, #2292, #703, #222 ) ) ;
#1197 = ORIENTED_EDGE ( 'NONE', *, *, #84, .F. ) ;
#1198 = EDGE_LOOP ( 'NONE', ( #2362, #341, #3021, #572 ) ) ;
#1199 = LINE ( 'NONE', #1569, #271 ) ;
#1200 = DIRECTION ( 'NONE',  ( -0.000000000000000000, -1.000000000000000000, 0.000000000000000000 ) ) ;
#1201 = ORIENTED_EDGE ( 'NONE', *, *, #1757, .F. ) ;
#1202 = ORIENTED_EDGE ( 'NONE', *, *, #1847, .F. ) ;
#1203 = ORIENTED_EDGE ( 'NONE', *, *, #2333, .T. ) ;
#1204 = DIRECTION ( 'NONE',  ( 0.8660254037844432595, 0.000000000000000000, 0.4999999999999920064 ) ) ;
#1205 = CARTESIAN_POINT ( 'NONE',  ( -5.851465369695389995, 0.000000000000000000, -31.96889665013880588 ) ) ;
#1206 = ADVANCED_FACE ( 'NONE', ( #2704 ), #3367, .T. ) ;
#1207 = VECTOR ( 'NONE', #1212, 1000.000000000000000 ) ;
#1208 = VERTEX_POINT ( 'NONE', #1432 ) ;
#1209 = VECTOR ( 'NONE', #2579, 1000.000000000000000 ) ;
#1210 = DIRECTION ( 'NONE',  ( 0.000000000000000000, 1.000000000000000000, 0.000000000000000000 ) ) ;
#1211 = LINE ( 'NONE', #3138, #3608 ) ;
#1212 = DIRECTION ( 'NONE',  ( 0.000000000000000000, -1.000000000000000000, -0.000000000000000000 ) ) ;
#1213 = VECTOR ( 'NONE', #2449, 999.9999999999998863 ) ;
#1214 = EDGE_CURVE ( 'NONE', #3008, #2059, #2727, .T. ) ;
#1215 = ADVANCED_FACE ( 'NONE', ( #2089 ), #471, .T. ) ;
#1216 = CARTESIAN_POINT ( 'NONE',  ( -14.05691105693362175, 0.000000000000000000, 29.30278572998577147 ) ) ;
#1217 = CIRCLE ( 'NONE', #4007, 32.50000000000000000 ) ;
#1218 = DIRECTION ( 'NONE',  ( 0.000000000000000000, 1.000000000000000000, 0.000000000000000000 ) ) ;
#1219 = DIRECTION ( 'NONE',  ( -0.000000000000000000, -1.000000000000000000, -0.000000000000000000 ) ) ;
#1220 = DIRECTION ( 'NONE',  ( 0.8846129582076956988, -0.000000000000000000, 0.4663259741543780423 ) ) ;
#1221 = EDGE_CURVE ( 'NONE', #1883, #32, #3989, .T. ) ;
#1222 = AXIS2_PLACEMENT_3D ( 'NONE', #170, #2391, #447 ) ;
#1223 = ORIENTED_EDGE ( 'NONE', *, *, #3400, .T. ) ;
#1224 = ORIENTED_EDGE ( 'NONE', *, *, #402, .F. ) ;
#1225 = LINE ( 'NONE', #1245, #442 ) ;
#1226 = FACE_OUTER_BOUND ( 'NONE', #2714, .T. ) ;
#1227 = VECTOR ( 'NONE', #2130, 1000.000000000000000 ) ;
#1228 = EDGE_LOOP ( 'NONE', ( #3293, #1578, #406, #1417 ) ) ;
#1229 = VECTOR ( 'NONE', #742, 1000.000000000000114 ) ;
#1230 = VERTEX_POINT ( 'NONE', #494 ) ;
#1231 = ORIENTED_EDGE ( 'NONE', *, *, #1942, .T. ) ;
#1232 = CARTESIAN_POINT ( 'NONE',  ( -32.21242971911314612, 180.7926290564130340, 4.313858086585142360 ) ) ;
#1233 = CARTESIAN_POINT ( 'NONE',  ( -11.93577005039072780, 0.000000000000000000, 3.716326731150388252 ) ) ;
#1234 = VECTOR ( 'NONE', #1753, 1000.000000000000000 ) ;
#1235 = ORIENTED_EDGE ( 'NONE', *, *, #385, .T. ) ;
#1236 = LINE ( 'NONE', #4090, #3725 ) ;
#1237 = CARTESIAN_POINT ( 'NONE',  ( 7.657342097276714554, 50.00000000000000000, 31.58504570212419793 ) ) ;
#1238 = CARTESIAN_POINT ( 'NONE',  ( -32.21242971911319586, 180.7926290564130340, -4.313858086584902551 ) ) ;
#1239 = DIRECTION ( 'NONE',  ( 0.000000000000000000, 0.000000000000000000, 1.000000000000000000 ) ) ;
#1240 = DIRECTION ( 'NONE',  ( 0.4663259741543842041, 0.000000000000000000, -0.8846129582076924791 ) ) ;
#1241 = ADVANCED_FACE ( 'NONE', ( #1795 ), #2667, .T. ) ;
#1242 = CYLINDRICAL_SURFACE ( 'NONE', #3670, 32.50000000000000000 ) ;
#1243 = DIRECTION ( 'NONE',  ( 0.8461566191660635505, 0.000000000000000000, -0.5329343072475793974 ) ) ;
#1244 = VERTEX_POINT ( 'NONE', #3521 ) ;
#1245 = CARTESIAN_POINT ( 'NONE',  ( 0.2716605149648480544, 0.000000000000000000, -0.1818338850298374942 ) ) ;
#1246 = ADVANCED_FACE ( 'NONE', ( #3207 ), #516, .T. ) ;
#1247 = DIRECTION ( 'NONE',  ( -0.9897664470031880546, 0.000000000000000000, -0.1426968128119373846 ) ) ;
#1248 = ORIENTED_EDGE ( 'NONE', *, *, #2357, .F. ) ;
#1249 = EDGE_LOOP ( 'NONE', ( #1932, #1976, #3011, #858 ) ) ;
#1250 = CARTESIAN_POINT ( 'NONE',  ( 5.084208038447360245, 50.00000000000000000, -11.41931822053257584 ) ) ;
#1251 = LINE ( 'NONE', #714, #5 ) ;
#1252 = ORIENTED_EDGE ( 'NONE', *, *, #1730, .F. ) ;
#1253 = DIRECTION ( 'NONE',  ( 0.6184622884358083050, 0.000000000000000000, -0.7858144805122535548 ) ) ;
#1254 = CARTESIAN_POINT ( 'NONE',  ( 12.44761261200481250, 180.7926290564130340, -1.153529943229024912 ) ) ;
#1255 = CARTESIAN_POINT ( 'NONE',  ( -5.224820071140096722, 0.000000000000000000, 11.35671371007822827 ) ) ;
#1256 = AXIS2_PLACEMENT_3D ( 'NONE', #636, #618, #3556 ) ;
#1257 = DIRECTION ( 'NONE',  ( -0.1045284632676635739, 0.000000000000000000, -0.9945218953682721796 ) ) ;
#1258 = DIRECTION ( 'NONE',  ( 0.7168627939676878169, 0.000000000000000000, 0.6972142673703976001 ) ) ;
#1259 = VECTOR ( 'NONE', #3150, 1000.000000000000114 ) ;
#1260 = CARTESIAN_POINT ( 'NONE',  ( 0.000000000000000000, 0.000000000000000000, 0.000000000000000000 ) ) ;
#1261 = CARTESIAN_POINT ( 'NONE',  ( 0.3169052758585642615, 50.00000000000000000, 0.08021248823604984479 ) ) ;
#1262 = CC_DESIGN_PERSON_AND_ORGANIZATION_ASSIGNMENT ( #2127, #1118, ( #1591 ) ) ;
#1263 = EDGE_CURVE ( 'NONE', #3823, #970, #1171, .T. ) ;
#1264 = VECTOR ( 'NONE', #20, 1000.000000000000000 ) ;
#1265 = ORIENTED_EDGE ( 'NONE', *, *, #9, .T. ) ;
#1266 = CARTESIAN_POINT ( 'NONE',  ( -11.84064285698807772, 180.7926290564130340, 4.009098128223405944 ) ) ;
#1267 = LINE ( 'NONE', #289, #3872 ) ;
#1268 = VECTOR ( 'NONE', #3306, 1000.000000000000000 ) ;
#1269 = ADVANCED_FACE ( 'NONE', ( #259 ), #3768, .T. ) ;
#1270 = ORIENTED_EDGE ( 'NONE', *, *, #3086, .F. ) ;
#1271 = EDGE_CURVE ( 'NONE', #2395, #3680, #2224, .T. ) ;
#1272 = ORIENTED_EDGE ( 'NONE', *, *, #530, .F. ) ;
#1273 = EDGE_LOOP ( 'NONE', ( #3170, #3717, #2040, #1791 ) ) ;
#1274 = CARTESIAN_POINT ( 'NONE',  ( -23.52478090909374586, 180.7926290564130340, 22.42397563277168615 ) ) ;
#1275 = ORIENTED_EDGE ( 'NONE', *, *, #3273, .T. ) ;
#1276 = CARTESIAN_POINT ( 'NONE',  ( -27.67291469268429083, 180.7926290564130340, 17.04288098918190997 ) ) ;
#1277 = DIRECTION ( 'NONE',  ( -0.8090169943749466741, 0.000000000000000000, 0.5877852522924741363 ) ) ;
#1278 = DIRECTION ( 'NONE',  ( 0.5000000000000039968, 0.000000000000000000, 0.8660254037844363761 ) ) ;
#1279 = EDGE_LOOP ( 'NONE', ( #483, #3157, #3392, #677 ) ) ;
#1280 = CARTESIAN_POINT ( 'NONE',  ( 0.000000000000000000, 0.000000000000000000, 0.000000000000000000 ) ) ;
#1281 = CARTESIAN_POINT ( 'NONE',  ( 0.3221327334614559335, 0.000000000000000000, 0.05561923380146261559 ) ) ;
#1282 = DIRECTION ( 'NONE',  ( 0.000000000000000000, 0.000000000000000000, 1.000000000000000000 ) ) ;
#1283 = DIRECTION ( 'NONE',  ( 0.000000000000000000, -1.000000000000000000, 0.000000000000000000 ) ) ;
#1284 = CIRCLE ( 'NONE', #671, 32.50000000000000000 ) ;
#1285 = AXIS2_PLACEMENT_3D ( 'NONE', #3169, #3552, #3526 ) ;
#1286 = VERTEX_POINT ( 'NONE', #2537 ) ;
#1287 = ADVANCED_FACE ( 'NONE', ( #1473 ), #217, .T. ) ;
#1288 = PLANE ( 'NONE',  #3879 ) ;
#1289 = CARTESIAN_POINT ( 'NONE',  ( 0.3272492347489371345, 50.00001200000001234, -2.500000000000000444 ) ) ;
#1290 = VECTOR ( 'NONE', #2491, 1000.000000000000000 ) ;
#1291 = ORIENTED_EDGE ( 'NONE', *, *, #3087, .T. ) ;
#1292 = ORIENTED_EDGE ( 'NONE', *, *, #3176, .F. ) ;
#1293 = EDGE_CURVE ( 'NONE', #61, #97, #1193, .T. ) ;
#1294 = ORIENTED_EDGE ( 'NONE', *, *, #3636, .T. ) ;
#1295 = VECTOR ( 'NONE', #1816, 1000.000000000000000 ) ;
#1296 = PLANE ( 'NONE',  #439 ) ;
#1297 = EDGE_CURVE ( 'NONE', #228, #453, #617, .T. ) ;
#1298 = VECTOR ( 'NONE', #3877, 1000.000000000000000 ) ;
#1299 = VERTEX_POINT ( 'NONE', #2153 ) ;
#1300 = AXIS2_PLACEMENT_3D ( 'NONE', #3276, #1698, #2998 ) ;
#1301 = CARTESIAN_POINT ( 'NONE',  ( 11.84064285698805108, 180.7926290564130340, -4.009098128223480551 ) ) ;
#1302 = LINE ( 'NONE', #1899, #206 ) ;
#1303 = CYLINDRICAL_SURFACE ( 'NONE', #3724, 32.50000000000000000 ) ;
#1304 = CARTESIAN_POINT ( 'NONE',  ( 0.000000000000000000, 50.00000000000000000, 0.000000000000000000 ) ) ;
#1305 = ORIENTED_EDGE ( 'NONE', *, *, #3126, .F. ) ;
#1306 = DIRECTION ( 'NONE',  ( 0.6691306063588519093, 0.000000000000000000, -0.7431448254774000173 ) ) ;
#1307 = CARTESIAN_POINT ( 'NONE',  ( -11.84064285698810970, 50.00000000000000000, -4.009098128223315349 ) ) ;
#1308 = DIRECTION ( 'NONE',  ( -0.2453738704398654991, 0.000000000000000000, 0.9694285242891093057 ) ) ;
#1309 = ORIENTED_EDGE ( 'NONE', *, *, #1000, .F. ) ;
#1310 = DIRECTION ( 'NONE',  ( 0.000000000000000000, 1.000000000000000000, 0.000000000000000000 ) ) ;
#1311 = LINE ( 'NONE', #1886, #1419 ) ;
#1312 = ORIENTED_EDGE ( 'NONE', *, *, #2586, .T. ) ;
#1313 = VERTEX_POINT ( 'NONE', #3453 ) ;
#1314 = CARTESIAN_POINT ( 'NONE',  ( 19.84212555085981933, 0.000000000000000000, -25.73985341108057767 ) ) ;
#1315 = EDGE_CURVE ( 'NONE', #1544, #3492, #2515, .T. ) ;
#1316 = ORIENTED_EDGE ( 'NONE', *, *, #2636, .F. ) ;
#1317 = EDGE_CURVE ( 'NONE', #4201, #2758, #3501, .T. ) ;
#1318 = CARTESIAN_POINT ( 'NONE',  ( -7.657342097276495174, 180.7926290564130340, -31.58504570212424056 ) ) ;
#1319 = PLANE ( 'NONE',  #1573 ) ;
#1320 = PLANE ( 'NONE',  #3454 ) ;
#1321 = EDGE_CURVE ( 'NONE', #525, #1299, #2816, .T. ) ;
#1322 = CARTESIAN_POINT ( 'NONE',  ( 0.000000000000000000, 50.00000000000000000, 0.000000000000000000 ) ) ;
#1323 = ORIENTED_EDGE ( 'NONE', *, *, #2993, .T. ) ;
#1324 = DIRECTION ( 'NONE',  ( -0.7683274208902115543, 0.000000000000000000, -0.6400570086392272096 ) ) ;
#1325 = DIRECTION ( 'NONE',  ( 0.000000000000000000, 0.000000000000000000, 1.000000000000000000 ) ) ;
#1326 = DIRECTION ( 'NONE',  ( 0.000000000000000000, 0.000000000000000000, 1.000000000000000000 ) ) ;
#1327 = CIRCLE ( 'NONE', #2963, 32.50000000000000000 ) ;
#1328 = ORIENTED_EDGE ( 'NONE', *, *, #2882, .F. ) ;
#1329 = DIRECTION ( 'NONE',  ( -0.3090169943749573878, 0.000000000000000000, -0.9510565162951503115 ) ) ;
#1330 = DIRECTION ( 'NONE',  ( -0.3090169943749573878, 0.000000000000000000, -0.9510565162951503115 ) ) ;
#1331 = DIRECTION ( 'NONE',  ( 0.9978060110490274415, 0.000000000000000000, -0.06620547042675527238 ) ) ;
#1332 = VECTOR ( 'NONE', #860, 999.9999999999998863 ) ;
#1333 = ORIENTED_EDGE ( 'NONE', *, *, #3582, .T. ) ;
#1334 = ORIENTED_EDGE ( 'NONE', *, *, #1978, .T. ) ;
#1335 = CYLINDRICAL_SURFACE ( 'NONE', #583, 32.50000000000000000 ) ;
#1336 = ORIENTED_EDGE ( 'NONE', *, *, #2688, .F. ) ;
#1337 = EDGE_CURVE ( 'NONE', #1208, #1604, #2106, .T. ) ;
#1338 = ADVANCED_FACE ( 'NONE', ( #2767 ), #2178, .T. ) ;
#1339 = DIRECTION ( 'NONE',  ( 0.000000000000000000, 0.000000000000000000, 1.000000000000000000 ) ) ;
#1340 = DIRECTION ( 'NONE',  ( -0.9978060110490271084, 0.000000000000000000, 0.06620547042676180882 ) ) ;
#1341 = CARTESIAN_POINT ( 'NONE',  ( 5.084208038447588507, 50.00000000000000000, 11.41931822053247458 ) ) ;
#1342 = CARTESIAN_POINT ( 'NONE',  ( 0.1539190321798654393, 180.8028096028521645, -12.50000000000000000 ) ) ;
#1343 = ORIENTED_EDGE ( 'NONE', *, *, #2913, .T. ) ;
#1344 = CARTESIAN_POINT ( 'NONE',  ( 12.44761261200481250, 50.00000000000000000, -1.153529943229025134 ) ) ;
#1345 = DIRECTION ( 'NONE',  ( 0.000000000000000000, -1.000000000000000000, 0.000000000000000000 ) ) ;
#1346 = DIRECTION ( 'NONE',  ( 0.000000000000000000, 1.000000000000000000, 0.000000000000000000 ) ) ;
#1347 = ADVANCED_FACE ( 'NONE', ( #3433 ), #1496, .T. ) ;
#1348 =( GEOMETRIC_REPRESENTATION_CONTEXT ( 3 ) GLOBAL_UNCERTAINTY_ASSIGNED_CONTEXT ( ( #2890 ) ) GLOBAL_UNIT_ASSIGNED_CONTEXT ( ( #832, #2716, #3065 ) ) REPRESENTATION_CONTEXT ( 'NONE', 'WORKASPACE' ) );
#1349 = ORIENTED_EDGE ( 'NONE', *, *, #2719, .F. ) ;
#1350 = AXIS2_PLACEMENT_3D ( 'NONE', #3585, #1926, #1326 ) ;
#1351 = DIRECTION ( 'NONE',  ( -0.8461566191660673253, 0.000000000000000000, 0.5329343072475735132 ) ) ;
#1352 = DIRECTION ( 'NONE',  ( -0.9992602814019557744, 0.000000000000000000, 0.03845633904162162886 ) ) ;
#1353 = CARTESIAN_POINT ( 'NONE',  ( -10.74835803121556665, 180.7926290564130340, -6.383297791993653547 ) ) ;
#1354 = AXIS2_PLACEMENT_3D ( 'NONE', #430, #3589, #713 ) ;
#1355 = VERTEX_POINT ( 'NONE', #3183 ) ;
#1356 = ORIENTED_EDGE ( 'NONE', *, *, #702, .T. ) ;
#1357 = DIRECTION ( 'NONE',  ( -0.9781476007338055778, 0.000000000000000000, 0.2079116908177597867 ) ) ;
#1358 = VECTOR ( 'NONE', #3247, 1000.000000000000000 ) ;
#1359 = VECTOR ( 'NONE', #1351, 999.9999999999998863 ) ;
#1360 = VERTEX_POINT ( 'NONE', #2796 ) ;
#1361 = CARTESIAN_POINT ( 'NONE',  ( 18.34850131535306517, 50.00000000000000000, 26.82503493903572078 ) ) ;
#1362 = DIRECTION ( 'NONE',  ( 0.1426968128119374124, 0.000000000000000000, -0.9897664470031881656 ) ) ;
#1363 = FACE_OUTER_BOUND ( 'NONE', #311, .T. ) ;
#1364 = AXIS2_PLACEMENT_3D ( 'NONE', #296, #601, #2572 ) ;
#1365 = AXIS2_PLACEMENT_3D ( 'NONE', #1464, #3174, #848 ) ;
#1366 = DIRECTION ( 'NONE',  ( 0.000000000000000000, 1.000000000000000000, 0.000000000000000000 ) ) ;
#1367 = ORIENTED_EDGE ( 'NONE', *, *, #91, .T. ) ;
#1368 = DIRECTION ( 'NONE',  ( 0.000000000000000000, 1.000000000000000000, 0.000000000000000000 ) ) ;
#1369 = CARTESIAN_POINT ( 'NONE',  ( -7.471838766447118196, 180.7926290564130340, 10.02224109252442652 ) ) ;
#1370 = VECTOR ( 'NONE', #3692, 1000.000000000000000 ) ;
#1371 = ADVANCED_FACE ( 'NONE', ( #561 ), #237, .T. ) ;
#1372 = ADVANCED_FACE ( 'NONE', ( #1563 ), #301, .T. ) ;
#1373 = ORIENTED_EDGE ( 'NONE', *, *, #1317, .F. ) ;
#1374 = EDGE_CURVE ( 'NONE', #446, #181, #1627, .T. ) ;
#1375 = CARTESIAN_POINT ( 'NONE',  ( 27.67291469268417003, 0.000000000000000000, -17.04288098918210892 ) ) ;
#1376 = DIRECTION ( 'NONE',  ( 0.3713041585673621525, 0.000000000000000000, -0.9285112933242024580 ) ) ;
#1377 = CARTESIAN_POINT ( 'NONE',  ( 0.02164250622223269638, 50.00000000000000000, 0.3261818496796402567 ) ) ;
#1378 = VERTEX_POINT ( 'NONE', #3882 ) ;
#1379 = EDGE_CURVE ( 'NONE', #544, #3799, #3581, .T. ) ;
#1380 = ORIENTED_EDGE ( 'NONE', *, *, #246, .F. ) ;
#1381 = ORIENTED_EDGE ( 'NONE', *, *, #818, .T. ) ;
#1382 = LINE ( 'NONE', #2629, #782 ) ;
#1383 = ORIENTED_EDGE ( 'NONE', *, *, #1916, .T. ) ;
#1384 = CARTESIAN_POINT ( 'NONE',  ( -9.392302253800069778, 180.7926290564130340, 8.249748447178816946 ) ) ;
#1385 = DIRECTION ( 'NONE',  ( -1.000000000000000000, 0.000000000000000000, 0.000000000000000000 ) ) ;
#1386 = ORIENTED_EDGE ( 'NONE', *, *, #2481, .F. ) ;
#1387 = DIRECTION ( 'NONE',  ( -0.8090169943749545567, 0.000000000000000000, -0.5877852522924632561 ) ) ;
#1388 = CARTESIAN_POINT ( 'NONE',  ( -2.749451667255920828, 180.7926290564130340, 12.19484344294303924 ) ) ;
#1389 = ORIENTED_EDGE ( 'NONE', *, *, #380, .F. ) ;
#1390 = DIRECTION ( 'NONE',  ( -0.9384693397969515738, 0.000000000000000000, 0.3453625605954904199 ) ) ;
#1391 = PRODUCT_DEFINITION ( 'General', '', #398, #925 ) ;
#1392 = EDGE_CURVE ( 'NONE', #4131, #93, #2174, .T. ) ;
#1393 = LINE ( 'NONE', #3611, #1964 ) ;
#1394 = FACE_OUTER_BOUND ( 'NONE', #202, .T. ) ;
#1395 = ORIENTED_EDGE ( 'NONE', *, *, #1942, .F. ) ;
#1396 = VERTEX_POINT ( 'NONE', #2244 ) ;
#1397 = ORIENTED_EDGE ( 'NONE', *, *, #845, .T. ) ;
#1398 = LINE ( 'NONE', #3715, #653 ) ;
#1399 = EDGE_CURVE ( 'NONE', #2685, #2184, #1607, .T. ) ;
#1400 = EDGE_CURVE ( 'NONE', #1313, #1456, #2328, .T. ) ;
#1401 = CIRCLE ( 'NONE', #2356, 32.50000000000000000 ) ;
#1402 = ORIENTED_EDGE ( 'NONE', *, *, #722, .F. ) ;
#1403 = ORIENTED_EDGE ( 'NONE', *, *, #4081, .T. ) ;
#1404 = DIRECTION ( 'NONE',  ( 0.000000000000000000, -1.000000000000000000, 0.000000000000000000 ) ) ;
#1405 = APPROVAL_STATUS ( 'not_yet_approved' ) ;
#1406 = ORIENTED_EDGE ( 'NONE', *, *, #327, .F. ) ;
#1407 = CARTESIAN_POINT ( 'NONE',  ( 7.347315653655790868, 0.000000000000000000, -10.11271242968693329 ) ) ;
#1408 = CARTESIAN_POINT ( 'NONE',  ( -2.749451667255920828, 0.000000000000000000, 12.19484344294303924 ) ) ;
#1409 = ORIENTED_EDGE ( 'NONE', *, *, #2275, .T. ) ;
#1410 = DIRECTION ( 'NONE',  ( -0.8461566191660672143, 0.000000000000000000, 0.5329343072475734022 ) ) ;
#1411 = DIRECTION ( 'NONE',  ( 0.000000000000000000, 0.000000000000000000, 1.000000000000000000 ) ) ;
#1412 = CYLINDRICAL_SURFACE ( 'NONE', #4162, 32.50000000000000000 ) ;
#1413 = VECTOR ( 'NONE', #1685, 1000.000000000000227 ) ;
#1414 = EDGE_CURVE ( 'NONE', #1599, #2227, #1961, .T. ) ;
#1415 = CIRCLE ( 'NONE', #1958, 2.500000000000000000 ) ;
#1416 = VERTEX_POINT ( 'NONE', #1941 ) ;
#1417 = ORIENTED_EDGE ( 'NONE', *, *, #3145, .T. ) ;
#1418 = DIRECTION ( 'NONE',  ( 0.000000000000000000, 0.000000000000000000, 1.000000000000000000 ) ) ;
#1419 = VECTOR ( 'NONE', #1247, 1000.000000000000227 ) ;
#1420 = ORIENTED_EDGE ( 'NONE', *, *, #3993, .T. ) ;
#1421 = VECTOR ( 'NONE', #710, 1000.000000000000000 ) ;
#1422 = EDGE_CURVE ( 'NONE', #2314, #330, #1651, .T. ) ;
#1423 = FACE_OUTER_BOUND ( 'NONE', #2096, .T. ) ;
#1424 = COORDINATED_UNIVERSAL_TIME_OFFSET ( 5, 0, .BEHIND. ) ;
#1425 = VECTOR ( 'NONE', #3389, 1000.000000000000000 ) ;
#1426 = VERTEX_POINT ( 'NONE', #323 ) ;
#1427 = VECTOR ( 'NONE', #808, 1000.000000000000000 ) ;
#1428 = DIRECTION ( 'NONE',  ( -0.7858144805122448950, 0.000000000000000000, 0.6184622884358195183 ) ) ;
#1429 = DIRECTION ( 'NONE',  ( 0.000000000000000000, 1.000000000000000000, 0.000000000000000000 ) ) ;
#1430 = AXIS2_PLACEMENT_3D ( 'NONE', #487, #3719, #3781 ) ;
#1431 = ORIENTED_EDGE ( 'NONE', *, *, #1059, .F. ) ;
#1432 = CARTESIAN_POINT ( 'NONE',  ( -12.37030416825284362, 0.000000000000000000, 30.05371149766542516 ) ) ;
#1433 = LINE ( 'NONE', #542, #4217 ) ;
#1434 = AXIS2_PLACEMENT_3D ( 'NONE', #1766, #723, #705 ) ;
#1435 = CARTESIAN_POINT ( 'NONE',  ( 12.44761261200483737, 0.000000000000000000, 1.153529943228766230 ) ) ;
#1436 = ORIENTED_EDGE ( 'NONE', *, *, #3406, .T. ) ;
#1437 = ORIENTED_EDGE ( 'NONE', *, *, #1075, .F. ) ;
#1438 = ORIENTED_EDGE ( 'NONE', *, *, #2695, .T. ) ;
#1439 = CARTESIAN_POINT ( 'NONE',  ( 12.37030416825264645, 50.00000000000000000, -30.05371149766549976 ) ) ;
#1440 = DIRECTION ( 'NONE',  ( 0.000000000000000000, 1.000000000000000000, 0.000000000000000000 ) ) ;
#1441 = ORIENTED_EDGE ( 'NONE', *, *, #3476, .T. ) ;
#1442 = CARTESIAN_POINT ( 'NONE',  ( -1.536366799937286753, 50.00001200000000523, -1.999167105995451221 ) ) ;
#1443 = PLANE ( 'NONE',  #2186 ) ;
#1444 = APPROVAL_ROLE ( '' ) ;
#1445 = EDGE_CURVE ( 'NONE', #2709, #3429, #2009, .T. ) ;
#1446 = EDGE_CURVE ( 'NONE', #3358, #1871, #628, .T. ) ;
#1447 = EDGE_LOOP ( 'NONE', ( #1145, #2258, #2559, #2672 ) ) ;
#1448 = LINE ( 'NONE', #1121, #1427 ) ;
#1449 = CARTESIAN_POINT ( 'NONE',  ( -9.186318383134763010, 50.00000000000000000, -8.478516711792666527 ) ) ;
#1450 = EDGE_CURVE ( 'NONE', #638, #3823, #2884, .T. ) ;
#1451 = EDGE_CURVE ( 'NONE', #85, #1176, #2639, .T. ) ;
#1452 = DIRECTION ( 'NONE',  ( 0.000000000000000000, -1.000000000000000000, -0.000000000000000000 ) ) ;
#1453 = FACE_OUTER_BOUND ( 'NONE', #3487, .T. ) ;
#1454 = CARTESIAN_POINT ( 'NONE',  ( 5.851465369695606711, 180.7926290564130340, 31.96889665013875970 ) ) ;
#1455 = CARTESIAN_POINT ( 'NONE',  ( 0.3266572492947957262, 50.00000000000000000, 0.01257134118416023023 ) ) ;
#1456 = VERTEX_POINT ( 'NONE', #2905 ) ;
#1457 = ORIENTED_EDGE ( 'NONE', *, *, #1451, .F. ) ;
#1458 = VERTEX_POINT ( 'NONE', #22 ) ;
#1459 = CARTESIAN_POINT ( 'NONE',  ( 24.76014394513151018, 0.000000000000000000, -21.05196598459079738 ) ) ;
#1460 = CARTESIAN_POINT ( 'NONE',  ( 23.52478090909406916, 50.00000000000000000, 22.42397563277135220 ) ) ;
#1461 = VECTOR ( 'NONE', #4176, 1000.000000000000000 ) ;
#1462 = ORIENTED_EDGE ( 'NONE', *, *, #4211, .T. ) ;
#1463 = LINE ( 'NONE', #4058, #3853 ) ;
#1464 = CARTESIAN_POINT ( 'NONE',  ( 7.222792540864742428, 180.7926290564130340, 10.20318376684923756 ) ) ;
#1465 = VECTOR ( 'NONE', #3881, 999.9999999999998863 ) ;
#1466 = APPROVAL ( #1405, 'Coincident' ) ;
#1467 = EDGE_CURVE ( 'NONE', #1504, #2685, #3401, .T. ) ;
#1468 = ORIENTED_EDGE ( 'NONE', *, *, #3713, .T. ) ;
#1469 = DIRECTION ( 'NONE',  ( 0.000000000000000000, -1.000000000000000000, 0.000000000000000000 ) ) ;
#1470 = VECTOR ( 'NONE', #272, 1000.000000000000000 ) ;
#1471 = DIRECTION ( 'NONE',  ( 0.2453738704398719106, 0.000000000000000000, -0.9694285242891077514 ) ) ;
#1472 = CARTESIAN_POINT ( 'NONE',  ( -0.3035294714114936121, 0.000000000000000000, -0.1213789813792729017 ) ) ;
#1473 = FACE_OUTER_BOUND ( 'NONE', #1527, .T. ) ;
#1474 = EDGE_CURVE ( 'NONE', #2044, #2380, #3246, .T. ) ;
#1475 = DIRECTION ( 'NONE',  ( 0.000000000000000000, -1.000000000000000000, 0.000000000000000000 ) ) ;
#1476 = DIRECTION ( 'NONE',  ( 0.000000000000000000, 0.000000000000000000, 1.000000000000000000 ) ) ;
#1477 = VERTEX_POINT ( 'NONE', #981 ) ;
#1478 = ORIENTED_EDGE ( 'NONE', *, *, #3087, .F. ) ;
#1479 = ORIENTED_EDGE ( 'NONE', *, *, #1811, .F. ) ;
#1480 = LINE ( 'NONE', #500, #2283 ) ;
#1481 = LINE ( 'NONE', #204, #3935 ) ;
#1482 = EDGE_LOOP ( 'NONE', ( #3676, #989, #1694, #3186 ) ) ;
#1483 = ORIENTED_EDGE ( 'NONE', *, *, #1974, .T. ) ;
#1484 = CARTESIAN_POINT ( 'NONE',  ( -0.6543697108982003963, 50.00001199999999812, -2.434931691670789711 ) ) ;
#1485 = SECURITY_CLASSIFICATION ( '', '', #3360 ) ;
#1486 = VECTOR ( 'NONE', #704, 1000.000000000000000 ) ;
#1487 = PLANE ( 'NONE',  #1090 ) ;
#1488 = CALENDAR_DATE ( 2026, 9, 1 ) ;
#1489 = AXIS2_PLACEMENT_3D ( 'NONE', #3673, #3274, #1411 ) ;
#1490 = ORIENTED_EDGE ( 'NONE', *, *, #380, .T. ) ;
#1491 = CARTESIAN_POINT ( 'NONE',  ( -12.44761261200481783, 180.7926290564130340, 1.153529943228943644 ) ) ;
#1492 = DIRECTION ( 'NONE',  ( -1.000000000000000000, 0.000000000000000000, 0.000000000000000000 ) ) ;
#1493 = AXIS2_PLACEMENT_3D ( 'NONE', #2469, #4070, #3770 ) ;
#1494 = AXIS2_PLACEMENT_3D ( 'NONE', #3568, #946, #1006 ) ;
#1495 = CARTESIAN_POINT ( 'NONE',  ( -30.61160931482716308, 50.00000000000000000, -10.91693066554822522 ) ) ;
#1496 = CYLINDRICAL_SURFACE ( 'NONE', #549, 32.50000000000000000 ) ;
#1497 = DIRECTION ( 'NONE',  ( -0.4999999999999979461, 0.000000000000000000, 0.8660254037844397068 ) ) ;
#1498 = CARTESIAN_POINT ( 'NONE',  ( 0.000000000000000000, 50.00000000000000000, 0.000000000000000000 ) ) ;
#1499 = VECTOR ( 'NONE', #2220, 1000.000000000000000 ) ;
#1500 = ORIENTED_EDGE ( 'NONE', *, *, #163, .T. ) ;
#1501 = EDGE_CURVE ( 'NONE', #3471, #97, #3267, .T. ) ;
#1502 = ADVANCED_FACE ( 'NONE', ( #2303 ), #1586, .T. ) ;
#1503 = ORIENTED_EDGE ( 'NONE', *, *, #800, .F. ) ;
#1504 = VERTEX_POINT ( 'NONE', #1990 ) ;
#1505 = AXIS2_PLACEMENT_3D ( 'NONE', #783, #2082, #57 ) ;
#1506 = CARTESIAN_POINT ( 'NONE',  ( 31.18212300637043910, 0.000000000000000000, 9.161070069352383882 ) ) ;
#1507 = CARTESIAN_POINT ( 'NONE',  ( 32.40541237228666205, 180.7926290564130340, 2.477750790949469817 ) ) ;
#1508 = EDGE_CURVE ( 'NONE', #1764, #883, #816, .T. ) ;
#1509 = VERTEX_POINT ( 'NONE', #1344 ) ;
#1510 = VERTEX_POINT ( 'NONE', #1024 ) ;
#1511 = PLANE ( 'NONE',  #1256 ) ;
#1512 = CARTESIAN_POINT ( 'NONE',  ( 10.74835803121561106, 180.7926290564130340, 6.383297791993578940 ) ) ;
#1513 = ORIENTED_EDGE ( 'NONE', *, *, #3166, .T. ) ;
#1514 = CARTESIAN_POINT ( 'NONE',  ( 0.02164250622223269638, 0.000000000000000000, 0.3261818496796402567 ) ) ;
#1515 = DIRECTION ( 'NONE',  ( -0.2453738704398790160, 0.000000000000000000, -0.9694285242891057530 ) ) ;
#1516 = CARTESIAN_POINT ( 'NONE',  ( -32.40541237228664784, 180.7926290564130340, -2.477750790949689197 ) ) ;
#1517 = LINE ( 'NONE', #2514, #168 ) ;
#1518 = DIRECTION ( 'NONE',  ( 0.000000000000000000, 0.000000000000000000, 1.000000000000000000 ) ) ;
#1519 = CARTESIAN_POINT ( 'NONE',  ( -18.34850131535288043, 0.000000000000000000, -26.82503493903585223 ) ) ;
#1520 = CYLINDRICAL_SURFACE ( 'NONE', #1555, 32.50000000000000000 ) ;
#1521 = EDGE_LOOP ( 'NONE', ( #1349, #400, #922, #2824 ) ) ;
#1522 = ORIENTED_EDGE ( 'NONE', *, *, #3282, .T. ) ;
#1523 = ADVANCED_FACE ( 'NONE', ( #2030 ), #2052, .T. ) ;
#1524 = ORIENTED_EDGE ( 'NONE', *, *, #3761, .T. ) ;
#1525 = LINE ( 'NONE', #2822, #3543 ) ;
#1526 = CARTESIAN_POINT ( 'NONE',  ( 2.434931691670789267, 50.00001200000000523, 0.6543697108982006183 ) ) ;
#1527 = EDGE_LOOP ( 'NONE', ( #3759, #1786, #2532, #3020 ) ) ;
#1528 = ORIENTED_EDGE ( 'NONE', *, *, #3978, .F. ) ;
#1529 = VERTEX_POINT ( 'NONE', #1713 ) ;
#1530 = CARTESIAN_POINT ( 'NONE',  ( 0.000000000000000000, 0.000000000000000000, 0.000000000000000000 ) ) ;
#1531 = FACE_OUTER_BOUND ( 'NONE', #3505, .T. ) ;
#1532 = EDGE_CURVE ( 'NONE', #637, #556, #444, .T. ) ;
#1533 = EDGE_CURVE ( 'NONE', #133, #3698, #63, .T. ) ;
#1534 = EDGE_CURVE ( 'NONE', #420, #2184, #3677, .T. ) ;
#1535 = AXIS2_PLACEMENT_3D ( 'NONE', #1530, #1641, #4216 ) ;
#1536 = ORIENTED_EDGE ( 'NONE', *, *, #3534, .F. ) ;
#1537 = LINE ( 'NONE', #4179, #2919 ) ;
#1538 = LINE ( 'NONE', #4091, #2861 ) ;
#1539 = DIRECTION ( 'NONE',  ( -0.8461566191660750968, 0.000000000000000000, -0.5329343072475610787 ) ) ;
#1540 = CARTESIAN_POINT ( 'NONE',  ( 3.061616997868383141E-16, 0.000000000000000000, -2.500000000000000000 ) ) ;
#1541 = DIRECTION ( 'NONE',  ( 0.000000000000000000, 0.000000000000000000, -1.000000000000000000 ) ) ;
#1542 = CARTESIAN_POINT ( 'NONE',  ( 14.05691105693403919, 0.000000000000000000, 29.30278572998556896 ) ) ;
#1543 = CARTESIAN_POINT ( 'NONE',  ( 23.52478090909358954, 180.7926290564130340, -22.42397563277184958 ) ) ;
#1544 = VERTEX_POINT ( 'NONE', #3686 ) ;
#1545 = EDGE_LOOP ( 'NONE', ( #3146, #3099, #2189, #717 ) ) ;
#1546 = CARTESIAN_POINT ( 'NONE',  ( 31.18212300637024370, 50.00000000000000000, -9.161070069353028700 ) ) ;
#1547 = CARTESIAN_POINT ( 'NONE',  ( 0.3221327334614559335, 50.00000000000000000, 0.05561923380146261559 ) ) ;
#1548 = VERTEX_POINT ( 'NONE', #3328 ) ;
#1549 = EDGE_LOOP ( 'NONE', ( #3316, #1381, #4033, #777 ) ) ;
#1550 = DIRECTION ( 'NONE',  ( 0.4999999999999920064, 0.000000000000000000, -0.8660254037844432595 ) ) ;
#1551 = DIRECTION ( 'NONE',  ( -0.6400570086392219915, 0.000000000000000000, 0.7683274208902158842 ) ) ;
#1552 = VECTOR ( 'NONE', #3321, 1000.000000000000000 ) ;
#1553 = ORIENTED_EDGE ( 'NONE', *, *, #3147, .F. ) ;
#1554 = EDGE_CURVE ( 'NONE', #3211, #1604, #766, .T. ) ;
#1555 = AXIS2_PLACEMENT_3D ( 'NONE', #1498, #262, #3144 ) ;
#1556 = CARTESIAN_POINT ( 'NONE',  ( -12.41543477220201730, 180.7926290564130340, -1.459681638462400066 ) ) ;
#1557 = DIRECTION ( 'NONE',  ( 0.8090169943749504489, -0.000000000000000000, 0.5877852522924689183 ) ) ;
#1558 = CARTESIAN_POINT ( 'NONE',  ( -0.2716605149648507744, 50.00000000000000000, 0.1818338850298365228 ) ) ;
#1559 = VECTOR ( 'NONE', #4079, 1000.000000000000000 ) ;
#1560 = ADVANCED_FACE ( 'NONE', ( #2663 ), #3070, .T. ) ;
#1561 = DIRECTION ( 'NONE',  ( -0.9781476007338083534, 0.000000000000000000, -0.2079116908177468803 ) ) ;
#1562 = AXIS2_PLACEMENT_3D ( 'NONE', #510, #809, #4092 ) ;
#1563 = FACE_OUTER_BOUND ( 'NONE', #1975, .T. ) ;
#1564 = CARTESIAN_POINT ( 'NONE',  ( 7.347315653655790868, 50.00000000000000000, -10.11271242968693329 ) ) ;
#1565 = DIRECTION ( 'NONE',  ( 0.000000000000000000, 0.000000000000000000, 1.000000000000000000 ) ) ;
#1566 = AXIS2_PLACEMENT_3D ( 'NONE', #2448, #3792, #4069 ) ;
#1567 = ORIENTED_EDGE ( 'NONE', *, *, #2805, .T. ) ;
#1568 = ORIENTED_EDGE ( 'NONE', *, *, #537, .F. ) ;
#1569 = CARTESIAN_POINT ( 'NONE',  ( -11.88820645368943296, 0.000000000000000000, -3.862712429686812499 ) ) ;
#1570 = DIRECTION ( 'NONE',  ( -0.7858144805122579957, 0.000000000000000000, -0.6184622884358028649 ) ) ;
#1571 = CIRCLE ( 'NONE', #551, 32.50000000000000000 ) ;
#1572 = VERTEX_POINT ( 'NONE', #3647 ) ;
#1573 = AXIS2_PLACEMENT_3D ( 'NONE', #2297, #2611, #3915 ) ;
#1574 = ORIENTED_EDGE ( 'NONE', *, *, #456, .F. ) ;
#1575 = CARTESIAN_POINT ( 'NONE',  ( -9.392302253800069778, 50.00000000000000000, 8.249748447178815169 ) ) ;
#1576 = LINE ( 'NONE', #3314, #211 ) ;
#1577 = VECTOR ( 'NONE', #756, 1000.000000000000000 ) ;
#1578 = ORIENTED_EDGE ( 'NONE', *, *, #2382, .F. ) ;
#1579 = VERTEX_POINT ( 'NONE', #2066 ) ;
#1580 = EDGE_CURVE ( 'NONE', #2316, #2169, #787, .T. ) ;
#1581 = DIRECTION ( 'NONE',  ( -0.7168627939676925909, 0.000000000000000000, -0.6972142673703927152 ) ) ;
#1582 = DIRECTION ( 'NONE',  ( 0.000000000000000000, 0.000000000000000000, 1.000000000000000000 ) ) ;
#1583 = DIRECTION ( 'NONE',  ( -0.9897664470031861672, 0.000000000000000000, 0.1426968128119514567 ) ) ;
#1584 = ADVANCED_FACE ( 'NONE', ( #408 ), #2085, .T. ) ;
#1585 = FACE_OUTER_BOUND ( 'NONE', #1076, .T. ) ;
#1586 = PLANE ( 'NONE',  #3544 ) ;
#1587 = DIRECTION ( 'NONE',  ( 0.9622366644075635023, 0.000000000000000000, -0.2722142569187113170 ) ) ;
#1588 = DIRECTION ( 'NONE',  ( 0.9622366644075633912, 0.000000000000000000, -0.2722142569187112615 ) ) ;
#1589 = EDGE_CURVE ( 'NONE', #1037, #357, #2049, .T. ) ;
#1590 = EDGE_CURVE ( 'NONE', #3698, #3349, #424, .T. ) ;
#1591 = PRODUCT ( 'Heatsink', 'Heatsink', '', ( #2762 ) ) ;
#1592 = ORIENTED_EDGE ( 'NONE', *, *, #905, .T. ) ;
#1593 = CARTESIAN_POINT ( 'NONE',  ( -0.1742157254725217597, 50.00000000000000000, 0.2766078056275601549 ) ) ;
#1594 = FACE_OUTER_BOUND ( 'NONE', #395, .T. ) ;
#1595 = VERTEX_POINT ( 'NONE', #3984 ) ;
#1596 = ORIENTED_EDGE ( 'NONE', *, *, #1221, .T. ) ;
#1597 = ORIENTED_EDGE ( 'NONE', *, *, #3251, .F. ) ;
#1598 = CARTESIAN_POINT ( 'NONE',  ( -31.18212300637030054, 180.7926290564130340, 9.161070069352833301 ) ) ;
#1599 = VERTEX_POINT ( 'NONE', #2349 ) ;
#1600 = ORIENTED_EDGE ( 'NONE', *, *, #3476, .F. ) ;
#1601 = FACE_OUTER_BOUND ( 'NONE', #4097, .T. ) ;
#1602 = LINE ( 'NONE', #3598, #1911 ) ;
#1603 = LINE ( 'NONE', #559, #1003 ) ;
#1604 = VERTEX_POINT ( 'NONE', #1063 ) ;
#1605 = EDGE_CURVE ( 'NONE', #2758, #3995, #2741, .T. ) ;
#1606 = LINE ( 'NONE', #2301, #2756 ) ;
#1607 = LINE ( 'NONE', #3627, #1708 ) ;
#1608 = DIRECTION ( 'NONE',  ( 0.03845633904162090722, 0.000000000000000000, -0.9992602814019557744 ) ) ;
#1609 = DIRECTION ( 'NONE',  ( 0.000000000000000000, 0.000000000000000000, 1.000000000000000000 ) ) ;
#1610 = EDGE_CURVE ( 'NONE', #1572, #2316, #1571, .T. ) ;
#1611 = ORIENTED_EDGE ( 'NONE', *, *, #1263, .F. ) ;
#1612 = EDGE_CURVE ( 'NONE', #1883, #3033, #131, .T. ) ;
#1613 = FACE_OUTER_BOUND ( 'NONE', #1699, .T. ) ;
#1614 = CARTESIAN_POINT ( 'NONE',  ( -0.2933030211870836790, 0.000000000000000000, -0.1443479646498014857 ) ) ;
#1615 = CIRCLE ( 'NONE', #316, 32.50000000000000000 ) ;
#1616 = ORIENTED_EDGE ( 'NONE', *, *, #1814, .T. ) ;
#1617 = ORIENTED_EDGE ( 'NONE', *, *, #334, .F. ) ;
#1618 = EDGE_LOOP ( 'NONE', ( #2638, #2630, #3974, #1715 ) ) ;
#1619 = DIRECTION ( 'NONE',  ( 0.000000000000000000, -1.000000000000000000, 0.000000000000000000 ) ) ;
#1620 = ORIENTED_EDGE ( 'NONE', *, *, #1580, .T. ) ;
#1621 = DIRECTION ( 'NONE',  ( -0.9897664470031880546, 0.000000000000000000, -0.1426968128119373846 ) ) ;
#1622 = LINE ( 'NONE', #343, #3549 ) ;
#1623 = CARTESIAN_POINT ( 'NONE',  ( -10.74835803121556665, 180.7926290564130340, -6.383297791993653547 ) ) ;
#1624 = APPROVAL_PERSON_ORGANIZATION ( #3427, #3219, #99 ) ;
#1625 = VECTOR ( 'NONE', #1220, 1000.000000000000000 ) ;
#1626 = CARTESIAN_POINT ( 'NONE',  ( 30.61160931482724123, 0.000000000000000000, 10.91693066554801561 ) ) ;
#1627 = LINE ( 'NONE', #349, #4013 ) ;
#1628 = CARTESIAN_POINT ( 'NONE',  ( 12.41543477220202618, 0.000000000000000000, 1.459681638462315911 ) ) ;
#1629 = CARTESIAN_POINT ( 'NONE',  ( 24.76014394513151018, 50.00000000000000000, -21.05196598459079738 ) ) ;
#1630 = VECTOR ( 'NONE', #3464, 1000.000000000000000 ) ;
#1631 = VECTOR ( 'NONE', #1345, 1000.000000000000000 ) ;
#1632 = EDGE_LOOP ( 'NONE', ( #4037, #4207, #1852, #2888 ) ) ;
#1633 = DIRECTION ( 'NONE',  ( 0.8461566191660713221, 0.000000000000000000, 0.5329343072475669629 ) ) ;
#1634 = ADVANCED_FACE ( 'NONE', ( #3701, #3383 ), #728, .F. ) ;
#1635 = CARTESIAN_POINT ( 'NONE',  ( 0.2568820170656764268, 0.000000000000000000, -0.2021747423499783702 ) ) ;
#1636 = AXIS2_PLACEMENT_3D ( 'NONE', #3481, #4165, #285 ) ;
#1637 = EDGE_CURVE ( 'NONE', #3995, #840, #1448, .T. ) ;
#1638 = ORIENTED_EDGE ( 'NONE', *, *, #3352, .T. ) ;
#1639 = ORIENTED_EDGE ( 'NONE', *, *, #2454, .T. ) ;
#1640 = AXIS2_PLACEMENT_3D ( 'NONE', #1861, #3162, #1541 ) ;
#1641 = DIRECTION ( 'NONE',  ( 0.000000000000000000, 1.000000000000000000, 0.000000000000000000 ) ) ;
#1642 = EDGE_CURVE ( 'NONE', #1754, #1396, #3308, .T. ) ;
#1643 = VECTOR ( 'NONE', #936, 999.9999999999998863 ) ;
#1644 = ORIENTED_EDGE ( 'NONE', *, *, #2613, .T. ) ;
#1645 = VECTOR ( 'NONE', #1331, 1000.000000000000114 ) ;
#1646 = DIRECTION ( 'NONE',  ( 0.9622366644075635023, 0.000000000000000000, -0.2722142569187113170 ) ) ;
#1647 = LINE ( 'NONE', #3286, #755 ) ;
#1648 = CARTESIAN_POINT ( 'NONE',  ( 10.90227706339547886, 180.7926290564130340, 6.116702208006213226 ) ) ;
#1649 = CARTESIAN_POINT ( 'NONE',  ( -0.2933030211870836790, 50.00000000000000000, -0.1443479646498014857 ) ) ;
#1650 = ORIENTED_EDGE ( 'NONE', *, *, #433, .T. ) ;
#1651 = LINE ( 'NONE', #2599, #2717 ) ;
#1652 = DIRECTION ( 'NONE',  ( -0.000000000000000000, -1.000000000000000000, 0.000000000000000000 ) ) ;
#1653 = LINE ( 'NONE', #4205, #2162 ) ;
#1654 = VERTEX_POINT ( 'NONE', #2813 ) ;
#1655 = DIRECTION ( 'NONE',  ( 0.7683274208902067803, 0.000000000000000000, -0.6400570086392328717 ) ) ;
#1656 = DIRECTION ( 'NONE',  ( -0.000000000000000000, -1.000000000000000000, 0.000000000000000000 ) ) ;
#1657 = CARTESIAN_POINT ( 'NONE',  ( 24.76014394513195072, 180.7926290564130340, 21.05196598459026447 ) ) ;
#1658 = EDGE_CURVE ( 'NONE', #2227, #1104, #834, .T. ) ;
#1659 = ORIENTED_EDGE ( 'NONE', *, *, #3819, .F. ) ;
#1660 = CARTESIAN_POINT ( 'NONE',  ( -23.52478090909391995, 50.00000000000000000, -22.42397563277151917 ) ) ;
#1661 = ORIENTED_EDGE ( 'NONE', *, *, #2203, .F. ) ;
#1662 = ADVANCED_FACE ( 'NONE', ( #3765 ), #2764, .T. ) ;
#1663 = EDGE_CURVE ( 'NONE', #768, #2878, #1211, .T. ) ;
#1664 = DIRECTION ( 'NONE',  ( -0.4663259741543780423, 0.000000000000000000, 0.8846129582076956988 ) ) ;
#1665 = DIRECTION ( 'NONE',  ( 0.7168627939676878169, 0.000000000000000000, 0.6972142673703976001 ) ) ;
#1666 = CARTESIAN_POINT ( 'NONE',  ( 12.41543477220202618, 180.7926290564130340, 1.459681638462315911 ) ) ;
#1667 = ADVANCED_FACE ( 'NONE', ( #1812 ), #871, .T. ) ;
#1668 = LINE ( 'NONE', #938, #1465 ) ;
#1669 = ORIENTED_EDGE ( 'NONE', *, *, #1888, .T. ) ;
#1670 = DIRECTION ( 'NONE',  ( 0.000000000000000000, 1.000000000000000000, 0.000000000000000000 ) ) ;
#1671 = CARTESIAN_POINT ( 'NONE',  ( 0.000000000000000000, 50.00000000000000000, 0.000000000000000000 ) ) ;
#1672 = DIRECTION ( 'NONE',  ( 0.9978060110490283297, 0.000000000000000000, 0.06620547042674108928 ) ) ;
#1673 = VERTEX_POINT ( 'NONE', #1146 ) ;
#1674 = CARTESIAN_POINT ( 'NONE',  ( -28.59602523664851503, 0.000000000000000000, -15.44400662603334595 ) ) ;
#1675 = DIRECTION ( 'NONE',  ( 0.9135454576425978690, 0.000000000000000000, -0.4067366430758070917 ) ) ;
#1676 = FACE_OUTER_BOUND ( 'NONE', #4004, .T. ) ;
#1677 = ORIENTED_EDGE ( 'NONE', *, *, #2179, .F. ) ;
#1678 = ORIENTED_EDGE ( 'NONE', *, *, #598, .F. ) ;
#1679 = ORIENTED_EDGE ( 'NONE', *, *, #3922, .T. ) ;
#1680 = AXIS2_PLACEMENT_3D ( 'NONE', #3182, #1839, #1815 ) ;
#1681 = DIRECTION ( 'NONE',  ( 0.06620547042675528626, 0.000000000000000000, 0.9978060110490275525 ) ) ;
#1682 = ORIENTED_EDGE ( 'NONE', *, *, #4081, .F. ) ;
#1683 = CARTESIAN_POINT ( 'NONE',  ( 7.471838766447259417, 50.00000000000000000, 10.02224109252431994 ) ) ;
#1684 = PLANE ( 'NONE',  #2320 ) ;
#1685 = DIRECTION ( 'NONE',  ( 0.9978060110490283297, -0.000000000000000000, 0.06620547042674108928 ) ) ;
#1686 = ADVANCED_FACE ( 'NONE', ( #3430 ), #558, .T. ) ;
#1687 = EDGE_CURVE ( 'NONE', #61, #889, #851, .T. ) ;
#1688 = CARTESIAN_POINT ( 'NONE',  ( 5.084208038447360245, 0.000000000000000000, -11.41931822053257584 ) ) ;
#1689 = VERTEX_POINT ( 'NONE', #2791 ) ;
#1690 = CARTESIAN_POINT ( 'NONE',  ( 19.84212555086035579, 180.7926290564130340, 25.73985341108014779 ) ) ;
#1691 = CARTESIAN_POINT ( 'NONE',  ( 0.9231105439641028587, 180.7926290564130340, 32.48688761521518842 ) ) ;
#1692 = EDGE_CURVE ( 'NONE', #1579, #2442, #3786, .T. ) ;
#1693 = VECTOR ( 'NONE', #3962, 1000.000000000000000 ) ;
#1694 = ORIENTED_EDGE ( 'NONE', *, *, #84, .T. ) ;
#1695 = CIRCLE ( 'NONE', #3257, 32.50000000000000000 ) ;
#1696 = DIRECTION ( 'NONE',  ( 0.9897664470031851680, 0.000000000000000000, -0.1426968128119579793 ) ) ;
#1697 = CARTESIAN_POINT ( 'NONE',  ( 0.9231105439641028587, 180.7926290564130340, 32.48688761521518842 ) ) ;
#1698 = DIRECTION ( 'NONE',  ( 0.000000000000000000, 1.000000000000000000, 0.000000000000000000 ) ) ;
#1699 = EDGE_LOOP ( 'NONE', ( #208, #1669, #2129, #3346 ) ) ;
#1700 = VECTOR ( 'NONE', #2658, 1000.000000000000000 ) ;
#1701 = ORIENTED_EDGE ( 'NONE', *, *, #2275, .F. ) ;
#1702 = ORIENTED_EDGE ( 'NONE', *, *, #1845, .F. ) ;
#1703 = CARTESIAN_POINT ( 'NONE',  ( -10.90227706339543445, 50.00000000000000000, -6.116702208006289609 ) ) ;
#1704 = VECTOR ( 'NONE', #1497, 1000.000000000000114 ) ;
#1705 = ORIENTED_EDGE ( 'NONE', *, *, #3373, .T. ) ;
#1706 = DIRECTION ( 'NONE',  ( -0.4067366430757947682, 0.000000000000000000, 0.9135454576426033091 ) ) ;
#1707 = CARTESIAN_POINT ( 'NONE',  ( 2.598896135221836712, 50.00000000000000000, -12.22684500917260664 ) ) ;
#1708 = VECTOR ( 'NONE', #709, 1000.000000000000000 ) ;
#1709 = EDGE_CURVE ( 'NONE', #2916, #2623, #1538, .T. ) ;
#1710 = VECTOR ( 'NONE', #3495, 1000.000000000000000 ) ;
#1711 = DIRECTION ( 'NONE',  ( -0.03845633904162091415, 0.000000000000000000, 0.9992602814019557744 ) ) ;
#1712 = VERTEX_POINT ( 'NONE', #3747 ) ;
#1713 = CARTESIAN_POINT ( 'NONE',  ( -23.52478090909391995, 0.000000000000000000, -22.42397563277151917 ) ) ;
#1714 = DIRECTION ( 'NONE',  ( 0.000000000000000000, 0.000000000000000000, -1.000000000000000000 ) ) ;
#1715 = ORIENTED_EDGE ( 'NONE', *, *, #3477, .F. ) ;
#1716 = CARTESIAN_POINT ( 'NONE',  ( 14.05691105693342990, 50.00000000000000000, -29.30278572998586384 ) ) ;
#1717 = EDGE_CURVE ( 'NONE', #1950, #3799, #4159, .T. ) ;
#1718 = EDGE_CURVE ( 'NONE', #1712, #2478, #491, .T. ) ;
#1719 = CARTESIAN_POINT ( 'NONE',  ( 0.000000000000000000, 50.00000000000000000, 0.000000000000000000 ) ) ;
#1720 = CARTESIAN_POINT ( 'NONE',  ( -2.448340603187901365, 50.00000000000000000, 12.25884657540213674 ) ) ;
#1721 = VERTEX_POINT ( 'NONE', #164 ) ;
#1722 = ORIENTED_EDGE ( 'NONE', *, *, #402, .T. ) ;
#1723 = DIRECTION ( 'NONE',  ( 0.000000000000000000, 0.000000000000000000, 1.000000000000000000 ) ) ;
#1724 = ORIENTED_EDGE ( 'NONE', *, *, #1974, .F. ) ;
#1725 = CARTESIAN_POINT ( 'NONE',  ( 0.000000000000000000, 50.00000000000000000, 0.000000000000000000 ) ) ;
#1726 = COORDINATED_UNIVERSAL_TIME_OFFSET ( 5, 0, .BEHIND. ) ;
#1727 = ORIENTED_EDGE ( 'NONE', *, *, #4108, .T. ) ;
#1728 = DIRECTION ( 'NONE',  ( 0.000000000000000000, 0.000000000000000000, 1.000000000000000000 ) ) ;
#1729 = LINE ( 'NONE', #1749, #2378 ) ;
#1730 = EDGE_CURVE ( 'NONE', #546, #973, #2509, .T. ) ;
#1731 = LINE ( 'NONE', #4009, #2482 ) ;
#1732 = DIRECTION ( 'NONE',  ( 0.9384693397969493533, 0.000000000000000000, -0.3453625605954963040 ) ) ;
#1733 = DIRECTION ( 'NONE',  ( 0.000000000000000000, 0.000000000000000000, 1.000000000000000000 ) ) ;
#1734 = CARTESIAN_POINT ( 'NONE',  ( 14.05691105693403919, 50.00000000000000000, 29.30278572998556896 ) ) ;
#1735 = ADVANCED_FACE ( 'NONE', ( #3112 ), #3449, .T. ) ;
#1736 = ORIENTED_EDGE ( 'NONE', *, *, #3331, .F. ) ;
#1737 = VECTOR ( 'NONE', #2655, 1000.000000000000114 ) ;
#1738 = EDGE_CURVE ( 'NONE', #2806, #3043, #214, .T. ) ;
#1739 = VERTEX_POINT ( 'NONE', #3813 ) ;
#1740 = ORIENTED_EDGE ( 'NONE', *, *, #1132, .T. ) ;
#1741 = DIRECTION ( 'NONE',  ( -0.000000000000000000, -1.000000000000000000, -0.000000000000000000 ) ) ;
#1742 = AXIS2_PLACEMENT_3D ( 'NONE', #2608, #3237, #12 ) ;
#1743 = AXIS2_PLACEMENT_3D ( 'NONE', #192, #3479, #1239 ) ;
#1744 = ORIENTED_EDGE ( 'NONE', *, *, #668, .F. ) ;
#1745 = LINE ( 'NONE', #2324, #3066 ) ;
#1746 = DATE_AND_TIME ( #1143, #2700 ) ;
#1747 = ORIENTED_EDGE ( 'NONE', *, *, #3039, .T. ) ;
#1748 = DIRECTION ( 'NONE',  ( 0.6184622884358194073, 0.000000000000000000, 0.7858144805122447840 ) ) ;
#1749 = CARTESIAN_POINT ( 'NONE',  ( -0.3221327334614555449, 0.000000000000000000, -0.05561923380146473195 ) ) ;
#1750 = ORIENTED_EDGE ( 'NONE', *, *, #3583, .F. ) ;
#1751 = CARTESIAN_POINT ( 'NONE',  ( -2.448340603187992848, 0.000000000000000000, -12.25884657540212075 ) ) ;
#1752 = DIRECTION ( 'NONE',  ( -0.3713041585673682032, 0.000000000000000000, 0.9285112933242001265 ) ) ;
#1753 = DIRECTION ( 'NONE',  ( -0.000000000000000000, -1.000000000000000000, 0.000000000000000000 ) ) ;
#1754 = VERTEX_POINT ( 'NONE', #895 ) ;
#1755 = VECTOR ( 'NONE', #2812, 1000.000000000000000 ) ;
#1756 = VERTEX_POINT ( 'NONE', #2197 ) ;
#1757 = EDGE_CURVE ( 'NONE', #3746, #1378, #3498, .T. ) ;
#1758 = ORIENTED_EDGE ( 'NONE', *, *, #3840, .T. ) ;
#1759 = FACE_OUTER_BOUND ( 'NONE', #3655, .T. ) ;
#1760 = LINE ( 'NONE', #3421, #3798 ) ;
#1761 = EDGE_CURVE ( 'NONE', #980, #3555, #3180, .T. ) ;
#1762 = AXIS2_PLACEMENT_3D ( 'NONE', #1318, #959, #2610 ) ;
#1763 = ORIENTED_EDGE ( 'NONE', *, *, #2937, .F. ) ;
#1764 = VERTEX_POINT ( 'NONE', #1237 ) ;
#1765 = CIRCLE ( 'NONE', #744, 32.50000000000000000 ) ;
#1766 = CARTESIAN_POINT ( 'NONE',  ( 0.000000000000000000, 0.000000000000000000, 0.000000000000000000 ) ) ;
#1767 = ADVANCED_FACE ( 'NONE', ( #2534 ), #916, .T. ) ;
#1768 = DATE_AND_TIME ( #3720, #2771 ) ;
#1769 = VECTOR ( 'NONE', #2837, 1000.000000000000000 ) ;
#1770 = ORIENTED_EDGE ( 'NONE', *, *, #1293, .F. ) ;
#1771 = VECTOR ( 'NONE', #3859, 1000.000000000000114 ) ;
#1772 = DIRECTION ( 'NONE',  ( 0.000000000000000000, 1.000000000000000000, 0.000000000000000000 ) ) ;
#1773 = DIRECTION ( 'NONE',  ( 0.000000000000000000, -1.000000000000000000, 0.000000000000000000 ) ) ;
#1774 = CIRCLE ( 'NONE', #1434, 32.50000000000000000 ) ;
#1775 = LINE ( 'NONE', #3967, #4123 ) ;
#1776 = DIRECTION ( 'NONE',  ( 0.2453738704398856774, -0.000000000000000000, 0.9694285242891041987 ) ) ;
#1777 = LINE ( 'NONE', #3074, #3733 ) ;
#1778 = AXIS2_PLACEMENT_3D ( 'NONE', #1543, #3120, #4096 ) ;
#1779 = CARTESIAN_POINT ( 'NONE',  ( 30.61160931482723768, 180.7926290564130340, 10.91693066554801028 ) ) ;
#1780 = ORIENTED_EDGE ( 'NONE', *, *, #428, .F. ) ;
#1781 = ORIENTED_EDGE ( 'NONE', *, *, #2257, .F. ) ;
#1782 = ORIENTED_EDGE ( 'NONE', *, *, #3451, .F. ) ;
#1783 = CARTESIAN_POINT ( 'NONE',  ( -19.84212555085999341, 180.7926290564130340, 25.73985341108043201 ) ) ;
#1784 = CARTESIAN_POINT ( 'NONE',  ( 1.999167105995450777, 50.00001200000000523, -1.536366799937286975 ) ) ;
#1785 = EDGE_CURVE ( 'NONE', #2840, #1756, #1602, .T. ) ;
#1786 = ORIENTED_EDGE ( 'NONE', *, *, #1554, .T. ) ;
#1787 = DIRECTION ( 'NONE',  ( 0.9135454576426033091, -0.000000000000000000, 0.4067366430757947682 ) ) ;
#1788 = FACE_OUTER_BOUND ( 'NONE', #1632, .T. ) ;
#1789 = CARTESIAN_POINT ( 'NONE',  ( 0.000000000000000000, 0.000000000000000000, 0.000000000000000000 ) ) ;
#1790 = EDGE_CURVE ( 'NONE', #654, #3979, #2632, .T. ) ;
#1791 = ORIENTED_EDGE ( 'NONE', *, *, #1965, .T. ) ;
#1792 = DIRECTION ( 'NONE',  ( -0.9694285242891093057, 0.000000000000000000, -0.2453738704398654991 ) ) ;
#1793 = DIRECTION ( 'NONE',  ( 0.3713041585673751976, 0.000000000000000000, 0.9285112933241972399 ) ) ;
#1794 = CARTESIAN_POINT ( 'NONE',  ( -0.3266572492947953932, 50.00000000000000000, 0.01257134118416045054 ) ) ;
#1795 = FACE_OUTER_BOUND ( 'NONE', #3250, .T. ) ;
#1796 = CARTESIAN_POINT ( 'NONE',  ( 27.67291469268453952, 180.7926290564130340, 17.04288098918150851 ) ) ;
#1797 = DIRECTION ( 'NONE',  ( -0.7683274208902022284, 0.000000000000000000, 0.6400570086392383118 ) ) ;
#1798 = VERTEX_POINT ( 'NONE', #3518 ) ;
#1799 = ORIENTED_EDGE ( 'NONE', *, *, #564, .T. ) ;
#1800 = ORIENTED_EDGE ( 'NONE', *, *, #2562, .T. ) ;
#1801 = LINE ( 'NONE', #3101, #3098 ) ;
#1802 = CARTESIAN_POINT ( 'NONE',  ( 0.000000000000000000, 50.00000000000000000, 0.000000000000000000 ) ) ;
#1803 = VECTOR ( 'NONE', #890, 1000.000000000000000 ) ;
#1804 = ORIENTED_EDGE ( 'NONE', *, *, #3484, .F. ) ;
#1805 = ORIENTED_EDGE ( 'NONE', *, *, #2743, .T. ) ;
#1806 = LINE ( 'NONE', #4085, #1268 ) ;
#1807 = DIRECTION ( 'NONE',  ( -0.000000000000000000, -1.000000000000000000, -0.000000000000000000 ) ) ;
#1808 = DIRECTION ( 'NONE',  ( 0.000000000000000000, 0.000000000000000000, 1.000000000000000000 ) ) ;
#1809 = VECTOR ( 'NONE', #3245, 1000.000000000000114 ) ;
#1810 = EDGE_LOOP ( 'NONE', ( #2531, #841, #1420, #2039 ) ) ;
#1811 = EDGE_CURVE ( 'NONE', #3255, #4125, #1302, .T. ) ;
#1812 = FACE_OUTER_BOUND ( 'NONE', #3466, .T. ) ;
#1813 = DIRECTION ( 'NONE',  ( 0.000000000000000000, 0.000000000000000000, -1.000000000000000000 ) ) ;
#1814 = EDGE_CURVE ( 'NONE', #2689, #556, #3201, .T. ) ;
#1815 = DIRECTION ( 'NONE',  ( 0.000000000000000000, 0.000000000000000000, -1.000000000000000000 ) ) ;
#1816 = DIRECTION ( 'NONE',  ( 0.6691306063588620123, -0.000000000000000000, 0.7431448254773909134 ) ) ;
#1817 = CARTESIAN_POINT ( 'NONE',  ( -12.43152369210341313, 0.000000000000000000, 1.306605790845713599 ) ) ;
#1818 = CARTESIAN_POINT ( 'NONE',  ( 14.05691105693403387, 180.7926290564130340, 29.30278572998556186 ) ) ;
#1819 = EDGE_CURVE ( 'NONE', #3979, #2875, #1843, .T. ) ;
#1820 = ORIENTED_EDGE ( 'NONE', *, *, #662, .T. ) ;
#1821 = ORIENTED_EDGE ( 'NONE', *, *, #598, .T. ) ;
#1822 = VERTEX_POINT ( 'NONE', #2880 ) ;
#1823 = DIRECTION ( 'NONE',  ( -0.000000000000000000, -1.000000000000000000, 0.000000000000000000 ) ) ;
#1824 = CARTESIAN_POINT ( 'NONE',  ( 2.184465970885645092, 50.00001200000000523, -1.259047450927248457 ) ) ;
#1825 = VECTOR ( 'NONE', #1773, 1000.000000000000000 ) ;
#1826 = EDGE_LOOP ( 'NONE', ( #2437, #3135, #1522, #2206 ) ) ;
#1827 = VERTEX_POINT ( 'NONE', #4199 ) ;
#1828 = LINE ( 'NONE', #3645, #927 ) ;
#1829 = AXIS2_PLACEMENT_3D ( 'NONE', #4110, #3832, #915 ) ;
#1830 = CYLINDRICAL_SURFACE ( 'NONE', #2253, 32.50000000000000000 ) ;
#1831 = VECTOR ( 'NONE', #4190, 1000.000000000000000 ) ;
#1832 = EDGE_LOOP ( 'NONE', ( #4109, #3339, #197, #2732 ) ) ;
#1833 = LINE ( 'NONE', #3448, #399 ) ;
#1834 = DIRECTION ( 'NONE',  ( 0.7683274208902067803, 0.000000000000000000, -0.6400570086392328717 ) ) ;
#1835 = FACE_OUTER_BOUND ( 'NONE', #3124, .T. ) ;
#1836 = VECTOR ( 'NONE', #3584, 1000.000000000000000 ) ;
#1837 = ADVANCED_FACE ( 'NONE', ( #4180 ), #2595, .T. ) ;
#1838 = AXIS2_PLACEMENT_3D ( 'NONE', #3142, #1151, #1904 ) ;
#1839 = DIRECTION ( 'NONE',  ( -0.000000000000000000, -1.000000000000000000, -0.000000000000000000 ) ) ;
#1840 = CARTESIAN_POINT ( 'NONE',  ( -7.222792540864672262, 180.7926290564130340, -10.20318376684929085 ) ) ;
#1841 = CARTESIAN_POINT ( 'NONE',  ( -7.222792540864672262, 0.000000000000000000, -10.20318376684929085 ) ) ;
#1842 = LINE ( 'NONE', #1261, #461 ) ;
#1843 = CIRCLE ( 'NONE', #4225, 32.50000000000000000 ) ;
#1844 = ORIENTED_EDGE ( 'NONE', *, *, #849, .F. ) ;
#1845 = EDGE_CURVE ( 'NONE', #97, #2012, #2551, .T. ) ;
#1846 = ORIENTED_EDGE ( 'NONE', *, *, #3607, .F. ) ;
#1847 = EDGE_CURVE ( 'NONE', #3167, #3491, #975, .T. ) ;
#1848 = ORIENTED_EDGE ( 'NONE', *, *, #4168, .F. ) ;
#1849 = AXIS2_PLACEMENT_3D ( 'NONE', #2975, #47, #356 ) ;
#1850 = PLANE ( 'NONE',  #3644 ) ;
#1851 = CARTESIAN_POINT ( 'NONE',  ( 28.59602523664828411, 0.000000000000000000, -15.44400662603377050 ) ) ;
#1852 = ORIENTED_EDGE ( 'NONE', *, *, #3870, .T. ) ;
#1853 = ORIENTED_EDGE ( 'NONE', *, *, #820, .F. ) ;
#1854 = CARTESIAN_POINT ( 'NONE',  ( 7.471838766447259417, 0.000000000000000000, 10.02224109252431994 ) ) ;
#1855 = PLANE ( 'NONE',  #1912 ) ;
#1856 = VERTEX_POINT ( 'NONE', #2240 ) ;
#1857 = CARTESIAN_POINT ( 'NONE',  ( 11.93577005039070471, 180.7926290564130340, -3.716326731150463303 ) ) ;
#1858 = DIRECTION ( 'NONE',  ( -0.7168627939676827099, 0.000000000000000000, 0.6972142673704029292 ) ) ;
#1859 = DIRECTION ( 'NONE',  ( -0.9384693397969565698, 0.000000000000000000, -0.3453625605954768751 ) ) ;
#1860 = CARTESIAN_POINT ( 'NONE',  ( 27.67291469268454662, 50.00000000000000000, 17.04288098918151206 ) ) ;
#1861 = CARTESIAN_POINT ( 'NONE',  ( 0.000000000000000000, 50.00000000000000000, 0.000000000000000000 ) ) ;
#1862 = DIRECTION ( 'NONE',  ( 0.000000000000000000, -1.000000000000000000, 0.000000000000000000 ) ) ;
#1863 = LINE ( 'NONE', #2887, #2499 ) ;
#1864 = VERTEX_POINT ( 'NONE', #3541 ) ;
#1865 = ORIENTED_EDGE ( 'NONE', *, *, #2286, .T. ) ;
#1866 = FACE_OUTER_BOUND ( 'NONE', #2914, .T. ) ;
#1867 = DIRECTION ( 'NONE',  ( 0.5562386247835812147, 0.000000000000000000, 0.8310226184038977948 ) ) ;
#1868 = EDGE_CURVE ( 'NONE', #1544, #1548, #1919, .T. ) ;
#1869 = ORIENTED_EDGE ( 'NONE', *, *, #3894, .T. ) ;
#1870 = EDGE_LOOP ( 'NONE', ( #1661, #4084, #4191, #1874 ) ) ;
#1871 = VERTEX_POINT ( 'NONE', #960 ) ;
#1872 = CARTESIAN_POINT ( 'NONE',  ( 32.21242971911322428, 50.00000000000000000, 4.313858086584685836 ) ) ;
#1873 = DIRECTION ( 'NONE',  ( -0.000000000000000000, -1.000000000000000000, 0.000000000000000000 ) ) ;
#1874 = ORIENTED_EDGE ( 'NONE', *, *, #1221, .F. ) ;
#1875 = DIRECTION ( 'NONE',  ( 0.9978060110490274415, 0.000000000000000000, -0.06620547042675527238 ) ) ;
#1876 = DIRECTION ( 'NONE',  ( 0.4999999999999920064, 0.000000000000000000, -0.8660254037844432595 ) ) ;
#1877 = DIRECTION ( 'NONE',  ( 0.1045284632676436315, 0.000000000000000000, -0.9945218953682742891 ) ) ;
#1878 = VECTOR ( 'NONE', #1561, 1000.000000000000000 ) ;
#1879 = DIRECTION ( 'NONE',  ( 0.000000000000000000, 1.000000000000000000, 0.000000000000000000 ) ) ;
#1880 = CARTESIAN_POINT ( 'NONE',  ( 0.000000000000000000, 0.000000000000000000, 0.000000000000000000 ) ) ;
#1881 = CARTESIAN_POINT ( 'NONE',  ( -7.222792540864598543, 50.00000000000000000, 10.20318376684934236 ) ) ;
#1882 = DIRECTION ( 'NONE',  ( 0.000000000000000000, 1.000000000000000000, 0.000000000000000000 ) ) ;
#1883 = VERTEX_POINT ( 'NONE', #3241 ) ;
#1884 = ORIENTED_EDGE ( 'NONE', *, *, #648, .T. ) ;
#1885 = PLANE ( 'NONE',  #586 ) ;
#1886 = CARTESIAN_POINT ( 'NONE',  ( 0.04664745434581284850, 50.00000000000000000, -0.3235537237292536172 ) ) ;
#1887 = ORIENTED_EDGE ( 'NONE', *, *, #3539, .F. ) ;
#1888 = EDGE_CURVE ( 'NONE', #1739, #3580, #2261, .T. ) ;
#1889 = ORIENTED_EDGE ( 'NONE', *, *, #3322, .T. ) ;
#1890 = CARTESIAN_POINT ( 'NONE',  ( 11.84064285698805108, 50.00000000000000000, -4.009098128223480551 ) ) ;
#1891 = EDGE_CURVE ( 'NONE', #3910, #2827, #3897, .T. ) ;
#1892 = DIRECTION ( 'NONE',  ( 0.9285112933242024580, 0.000000000000000000, 0.3713041585673621525 ) ) ;
#1893 = LOCAL_TIME ( 0, 57, 21.00000000000000000, #422 ) ;
#1894 = ORIENTED_EDGE ( 'NONE', *, *, #4168, .T. ) ;
#1895 = CIRCLE ( 'NONE', #2034, 32.50000000000000000 ) ;
#1896 = EDGE_CURVE ( 'NONE', #1529, #1109, #1622, .T. ) ;
#1897 = EDGE_CURVE ( 'NONE', #4057, #2521, #660, .T. ) ;
#1898 = CARTESIAN_POINT ( 'NONE',  ( 9.289310318467329353, 50.00000000000000000, -8.364132579485838548 ) ) ;
#1899 = CARTESIAN_POINT ( 'NONE',  ( 0.3169052758585629292, 0.000000000000000000, -0.08021248823605198197 ) ) ;
#1900 = DIRECTION ( 'NONE',  ( 0.000000000000000000, -1.000000000000000000, -0.000000000000000000 ) ) ;
#1901 = AXIS2_PLACEMENT_3D ( 'NONE', #1930, #968, #3233 ) ;
#1902 = LINE ( 'NONE', #3264, #3243 ) ;
#1903 = CIRCLE ( 'NONE', #810, 32.50000000000000000 ) ;
#1904 = DIRECTION ( 'NONE',  ( 0.000000000000000000, 0.000000000000000000, -1.000000000000000000 ) ) ;
#1905 = DIRECTION ( 'NONE',  ( 0.000000000000000000, 1.000000000000000000, 0.000000000000000000 ) ) ;
#1906 = CARTESIAN_POINT ( 'NONE',  ( -0.1524415238222712743, 50.00000000000000000, 0.2891791468117222985 ) ) ;
#1907 = VECTOR ( 'NONE', #2332, 1000.000000000000000 ) ;
#1908 = ORIENTED_EDGE ( 'NONE', *, *, #3873, .T. ) ;
#1909 = DIRECTION ( 'NONE',  ( 0.7858144805122492249, 0.000000000000000000, -0.6184622884358139672 ) ) ;
#1910 = LINE ( 'NONE', #1635, #2780 ) ;
#1911 = VECTOR ( 'NONE', #624, 1000.000000000000000 ) ;
#1912 = AXIS2_PLACEMENT_3D ( 'NONE', #3108, #161, #2126 ) ;
#1913 = ORIENTED_EDGE ( 'NONE', *, *, #4023, .T. ) ;
#1914 = ORIENTED_EDGE ( 'NONE', *, *, #2070, .T. ) ;
#1915 = DIRECTION ( 'NONE',  ( 0.4999999999999920064, 0.000000000000000000, -0.8660254037844432595 ) ) ;
#1916 = EDGE_CURVE ( 'NONE', #2012, #2674, #1647, .T. ) ;
#1917 = ORIENTED_EDGE ( 'NONE', *, *, #3016, .T. ) ;
#1918 = FACE_OUTER_BOUND ( 'NONE', #1198, .T. ) ;
#1919 = LINE ( 'NONE', #3222, #4016 ) ;
#1920 = LINE ( 'NONE', #1558, #2236 ) ;
#1921 = EDGE_LOOP ( 'NONE', ( #1013, #2874, #3218, #3810 ) ) ;
#1922 = ADVANCED_FACE ( 'NONE', ( #17 ), #1319, .T. ) ;
#1923 = DIRECTION ( 'NONE',  ( -0.9622366644075653896, 0.000000000000000000, -0.2722142569187040451 ) ) ;
#1924 = DIRECTION ( 'NONE',  ( 0.2079116908177664758, 0.000000000000000000, 0.9781476007338042455 ) ) ;
#1925 = DIRECTION ( 'NONE',  ( -0.1045284632676635739, 0.000000000000000000, -0.9945218953682721796 ) ) ;
#1926 = DIRECTION ( 'NONE',  ( 0.000000000000000000, 1.000000000000000000, 0.000000000000000000 ) ) ;
#1927 = ADVANCED_FACE ( 'NONE', ( #994 ), #683, .T. ) ;
#1928 = ORIENTED_EDGE ( 'NONE', *, *, #4042, .T. ) ;
#1929 = CARTESIAN_POINT ( 'NONE',  ( 0.2279186904424655991, 50.00000000000000000, 0.2343417753688022409 ) ) ;
#1930 = CARTESIAN_POINT ( 'NONE',  ( -32.40541237228664784, 180.7926290564130340, -2.477750790949689197 ) ) ;
#1931 = ORIENTED_EDGE ( 'NONE', *, *, #173, .F. ) ;
#1932 = ORIENTED_EDGE ( 'NONE', *, *, #3177, .F. ) ;
#1933 = ORIENTED_EDGE ( 'NONE', *, *, #2773, .T. ) ;
#1934 = DIRECTION ( 'NONE',  ( -0.9897664470031861672, 0.000000000000000000, 0.1426968128119514567 ) ) ;
#1935 = VERTEX_POINT ( 'NONE', #440 ) ;
#1936 = LINE ( 'NONE', #3377, #2772 ) ;
#1937 = DIRECTION ( 'NONE',  ( 0.000000000000000000, -1.000000000000000000, 0.000000000000000000 ) ) ;
#1938 = LINE ( 'NONE', #79, #1413 ) ;
#1939 = EDGE_CURVE ( 'NONE', #1477, #1313, #1745, .T. ) ;
#1940 = CARTESIAN_POINT ( 'NONE',  ( -11.84064285698810970, 180.7926290564130340, -4.009098128223316237 ) ) ;
#1941 = CARTESIAN_POINT ( 'NONE',  ( 28.59602523664861806, 0.000000000000000000, 15.44400662603315055 ) ) ;
#1942 = EDGE_CURVE ( 'NONE', #2692, #2545, #2793, .T. ) ;
#1943 = FACE_OUTER_BOUND ( 'NONE', #780, .T. ) ;
#1944 = CARTESIAN_POINT ( 'NONE',  ( -32.21242971911315323, 0.000000000000000000, 4.313858086585144136 ) ) ;
#1945 = VECTOR ( 'NONE', #3413, 999.9999999999998863 ) ;
#1946 = ORIENTED_EDGE ( 'NONE', *, *, #1297, .T. ) ;
#1947 = CARTESIAN_POINT ( 'NONE',  ( -12.41543477220200486, 180.7926290564130340, 1.459681638462492881 ) ) ;
#1948 = ADVANCED_FACE ( 'NONE', ( #3981 ), #3682, .T. ) ;
#1949 = CARTESIAN_POINT ( 'NONE',  ( 12.41543477220199598, 180.7926290564130340, -1.459681638462573927 ) ) ;
#1950 = VERTEX_POINT ( 'NONE', #2063 ) ;
#1951 = ORIENTED_EDGE ( 'NONE', *, *, #1897, .T. ) ;
#1952 = CARTESIAN_POINT ( 'NONE',  ( -0.2092340361418271177, 0.000000000000000000, -0.2511655136674056932 ) ) ;
#1953 = ORIENTED_EDGE ( 'NONE', *, *, #1100, .F. ) ;
#1954 = DIRECTION ( 'NONE',  ( -0.6691306063588569053, 0.000000000000000000, 0.7431448254773954654 ) ) ;
#1955 = CARTESIAN_POINT ( 'NONE',  ( 0.000000000000000000, 50.00000000000000000, 12.50000000000000000 ) ) ;
#1956 = FACE_OUTER_BOUND ( 'NONE', #1279, .T. ) ;
#1957 = APPROVAL_PERSON_ORGANIZATION ( #743, #3969, #1444 ) ;
#1958 = AXIS2_PLACEMENT_3D ( 'NONE', #4221, #974, #1339 ) ;
#1959 = DIRECTION ( 'NONE',  ( 0.000000000000000000, 0.000000000000000000, 1.000000000000000000 ) ) ;
#1960 = ORIENTED_EDGE ( 'NONE', *, *, #1580, .F. ) ;
#1961 = LINE ( 'NONE', #4184, #1771 ) ;
#1962 = CARTESIAN_POINT ( 'NONE',  ( 23.52478090909406916, 0.000000000000000000, 22.42397563277135220 ) ) ;
#1963 = DIRECTION ( 'NONE',  ( -0.06620547042674110316, 0.000000000000000000, 0.9978060110490284407 ) ) ;
#1964 = VECTOR ( 'NONE', #2625, 1000.000000000000000 ) ;
#1965 = EDGE_CURVE ( 'NONE', #1044, #781, #1774, .T. ) ;
#1966 = AXIS2_PLACEMENT_3D ( 'NONE', #2516, #1905, #1282 ) ;
#1967 = ORIENTED_EDGE ( 'NONE', *, *, #1100, .T. ) ;
#1968 = DIRECTION ( 'NONE',  ( -0.6972142673703977112, -0.000000000000000000, 0.7168627939676879279 ) ) ;
#1969 = CARTESIAN_POINT ( 'NONE',  ( 11.88820645368937967, 0.000000000000000000, -3.862712429686967486 ) ) ;
#1970 = CARTESIAN_POINT ( 'NONE',  ( 2.749451667256094467, 50.00000000000000000, 12.19484344294299838 ) ) ;
#1971 = AXIS2_PLACEMENT_3D ( 'NONE', #2682, #769, #1390 ) ;
#1972 = ORIENTED_EDGE ( 'NONE', *, *, #113, .F. ) ;
#1973 = ADVANCED_FACE ( 'NONE', ( #761 ), #3961, .T. ) ;
#1974 = EDGE_CURVE ( 'NONE', #883, #1230, #3359, .T. ) ;
#1975 = EDGE_LOOP ( 'NONE', ( #842, #3403, #1223, #3773 ) ) ;
#1976 = ORIENTED_EDGE ( 'NONE', *, *, #1939, .T. ) ;
#1977 = AXIS2_PLACEMENT_3D ( 'NONE', #3902, #644, #3290 ) ;
#1978 = EDGE_CURVE ( 'NONE', #2059, #2065, #2715, .T. ) ;
#1979 = CARTESIAN_POINT ( 'NONE',  ( -12.44761261200481783, 180.7926290564130340, 1.153529943228943644 ) ) ;
#1980 = VECTOR ( 'NONE', #2737, 1000.000000000000000 ) ;
#1981 = APPLICATION_CONTEXT ( 'configuration controlled 3d designs of mechanical parts and assemblies' ) ;
#1982 = ADVANCED_FACE ( 'NONE', ( #3304 ), #2024, .T. ) ;
#1983 = ORIENTED_EDGE ( 'NONE', *, *, #2568, .F. ) ;
#1984 = AXIS2_PLACEMENT_3D ( 'NONE', #3164, #3209, #607 ) ;
#1985 = CARTESIAN_POINT ( 'NONE',  ( -19.84212555085999696, 0.000000000000000000, 25.73985341108043912 ) ) ;
#1986 = CARTESIAN_POINT ( 'NONE',  ( 4.943596005754927525, 180.7926290564130340, 11.48192273098678839 ) ) ;
#1987 = DIRECTION ( 'NONE',  ( 0.000000000000000000, -1.000000000000000000, 0.000000000000000000 ) ) ;
#1988 = CARTESIAN_POINT ( 'NONE',  ( 0.000000000000000000, 50.00000000000000000, 0.000000000000000000 ) ) ;
#1989 = ORIENTED_EDGE ( 'NONE', *, *, #3538, .T. ) ;
#1990 = CARTESIAN_POINT ( 'NONE',  ( -0.9231105439641030808, 50.00000000000000000, -32.48688761521519552 ) ) ;
#1991 = DIRECTION ( 'NONE',  ( 0.6184622884358083050, 0.000000000000000000, -0.7858144805122536658 ) ) ;
#1992 = PLANE ( 'NONE',  #2300 ) ;
#1993 = ORIENTED_EDGE ( 'NONE', *, *, #3615, .F. ) ;
#1994 = DIRECTION ( 'NONE',  ( -0.000000000000000000, -1.000000000000000000, 0.000000000000000000 ) ) ;
#1995 = CARTESIAN_POINT ( 'NONE',  ( 7.222792540864742428, 180.7926290564130340, 10.20318376684923756 ) ) ;
#1996 = DIRECTION ( 'NONE',  ( 0.000000000000000000, -1.000000000000000000, 0.000000000000000000 ) ) ;
#1997 = ORIENTED_EDGE ( 'NONE', *, *, #4188, .F. ) ;
#1998 = ORIENTED_EDGE ( 'NONE', *, *, #702, .F. ) ;
#1999 = ORIENTED_EDGE ( 'NONE', *, *, #3509, .T. ) ;
#2000 = CARTESIAN_POINT ( 'NONE',  ( 0.000000000000000000, 0.000000000000000000, 0.000000000000000000 ) ) ;
#2001 = EDGE_CURVE ( 'NONE', #3024, #681, #403, .T. ) ;
#2002 = EDGE_CURVE ( 'NONE', #2828, #840, #98, .T. ) ;
#2003 = ORIENTED_EDGE ( 'NONE', *, *, #4022, .F. ) ;
#2004 = CARTESIAN_POINT ( 'NONE',  ( -12.44761261200481961, 50.00000000000000000, 1.153529943228943644 ) ) ;
#2005 = CARTESIAN_POINT ( 'NONE',  ( 0.2716605149648480544, 50.00000000000000000, -0.1818338850298374942 ) ) ;
#2006 = DIRECTION ( 'NONE',  ( -0.9781476007338083534, 0.000000000000000000, -0.2079116908177468803 ) ) ;
#2007 = CARTESIAN_POINT ( 'NONE',  ( -7.347315653655927647, 0.000000000000000000, -10.11271242968683381 ) ) ;
#2008 = ORIENTED_EDGE ( 'NONE', *, *, #254, .T. ) ;
#2009 = LINE ( 'NONE', #2928, #954 ) ;
#2010 = LINE ( 'NONE', #350, #2243 ) ;
#2011 = VECTOR ( 'NONE', #2590, 1000.000000000000114 ) ;
#2012 = VERTEX_POINT ( 'NONE', #382 ) ;
#2013 = DIRECTION ( 'NONE',  ( 0.000000000000000000, -1.000000000000000000, -0.000000000000000000 ) ) ;
#2014 = PLANE ( 'NONE',  #2992 ) ;
#2015 = CARTESIAN_POINT ( 'NONE',  ( -12.37030416825284362, 50.00000000000000000, 30.05371149766542516 ) ) ;
#2016 = VECTOR ( 'NONE', #2744, 1000.000000000000114 ) ;
#2017 = ORIENTED_EDGE ( 'NONE', *, *, #2613, .F. ) ;
#2018 = ORIENTED_EDGE ( 'NONE', *, *, #3758, .T. ) ;
#2019 = VECTOR ( 'NONE', #1181, 1000.000000000000000 ) ;
#2020 = CARTESIAN_POINT ( 'NONE',  ( 7.222792540864742428, 50.00000000000000000, 10.20318376684923933 ) ) ;
#2021 = EDGE_CURVE ( 'NONE', #1654, #736, #3275, .T. ) ;
#2022 = EDGE_LOOP ( 'NONE', ( #3800, #2018, #3417, #4144 ) ) ;
#2023 = ORIENTED_EDGE ( 'NONE', *, *, #3949, .T. ) ;
#2024 = CYLINDRICAL_SURFACE ( 'NONE', #3278, 32.50000000000000000 ) ;
#2025 = CARTESIAN_POINT ( 'NONE',  ( -7.657342097276498727, 0.000000000000000000, -31.58504570212425477 ) ) ;
#2026 = ADVANCED_FACE ( 'NONE', ( #4001 ), #1684, .T. ) ;
#2027 = EDGE_CURVE ( 'NONE', #3684, #477, #2984, .T. ) ;
#2028 = LINE ( 'NONE', #80, #2757 ) ;
#2029 = ORIENTED_EDGE ( 'NONE', *, *, #2287, .T. ) ;
#2030 = FACE_OUTER_BOUND ( 'NONE', #227, .T. ) ;
#2031 = CARTESIAN_POINT ( 'NONE',  ( 14.05691105693342990, 0.000000000000000000, -29.30278572998586384 ) ) ;
#2032 = VECTOR ( 'NONE', #1900, 1000.000000000000000 ) ;
#2033 = CARTESIAN_POINT ( 'NONE',  ( -24.76014394513180861, 180.7926290564130340, -21.05196598459043145 ) ) ;
#2034 = AXIS2_PLACEMENT_3D ( 'NONE', #3473, #1167, #600 ) ;
#2035 = CARTESIAN_POINT ( 'NONE',  ( -0.3221327334614547122, 50.00000000000000000, 0.05561923380146704260 ) ) ;
#2036 = DIRECTION ( 'NONE',  ( 0.9781476007338042455, 0.000000000000000000, -0.2079116908177664758 ) ) ;
#2037 = PLANE ( 'NONE',  #2656 ) ;
#2038 = VECTOR ( 'NONE', #3295, 1000.000000000000000 ) ;
#2039 = ORIENTED_EDGE ( 'NONE', *, *, #334, .T. ) ;
#2040 = ORIENTED_EDGE ( 'NONE', *, *, #3110, .T. ) ;
#2041 = DIRECTION ( 'NONE',  ( 0.1426968128119579793, 0.000000000000000000, 0.9897664470031851680 ) ) ;
#2042 = VECTOR ( 'NONE', #2154, 1000.000000000000000 ) ;
#2043 = VECTOR ( 'NONE', #1696, 1000.000000000000114 ) ;
#2044 = VERTEX_POINT ( 'NONE', #78 ) ;
#2045 = EDGE_LOOP ( 'NONE', ( #1030, #1483, #3516, #1180 ) ) ;
#2046 = ADVANCED_FACE ( 'NONE', ( #1423 ), #4020, .T. ) ;
#2047 = DIRECTION ( 'NONE',  ( 0.9978060110490283297, -0.000000000000000000, 0.06620547042674108928 ) ) ;
#2048 = DATE_AND_TIME ( #1488, #605 ) ;
#2049 = CIRCLE ( 'NONE', #4082, 32.50000000000000000 ) ;
#2050 = VECTOR ( 'NONE', #2144, 1000.000000000000000 ) ;
#2051 = ORIENTED_EDGE ( 'NONE', *, *, #70, .T. ) ;
#2052 = PLANE ( 'NONE',  #3002 ) ;
#2053 = DIRECTION ( 'NONE',  ( 0.000000000000000000, 0.000000000000000000, -1.000000000000000000 ) ) ;
#2054 = EDGE_CURVE ( 'NONE', #1133, #133, #555, .T. ) ;
#2055 = ORIENTED_EDGE ( 'NONE', *, *, #3711, .F. ) ;
#2056 = DIRECTION ( 'NONE',  ( 0.000000000000000000, -1.000000000000000000, 0.000000000000000000 ) ) ;
#2057 = FACE_OUTER_BOUND ( 'NONE', #4169, .T. ) ;
#2058 = LINE ( 'NONE', #3354, #3955 ) ;
#2059 = VERTEX_POINT ( 'NONE', #3380 ) ;
#2060 = ORIENTED_EDGE ( 'NONE', *, *, #564, .F. ) ;
#2061 = LINE ( 'NONE', #1112, #2751 ) ;
#2062 = ORIENTED_EDGE ( 'NONE', *, *, #3352, .F. ) ;
#2063 = CARTESIAN_POINT ( 'NONE',  ( 19.84212555086035934, 50.00000000000000000, 25.73985341108015490 ) ) ;
#2064 = APPROVAL_DATE_TIME ( #2696, #1466 ) ;
#2065 = VERTEX_POINT ( 'NONE', #462 ) ;
#2066 = CARTESIAN_POINT ( 'NONE',  ( -2.749451667255920384, 50.00000000000000000, 12.19484344294303924 ) ) ;
#2067 = DIRECTION ( 'NONE',  ( -0.1701419189067364945, 0.000000000000000000, 0.9854195692347160751 ) ) ;
#2068 = ADVANCED_FACE ( 'NONE', ( #3064 ), #1443, .T. ) ;
#2069 = ORIENTED_EDGE ( 'NONE', *, *, #3249, .F. ) ;
#2070 = EDGE_CURVE ( 'NONE', #3698, #1721, #4086, .T. ) ;
#2071 = DIRECTION ( 'NONE',  ( 0.9384693397969493533, 0.000000000000000000, -0.3453625605954963040 ) ) ;
#2072 = LINE ( 'NONE', #1796, #3596 ) ;
#2073 = CARTESIAN_POINT ( 'NONE',  ( 3.061616997868383141E-16, 50.00000599999999906, -2.500000000000000000 ) ) ;
#2074 = ORIENTED_EDGE ( 'NONE', *, *, #226, .F. ) ;
#2075 = EDGE_CURVE ( 'NONE', #2407, #1935, #3469, .T. ) ;
#2076 = ORIENTED_EDGE ( 'NONE', *, *, #933, .F. ) ;
#2077 = ORIENTED_EDGE ( 'NONE', *, *, #2885, .T. ) ;
#2078 = CARTESIAN_POINT ( 'NONE',  ( 0.000000000000000000, 50.00000000000000000, 0.000000000000000000 ) ) ;
#2079 = DIRECTION ( 'NONE',  ( 0.000000000000000000, 1.000000000000000000, 0.000000000000000000 ) ) ;
#2080 = CIRCLE ( 'NONE', #1743, 32.50000000000000000 ) ;
#2081 = ORIENTED_EDGE ( 'NONE', *, *, #1035, .T. ) ;
#2082 = DIRECTION ( 'NONE',  ( 0.000000000000000000, 1.000000000000000000, 0.000000000000000000 ) ) ;
#2083 = PERSON_AND_ORGANIZATION ( #18446744073709551615, #2903 ) ;
#2084 = ORIENTED_EDGE ( 'NONE', *, *, #3999, .F. ) ;
#2085 = CYLINDRICAL_SURFACE ( 'NONE', #3270, 32.50000000000000000 ) ;
#2086 = DIRECTION ( 'NONE',  ( -0.9135454576426059736, 0.000000000000000000, -0.4067366430757887730 ) ) ;
#2087 = VECTOR ( 'NONE', #3463, 1000.000000000000000 ) ;
#2088 = ORIENTED_EDGE ( 'NONE', *, *, #880, .T. ) ;
#2089 = FACE_OUTER_BOUND ( 'NONE', #2022, .T. ) ;
#2090 = EDGE_CURVE ( 'NONE', #567, #2681, #3679, .T. ) ;
#2091 = DIRECTION ( 'NONE',  ( 0.000000000000000000, -1.000000000000000000, 0.000000000000000000 ) ) ;
#2092 = DIRECTION ( 'NONE',  ( 0.000000000000000000, 1.000000000000000000, 0.000000000000000000 ) ) ;
#2093 = ORIENTED_EDGE ( 'NONE', *, *, #764, .T. ) ;
#2094 = AXIS2_PLACEMENT_3D ( 'NONE', #1666, #404, #2346 ) ;
#2095 = ORIENTED_EDGE ( 'NONE', *, *, #1757, .T. ) ;
#2096 = EDGE_LOOP ( 'NONE', ( #1993, #1441, #312, #2336 ) ) ;
#2097 = DIRECTION ( 'NONE',  ( 0.000000000000000000, 1.000000000000000000, 0.000000000000000000 ) ) ;
#2098 = CARTESIAN_POINT ( 'NONE',  ( 1.259047450927248457, 50.00001199999999102, 2.184465970885645092 ) ) ;
#2099 = VECTOR ( 'NONE', #2561, 1000.000000000000114 ) ;
#2100 = ADVANCED_FACE ( 'NONE', ( #4129 ), #805, .T. ) ;
#2101 = VERTEX_POINT ( 'NONE', #829 ) ;
#2102 = VECTOR ( 'NONE', #3095, 1000.000000000000000 ) ;
#2103 = PLANE ( 'NONE',  #384 ) ;
#2104 = DIRECTION ( 'NONE',  ( -0.000000000000000000, -1.000000000000000000, -0.000000000000000000 ) ) ;
#2105 = APPLICATION_PROTOCOL_DEFINITION ( 'international standard', 'config_control_design', 1994, #2487 ) ;
#2106 = CIRCLE ( 'NONE', #1149, 32.50000000000000000 ) ;
#2107 = B_SPLINE_CURVE_WITH_KNOTS ( 'NONE', 3,
 ( #2823, #3151, #3716, #2098, #524, #3398, #158, #1526, #1137, #2434, #480, #1824, #1784, #3737, #4172, #986, #1289, #3826 ),
 .UNSPECIFIED., .F., .F.,
 ( 4, 2, 2, 2, 2, 2, 2, 2, 4 ),
 ( 0.000000000000000000, 0.06250000000000000000, 0.1250000000000000000, 0.1875000000000000000, 0.2500000000000000000, 0.3125000000000000000, 0.3750000000000000000, 0.4375000000000000000, 0.5000000000000000000 ),
 .UNSPECIFIED. ) ;
#2108 = ORIENTED_EDGE ( 'NONE', *, *, #3894, .F. ) ;
#2109 = AXIS2_PLACEMENT_3D ( 'NONE', #123, #3965, #101 ) ;
#2110 = DIRECTION ( 'NONE',  ( 0.000000000000000000, -1.000000000000000000, 0.000000000000000000 ) ) ;
#2111 = CARTESIAN_POINT ( 'NONE',  ( -0.9231105439641028587, 180.8028096028521645, -32.48688761521518842 ) ) ;
#2112 = VECTOR ( 'NONE', #3613, 1000.000000000000000 ) ;
#2113 = LINE ( 'NONE', #1472, #1945 ) ;
#2114 = CARTESIAN_POINT ( 'NONE',  ( -5.851465369695151075, 180.7926290564130340, 31.96889665013883430 ) ) ;
#2115 = DIRECTION ( 'NONE',  ( -0.000000000000000000, -1.000000000000000000, 0.000000000000000000 ) ) ;
#2116 = AXIS2_PLACEMENT_3D ( 'NONE', #2517, #1173, #3821 ) ;
#2117 = CARTESIAN_POINT ( 'NONE',  ( 14.05691105693342990, 180.7926290564130340, -29.30278572998586739 ) ) ;
#2118 = ORIENTED_EDGE ( 'NONE', *, *, #199, .F. ) ;
#2119 = ORIENTED_EDGE ( 'NONE', *, *, #909, .T. ) ;
#2120 = ORIENTED_EDGE ( 'NONE', *, *, #2909, .T. ) ;
#2121 = DIRECTION ( 'NONE',  ( 0.000000000000000000, 1.000000000000000000, 0.000000000000000000 ) ) ;
#2122 = CARTESIAN_POINT ( 'NONE',  ( -0.2716605149648506634, 50.00000000000000000, -0.1818338850298336640 ) ) ;
#2123 = ORIENTED_EDGE ( 'NONE', *, *, #2315, .F. ) ;
#2124 = CARTESIAN_POINT ( 'NONE',  ( 0.000000000000000000, 0.000000000000000000, 0.000000000000000000 ) ) ;
#2125 = ADVANCED_FACE ( 'NONE', ( #2460 ), #1487, .T. ) ;
#2126 = DIRECTION ( 'NONE',  ( -0.7683274208902115543, 0.000000000000000000, -0.6400570086392272096 ) ) ;
#2127 = PERSON_AND_ORGANIZATION ( #18446744073709551615, #2903 ) ;
#2128 = EDGE_CURVE ( 'NONE', #1673, #1286, #3133, .T. ) ;
#2129 = ORIENTED_EDGE ( 'NONE', *, *, #246, .T. ) ;
#2130 = DIRECTION ( 'NONE',  ( 0.8090169943749504489, -0.000000000000000000, 0.5877852522924689183 ) ) ;
#2131 = CYLINDRICAL_SURFACE ( 'NONE', #1562, 32.50000000000000000 ) ;
#2132 = DIRECTION ( 'NONE',  ( -0.000000000000000000, -1.000000000000000000, 0.000000000000000000 ) ) ;
#2133 = DIRECTION ( 'NONE',  ( 0.000000000000000000, 0.000000000000000000, 1.000000000000000000 ) ) ;
#2134 = DIRECTION ( 'NONE',  ( -0.000000000000000000, -1.000000000000000000, 0.000000000000000000 ) ) ;
#2135 = LINE ( 'NONE', #1068, #282 ) ;
#2136 = VERTEX_POINT ( 'NONE', #528 ) ;
#2137 = ORIENTED_EDGE ( 'NONE', *, *, #3370, .F. ) ;
#2138 = ORIENTED_EDGE ( 'NONE', *, *, #2263, .T. ) ;
#2139 = DIRECTION ( 'NONE',  ( -0.5562386247835870989, 0.000000000000000000, -0.8310226184038939090 ) ) ;
#2140 = PLANE ( 'NONE',  #121 ) ;
#2141 = ORIENTED_EDGE ( 'NONE', *, *, #163, .F. ) ;
#2142 = ORIENTED_EDGE ( 'NONE', *, *, #3711, .T. ) ;
#2143 = PLANE ( 'NONE',  #3310 ) ;
#2144 = DIRECTION ( 'NONE',  ( -0.000000000000000000, -1.000000000000000000, 0.000000000000000000 ) ) ;
#2145 = EDGE_CURVE ( 'NONE', #1579, #3875, #2831, .T. ) ;
#2146 = LINE ( 'NONE', #578, #53 ) ;
#2147 = DIRECTION ( 'NONE',  ( 0.1045284632676570791, -0.000000000000000000, 0.9945218953682730678 ) ) ;
#2148 = CIRCLE ( 'NONE', #175, 32.50000000000000000 ) ;
#2149 = LINE ( 'NONE', #3723, #4219 ) ;
#2150 = ADVANCED_FACE ( 'NONE', ( #1788 ), #1830, .T. ) ;
#2151 = ADVANCED_FACE ( 'NONE', ( #2785 ), #1855, .T. ) ;
#2152 = FACE_OUTER_BOUND ( 'NONE', #3901, .T. ) ;
#2153 = CARTESIAN_POINT ( 'NONE',  ( -9.186318383134699062, 50.00000000000000000, 8.478516711792735805 ) ) ;
#2154 = DIRECTION ( 'NONE',  ( 0.000000000000000000, -1.000000000000000000, 0.000000000000000000 ) ) ;
#2155 = CARTESIAN_POINT ( 'NONE',  ( 0.1742157254725244520, 50.00000000000000000, 0.2766078056275554364 ) ) ;
#2156 = EDGE_LOOP ( 'NONE', ( #159, #3234, #1082, #2950 ) ) ;
#2157 = ORIENTED_EDGE ( 'NONE', *, *, #1533, .T. ) ;
#2158 = ORIENTED_EDGE ( 'NONE', *, *, #69, .F. ) ;
#2159 = CARTESIAN_POINT ( 'NONE',  ( -27.67291469268442228, 180.7926290564130340, -17.04288098918169680 ) ) ;
#2160 = DIRECTION ( 'NONE',  ( 0.000000000000000000, -1.000000000000000000, 0.000000000000000000 ) ) ;
#2161 = CC_DESIGN_APPROVAL ( #3219, ( #398 ) ) ;
#2162 = VECTOR ( 'NONE', #1283, 1000.000000000000000 ) ;
#2163 = ORIENTED_EDGE ( 'NONE', *, *, #3993, .F. ) ;
#2164 = ORIENTED_EDGE ( 'NONE', *, *, #1687, .T. ) ;
#2165 = DIRECTION ( 'NONE',  ( -0.000000000000000000, -1.000000000000000000, 0.000000000000000000 ) ) ;
#2166 = VECTOR ( 'NONE', #362, 1000.000000000000000 ) ;
#2167 = CARTESIAN_POINT ( 'NONE',  ( -11.84064285698810970, 180.7926290564130340, -4.009098128223316237 ) ) ;
#2168 = VECTOR ( 'NONE', #4185, 1000.000000000000000 ) ;
#2169 = VERTEX_POINT ( 'NONE', #2504 ) ;
#2170 = ADVANCED_FACE ( 'NONE', ( #1531 ), #3762, .T. ) ;
#2171 = FACE_OUTER_BOUND ( 'NONE', #2471, .T. ) ;
#2172 = CARTESIAN_POINT ( 'NONE',  ( 19.84212555086035579, 180.7926290564130340, 25.73985341108014779 ) ) ;
#2173 = CARTESIAN_POINT ( 'NONE',  ( -10.74835803121556665, 180.7926290564130340, -6.383297791993653547 ) ) ;
#2174 = CIRCLE ( 'NONE', #340, 2.500000000000000000 ) ;
#2175 = EDGE_CURVE ( 'NONE', #2442, #3930, #251, .T. ) ;
#2176 = AXIS2_PLACEMENT_3D ( 'NONE', #3480, #1240, #4094 ) ;
#2177 = DIRECTION ( 'NONE',  ( 0.000000000000000000, -1.000000000000000000, -0.000000000000000000 ) ) ;
#2178 = CYLINDRICAL_SURFACE ( 'NONE', #1838, 32.50000000000000000 ) ;
#2179 = EDGE_CURVE ( 'NONE', #862, #3934, #3446, .T. ) ;
#2180 = LINE ( 'NONE', #606, #3054 ) ;
#2181 = FACE_OUTER_BOUND ( 'NONE', #4014, .T. ) ;
#2182 = VECTOR ( 'NONE', #1937, 1000.000000000000000 ) ;
#2183 = EDGE_LOOP ( 'NONE', ( #906, #796, #1869, #2801 ) ) ;
#2184 = VERTEX_POINT ( 'NONE', #1205 ) ;
#2185 = ORIENTED_EDGE ( 'NONE', *, *, #3395, .F. ) ;
#2186 = AXIS2_PLACEMENT_3D ( 'NONE', #1512, #866, #2417 ) ;
#2187 = DIRECTION ( 'NONE',  ( -0.8310226184038977948, -0.000000000000000000, 0.5562386247835812147 ) ) ;
#2188 = DIRECTION ( 'NONE',  ( -0.1701419189067505389, 0.000000000000000000, -0.9854195692347136326 ) ) ;
#2189 = ORIENTED_EDGE ( 'NONE', *, *, #1271, .T. ) ;
#2190 = ORIENTED_EDGE ( 'NONE', *, *, #1845, .T. ) ;
#2191 = EDGE_LOOP ( 'NONE', ( #2415, #1740, #3621, #2954 ) ) ;
#2192 = CARTESIAN_POINT ( 'NONE',  ( -11.93577005039072780, 180.7926290564130340, 3.716326731150388252 ) ) ;
#2193 = DIRECTION ( 'NONE',  ( -0.000000000000000000, -1.000000000000000000, 0.000000000000000000 ) ) ;
#2194 = ORIENTED_EDGE ( 'NONE', *, *, #1103, .T. ) ;
#2195 = EDGE_LOOP ( 'NONE', ( #2652, #476, #2399, #313 ) ) ;
#2196 = PLANE ( 'NONE',  #3457 ) ;
#2197 = CARTESIAN_POINT ( 'NONE',  ( 32.21242971911313191, 0.000000000000000000, -4.313858086585353746 ) ) ;
#2198 = CARTESIAN_POINT ( 'NONE',  ( 10.90227706339534386, 180.7926290564130340, -6.116702208006449482 ) ) ;
#2199 = CARTESIAN_POINT ( 'NONE',  ( 18.34850131535250028, 0.000000000000000000, -26.82503493903610803 ) ) ;
#2200 = DIRECTION ( 'NONE',  ( 0.6691306063588519093, 0.000000000000000000, -0.7431448254774000173 ) ) ;
#2201 = LINE ( 'NONE', #3502, #2707 ) ;
#2202 = PLANE ( 'NONE',  #1778 ) ;
#2203 = EDGE_CURVE ( 'NONE', #2442, #1883, #3808, .T. ) ;
#2204 = EDGE_CURVE ( 'NONE', #2184, #1162, #4059, .T. ) ;
#2205 = EDGE_LOOP ( 'NONE', ( #1272, #2606, #3036, #134 ) ) ;
#2206 = ORIENTED_EDGE ( 'NONE', *, *, #302, .T. ) ;
#2207 = CARTESIAN_POINT ( 'NONE',  ( -12.44761261200482849, 50.00000000000000000, -1.153529943228850829 ) ) ;
#2208 = ADVANCED_FACE ( 'NONE', ( #2440 ), #3744, .T. ) ;
#2209 = CARTESIAN_POINT ( 'NONE',  ( 0.2092340361418253414, 50.00000000000000000, 0.2511655136674071365 ) ) ;
#2210 = ADVANCED_FACE ( 'NONE', ( #3296 ), #28, .T. ) ;
#2211 = EDGE_LOOP ( 'NONE', ( #2272, #2591, #1017, #3956 ) ) ;
#2212 = ADVANCED_FACE ( 'NONE', ( #3336 ), #2605, .T. ) ;
#2213 = ORIENTED_EDGE ( 'NONE', *, *, #956, .F. ) ;
#2214 = VERTEX_POINT ( 'NONE', #2015 ) ;
#2215 = CARTESIAN_POINT ( 'NONE',  ( 5.851465369695609375, 0.000000000000000000, 31.96889665013876680 ) ) ;
#2216 = LINE ( 'NONE', #2851, #3952 ) ;
#2217 = VECTOR ( 'NONE', #3057, 1000.000000000000000 ) ;
#2218 = ORIENTED_EDGE ( 'NONE', *, *, #167, .F. ) ;
#2219 = CARTESIAN_POINT ( 'NONE',  ( 2.749451667255840448, 180.7926290564130340, -12.19484344294305700 ) ) ;
#2220 = DIRECTION ( 'NONE',  ( 0.3713041585673621525, 0.000000000000000000, -0.9285112933242024580 ) ) ;
#2221 = CARTESIAN_POINT ( 'NONE',  ( 10.74835803121547073, 0.000000000000000000, -6.383297791993812531 ) ) ;
#2222 = VECTOR ( 'NONE', #1923, 1000.000000000000114 ) ;
#2223 = DIRECTION ( 'NONE',  ( 0.000000000000000000, 0.000000000000000000, 1.000000000000000000 ) ) ;
#2224 = LINE ( 'NONE', #854, #2313 ) ;
#2225 = CARTESIAN_POINT ( 'NONE',  ( 5.851465369694941465, 180.7926290564130340, -31.96889665013887694 ) ) ;
#2226 = FACE_OUTER_BOUND ( 'NONE', #4119, .T. ) ;
#2227 = VERTEX_POINT ( 'NONE', #3514 ) ;
#2228 = EDGE_CURVE ( 'NONE', #1798, #1864, #697, .T. ) ;
#2229 = FACE_OUTER_BOUND ( 'NONE', #1196, .T. ) ;
#2230 = CARTESIAN_POINT ( 'NONE',  ( 7.471838766447048030, 180.7926290564130340, -10.02224109252447803 ) ) ;
#2231 = VERTEX_POINT ( 'NONE', #3633 ) ;
#2232 = VERTEX_POINT ( 'NONE', #1233 ) ;
#2233 = EDGE_LOOP ( 'NONE', ( #1174, #1804, #1099, #990 ) ) ;
#2234 = PLANE ( 'NONE',  #1184 ) ;
#2235 = EDGE_CURVE ( 'NONE', #2458, #2916, #2953, .T. ) ;
#2236 = VECTOR ( 'NONE', #3202, 1000.000000000000114 ) ;
#2237 = ORIENTED_EDGE ( 'NONE', *, *, #3110, .F. ) ;
#2238 = AXIS2_PLACEMENT_3D ( 'NONE', #2558, #3503, #1565 ) ;
#2239 = CARTESIAN_POINT ( 'NONE',  ( -4.943596005754852030, 50.00000000000000000, -11.48192273098682215 ) ) ;
#2240 = CARTESIAN_POINT ( 'NONE',  ( 24.76014394513195782, 0.000000000000000000, 21.05196598459026802 ) ) ;
#2241 = CARTESIAN_POINT ( 'NONE',  ( -10.90227706339539004, 180.7926290564130340, 6.116702208006373986 ) ) ;
#2242 = LINE ( 'NONE', #1649, #3103 ) ;
#2243 = VECTOR ( 'NONE', #1652, 1000.000000000000000 ) ;
#2244 = CARTESIAN_POINT ( 'NONE',  ( -7.222792540864598543, 0.000000000000000000, 10.20318376684934236 ) ) ;
#2245 = LINE ( 'NONE', #629, #269 ) ;
#2246 = DIRECTION ( 'NONE',  ( -0.3713041585673813039, 0.000000000000000000, -0.9285112933241947974 ) ) ;
#2247 = AXIS2_PLACEMENT_3D ( 'NONE', #7, #1968, #3272 ) ;
#2248 = EDGE_LOOP ( 'NONE', ( #519, #2463, #156, #2281, #3694, #1224, #438, #2778, #1972, #513, #3827, #3654, #3061, #3355, #1012, #1071, #2069, #2339, #2158, #1682, #721, #1736, #2976, #2060, #3637, #1846, #1316, #1248, #1997, #1528, #3602, #2017, #1380, #3754, #1004, #3258, #614, #1201, #2084, #3998, #1536, #2645, #1052, #1887, #2759, #1309, #1138, #3957, #664, #3284, #3646, #1744, #658, #3886, #498, #568, #3895, #2989, #2473, #610, #634, #2137, #2293, #2735, #1197, #75, #2003, #3784, #574, #276, #423, #180, #1252, #2609, #951, #3028, #1431, #1844, #819, #499, #503, #2427, #353, #4073, #868, #434, #2494, #1617, #13, #1702, #3714, #2868, #1853, #396, #1678, #2708, #655, #67, #3265, #470, #4175, #1072, #1051, #2408, #1553, #1406, #3493, #3154, #358, #3239, #2074, #375, #1479, #3271, #3485, #3554, #930, #3088, #21, #30 ) ) ;
#2249 = CARTESIAN_POINT ( 'NONE',  ( 3.061616997868383141E-16, 0.000000000000000000, -2.500000000000000000 ) ) ;
#2250 = DIRECTION ( 'NONE',  ( 0.000000000000000000, -1.000000000000000000, 0.000000000000000000 ) ) ;
#2251 = VECTOR ( 'NONE', #1045, 1000.000000000000000 ) ;
#2252 = ORIENTED_EDGE ( 'NONE', *, *, #426, .T. ) ;
#2253 = AXIS2_PLACEMENT_3D ( 'NONE', #210, #2104, #3083 ) ;
#2254 = EDGE_LOOP ( 'NONE', ( #833, #3078, #2563, #827 ) ) ;
#2255 = ORIENTED_EDGE ( 'NONE', *, *, #2712, .T. ) ;
#2256 = CARTESIAN_POINT ( 'NONE',  ( 7.657342097276055526, 180.7926290564130340, -31.58504570212435780 ) ) ;
#2257 = EDGE_CURVE ( 'NONE', #207, #2314, #1576, .T. ) ;
#2258 = ORIENTED_EDGE ( 'NONE', *, *, #1080, .T. ) ;
#2259 = EDGE_CURVE ( 'NONE', #3396, #2101, #1251, .T. ) ;
#2260 = DIRECTION ( 'NONE',  ( 0.000000000000000000, -1.000000000000000000, 0.000000000000000000 ) ) ;
#2261 = LINE ( 'NONE', #641, #2182 ) ;
#2262 = CARTESIAN_POINT ( 'NONE',  ( -31.18212300637036094, 180.7926290564130340, -9.161070069352597045 ) ) ;
#2263 = EDGE_CURVE ( 'NONE', #3910, #1509, #3927, .T. ) ;
#2264 = CARTESIAN_POINT ( 'NONE',  ( -4.943596005754764988, 50.00000000000000000, 11.48192273098685590 ) ) ;
#2265 = DIRECTION ( 'NONE',  ( -0.03845633904162091415, 0.000000000000000000, 0.9992602814019557744 ) ) ;
#2266 = CARTESIAN_POINT ( 'NONE',  ( 0.000000000000000000, 0.000000000000000000, 0.000000000000000000 ) ) ;
#2267 = FACE_OUTER_BOUND ( 'NONE', #3375, .T. ) ;
#2268 = ORIENTED_EDGE ( 'NONE', *, *, #793, .T. ) ;
#2269 = LINE ( 'NONE', #1929, #3203 ) ;
#2270 = LINE ( 'NONE', #2891, #1831 ) ;
#2271 = VERTEX_POINT ( 'NONE', #1970 ) ;
#2272 = ORIENTED_EDGE ( 'NONE', *, *, #9, .F. ) ;
#2273 = CYLINDRICAL_SURFACE ( 'NONE', #2746, 32.50000000000000000 ) ;
#2274 = ORIENTED_EDGE ( 'NONE', *, *, #3220, .T. ) ;
#2275 = EDGE_CURVE ( 'NONE', #109, #1120, #2216, .T. ) ;
#2276 = CARTESIAN_POINT ( 'NONE',  ( 0.08898658541610167394, 0.000000000000000000, 0.3145542636048563323 ) ) ;
#2277 = CARTESIAN_POINT ( 'NONE',  ( 32.40541237228661231, 180.7926290564130340, -2.477750790950143944 ) ) ;
#2278 = DIRECTION ( 'NONE',  ( 0.000000000000000000, 0.000000000000000000, 1.000000000000000000 ) ) ;
#2279 = VECTOR ( 'NONE', #2165, 1000.000000000000000 ) ;
#2280 = LINE ( 'NONE', #2945, #3578 ) ;
#2281 = ORIENTED_EDGE ( 'NONE', *, *, #1819, .F. ) ;
#2282 = DIRECTION ( 'NONE',  ( 0.9897664470031871664, 0.000000000000000000, 0.1426968128119441015 ) ) ;
#2283 = VECTOR ( 'NONE', #1159, 1000.000000000000114 ) ;
#2284 = CARTESIAN_POINT ( 'NONE',  ( -10.82531754730545615, 50.00000000000000000, 6.250000000000050626 ) ) ;
#2285 = DIRECTION ( 'NONE',  ( 0.000000000000000000, 0.000000000000000000, 1.000000000000000000 ) ) ;
#2286 = EDGE_CURVE ( 'NONE', #453, #1864, #273, .T. ) ;
#2287 = EDGE_CURVE ( 'NONE', #887, #2431, #2520, .T. ) ;
#2288 = ORIENTED_EDGE ( 'NONE', *, *, #3562, .T. ) ;
#2289 = LINE ( 'NONE', #26, #2711 ) ;
#2290 = DIRECTION ( 'NONE',  ( 0.000000000000000000, -1.000000000000000000, -0.000000000000000000 ) ) ;
#2291 = CARTESIAN_POINT ( 'NONE',  ( -0.02164250622223482662, 50.00000000000000000, -0.3261818496796401456 ) ) ;
#2292 = ORIENTED_EDGE ( 'NONE', *, *, #3199, .T. ) ;
#2293 = ORIENTED_EDGE ( 'NONE', *, *, #3928, .F. ) ;
#2294 = LINE ( 'NONE', #3638, #4040 ) ;
#2295 = ORIENTED_EDGE ( 'NONE', *, *, #1658, .T. ) ;
#2296 = LINE ( 'NONE', #3597, #2166 ) ;
#2297 = CARTESIAN_POINT ( 'NONE',  ( 2.749451667255840448, 180.7926290564130340, -12.19484344294305700 ) ) ;
#2298 = DIRECTION ( 'NONE',  ( -0.9622366644075616149, 0.000000000000000000, 0.2722142569187172567 ) ) ;
#2299 = AXIS2_PLACEMENT_3D ( 'NONE', #3687, #3702, #2086 ) ;
#2300 = AXIS2_PLACEMENT_3D ( 'NONE', #370, #1963, #1672 ) ;
#2301 = CARTESIAN_POINT ( 'NONE',  ( 11.88820645368945961, 50.00000000000000000, 3.862712429686729454 ) ) ;
#2302 = ORIENTED_EDGE ( 'NONE', *, *, #2640, .T. ) ;
#2303 = FACE_OUTER_BOUND ( 'NONE', #2810, .T. ) ;
#2304 = CARTESIAN_POINT ( 'NONE',  ( 0.2933030211870824022, 50.00000000000000000, -0.1443479646498060098 ) ) ;
#2305 = CARTESIAN_POINT ( 'NONE',  ( 0.9231105439641030808, 50.00000000000000000, 32.48688761521519552 ) ) ;
#2306 = VECTOR ( 'NONE', #2188, 1000.000000000000227 ) ;
#2307 = VECTOR ( 'NONE', #3794, 1000.000000000000000 ) ;
#2308 = ORIENTED_EDGE ( 'NONE', *, *, #2982, .T. ) ;
#2309 = ADVANCED_FACE ( 'NONE', ( #1676 ), #674, .T. ) ;
#2310 = CARTESIAN_POINT ( 'NONE',  ( 7.347315653655996925, 0.000000000000000000, 10.11271242968678230 ) ) ;
#2311 = CARTESIAN_POINT ( 'NONE',  ( 0.3035294714114928349, 50.00000000000000000, 0.1213789813792702926 ) ) ;
#2312 = CARTESIAN_POINT ( 'NONE',  ( -32.21242971911314612, 180.7926290564130340, 4.313858086585142360 ) ) ;
#2313 = VECTOR ( 'NONE', #540, 1000.000000000000000 ) ;
#2314 = VERTEX_POINT ( 'NONE', #2669 ) ;
#2315 = EDGE_CURVE ( 'NONE', #1654, #2662, #1009, .T. ) ;
#2316 = VERTEX_POINT ( 'NONE', #2650 ) ;
#2317 = ORIENTED_EDGE ( 'NONE', *, *, #2562, .F. ) ;
#2318 = VECTOR ( 'NONE', #2486, 1000.000000000000114 ) ;
#2319 = CARTESIAN_POINT ( 'NONE',  ( 4.943596005754690381, 0.000000000000000000, -11.48192273098689320 ) ) ;
#2320 = AXIS2_PLACEMENT_3D ( 'NONE', #1384, #2381, #1078 ) ;
#2321 = ORIENTED_EDGE ( 'NONE', *, *, #3693, .F. ) ;
#2322 = CIRCLE ( 'NONE', #140, 32.50000000000000000 ) ;
#2323 = CARTESIAN_POINT ( 'NONE',  ( 28.59602523664860740, 180.7926290564130340, 15.44400662603314522 ) ) ;
#2324 = CARTESIAN_POINT ( 'NONE',  ( 2.448340603187820985, 180.7926290564130340, -12.25884657540215272 ) ) ;
#2325 = CARTESIAN_POINT ( 'NONE',  ( -0.08898658541610388051, 0.000000000000000000, -0.3145542636048566099 ) ) ;
#2326 = DIRECTION ( 'NONE',  ( 0.000000000000000000, 0.000000000000000000, 1.000000000000000000 ) ) ;
#2327 = EDGE_LOOP ( 'NONE', ( #3301, #747, #1409, #2763 ) ) ;
#2328 = LINE ( 'NONE', #1281, #3809 ) ;
#2329 = DIRECTION ( 'NONE',  ( 0.000000000000000000, 0.000000000000000000, 1.000000000000000000 ) ) ;
#2330 = DIRECTION ( 'NONE',  ( 0.8090169943749504489, 0.000000000000000000, 0.5877852522924689183 ) ) ;
#2331 = VERTEX_POINT ( 'NONE', #3972 ) ;
#2332 = DIRECTION ( 'NONE',  ( 0.000000000000000000, -1.000000000000000000, 0.000000000000000000 ) ) ;
#2333 = EDGE_CURVE ( 'NONE', #3619, #81, #1050, .T. ) ;
#2334 = PLANE ( 'NONE',  #1354 ) ;
#2335 = DIRECTION ( 'NONE',  ( 0.000000000000000000, 0.000000000000000000, 1.000000000000000000 ) ) ;
#2336 = ORIENTED_EDGE ( 'NONE', *, *, #1814, .F. ) ;
#2337 = EDGE_CURVE ( 'NONE', #1360, #85, #686, .T. ) ;
#2338 = ORIENTED_EDGE ( 'NONE', *, *, #1451, .T. ) ;
#2339 = ORIENTED_EDGE ( 'NONE', *, *, #110, .F. ) ;
#2340 = DIRECTION ( 'NONE',  ( 0.000000000000000000, -1.000000000000000000, 0.000000000000000000 ) ) ;
#2341 = ADVANCED_FACE ( 'NONE', ( #3653 ), #2037, .T. ) ;
#2342 = ADVANCED_FACE ( 'NONE', ( #2877 ), #3908, .T. ) ;
#2343 = ORIENTED_EDGE ( 'NONE', *, *, #253, .T. ) ;
#2344 = DIRECTION ( 'NONE',  ( 1.000000000000000000, 0.000000000000000000, -0.000000000000000000 ) ) ;
#2345 = DIRECTION ( 'NONE',  ( 0.000000000000000000, 0.000000000000000000, -1.000000000000000000 ) ) ;
#2346 = DIRECTION ( 'NONE',  ( 0.1045284632676436315, 0.000000000000000000, -0.9945218953682742891 ) ) ;
#2347 = CARTESIAN_POINT ( 'NONE',  ( 3.061616997868383141E-16, 50.00000599999999906, -2.500000000000000000 ) ) ;
#2348 = VERTEX_POINT ( 'NONE', #107 ) ;
#2349 = CARTESIAN_POINT ( 'NONE',  ( 30.61160931482724123, 50.00000000000000000, 10.91693066554801561 ) ) ;
#2350 = DIRECTION ( 'NONE',  ( -0.000000000000000000, -1.000000000000000000, -0.000000000000000000 ) ) ;
#2351 = VECTOR ( 'NONE', #778, 1000.000000000000000 ) ;
#2352 = ORIENTED_EDGE ( 'NONE', *, *, #1127, .F. ) ;
#2353 = CARTESIAN_POINT ( 'NONE',  ( 23.52478090909359310, 0.000000000000000000, -22.42397563277185313 ) ) ;
#2354 = LINE ( 'NONE', #3652, #3049 ) ;
#2355 = DIRECTION ( 'NONE',  ( 0.000000000000000000, 1.000000000000000000, 0.000000000000000000 ) ) ;
#2356 = AXIS2_PLACEMENT_3D ( 'NONE', #1170, #1879, #581 ) ;
#2357 = EDGE_CURVE ( 'NONE', #864, #2827, #2446, .T. ) ;
#2358 = ORIENTED_EDGE ( 'NONE', *, *, #2848, .F. ) ;
#2359 = EDGE_LOOP ( 'NONE', ( #3069, #2794, #1323, #2721 ) ) ;
#2360 = VECTOR ( 'NONE', #3326, 1000.000000000000000 ) ;
#2361 = LINE ( 'NONE', #2673, #3573 ) ;
#2362 = ORIENTED_EDGE ( 'NONE', *, *, #37, .F. ) ;
#2363 = ADVANCED_FACE ( 'NONE', ( #1394 ), #1412, .T. ) ;
#2364 = DIRECTION ( 'NONE',  ( 0.9135454576426033091, 0.000000000000000000, 0.4067366430757947682 ) ) ;
#2365 = EDGE_LOOP ( 'NONE', ( #730, #1908, #1057, #2108 ) ) ;
#2366 = DIRECTION ( 'NONE',  ( -0.000000000000000000, -1.000000000000000000, 0.000000000000000000 ) ) ;
#2367 = CARTESIAN_POINT ( 'NONE',  ( -28.59602523664839424, 180.7926290564130340, 15.44400662603356800 ) ) ;
#2368 = AXIS2_PLACEMENT_3D ( 'NONE', #1042, #3643, #684 ) ;
#2369 = ORIENTED_EDGE ( 'NONE', *, *, #281, .F. ) ;
#2370 = VECTOR ( 'NONE', #16, 1000.000000000000000 ) ;
#2371 = CARTESIAN_POINT ( 'NONE',  ( -0.3169052758585614860, 0.000000000000000000, 0.08021248823605393874 ) ) ;
#2372 = CARTESIAN_POINT ( 'NONE',  ( 7.222792540864742428, 0.000000000000000000, 10.20318376684923756 ) ) ;
#2373 = DIRECTION ( 'NONE',  ( -0.6400570086392383118, 0.000000000000000000, -0.7683274208902022284 ) ) ;
#2374 = VECTOR ( 'NONE', #1129, 999.9999999999998863 ) ;
#2375 = ORIENTED_EDGE ( 'NONE', *, *, #3030, .F. ) ;
#2376 = ORIENTED_EDGE ( 'NONE', *, *, #3515, .F. ) ;
#2377 = PLANE ( 'NONE',  #2413 ) ;
#2378 = VECTOR ( 'NONE', #2067, 1000.000000000000114 ) ;
#2379 = VECTOR ( 'NONE', #3818, 1000.000000000000000 ) ;
#2380 = VERTEX_POINT ( 'NONE', #792 ) ;
#2381 = DIRECTION ( 'NONE',  ( -0.7431448254773909134, 0.000000000000000000, 0.6691306063588620123 ) ) ;
#2382 = EDGE_CURVE ( 'NONE', #1673, #1689, #2322, .T. ) ;
#2383 = VECTOR ( 'NONE', #2110, 1000.000000000000000 ) ;
#2384 = EDGE_CURVE ( 'NONE', #1599, #221, #2684, .T. ) ;
#2385 = VECTOR ( 'NONE', #1404, 1000.000000000000000 ) ;
#2386 = ORIENTED_EDGE ( 'NONE', *, *, #1315, .T. ) ;
#2387 = CARTESIAN_POINT ( 'NONE',  ( -7.657342097276262471, 180.7926290564130340, 31.58504570212430096 ) ) ;
#2388 = DIRECTION ( 'NONE',  ( 0.000000000000000000, -1.000000000000000000, 0.000000000000000000 ) ) ;
#2389 = ADVANCED_FACE ( 'NONE', ( #2748 ), #3752, .T. ) ;
#2390 = ORIENTED_EDGE ( 'NONE', *, *, #1127, .T. ) ;
#2391 = DIRECTION ( 'NONE',  ( 0.9945218953682722907, 0.000000000000000000, -0.1045284632676635878 ) ) ;
#2392 = CARTESIAN_POINT ( 'NONE',  ( -27.67291469268429793, 50.00000000000000000, 17.04288098918191352 ) ) ;
#2393 = LINE ( 'NONE', #496, #3409 ) ;
#2394 = EDGE_LOOP ( 'NONE', ( #1457, #270, #3675, #2055 ) ) ;
#2395 = VERTEX_POINT ( 'NONE', #1734 ) ;
#2396 = CARTESIAN_POINT ( 'NONE',  ( -10.82531754730549878, 0.000000000000000000, -6.249999999999975131 ) ) ;
#2397 = VERTEX_POINT ( 'NONE', #2073 ) ;
#2398 = DIRECTION ( 'NONE',  ( -0.000000000000000000, -1.000000000000000000, -0.000000000000000000 ) ) ;
#2399 = ORIENTED_EDGE ( 'NONE', *, *, #360, .T. ) ;
#2400 = DIRECTION ( 'NONE',  ( 0.000000000000000000, 1.000000000000000000, 0.000000000000000000 ) ) ;
#2401 = DIRECTION ( 'NONE',  ( -0.000000000000000000, -1.000000000000000000, -0.000000000000000000 ) ) ;
#2402 = DIRECTION ( 'NONE',  ( 0.000000000000000000, -1.000000000000000000, -0.000000000000000000 ) ) ;
#2403 = CARTESIAN_POINT ( 'NONE',  ( -27.67291469268429083, 180.7926290564130340, 17.04288098918190997 ) ) ;
#2404 = EDGE_CURVE ( 'NONE', #883, #2821, #2135, .T. ) ;
#2405 = CARTESIAN_POINT ( 'NONE',  ( 0.000000000000000000, 50.00000000000000000, 0.000000000000000000 ) ) ;
#2406 = DIRECTION ( 'NONE',  ( 0.000000000000000000, 1.000000000000000000, 0.000000000000000000 ) ) ;
#2407 = VERTEX_POINT ( 'NONE', #2729 ) ;
#2408 = ORIENTED_EDGE ( 'NONE', *, *, #3084, .F. ) ;
#2409 = ORIENTED_EDGE ( 'NONE', *, *, #1315, .F. ) ;
#2410 = DIRECTION ( 'NONE',  ( -0.8846129582076923681, 0.000000000000000000, -0.4663259741543841486 ) ) ;
#2411 = EDGE_CURVE ( 'NONE', #3033, #4057, #3731, .T. ) ;
#2412 = CARTESIAN_POINT ( 'NONE',  ( 0.3221327334614539351, 50.00000000000000000, -0.05561923380146917978 ) ) ;
#2413 = AXIS2_PLACEMENT_3D ( 'NONE', #1095, #136, #3357 ) ;
#2414 = EDGE_LOOP ( 'NONE', ( #2546, #4015, #3462, #348 ) ) ;
#2415 = ORIENTED_EDGE ( 'NONE', *, *, #2411, .F. ) ;
#2416 = CARTESIAN_POINT ( 'NONE',  ( 0.000000000000000000, 0.000000000000000000, 0.000000000000000000 ) ) ;
#2417 = DIRECTION ( 'NONE',  ( -0.8461566191660749858, 0.000000000000000000, -0.5329343072475610787 ) ) ;
#2418 = DATE_TIME_ROLE ( 'creation_date' ) ;
#2419 = ORIENTED_EDGE ( 'NONE', *, *, #763, .T. ) ;
#2420 = DIRECTION ( 'NONE',  ( -0.9135454576426004225, 0.000000000000000000, 0.4067366430758009854 ) ) ;
#2421 = DIRECTION ( 'NONE',  ( -0.9285112933241973510, -0.000000000000000000, 0.3713041585673752532 ) ) ;
#2422 = ORIENTED_EDGE ( 'NONE', *, *, #3199, .F. ) ;
#2423 = CARTESIAN_POINT ( 'NONE',  ( 11.84064285698813634, 0.000000000000000000, 4.009098128223234525 ) ) ;
#2424 = CARTESIAN_POINT ( 'NONE',  ( -7.222792540864598543, 180.7926290564130340, 10.20318376684934236 ) ) ;
#2425 = CARTESIAN_POINT ( 'NONE',  ( -2.448340603187992848, 180.7926290564130340, -12.25884657540212075 ) ) ;
#2426 = EDGE_CURVE ( 'NONE', #1120, #688, #2870, .T. ) ;
#2427 = ORIENTED_EDGE ( 'NONE', *, *, #4072, .F. ) ;
#2428 = CC_DESIGN_APPROVAL ( #1466, ( #1391 ) ) ;
#2429 = ADVANCED_FACE ( 'NONE', ( #4012 ), #416, .T. ) ;
#2430 = CIRCLE ( 'NONE', #804, 32.50000000000000000 ) ;
#2431 = VERTEX_POINT ( 'NONE', #4071 ) ;
#2432 = VERTEX_POINT ( 'NONE', #3674 ) ;
#2433 = LINE ( 'NONE', #3736, #3027 ) ;
#2434 = CARTESIAN_POINT ( 'NONE',  ( 2.500000000000000000, 50.00001200000001234, -0.3272492347489365239 ) ) ;
#2435 = VECTOR ( 'NONE', #3888, 999.9999999999998863 ) ;
#2436 = ORIENTED_EDGE ( 'NONE', *, *, #3084, .T. ) ;
#2437 = ORIENTED_EDGE ( 'NONE', *, *, #3636, .F. ) ;
#2438 = CIRCLE ( 'NONE', #613, 32.50000000000000000 ) ;
#2439 = CARTESIAN_POINT ( 'NONE',  ( 12.41543477220199598, 50.00000000000000000, -1.459681638462573927 ) ) ;
#2440 = FACE_OUTER_BOUND ( 'NONE', #2211, .T. ) ;
#2441 = VECTOR ( 'NONE', #2013, 1000.000000000000000 ) ;
#2442 = VERTEX_POINT ( 'NONE', #1720 ) ;
#2443 = AXIS2_PLACEMENT_3D ( 'NONE', #3025, #1368, #1728 ) ;
#2444 = CARTESIAN_POINT ( 'NONE',  ( -12.43152369210342378, 50.00000000000000000, -1.306605790845630111 ) ) ;
#2445 = CARTESIAN_POINT ( 'NONE',  ( -2.448340603187901365, 0.000000000000000000, 12.25884657540213674 ) ) ;
#2446 = CIRCLE ( 'NONE', #3617, 32.50000000000000000 ) ;
#2447 = DIRECTION ( 'NONE',  ( -0.000000000000000000, -1.000000000000000000, -0.000000000000000000 ) ) ;
#2448 = CARTESIAN_POINT ( 'NONE',  ( 11.84064285698813634, 180.7926290564130340, 4.009098128223234525 ) ) ;
#2449 = DIRECTION ( 'NONE',  ( -0.9384693397969516848, 0.000000000000000000, 0.3453625605954904754 ) ) ;
#2450 = LINE ( 'NONE', #1107, #1234 ) ;
#2451 = ORIENTED_EDGE ( 'NONE', *, *, #386, .F. ) ;
#2452 = EDGE_CURVE ( 'NONE', #3001, #1950, #2393, .T. ) ;
#2453 = ORIENTED_EDGE ( 'NONE', *, *, #3530, .T. ) ;
#2454 = EDGE_CURVE ( 'NONE', #3823, #1109, #773, .T. ) ;
#2455 = ORIENTED_EDGE ( 'NONE', *, *, #1414, .F. ) ;
#2456 = DIRECTION ( 'NONE',  ( 0.000000000000000000, -1.000000000000000000, 0.000000000000000000 ) ) ;
#2457 = CARTESIAN_POINT ( 'NONE',  ( 27.67291469268454662, 0.000000000000000000, 17.04288098918151206 ) ) ;
#2458 = VERTEX_POINT ( 'NONE', #815 ) ;
#2459 = CARTESIAN_POINT ( 'NONE',  ( -2.434931691670788378, 50.00001200000000523, -0.6543697108982020616 ) ) ;
#2460 = FACE_OUTER_BOUND ( 'NONE', #3129, .T. ) ;
#2461 = EDGE_CURVE ( 'NONE', #2395, #3024, #2523, .T. ) ;
#2462 = EDGE_CURVE ( 'NONE', #1163, #3695, #450, .T. ) ;
#2463 = ORIENTED_EDGE ( 'NONE', *, *, #139, .F. ) ;
#2464 = PLANE ( 'NONE',  #1829 ) ;
#2465 = DIRECTION ( 'NONE',  ( -0.2453738704398654991, 0.000000000000000000, 0.9694285242891093057 ) ) ;
#2466 = CARTESIAN_POINT ( 'NONE',  ( 19.84212555085981577, 180.7926290564130340, -25.73985341108057412 ) ) ;
#2467 = CARTESIAN_POINT ( 'NONE',  ( -12.41543477220201730, 0.000000000000000000, -1.459681638462400066 ) ) ;
#2468 = CARTESIAN_POINT ( 'NONE',  ( 9.186318383134819854, 180.7926290564130340, 8.478516711792604355 ) ) ;
#2469 = CARTESIAN_POINT ( 'NONE',  ( 5.224820071140023003, 180.7926290564130340, -11.35671371007826380 ) ) ;
#2470 = CARTESIAN_POINT ( 'NONE',  ( -10.90227706339539004, 180.7926290564130340, 6.116702208006373986 ) ) ;
#2471 = EDGE_LOOP ( 'NONE', ( #3000, #4150, #2190, #290 ) ) ;
#2472 = ORIENTED_EDGE ( 'NONE', *, *, #2518, .T. ) ;
#2473 = ORIENTED_EDGE ( 'NONE', *, *, #3664, .F. ) ;
#2474 = DIRECTION ( 'NONE',  ( -0.9694285242891041987, 0.000000000000000000, 0.2453738704398856774 ) ) ;
#2475 = FACE_OUTER_BOUND ( 'NONE', #1870, .T. ) ;
#2476 = EDGE_CURVE ( 'NONE', #2681, #2526, #2058, .T. ) ;
#2477 = ORIENTED_EDGE ( 'NONE', *, *, #489, .T. ) ;
#2478 = VERTEX_POINT ( 'NONE', #431 ) ;
#2479 = CARTESIAN_POINT ( 'NONE',  ( -0.3169052758585648721, 50.00000000000000000, -0.08021248823604776312 ) ) ;
#2480 = DIRECTION ( 'NONE',  ( 0.000000000000000000, 0.000000000000000000, -1.000000000000000000 ) ) ;
#2481 = EDGE_CURVE ( 'NONE', #1572, #794, #2450, .T. ) ;
#2482 = VECTOR ( 'NONE', #3704, 1000.000000000000000 ) ;
#2483 = VERTEX_POINT ( 'NONE', #1435 ) ;
#2484 = ADVANCED_FACE ( 'NONE', ( #2181 ), #2202, .T. ) ;
#2485 = LINE ( 'NONE', #2219, #3663 ) ;
#2486 = DIRECTION ( 'NONE',  ( -0.1045284632676503761, 0.000000000000000000, 0.9945218953682736229 ) ) ;
#2487 = APPLICATION_CONTEXT ( 'configuration controlled 3d designs of mechanical parts and assemblies' ) ;
#2488 = CARTESIAN_POINT ( 'NONE',  ( 0.000000000000000000, 0.000000000000000000, 0.000000000000000000 ) ) ;
#2489 = CARTESIAN_POINT ( 'NONE',  ( -27.67291469268429793, 0.000000000000000000, 17.04288098918191352 ) ) ;
#2490 = CARTESIAN_POINT ( 'NONE',  ( -12.41543477220201730, 180.7926290564130340, -1.459681638462400066 ) ) ;
#2491 = DIRECTION ( 'NONE',  ( 0.000000000000000000, -1.000000000000000000, -0.000000000000000000 ) ) ;
#2492 = CARTESIAN_POINT ( 'NONE',  ( 30.61160931482701741, 0.000000000000000000, -10.91693066554865332 ) ) ;
#2493 = EDGE_LOOP ( 'NONE', ( #3438, #1158, #4145, #893 ) ) ;
#2494 = ORIENTED_EDGE ( 'NONE', *, *, #2773, .F. ) ;
#2495 = ORIENTED_EDGE ( 'NONE', *, *, #1392, .T. ) ;
#2496 = DIRECTION ( 'NONE',  ( 0.000000000000000000, 1.000000000000000000, 0.000000000000000000 ) ) ;
#2497 = CARTESIAN_POINT ( 'NONE',  ( 18.34850131535306517, 180.7926290564130340, 26.82503493903572078 ) ) ;
#2498 = VECTOR ( 'NONE', #3857, 1000.000000000000000 ) ;
#2499 = VECTOR ( 'NONE', #4186, 1000.000000000000000 ) ;
#2500 = ORIENTED_EDGE ( 'NONE', *, *, #15, .T. ) ;
#2501 = ORIENTED_EDGE ( 'NONE', *, *, #2257, .T. ) ;
#2502 = CARTESIAN_POINT ( 'NONE',  ( -0.2716605149648506634, 0.000000000000000000, -0.1818338850298336640 ) ) ;
#2503 = VECTOR ( 'NONE', #71, 1000.000000000000227 ) ;
#2504 = CARTESIAN_POINT ( 'NONE',  ( -5.224820071140097610, 50.00000000000000000, 11.35671371007823005 ) ) ;
#2505 = VECTOR ( 'NONE', #1608, 1000.000000000000000 ) ;
#2506 = VERTEX_POINT ( 'NONE', #879 ) ;
#2507 = ADVANCED_FACE ( 'NONE', ( #2226 ), #3435, .T. ) ;
#2508 = CARTESIAN_POINT ( 'NONE',  ( -14.05691105693383847, 180.7926290564130340, -29.30278572998565778 ) ) ;
#2509 = LINE ( 'NONE', #1168, #411 ) ;
#2510 = LINE ( 'NONE', #625, #460 ) ;
#2511 = CIRCLE ( 'NONE', #3806, 32.50000000000000000 ) ;
#2512 = ADVANCED_FACE ( 'NONE', ( #3523 ), #239, .F. ) ;
#2513 = VECTOR ( 'NONE', #3943, 999.9999999999998863 ) ;
#2514 = CARTESIAN_POINT ( 'NONE',  ( 0.2716605149648548267, 0.000000000000000000, 0.1818338850298336917 ) ) ;
#2515 = LINE ( 'NONE', #1840, #2379 ) ;
#2516 = CARTESIAN_POINT ( 'NONE',  ( 0.000000000000000000, 0.000000000000000000, 0.000000000000000000 ) ) ;
#2517 = CARTESIAN_POINT ( 'NONE',  ( -23.52478090909374586, 180.7926290564130340, 22.42397563277168615 ) ) ;
#2518 = EDGE_CURVE ( 'NONE', #3609, #3854, #196, .T. ) ;
#2519 = ADVANCED_FACE ( 'NONE', ( #4166 ), #1520, .T. ) ;
#2520 = CIRCLE ( 'NONE', #1300, 32.50000000000000000 ) ;
#2521 = VERTEX_POINT ( 'NONE', #942 ) ;
#2522 = EDGE_LOOP ( 'NONE', ( #669, #1094, #2678, #3424 ) ) ;
#2523 = CIRCLE ( 'NONE', #692, 32.50000000000000000 ) ;
#2524 = DIRECTION ( 'NONE',  ( -0.8846129582076923681, 0.000000000000000000, -0.4663259741543841486 ) ) ;
#2525 = PLANE ( 'NONE',  #1901 ) ;
#2526 = VERTEX_POINT ( 'NONE', #2799 ) ;
#2527 = ORIENTED_EDGE ( 'NONE', *, *, #1637, .T. ) ;
#2528 = ORIENTED_EDGE ( 'NONE', *, *, #698, .T. ) ;
#2529 = FACE_OUTER_BOUND ( 'NONE', #3504, .T. ) ;
#2530 = DIRECTION ( 'NONE',  ( -0.1701419189067505389, 0.000000000000000000, -0.9854195692347136326 ) ) ;
#2531 = ORIENTED_EDGE ( 'NONE', *, *, #1035, .F. ) ;
#2532 = ORIENTED_EDGE ( 'NONE', *, *, #3928, .T. ) ;
#2533 = FACE_OUTER_BOUND ( 'NONE', #3018, .T. ) ;
#2534 = FACE_OUTER_BOUND ( 'NONE', #200, .T. ) ;
#2535 = CARTESIAN_POINT ( 'NONE',  ( 0.1128986973196282884, 0.000000000000000000, -0.3067847474688766285 ) ) ;
#2536 = CARTESIAN_POINT ( 'NONE',  ( 0.08898658541609977268, 50.00000000000000000, -0.3145542636048586638 ) ) ;
#2537 = CARTESIAN_POINT ( 'NONE',  ( -31.18212300637037160, 0.000000000000000000, -9.161070069352598821 ) ) ;
#2538 = CARTESIAN_POINT ( 'NONE',  ( 11.93577005039070471, 50.00000000000000000, -3.716326731150463747 ) ) ;
#2539 = DIRECTION ( 'NONE',  ( 0.000000000000000000, -1.000000000000000000, -0.000000000000000000 ) ) ;
#2540 = ORIENTED_EDGE ( 'NONE', *, *, #4108, .F. ) ;
#2541 = EDGE_CURVE ( 'NONE', #889, #2012, #3795, .T. ) ;
#2542 = DIRECTION ( 'NONE',  ( 0.000000000000000000, 1.000000000000000000, 0.000000000000000000 ) ) ;
#2543 = CARTESIAN_POINT ( 'NONE',  ( -12.41543477220200486, 0.000000000000000000, 1.459681638462492881 ) ) ;
#2544 = VERTEX_POINT ( 'NONE', #2839 ) ;
#2545 = VERTEX_POINT ( 'NONE', #3482 ) ;
#2546 = ORIENTED_EDGE ( 'NONE', *, *, #2263, .F. ) ;
#2547 = DIRECTION ( 'NONE',  ( -0.9135454576426059736, 0.000000000000000000, -0.4067366430757887730 ) ) ;
#2548 = VECTOR ( 'NONE', #4055, 1000.000000000000227 ) ;
#2549 = ORIENTED_EDGE ( 'NONE', *, *, #566, .T. ) ;
#2550 = DIRECTION ( 'NONE',  ( -0.9945218953682737340, 0.000000000000000000, -0.1045284632676503900 ) ) ;
#2551 = LINE ( 'NONE', #3856, #1086 ) ;
#2552 = LINE ( 'NONE', #2901, #2498 ) ;
#2553 = VECTOR ( 'NONE', #1452, 1000.000000000000000 ) ;
#2554 = CIRCLE ( 'NONE', #3987, 32.50000000000000000 ) ;
#2555 = CYLINDRICAL_SURFACE ( 'NONE', #2903, 32.50000000000000000 ) ;
#2556 = DIRECTION ( 'NONE',  ( 0.000000000000000000, 0.000000000000000000, 1.000000000000000000 ) ) ;
#2557 = FACE_OUTER_BOUND ( 'NONE', #2191, .T. ) ;
#2558 = CARTESIAN_POINT ( 'NONE',  ( 0.000000000000000000, 50.00000000000000000, 0.000000000000000000 ) ) ;
#2559 = ORIENTED_EDGE ( 'NONE', *, *, #701, .T. ) ;
#2560 = PLANE ( 'NONE',  #1494 ) ;
#2561 = DIRECTION ( 'NONE',  ( 0.7683274208902067803, 0.000000000000000000, -0.6400570086392328717 ) ) ;
#2562 = EDGE_CURVE ( 'NONE', #48, #693, #3838, .T. ) ;
#2563 = ORIENTED_EDGE ( 'NONE', *, *, #1108, .T. ) ;
#2564 = ORIENTED_EDGE ( 'NONE', *, *, #1501, .T. ) ;
#2565 = ORIENTED_EDGE ( 'NONE', *, *, #3825, .F. ) ;
#2566 = DIRECTION ( 'NONE',  ( -0.000000000000000000, -1.000000000000000000, 0.000000000000000000 ) ) ;
#2567 = VECTOR ( 'NONE', #35, 1000.000000000000000 ) ;
#2568 = EDGE_CURVE ( 'NONE', #4054, #969, #4141, .T. ) ;
#2569 = EDGE_LOOP ( 'NONE', ( #3532, #2062, #3123, #4100 ) ) ;
#2570 = AXIS2_PLACEMENT_3D ( 'NONE', #3921, #3548, #2907 ) ;
#2571 = CARTESIAN_POINT ( 'NONE',  ( 12.41543477220202618, 50.00000000000000000, 1.459681638462315911 ) ) ;
#2572 = DIRECTION ( 'NONE',  ( 0.3090169943749513926, 0.000000000000000000, 0.9510565162951523099 ) ) ;
#2573 = DIRECTION ( 'NONE',  ( 0.000000000000000000, 1.000000000000000000, 0.000000000000000000 ) ) ;
#2574 = VECTOR ( 'NONE', #2250, 1000.000000000000000 ) ;
#2575 = DIRECTION ( 'NONE',  ( 0.3713041585673751976, 0.000000000000000000, 0.9285112933241972399 ) ) ;
#2576 = AXIS2_PLACEMENT_3D ( 'NONE', #2405, #3707, #4030 ) ;
#2577 = DIRECTION ( 'NONE',  ( 0.000000000000000000, 1.000000000000000000, 0.000000000000000000 ) ) ;
#2578 = LINE ( 'NONE', #4204, #3536 ) ;
#2579 = DIRECTION ( 'NONE',  ( -0.7683274208902115543, 0.000000000000000000, -0.6400570086392272096 ) ) ;
#2580 = AXIS2_PLACEMENT_3D ( 'NONE', #2468, #4164, #2200 ) ;
#2581 = ORIENTED_EDGE ( 'NONE', *, *, #3607, .T. ) ;
#2582 = CARTESIAN_POINT ( 'NONE',  ( -23.52478090909375297, 0.000000000000000000, 22.42397563277168970 ) ) ;
#2583 = CARTESIAN_POINT ( 'NONE',  ( -10.74835803121551692, 50.00000000000000000, 6.383297791993737924 ) ) ;
#2584 = VECTOR ( 'NONE', #1324, 1000.000000000000000 ) ;
#2585 = ORIENTED_EDGE ( 'NONE', *, *, #3529, .F. ) ;
#2586 = EDGE_CURVE ( 'NONE', #3235, #567, #4117, .T. ) ;
#2587 = AXIS2_PLACEMENT_3D ( 'NONE', #1353, #3830, #987 ) ;
#2588 = ORIENTED_EDGE ( 'NONE', *, *, #3251, .T. ) ;
#2589 = ORIENTED_EDGE ( 'NONE', *, *, #2915, .F. ) ;
#2590 = DIRECTION ( 'NONE',  ( 0.9384693397969541273, 0.000000000000000000, 0.3453625605954834255 ) ) ;
#2591 = ORIENTED_EDGE ( 'NONE', *, *, #3063, .F. ) ;
#2592 = EDGE_CURVE ( 'NONE', #1950, #3040, #2845, .T. ) ;
#2593 = ADVANCED_FACE ( 'NONE', ( #3456 ), #902, .T. ) ;
#2594 = FACE_OUTER_BOUND ( 'NONE', #1618, .T. ) ;
#2595 = PLANE ( 'NONE',  #2935 ) ;
#2596 = CARTESIAN_POINT ( 'NONE',  ( 0.000000000000000000, 50.00000000000000000, 0.000000000000000000 ) ) ;
#2597 = DIRECTION ( 'NONE',  ( 0.000000000000000000, 1.000000000000000000, 0.000000000000000000 ) ) ;
#2598 = ORIENTED_EDGE ( 'NONE', *, *, #114, .T. ) ;
#2599 = CARTESIAN_POINT ( 'NONE',  ( -0.3266572492947958373, 0.000000000000000000, -0.01257134118416023717 ) ) ;
#2600 = DIRECTION ( 'NONE',  ( 0.000000000000000000, -1.000000000000000000, 0.000000000000000000 ) ) ;
#2601 = CARTESIAN_POINT ( 'NONE',  ( -7.471838766447118196, 180.7926290564130340, 10.02224109252442652 ) ) ;
#2602 = ORIENTED_EDGE ( 'NONE', *, *, #173, .T. ) ;
#2603 = DIRECTION ( 'NONE',  ( -0.000000000000000000, 1.000000000000000000, -0.000000000000000000 ) ) ;
#2604 = DIRECTION ( 'NONE',  ( -0.000000000000000000, -1.000000000000000000, -0.000000000000000000 ) ) ;
#2605 = PLANE ( 'NONE',  #3478 ) ;
#2606 = ORIENTED_EDGE ( 'NONE', *, *, #2021, .F. ) ;
#2607 = EDGE_LOOP ( 'NONE', ( #1305, #593 ) ) ;
#2608 = CARTESIAN_POINT ( 'NONE',  ( 0.000000000000000000, 50.00000000000000000, 0.000000000000000000 ) ) ;
#2609 = ORIENTED_EDGE ( 'NONE', *, *, #3509, .F. ) ;
#2610 = DIRECTION ( 'NONE',  ( -0.2453738704398790160, 0.000000000000000000, -0.9694285242891057530 ) ) ;
#2611 = DIRECTION ( 'NONE',  ( 0.2079116908177468803, 0.000000000000000000, -0.9781476007338083534 ) ) ;
#2612 = CARTESIAN_POINT ( 'NONE',  ( 0.000000000000000000, 50.00000000000000000, -12.50000000000000000 ) ) ;
#2613 = EDGE_CURVE ( 'NONE', #859, #465, #1695, .T. ) ;
#2614 = AXIS2_PLACEMENT_3D ( 'NONE', #1232, #3194, #1934 ) ;
#2615 = ADVANCED_FACE ( 'NONE', ( #3185 ), #2866, .T. ) ;
#2616 = DIRECTION ( 'NONE',  ( -0.000000000000000000, -1.000000000000000000, -0.000000000000000000 ) ) ;
#2617 = EDGE_LOOP ( 'NONE', ( #1568, #2142, #2095, #2540 ) ) ;
#2618 = CARTESIAN_POINT ( 'NONE',  ( -0.04664745434581508282, 0.000000000000000000, 0.3235537237292536172 ) ) ;
#2619 = DIRECTION ( 'NONE',  ( 0.000000000000000000, 1.000000000000000000, 0.000000000000000000 ) ) ;
#2620 = CARTESIAN_POINT ( 'NONE',  ( 0.2933030211870824022, 0.000000000000000000, -0.1443479646498060098 ) ) ;
#2621 = EDGE_CURVE ( 'NONE', #3211, #1579, #1842, .T. ) ;
#2622 = VECTOR ( 'NONE', #1192, 1000.000000000000114 ) ;
#2623 = VERTEX_POINT ( 'NONE', #1195 ) ;
#2624 = CARTESIAN_POINT ( 'NONE',  ( -0.1742157254725217597, 0.000000000000000000, 0.2766078056275601549 ) ) ;
#2625 = DIRECTION ( 'NONE',  ( 0.9781476007338069101, -0.000000000000000000, 0.2079116908177532086 ) ) ;
#2626 = DIRECTION ( 'NONE',  ( 0.000000000000000000, -1.000000000000000000, 0.000000000000000000 ) ) ;
#2627 = ORIENTED_EDGE ( 'NONE', *, *, #541, .F. ) ;
#2628 = VERTEX_POINT ( 'NONE', #2492 ) ;
#2629 = CARTESIAN_POINT ( 'NONE',  ( -28.59602523664850438, 180.7926290564130340, -15.44400662603334240 ) ) ;
#2630 = ORIENTED_EDGE ( 'NONE', *, *, #1182, .T. ) ;
#2631 = LINE ( 'NONE', #2323, #1141 ) ;
#2632 = LINE ( 'NONE', #2961, #1499 ) ;
#2633 = CARTESIAN_POINT ( 'NONE',  ( -12.37030416825307100, 50.00000000000000000, -30.05371149766532923 ) ) ;
#2634 = VECTOR ( 'NONE', #3262, 1000.000000000000114 ) ;
#2635 = VECTOR ( 'NONE', #630, 1000.000000000000000 ) ;
#2636 = EDGE_CURVE ( 'NONE', #2827, #821, #1863, .T. ) ;
#2637 = CARTESIAN_POINT ( 'NONE',  ( -0.3272492347489365794, 50.00001199999999812, -2.500000000000000444 ) ) ;
#2638 = ORIENTED_EDGE ( 'NONE', *, *, #1897, .F. ) ;
#2639 = LINE ( 'NONE', #3564, #2513 ) ;
#2640 = EDGE_CURVE ( 'NONE', #840, #2878, #325, .T. ) ;
#2641 = LINE ( 'NONE', #1691, #1631 ) ;
#2642 = CARTESIAN_POINT ( 'NONE',  ( 0.2092340361418229544, 50.00000000000000000, -0.2511655136674080802 ) ) ;
#2643 = VECTOR ( 'NONE', #179, 1000.000000000000000 ) ;
#2644 = AXIS2_PLACEMENT_3D ( 'NONE', #878, #941, #3820 ) ;
#2645 = ORIENTED_EDGE ( 'NONE', *, *, #1474, .F. ) ;
#2646 = CARTESIAN_POINT ( 'NONE',  ( -32.40541237228662652, 180.7926290564130340, 2.477750790949932114 ) ) ;
#2647 = EDGE_CURVE ( 'NONE', #752, #2628, #3228, .T. ) ;
#2648 = EDGE_CURVE ( 'NONE', #970, #887, #304, .T. ) ;
#2649 = CARTESIAN_POINT ( 'NONE',  ( -0.04664745434581508282, 50.00000000000000000, 0.3235537237292536172 ) ) ;
#2650 = CARTESIAN_POINT ( 'NONE',  ( -14.05691105693362175, 50.00000000000000000, 29.30278572998577147 ) ) ;
#2651 = VECTOR ( 'NONE', #372, 999.9999999999998863 ) ;
#2652 = ORIENTED_EDGE ( 'NONE', *, *, #3705, .F. ) ;
#2653 = ORIENTED_EDGE ( 'NONE', *, *, #4048, .F. ) ;
#2654 = AXIS2_PLACEMENT_3D ( 'NONE', #1188, #2856, #187 ) ;
#2655 = DIRECTION ( 'NONE',  ( -0.7683274208902022284, 0.000000000000000000, 0.6400570086392383118 ) ) ;
#2656 = AXIS2_PLACEMENT_3D ( 'NONE', #597, #1892, #3195 ) ;
#2657 = EDGE_LOOP ( 'NONE', ( #1179, #2750, #2581, #1292 ) ) ;
#2658 = DIRECTION ( 'NONE',  ( 0.000000000000000000, -1.000000000000000000, 0.000000000000000000 ) ) ;
#2659 = CARTESIAN_POINT ( 'NONE',  ( 12.41543477220202618, 180.7926290564130340, 1.459681638462315911 ) ) ;
#2660 = LINE ( 'NONE', #661, #3660 ) ;
#2661 = CARTESIAN_POINT ( 'NONE',  ( -18.34850131535268147, 180.7926290564130340, 26.82503493903597658 ) ) ;
#2662 = VERTEX_POINT ( 'NONE', #1944 ) ;
#2663 = FACE_OUTER_BOUND ( 'NONE', #2702, .T. ) ;
#2664 = DIRECTION ( 'NONE',  ( 0.7858144805122536658, 0.000000000000000000, 0.6184622884358083050 ) ) ;
#2665 = EDGE_CURVE ( 'NONE', #109, #108, #1284, .T. ) ;
#2666 = LINE ( 'NONE', #2033, #4194 ) ;
#2667 = PLANE ( 'NONE',  #1566 ) ;
#2668 = CARTESIAN_POINT ( 'NONE',  ( -2.598896135221997028, 0.000000000000000000, -12.22684500917256933 ) ) ;
#2669 = CARTESIAN_POINT ( 'NONE',  ( 0.9231105439640797661, 0.000000000000000000, -32.48688761521519552 ) ) ;
#2670 = ADVANCED_FACE ( 'NONE', ( #3606 ), #4, .T. ) ;
#2671 = ORIENTED_EDGE ( 'NONE', *, *, #3016, .F. ) ;
#2672 = ORIENTED_EDGE ( 'NONE', *, *, #648, .F. ) ;
#2673 = CARTESIAN_POINT ( 'NONE',  ( -2.598896135221997028, 50.00000000000000000, -12.22684500917256933 ) ) ;
#2674 = VERTEX_POINT ( 'NONE', #2930 ) ;
#2675 = ORIENTED_EDGE ( 'NONE', *, *, #2228, .F. ) ;
#2676 = DIRECTION ( 'NONE',  ( -0.8090169943749545567, 0.000000000000000000, -0.5877852522924632561 ) ) ;
#2677 = FACE_OUTER_BOUND ( 'NONE', #2365, .T. ) ;
#2678 = ORIENTED_EDGE ( 'NONE', *, *, #3370, .T. ) ;
#2679 = DIRECTION ( 'NONE',  ( 0.000000000000000000, 1.000000000000000000, 0.000000000000000000 ) ) ;
#2680 = DIRECTION ( 'NONE',  ( 0.5000000000000039968, -0.000000000000000000, 0.8660254037844363761 ) ) ;
#2681 = VERTEX_POINT ( 'NONE', #1629 ) ;
#2682 = CARTESIAN_POINT ( 'NONE',  ( -30.61160931482707426, 180.7926290564130340, 10.91693066554845259 ) ) ;
#2683 = LINE ( 'NONE', #3353, #3669 ) ;
#2684 = LINE ( 'NONE', #1779, #826 ) ;
#2685 = VERTEX_POINT ( 'NONE', #3248 ) ;
#2686 = AXIS2_PLACEMENT_3D ( 'NONE', #1280, #918, #1959 ) ;
#2687 = EDGE_LOOP ( 'NONE', ( #776, #3595, #678, #1402 ) ) ;
#2688 = EDGE_CURVE ( 'NONE', #1764, #2432, #1653, .T. ) ;
#2689 = VERTEX_POINT ( 'NONE', #691 ) ;
#2690 = DIRECTION ( 'NONE',  ( 0.9897664470031851680, 0.000000000000000000, -0.1426968128119579793 ) ) ;
#2691 = ADVANCED_FACE ( 'NONE', ( #667 ), #1992, .T. ) ;
#2692 = VERTEX_POINT ( 'NONE', #2305 ) ;
#2693 = B_SPLINE_CURVE_WITH_KNOTS ( 'NONE', 3,
 ( #2347, #2637, #1484, #2784, #1442, #1164, #3007, #2459, #3940, #2736, #1116, #3760, #527, #596, #2895, #3494, #3780, #2829 ),
 .UNSPECIFIED., .F., .F.,
 ( 4, 2, 2, 2, 2, 2, 2, 2, 4 ),
 ( 0.5000000000000000000, 0.5625000000000000000, 0.6250000000000000000, 0.6875000000000000000, 0.7500000000000000000, 0.8125000000000000000, 0.8750000000000000000, 0.9375000000000000000, 1.000000000000000000 ),
 .UNSPECIFIED. ) ;
#2694 = DIRECTION ( 'NONE',  ( 0.000000000000000000, 0.000000000000000000, 1.000000000000000000 ) ) ;
#2695 = EDGE_CURVE ( 'NONE', #3491, #3912, #2430, .T. ) ;
#2696 = DATE_AND_TIME ( #4060, #1893 ) ;
#2697 = ORIENTED_EDGE ( 'NONE', *, *, #2568, .T. ) ;
#2698 = CARTESIAN_POINT ( 'NONE',  ( -0.1128986973196304255, 50.00000000000000000, 0.3067847474688759069 ) ) ;
#2699 = LINE ( 'NONE', #3071, #2927 ) ;
#2700 = LOCAL_TIME ( 0, 57, 21.00000000000000000, #3042 ) ;
#2701 = AXIS2_PLACEMENT_3D ( 'NONE', #2899, #2079, #3697 ) ;
#2702 = EDGE_LOOP ( 'NONE', ( #2369, #2295, #2274, #371 ) ) ;
#2703 = CIRCLE ( 'NONE', #1144, 32.50000000000000000 ) ;
#2704 = FACE_OUTER_BOUND ( 'NONE', #2657, .T. ) ;
#2705 = FACE_OUTER_BOUND ( 'NONE', #1034, .T. ) ;
#2706 = DIRECTION ( 'NONE',  ( 0.000000000000000000, 1.000000000000000000, 0.000000000000000000 ) ) ;
#2707 = VECTOR ( 'NONE', #1862, 1000.000000000000000 ) ;
#2708 = ORIENTED_EDGE ( 'NONE', *, *, #1589, .F. ) ;
#2709 = VERTEX_POINT ( 'NONE', #2970 ) ;
#2710 = CARTESIAN_POINT ( 'NONE',  ( -28.59602523664839424, 50.00000000000000000, 15.44400662603356977 ) ) ;
#2711 = VECTOR ( 'NONE', #1655, 1000.000000000000114 ) ;
#2712 = EDGE_CURVE ( 'NONE', #2875, #1510, #42, .T. ) ;
#2713 = AXIS2_PLACEMENT_3D ( 'NONE', #368, #1670, #40 ) ;
#2714 = EDGE_LOOP ( 'NONE', ( #1848, #650, #1383, #2163 ) ) ;
#2715 = LINE ( 'NONE', #3661, #4018 ) ;
#2716 =( NAMED_UNIT ( * ) PLANE_ANGLE_UNIT ( ) SI_UNIT ( $, .RADIAN. ) );
#2717 = VECTOR ( 'NONE', #2265, 1000.000000000000000 ) ;
#2718 = ADVANCED_FACE ( 'NONE', ( #2267 ), #1026, .T. ) ;
#2719 = EDGE_CURVE ( 'NONE', #1712, #2395, #3904, .T. ) ;
#2720 = VECTOR ( 'NONE', #2530, 1000.000000000000227 ) ;
#2721 = ORIENTED_EDGE ( 'NONE', *, *, #512, .F. ) ;
#2722 = EDGE_CURVE ( 'NONE', #1230, #3371, #3629, .T. ) ;
#2723 = DIRECTION ( 'NONE',  ( 0.000000000000000000, 0.000000000000000000, 1.000000000000000000 ) ) ;
#2724 = LINE ( 'NONE', #835, #3939 ) ;
#2725 = ORIENTED_EDGE ( 'NONE', *, *, #2027, .F. ) ;
#2726 = ORIENTED_EDGE ( 'NONE', *, *, #956, .T. ) ;
#2727 = LINE ( 'NONE', #3690, #3399 ) ;
#2728 = LINE ( 'NONE', #3415, #3465 ) ;
#2729 = CARTESIAN_POINT ( 'NONE',  ( -30.61160931482708847, 50.00000000000000000, 10.91693066554845615 ) ) ;
#2730 = ORIENTED_EDGE ( 'NONE', *, *, #1446, .T. ) ;
#2731 = ORIENTED_EDGE ( 'NONE', *, *, #4156, .F. ) ;
#2732 = ORIENTED_EDGE ( 'NONE', *, *, #3062, .F. ) ;
#2733 = LINE ( 'NONE', #1783, #2351 ) ;
#2734 = LINE ( 'NONE', #2412, #2306 ) ;
#2735 = ORIENTED_EDGE ( 'NONE', *, *, #1337, .F. ) ;
#2736 = CARTESIAN_POINT ( 'NONE',  ( -2.500000000000000888, 50.00001200000000523, 0.3272492347489364128 ) ) ;
#2737 = DIRECTION ( 'NONE',  ( 0.000000000000000000, -1.000000000000000000, 0.000000000000000000 ) ) ;
#2738 = SHAPE_DEFINITION_REPRESENTATION ( #328, #321 ) ;
#2739 = EDGE_LOOP ( 'NONE', ( #132, #2390, #631, #2967 ) ) ;
#2740 = EDGE_CURVE ( 'NONE', #2709, #638, #3191, .T. ) ;
#2741 = LINE ( 'NONE', #3667, #619 ) ;
#2742 = CARTESIAN_POINT ( 'NONE',  ( 0.1539190321798654393, 180.8028096028521645, -12.50000000000000000 ) ) ;
#2743 = EDGE_CURVE ( 'NONE', #3755, #2044, #646, .T. ) ;
#2744 = DIRECTION ( 'NONE',  ( -0.9622366644075616149, 0.000000000000000000, 0.2722142569187172567 ) ) ;
#2745 = CARTESIAN_POINT ( 'NONE',  ( -10.90227706339539004, 180.7926290564130340, 6.116702208006373986 ) ) ;
#2746 = AXIS2_PLACEMENT_3D ( 'NONE', #3592, #1053, #2979 ) ;
#2747 = LINE ( 'NONE', #129, #3460 ) ;
#2748 = FACE_OUTER_BOUND ( 'NONE', #4187, .T. ) ;
#2749 = ADVANCED_FACE ( 'NONE', ( #1918 ), #2196, .T. ) ;
#2750 = ORIENTED_EDGE ( 'NONE', *, *, #364, .T. ) ;
#2751 = VECTOR ( 'NONE', #3996, 1000.000000000000000 ) ;
#2752 = ORIENTED_EDGE ( 'NONE', *, *, #3086, .T. ) ;
#2753 = ORIENTED_EDGE ( 'NONE', *, *, #1321, .F. ) ;
#2754 = CARTESIAN_POINT ( 'NONE',  ( -0.1539190321798746819, 50.00000000000000000, -12.50000000000000000 ) ) ;
#2755 = CARTESIAN_POINT ( 'NONE',  ( 12.44761261200483560, 180.7926290564130340, 1.153529943228766230 ) ) ;
#2756 = VECTOR ( 'NONE', #3601, 999.9999999999998863 ) ;
#2757 = VECTOR ( 'NONE', #3625, 1000.000000000000000 ) ;
#2758 = VERTEX_POINT ( 'NONE', #2239 ) ;
#2759 = ORIENTED_EDGE ( 'NONE', *, *, #1379, .F. ) ;
#2760 = CARTESIAN_POINT ( 'NONE',  ( -10.90227706339543445, 0.000000000000000000, -6.116702208006289609 ) ) ;
#2761 = CARTESIAN_POINT ( 'NONE',  ( -2.448340603187901365, 180.7926290564130340, 12.25884657540213674 ) ) ;
#2762 = MECHANICAL_CONTEXT ( 'NONE', #2487, 'mechanical' ) ;
#2763 = ORIENTED_EDGE ( 'NONE', *, *, #2426, .T. ) ;
#2764 = PLANE ( 'NONE',  #2654 ) ;
#2765 = CARTESIAN_POINT ( 'NONE',  ( 12.41543477220199598, 0.000000000000000000, -1.459681638462573927 ) ) ;
#2766 = LINE ( 'NONE', #2795, #514 ) ;
#2767 = FACE_OUTER_BOUND ( 'NONE', #2183, .T. ) ;
#2768 = FACE_OUTER_BOUND ( 'NONE', #3753, .T. ) ;
#2769 = CARTESIAN_POINT ( 'NONE',  ( 0.000000000000000000, 0.000000000000000000, 0.000000000000000000 ) ) ;
#2770 = ORIENTED_EDGE ( 'NONE', *, *, #1214, .F. ) ;
#2771 = LOCAL_TIME ( 0, 57, 21.00000000000000000, #784 ) ;
#2772 = VECTOR ( 'NONE', #1954, 1000.000000000000000 ) ;
#2773 = EDGE_CURVE ( 'NONE', #1426, #3366, #295, .T. ) ;
#2774 = ORIENTED_EDGE ( 'NONE', *, *, #3693, .T. ) ;
#2775 = EDGE_CURVE ( 'NONE', #2955, #1754, #1236, .T. ) ;
#2776 = ORIENTED_EDGE ( 'NONE', *, *, #1847, .T. ) ;
#2778 = ORIENTED_EDGE ( 'NONE', *, *, #3557, .F. ) ;
#2777 = CARTESIAN_POINT ( 'NONE',  ( -12.44761261200481783, 180.7926290564130340, 1.153529943228943644 ) ) ;
#2779 = CARTESIAN_POINT ( 'NONE',  ( 0.000000000000000000, 0.000000000000000000, 0.000000000000000000 ) ) ;
#2780 = VECTOR ( 'NONE', #4147, 1000.000000000000000 ) ;
#2781 = VERTEX_POINT ( 'NONE', #3812 ) ;
#2782 = ORIENTED_EDGE ( 'NONE', *, *, #43, .T. ) ;
#2783 = AXIS2_PLACEMENT_3D ( 'NONE', #1369, #2664, #1991 ) ;
#2784 = CARTESIAN_POINT ( 'NONE',  ( -1.259047450927248235, 50.00001199999999102, -2.184465970885645092 ) ) ;
#2785 = FACE_OUTER_BOUND ( 'NONE', #950, .T. ) ;
#2786 = APPROVAL_STATUS ( 'not_yet_approved' ) ;
#2787 = VECTOR ( 'NONE', #3334, 1000.000000000000000 ) ;
#2788 = ORIENTED_EDGE ( 'NONE', *, *, #3407, .F. ) ;
#2789 = AXIS2_PLACEMENT_3D ( 'NONE', #1101, #2400, #4044 ) ;
#2790 = DIRECTION ( 'NONE',  ( -0.9622366644075616149, 0.000000000000000000, 0.2722142569187172567 ) ) ;
#2791 = CARTESIAN_POINT ( 'NONE',  ( -32.21242971911319586, 50.00000000000000000, -4.313858086584903440 ) ) ;
#2792 = FACE_OUTER_BOUND ( 'NONE', #3361, .T. ) ;
#2793 = CIRCLE ( 'NONE', #3885, 32.50000000000000000 ) ;
#2794 = ORIENTED_EDGE ( 'NONE', *, *, #530, .T. ) ;
#2795 = CARTESIAN_POINT ( 'NONE',  ( 0.1524415238222751046, 50.00000000000000000, 0.2891791468117193009 ) ) ;
#2796 = CARTESIAN_POINT ( 'NONE',  ( 24.76014394513195782, 50.00000000000000000, 21.05196598459026802 ) ) ;
#2797 = EDGE_CURVE ( 'NONE', #3640, #1510, #2485, .T. ) ;
#2798 = LINE ( 'NONE', #1089, #3467 ) ;
#2799 = CARTESIAN_POINT ( 'NONE',  ( 9.392302253800012934, 50.00000000000000000, -8.249748447178884447 ) ) ;
#2800 = ORIENTED_EDGE ( 'NONE', *, *, #2203, .T. ) ;
#2801 = ORIENTED_EDGE ( 'NONE', *, *, #1534, .T. ) ;
#2802 = ORIENTED_EDGE ( 'NONE', *, *, #830, .F. ) ;
#2803 = CARTESIAN_POINT ( 'NONE',  ( 0.1524415238222716629, 50.00000000000000000, -0.2891791468117181352 ) ) ;
#2804 = DIRECTION ( 'NONE',  ( -0.9854195692347161861, 0.000000000000000000, -0.1701419189067365223 ) ) ;
#2805 = EDGE_CURVE ( 'NONE', #2526, #3396, #4158, .T. ) ;
#2806 = VERTEX_POINT ( 'NONE', #2833 ) ;
#2807 = FACE_OUTER_BOUND ( 'NONE', #2617, .T. ) ;
#2808 = DIRECTION ( 'NONE',  ( 0.8972280888306527480, 0.000000000000000000, 0.4415673862654422854 ) ) ;
#2809 = EDGE_CURVE ( 'NONE', #794, #90, #1895, .T. ) ;
#2810 = EDGE_LOOP ( 'NONE', ( #1750, #1616, #3994, #2938 ) ) ;
#2811 = MANIFOLD_SOLID_BREP ( 'Cut-Extrude2', #3034 ) ;
#2812 = DIRECTION ( 'NONE',  ( -0.6691306063588671194, 0.000000000000000000, -0.7431448254773862505 ) ) ;
#2813 = CARTESIAN_POINT ( 'NONE',  ( -32.21242971911315323, 50.00000000000000000, 4.313858086585144136 ) ) ;
#2814 = LINE ( 'NONE', #1238, #2032 ) ;
#2815 = CARTESIAN_POINT ( 'NONE',  ( 10.82531754730540996, 0.000000000000000000, -6.250000000000127010 ) ) ;
#2816 = LINE ( 'NONE', #837, #1295 ) ;
#2817 = CARTESIAN_POINT ( 'NONE',  ( -32.21242971911319586, 0.000000000000000000, -4.313858086584903440 ) ) ;
#2818 = DIRECTION ( 'NONE',  ( 0.2453738704398719106, 0.000000000000000000, -0.9694285242891077514 ) ) ;
#2819 = EDGE_LOOP ( 'NONE', ( #1659, #797, #1805, #122 ) ) ;
#2820 = ORIENTED_EDGE ( 'NONE', *, *, #3729, .T. ) ;
#2821 = VERTEX_POINT ( 'NONE', #2855 ) ;
#2822 = CARTESIAN_POINT ( 'NONE',  ( -14.05691105693361820, 180.7926290564130340, 29.30278572998576792 ) ) ;
#2823 = CARTESIAN_POINT ( 'NONE',  ( -3.061616997868383141E-16, 50.00000599999999906, 2.500000000000000000 ) ) ;
#2824 = ORIENTED_EDGE ( 'NONE', *, *, #1271, .F. ) ;
#2825 = ORIENTED_EDGE ( 'NONE', *, *, #1554, .F. ) ;
#2826 = EDGE_CURVE ( 'NONE', #2821, #3371, #2146, .T. ) ;
#2827 = VERTEX_POINT ( 'NONE', #255 ) ;
#2828 = VERTEX_POINT ( 'NONE', #3540 ) ;
#2829 = CARTESIAN_POINT ( 'NONE',  ( -3.061616997868383141E-16, 50.00000599999999906, 2.500000000000000000 ) ) ;
#2830 = ADVANCED_FACE ( 'NONE', ( #2171 ), #3785, .T. ) ;
#2831 = LINE ( 'NONE', #3426, #3811 ) ;
#2832 = EDGE_LOOP ( 'NONE', ( #3626, #3394, #1989, #731 ) ) ;
#2833 = CARTESIAN_POINT ( 'NONE',  ( -2.749451667256011422, 50.00000000000000000, -12.19484344294301792 ) ) ;
#2834 = CARTESIAN_POINT ( 'NONE',  ( -9.392302253800069778, 180.7926290564130340, 8.249748447178816946 ) ) ;
#2835 = FACE_OUTER_BOUND ( 'NONE', #3964, .T. ) ;
#2836 = PLANE ( 'NONE',  #245 ) ;
#2837 = DIRECTION ( 'NONE',  ( -0.6691306063588569053, 0.000000000000000000, 0.7431448254773954654 ) ) ;
#2838 = LINE ( 'NONE', #3227, #1290 ) ;
#2839 = CARTESIAN_POINT ( 'NONE',  ( -12.37030416825307100, 0.000000000000000000, -30.05371149766532923 ) ) ;
#2840 = VERTEX_POINT ( 'NONE', #894 ) ;
#2841 = ORIENTED_EDGE ( 'NONE', *, *, #3204, .T. ) ;
#2842 = LINE ( 'NONE', #4146, #1332 ) ;
#2843 = LINE ( 'NONE', #947, #2435 ) ;
#2844 = AXIS2_PLACEMENT_3D ( 'NONE', #2488, #2573, #2278 ) ;
#2845 = CIRCLE ( 'NONE', #2238, 32.50000000000000000 ) ;
#2846 = ORIENTED_EDGE ( 'NONE', *, *, #3615, .T. ) ;
#2847 = ORIENTED_EDGE ( 'NONE', *, *, #2592, .T. ) ;
#2848 = EDGE_CURVE ( 'NONE', #1548, #2709, #1833, .T. ) ;
#2849 = FACE_OUTER_BOUND ( 'NONE', #3975, .T. ) ;
#2850 = VECTOR ( 'NONE', #861, 1000.000000000000000 ) ;
#2851 = CARTESIAN_POINT ( 'NONE',  ( 23.52478090909358954, 180.7926290564130340, -22.42397563277184958 ) ) ;
#2852 = ADVANCED_FACE ( 'NONE', ( #2533 ), #2464, .T. ) ;
#2853 = AXIS2_PLACEMENT_3D ( 'NONE', #1260, #3837, #3860 ) ;
#2854 = ORIENTED_EDGE ( 'NONE', *, *, #3763, .T. ) ;
#2855 = CARTESIAN_POINT ( 'NONE',  ( 4.943596005754927525, 50.00000000000000000, 11.48192273098678839 ) ) ;
#2856 = DIRECTION ( 'NONE',  ( 0.7431448254773862505, 0.000000000000000000, -0.6691306063588671194 ) ) ;
#2857 = DIRECTION ( 'NONE',  ( 0.000000000000000000, -1.000000000000000000, 0.000000000000000000 ) ) ;
#2858 = VECTOR ( 'NONE', #2056, 1000.000000000000000 ) ;
#2859 = EDGE_CURVE ( 'NONE', #1739, #3849, #623, .T. ) ;
#2860 = ADVANCED_FACE ( 'NONE', ( #3517 ), #3497, .T. ) ;
#2861 = VECTOR ( 'NONE', #2147, 999.9999999999998863 ) ;
#2862 = EDGE_CURVE ( 'NONE', #1458, #420, #3764, .T. ) ;
#2863 = CARTESIAN_POINT ( 'NONE',  ( 19.84212555085981933, 50.00000000000000000, -25.73985341108057767 ) ) ;
#2864 = CARTESIAN_POINT ( 'NONE',  ( -2.749451667255920828, 180.7926290564130340, 12.19484344294303924 ) ) ;
#2865 = CARTESIAN_POINT ( 'NONE',  ( -12.37030416825306922, 180.7926290564130340, -30.05371149766532568 ) ) ;
#2866 = PLANE ( 'NONE',  #3528 ) ;
#2867 = VECTOR ( 'NONE', #1183, 1000.000000000000000 ) ;
#2868 = ORIENTED_EDGE ( 'NONE', *, *, #3145, .F. ) ;
#2869 = ORIENTED_EDGE ( 'NONE', *, *, #3705, .T. ) ;
#2870 = CIRCLE ( 'NONE', #3212, 32.50000000000000000 ) ;
#2871 = CARTESIAN_POINT ( 'NONE',  ( -24.76014394513165939, 0.000000000000000000, 21.05196598459062329 ) ) ;
#2872 = FACE_OUTER_BOUND ( 'NONE', #3224, .T. ) ;
#2873 = ORIENTED_EDGE ( 'NONE', *, *, #147, .T. ) ;
#2874 = ORIENTED_EDGE ( 'NONE', *, *, #386, .T. ) ;
#2875 = VERTEX_POINT ( 'NONE', #850 ) ;
#2876 = LINE ( 'NONE', #1598, #1461 ) ;
#2877 = FACE_OUTER_BOUND ( 'NONE', #1185, .T. ) ;
#2878 = VERTEX_POINT ( 'NONE', #278 ) ;
#2879 = DIRECTION ( 'NONE',  ( -0.4415673862654490578, 0.000000000000000000, -0.8972280888306494173 ) ) ;
#2880 = CARTESIAN_POINT ( 'NONE',  ( -28.59602523664839424, 0.000000000000000000, 15.44400662603356977 ) ) ;
#2881 = CARTESIAN_POINT ( 'NONE',  ( 10.90227706339547709, 50.00000000000000000, 6.116702208006213226 ) ) ;
#2882 = EDGE_CURVE ( 'NONE', #3912, #910, #1537, .T. ) ;
#2883 = DIRECTION ( 'NONE',  ( 0.000000000000000000, 0.000000000000000000, -1.000000000000000000 ) ) ;
#2884 = LINE ( 'NONE', #284, #3740 ) ;
#2885 = EDGE_CURVE ( 'NONE', #32, #3299, #608, .T. ) ;
#2886 = LINE ( 'NONE', #2225, #2307 ) ;
#2887 = CARTESIAN_POINT ( 'NONE',  ( -0.02164250622223482662, 0.000000000000000000, -0.3261818496796401456 ) ) ;
#2888 = ORIENTED_EDGE ( 'NONE', *, *, #1819, .T. ) ;
#2889 = DIRECTION ( 'NONE',  ( 0.8461566191660713221, 0.000000000000000000, 0.5329343072475669629 ) ) ;
#2890 = UNCERTAINTY_MEASURE_WITH_UNIT (LENGTH_MEASURE( 1.000000000000000082E-05 ), #832, 'distance_accuracy_value', 'NONE');
#2891 = CARTESIAN_POINT ( 'NONE',  ( -7.471838766447190139, 180.7926290564130340, -10.02224109252437323 ) ) ;
#2892 = EDGE_LOOP ( 'NONE', ( #3869, #2527, #2302, #150 ) ) ;
#2893 = ORIENTED_EDGE ( 'NONE', *, *, #3978, .T. ) ;
#2894 = ORIENTED_EDGE ( 'NONE', *, *, #1374, .T. ) ;
#2895 = CARTESIAN_POINT ( 'NONE',  ( -1.259047450927250011, 50.00001200000001234, 2.184465970885644204 ) ) ;
#2896 = VECTOR ( 'NONE', #2340, 1000.000000000000000 ) ;
#2897 = CIRCLE ( 'NONE', #3845, 32.50000000000000000 ) ;
#2898 = ORIENTED_EDGE ( 'NONE', *, *, #541, .T. ) ;
#2899 = CARTESIAN_POINT ( 'NONE',  ( 0.000000000000000000, 0.000000000000000000, 0.000000000000000000 ) ) ;
#2900 = CARTESIAN_POINT ( 'NONE',  ( -0.1742157254725243409, 50.00000000000000000, -0.2766078056275595443 ) ) ;
#2901 = CARTESIAN_POINT ( 'NONE',  ( -11.88820645368940632, 0.000000000000000000, 3.862712429686893323 ) ) ;
#2902 = ORIENTED_EDGE ( 'NONE', *, *, #3273, .F. ) ;
#2903 = AXIS2_PLACEMENT_3D ( 'NONE', #1322, #2616, #2883 ) ;
#2904 = FACE_OUTER_BOUND ( 'NONE', #3307, .T. ) ;
#2905 = CARTESIAN_POINT ( 'NONE',  ( 5.851465369694942353, 0.000000000000000000, -31.96889665013888404 ) ) ;
#2906 = DIRECTION ( 'NONE',  ( 0.5562386247835694464, 0.000000000000000000, -0.8310226184039057884 ) ) ;
#2907 = DIRECTION ( 'NONE',  ( -0.5562386247835870989, 0.000000000000000000, -0.8310226184038939090 ) ) ;
#2908 = CC_DESIGN_PERSON_AND_ORGANIZATION_ASSIGNMENT ( #2083, #507, ( #398 ) ) ;
#2909 = EDGE_CURVE ( 'NONE', #3491, #115, #532, .T. ) ;
#2910 = EDGE_LOOP ( 'NONE', ( #4220, #1157, #74, #2653 ) ) ;
#2911 = PLANE ( 'NONE',  #126 ) ;
#2912 = CARTESIAN_POINT ( 'NONE',  ( 0.000000000000000000, 50.00000000000000000, 0.000000000000000000 ) ) ;
#2913 = EDGE_CURVE ( 'NONE', #1109, #3358, #1936, .T. ) ;
#2914 = EDGE_LOOP ( 'NONE', ( #174, #1265, #1110, #2409 ) ) ;
#2915 = EDGE_CURVE ( 'NONE', #969, #1416, #2631, .T. ) ;
#2916 = VERTEX_POINT ( 'NONE', #2004 ) ;
#2917 = VERTEX_POINT ( 'NONE', #3936 ) ;
#2918 = CARTESIAN_POINT ( 'NONE',  ( 5.851465369694942353, 50.00000000000000000, -31.96889665013888404 ) ) ;
#2919 = VECTOR ( 'NONE', #213, 1000.000000000000000 ) ;
#2920 = ORIENTED_EDGE ( 'NONE', *, *, #1263, .T. ) ;
#2921 = VECTOR ( 'NONE', #1581, 1000.000000000000000 ) ;
#2922 = PLANE ( 'NONE',  #3867 ) ;
#2923 = DIRECTION ( 'NONE',  ( -0.2453738704398790160, 0.000000000000000000, -0.9694285242891057530 ) ) ;
#2924 = DIRECTION ( 'NONE',  ( 0.7683274208902158842, -0.000000000000000000, 0.6400570086392219915 ) ) ;
#2925 = VECTOR ( 'NONE', #4122, 1000.000000000000000 ) ;
#2926 = CARTESIAN_POINT ( 'NONE',  ( 0.9231105439641030808, 0.000000000000000000, 32.48688761521519552 ) ) ;
#2927 = VECTOR ( 'NONE', #1123, 1000.000000000000000 ) ;
#2928 = CARTESIAN_POINT ( 'NONE',  ( -19.84212555086017460, 180.7926290564130340, -25.73985341108028635 ) ) ;
#2929 = FACE_OUTER_BOUND ( 'NONE', #2522, .T. ) ;
#2930 = CARTESIAN_POINT ( 'NONE',  ( -32.40541237228664784, 0.000000000000000000, -2.477750790949689197 ) ) ;
#2931 = ORIENTED_EDGE ( 'NONE', *, *, #2090, .T. ) ;
#2932 = ADVANCED_FACE ( 'NONE', ( #1601 ), #3896, .T. ) ;
#2933 = PLANE ( 'NONE',  #2247 ) ;
#2934 = CYLINDRICAL_SURFACE ( 'NONE', #464, 32.50000000000000000 ) ;
#2935 = AXIS2_PLACEMENT_3D ( 'NONE', #1254, #3560, #1340 ) ;
#2936 = ORIENTED_EDGE ( 'NONE', *, *, #1590, .F. ) ;
#2937 = EDGE_CURVE ( 'NONE', #477, #100, #3240, .T. ) ;
#2938 = ORIENTED_EDGE ( 'NONE', *, *, #2333, .F. ) ;
#2939 = DIRECTION ( 'NONE',  ( -0.9384693397969516848, 0.000000000000000000, 0.3453625605954904754 ) ) ;
#2940 = ADVANCED_FACE ( 'NONE', ( #3575 ), #2922, .T. ) ;
#2941 = ORIENTED_EDGE ( 'NONE', *, *, #3665, .T. ) ;
#2942 = DIRECTION ( 'NONE',  ( -0.000000000000000000, 1.000000000000000000, -0.000000000000000000 ) ) ;
#2943 = DIRECTION ( 'NONE',  ( -0.9978060110490279966, 0.000000000000000000, -0.06620547042674784777 ) ) ;
#2944 = CARTESIAN_POINT ( 'NONE',  ( 0.1539190321798746819, 0.000000000000000000, 12.50000000000000000 ) ) ;
#2945 = CARTESIAN_POINT ( 'NONE',  ( 12.43152369210340424, 50.00000000000000000, -1.306605790845794868 ) ) ;
#2946 = ORIENTED_EDGE ( 'NONE', *, *, #3345, .T. ) ;
#2947 = CARTESIAN_POINT ( 'NONE',  ( 0.2092340361418229544, 0.000000000000000000, -0.2511655136674080802 ) ) ;
#2948 = DIRECTION ( 'NONE',  ( 0.000000000000000000, 1.000000000000000000, 0.000000000000000000 ) ) ;
#2949 = CARTESIAN_POINT ( 'NONE',  ( 0.3035294714114927794, 0.000000000000000000, -0.1213789813792775230 ) ) ;
#2950 = ORIENTED_EDGE ( 'NONE', *, *, #2075, .F. ) ;
#2951 = DIRECTION ( 'NONE',  ( -0.000000000000000000, -1.000000000000000000, 0.000000000000000000 ) ) ;
#2952 = CARTESIAN_POINT ( 'NONE',  ( -9.186318383134699062, 180.7926290564130340, 8.478516711792735805 ) ) ;
#2953 = LINE ( 'NONE', #1377, #1645 ) ;
#2954 = ORIENTED_EDGE ( 'NONE', *, *, #1182, .F. ) ;
#2955 = VERTEX_POINT ( 'NONE', #1985 ) ;
#2956 = DIRECTION ( 'NONE',  ( -0.000000000000000000, -1.000000000000000000, -0.000000000000000000 ) ) ;
#2957 = ADVANCED_FACE ( 'NONE', ( #3960 ), #659, .F. ) ;
#2958 = ORIENTED_EDGE ( 'NONE', *, *, #1161, .F. ) ;
#2959 = ADVANCED_FACE ( 'NONE', ( #2594 ), #3914, .T. ) ;
#2960 = LINE ( 'NONE', #33, #1700 ) ;
#2961 = CARTESIAN_POINT ( 'NONE',  ( 0.3035294714114928349, 0.000000000000000000, 0.1213789813792702926 ) ) ;
#2962 = LINE ( 'NONE', #1707, #529 ) ;
#2963 = AXIS2_PLACEMENT_3D ( 'NONE', #2000, #3891, #971 ) ;
#2964 = EDGE_CURVE ( 'NONE', #2878, #3443, #3122, .T. ) ;
#2965 = EDGE_CURVE ( 'NONE', #1378, #1416, #779, .T. ) ;
#2966 = LINE ( 'NONE', #322, #592 ) ;
#2967 = ORIENTED_EDGE ( 'NONE', *, *, #3345, .F. ) ;
#2968 = CARTESIAN_POINT ( 'NONE',  ( -0.2568820170656737067, 0.000000000000000000, 0.2021747423499790641 ) ) ;
#2969 = DIRECTION ( 'NONE',  ( 0.9135454576426033091, -0.000000000000000000, 0.4067366430757947682 ) ) ;
#2970 = CARTESIAN_POINT ( 'NONE',  ( -19.84212555086018526, 50.00000000000000000, -25.73985341108030056 ) ) ;
#2971 = AXIS2_PLACEMENT_3D ( 'NONE', #1304, #663, #2223 ) ;
#2972 = ORIENTED_EDGE ( 'NONE', *, *, #800, .T. ) ;
#2973 = LINE ( 'NONE', #45, #1359 ) ;
#2974 = LINE ( 'NONE', #2649, #2503 ) ;
#2975 = CARTESIAN_POINT ( 'NONE',  ( 0.000000000000000000, 50.00000000000000000, 0.000000000000000000 ) ) ;
#2976 = ORIENTED_EDGE ( 'NONE', *, *, #4136, .F. ) ;
#2977 = ORIENTED_EDGE ( 'NONE', *, *, #1717, .F. ) ;
#2978 = VERTEX_POINT ( 'NONE', #4198 ) ;
#2979 = DIRECTION ( 'NONE',  ( 0.000000000000000000, 0.000000000000000000, -1.000000000000000000 ) ) ;
#2980 = ORIENTED_EDGE ( 'NONE', *, *, #1637, .F. ) ;
#2981 = EDGE_CURVE ( 'NONE', #465, #3591, #2983, .T. ) ;
#2982 = EDGE_CURVE ( 'NONE', #93, #4131, #1415, .T. ) ;
#2983 = LINE ( 'NONE', #342, #869 ) ;
#2984 = LINE ( 'NONE', #3041, #478 ) ;
#2985 = LINE ( 'NONE', #58, #3190 ) ;
#2986 = VECTOR ( 'NONE', #280, 1000.000000000000000 ) ;
#2987 = VECTOR ( 'NONE', #856, 1000.000000000000000 ) ;
#2988 = DIRECTION ( 'NONE',  ( -0.5562386247835753306, 0.000000000000000000, 0.8310226184039017916 ) ) ;
#2989 = ORIENTED_EDGE ( 'NONE', *, *, #3038, .F. ) ;
#2990 = DIRECTION ( 'NONE',  ( 0.9384693397969541273, 0.000000000000000000, 0.3453625605954834255 ) ) ;
#2991 = DIRECTION ( 'NONE',  ( -0.4415673862654490578, 0.000000000000000000, -0.8972280888306494173 ) ) ;
#2992 = AXIS2_PLACEMENT_3D ( 'NONE', #1697, #1352, #3971 ) ;
#2993 = EDGE_CURVE ( 'NONE', #2136, #2232, #381, .T. ) ;
#2994 = CIRCLE ( 'NONE', #468, 32.50000000000000000 ) ;
#2995 = ORIENTED_EDGE ( 'NONE', *, *, #1422, .T. ) ;
#2996 = DIRECTION ( 'NONE',  ( 0.000000000000000000, 0.000000000000000000, 1.000000000000000000 ) ) ;
#2997 = DIRECTION ( 'NONE',  ( 0.4067366430758070917, 0.000000000000000000, 0.9135454576425978690 ) ) ;
#2998 = DIRECTION ( 'NONE',  ( 0.000000000000000000, 0.000000000000000000, 1.000000000000000000 ) ) ;
#2999 = VECTOR ( 'NONE', #877, 1000.000000000000114 ) ;
#3000 = ORIENTED_EDGE ( 'NONE', *, *, #1687, .F. ) ;
#3001 = VERTEX_POINT ( 'NONE', #1683 ) ;
#3002 = AXIS2_PLACEMENT_3D ( 'NONE', #1690, #1428, #1748 ) ;
#3003 = DIRECTION ( 'NONE',  ( 0.000000000000000000, 0.000000000000000000, -1.000000000000000000 ) ) ;
#3004 = ORIENTED_EDGE ( 'NONE', *, *, #226, .T. ) ;
#3005 = DIRECTION ( 'NONE',  ( -0.3090169943749573878, 0.000000000000000000, -0.9510565162951503115 ) ) ;
#3006 = CARTESIAN_POINT ( 'NONE',  ( 9.289310318467329353, 0.000000000000000000, -8.364132579485838548 ) ) ;
#3007 = CARTESIAN_POINT ( 'NONE',  ( -2.184465970885643760, 50.00001200000001944, -1.259047450927249789 ) ) ;
#3008 = VERTEX_POINT ( 'NONE', #2571 ) ;
#3009 = CARTESIAN_POINT ( 'NONE',  ( 0.000000000000000000, 50.00000000000000000, 0.000000000000000000 ) ) ;
#3010 = DIRECTION ( 'NONE',  ( 0.8846129582076888154, 0.000000000000000000, -0.4663259741543909764 ) ) ;
#3011 = ORIENTED_EDGE ( 'NONE', *, *, #1400, .T. ) ;
#3012 = ADVANCED_FACE ( 'NONE', ( #682 ), #3876, .T. ) ;
#3013 = LINE ( 'NONE', #2371, #407 ) ;
#3014 = DIRECTION ( 'NONE',  ( 0.000000000000000000, 1.000000000000000000, 0.000000000000000000 ) ) ;
#3015 = CARTESIAN_POINT ( 'NONE',  ( 0.000000000000000000, 50.00000000000000000, 0.000000000000000000 ) ) ;
#3016 = EDGE_CURVE ( 'NONE', #133, #357, #2296, .T. ) ;
#3017 = ORIENTED_EDGE ( 'NONE', *, *, #3373, .F. ) ;
#3018 = EDGE_LOOP ( 'NONE', ( #2185, #1913, #2564, #1770 ) ) ;
#3019 = PLANE ( 'NONE',  #3365 ) ;
#3020 = ORIENTED_EDGE ( 'NONE', *, *, #2145, .F. ) ;
#3021 = ORIENTED_EDGE ( 'NONE', *, *, #4136, .T. ) ;
#3022 = DIRECTION ( 'NONE',  ( -0.3713041585673813039, 0.000000000000000000, -0.9285112933241947974 ) ) ;
#3023 = PERSON_AND_ORGANIZATION ( #18446744073709551615, #2903 ) ;
#3024 = VERTEX_POINT ( 'NONE', #1361 ) ;
#3025 = CARTESIAN_POINT ( 'NONE',  ( 0.000000000000000000, 0.000000000000000000, 0.000000000000000000 ) ) ;
#3026 = CARTESIAN_POINT ( 'NONE',  ( -10.90227706339539004, 0.000000000000000000, 6.116702208006373986 ) ) ;
#3027 = VECTOR ( 'NONE', #4078, 1000.000000000000000 ) ;
#3028 = ORIENTED_EDGE ( 'NONE', *, *, #3789, .F. ) ;
#3029 = CARTESIAN_POINT ( 'NONE',  ( -0.1539190321798654393, 180.7926290564130340, 12.50000000000000000 ) ) ;
#3030 = EDGE_CURVE ( 'NONE', #4197, #1595, #2960, .T. ) ;
#3031 = DIRECTION ( 'NONE',  ( 0.000000000000000000, -1.000000000000000000, 0.000000000000000000 ) ) ;
#3032 = DIRECTION ( 'NONE',  ( 0.000000000000000000, 1.000000000000000000, 0.000000000000000000 ) ) ;
#3033 = VERTEX_POINT ( 'NONE', #886 ) ;
#3034 = CLOSED_SHELL ( 'NONE', ( #2512, #2150, #3118, #1634, #695, #1982, #1347, #4218, #274, #676, #774, #1371, #299, #3244, #3782, #2363, #3899, #144, #639, #4161, #3681, #3864, #145, #3230, #3739, #1584, #2210, #2932, #89, #2208, #745, #1338, #2519, #4209, #3839, #410, #3012, #2125, #2389, #2860, #458, #3892, #928, #3642, #831, #2151, #335, #1055, #1269, #2309, #3977, #3970, #949, #201, #3229, #2830, #2852, #482, #1686, #626, #1186, #1767, #2615, #1152, #4075, #1215, #2507, #2026, #1735, #326, #2718, #3790, #3277, #1948, #2100, #3068, #3688, #1287, #3302, #2959, #3588, #897, #1372, #2342, #2593, #3378, #1927, #1523, #2170, #2670, #2212, #1246, #746, #2940, #486, #2068, #1007, #1560, #1241, #2691, #4130, #1973, #715, #1206, #1837, #1134, #1027, #2749, #3351, #3997, #571, #2484, #1662, #2429, #1502, #2046, #3196, #2341, #3913, #3507, #95, #1922, #1667, #2957 ) ) ;
#3035 = ORIENTED_EDGE ( 'NONE', *, *, #1590, .T. ) ;
#3036 = ORIENTED_EDGE ( 'NONE', *, *, #2315, .T. ) ;
#3037 = DIRECTION ( 'NONE',  ( 0.000000000000000000, 0.000000000000000000, -1.000000000000000000 ) ) ;
#3038 = EDGE_CURVE ( 'NONE', #2978, #4089, #1481, .T. ) ;
#3039 = EDGE_CURVE ( 'NONE', #3555, #1572, #4102, .T. ) ;
#3040 = VERTEX_POINT ( 'NONE', #1460 ) ;
#3041 = CARTESIAN_POINT ( 'NONE',  ( 11.88820645368937967, 50.00000000000000000, -3.862712429686967486 ) ) ;
#3042 = COORDINATED_UNIVERSAL_TIME_OFFSET ( 5, 0, .BEHIND. ) ;
#3043 = VERTEX_POINT ( 'NONE', #1113 ) ;
#3044 = CARTESIAN_POINT ( 'NONE',  ( 0.000000000000000000, 0.000000000000000000, 0.000000000000000000 ) ) ;
#3045 = CARTESIAN_POINT ( 'NONE',  ( 31.18212300637043910, 50.00000000000000000, 9.161070069352383882 ) ) ;
#3046 = LOCAL_TIME ( 0, 57, 21.00000000000000000, #1424 ) ;
#3047 = VECTOR ( 'NONE', #1308, 1000.000000000000000 ) ;
#3048 = VERTEX_POINT ( 'NONE', #1851 ) ;
#3049 = VECTOR ( 'NONE', #2036, 999.9999999999998863 ) ;
#3050 = LINE ( 'NONE', #1105, #2858 ) ;
#3051 = CARTESIAN_POINT ( 'NONE',  ( -2.749451667256011422, 180.7926290564130340, -12.19484344294301970 ) ) ;
#3052 = DIRECTION ( 'NONE',  ( -0.1701419189067505389, 0.000000000000000000, -0.9854195692347136326 ) ) ;
#3053 = ORIENTED_EDGE ( 'NONE', *, *, #1790, .T. ) ;
#3054 = VECTOR ( 'NONE', #1587, 999.9999999999998863 ) ;
#3055 = ORIENTED_EDGE ( 'NONE', *, *, #2648, .T. ) ;
#3056 = ORIENTED_EDGE ( 'NONE', *, *, #566, .F. ) ;
#3057 = DIRECTION ( 'NONE',  ( -0.000000000000000000, -1.000000000000000000, 0.000000000000000000 ) ) ;
#3058 = FACE_BOUND ( 'NONE', #2607, .T. ) ;
#3059 = VECTOR ( 'NONE', #1633, 1000.000000000000114 ) ;
#3060 = VECTOR ( 'NONE', #2366, 1000.000000000000000 ) ;
#3061 = ORIENTED_EDGE ( 'NONE', *, *, #385, .F. ) ;
#3062 = EDGE_CURVE ( 'NONE', #2065, #864, #1178, .T. ) ;
#3063 = EDGE_CURVE ( 'NONE', #768, #4051, #401, .T. ) ;
#3064 = FACE_OUTER_BOUND ( 'NONE', #2394, .T. ) ;
#3065 =( NAMED_UNIT ( * ) SI_UNIT ( $, .STERADIAN. ) SOLID_ANGLE_UNIT ( ) );
#3066 = VECTOR ( 'NONE', #1019, 1000.000000000000000 ) ;
#3067 = AXIS2_PLACEMENT_3D ( 'NONE', #2425, #1091, #153 ) ;
#3068 = ADVANCED_FACE ( 'NONE', ( #2475 ), #2140, .T. ) ;
#3069 = ORIENTED_EDGE ( 'NONE', *, *, #3639, .F. ) ;
#3070 = PLANE ( 'NONE',  #2109 ) ;
#3071 = CARTESIAN_POINT ( 'NONE',  ( 12.37030416825264645, 180.7926290564130340, -30.05371149766549976 ) ) ;
#3072 = CARTESIAN_POINT ( 'NONE',  ( -0.08898658541610388051, 50.00000000000000000, -0.3145542636048566099 ) ) ;
#3073 = CARTESIAN_POINT ( 'NONE',  ( -2.448340603187992848, 50.00000000000000000, -12.25884657540212075 ) ) ;
#3074 = CARTESIAN_POINT ( 'NONE',  ( -9.289310318467386196, 0.000000000000000000, 8.364132579485774599 ) ) ;
#3075 = CARTESIAN_POINT ( 'NONE',  ( 0.000000000000000000, 50.00000000000000000, 0.000000000000000000 ) ) ;
#3076 = ORIENTED_EDGE ( 'NONE', *, *, #2915, .T. ) ;
#3077 = ORIENTED_EDGE ( 'NONE', *, *, #2070, .F. ) ;
#3078 = ORIENTED_EDGE ( 'NONE', *, *, #2937, .T. ) ;
#3079 = CYLINDRICAL_SURFACE ( 'NONE', #1190, 32.50000000000000000 ) ;
#3080 = LINE ( 'NONE', #2755, #2850 ) ;
#3081 = ORIENTED_EDGE ( 'NONE', *, *, #1718, .F. ) ;
#3082 = DIRECTION ( 'NONE',  ( -0.6691306063588569053, 0.000000000000000000, 0.7431448254773954654 ) ) ;
#3083 = DIRECTION ( 'NONE',  ( 0.000000000000000000, 0.000000000000000000, -1.000000000000000000 ) ) ;
#3084 = EDGE_CURVE ( 'NONE', #3429, #1529, #1074, .T. ) ;
#3085 = DIRECTION ( 'NONE',  ( 0.000000000000000000, 0.000000000000000000, -1.000000000000000000 ) ) ;
#3086 = EDGE_CURVE ( 'NONE', #980, #1754, #1760, .T. ) ;
#3087 = EDGE_CURVE ( 'NONE', #2545, #1798, #2734, .T. ) ;
#3088 = ORIENTED_EDGE ( 'NONE', *, *, #433, .F. ) ;
#3089 = DIRECTION ( 'NONE',  ( 0.000000000000000000, -1.000000000000000000, -0.000000000000000000 ) ) ;
#3090 = CARTESIAN_POINT ( 'NONE',  ( 0.000000000000000000, 50.00000000000000000, 0.000000000000000000 ) ) ;
#3091 = EDGE_CURVE ( 'NONE', #2059, #2483, #3080, .T. ) ;
#3092 = EDGE_CURVE ( 'NONE', #3024, #1827, #1160, .T. ) ;
#3093 = CARTESIAN_POINT ( 'NONE',  ( 7.657342097276056414, 50.00000000000000000, -31.58504570212435780 ) ) ;
#3094 = PLANE ( 'NONE',  #1971 ) ;
#3095 = DIRECTION ( 'NONE',  ( 0.7683274208902158842, -0.000000000000000000, 0.6400570086392219915 ) ) ;
#3096 = DIRECTION ( 'NONE',  ( 0.000000000000000000, 0.000000000000000000, 1.000000000000000000 ) ) ;
#3097 = ORIENTED_EDGE ( 'NONE', *, *, #3515, .T. ) ;
#3098 = VECTOR ( 'NONE', #2456, 1000.000000000000000 ) ;
#3099 = ORIENTED_EDGE ( 'NONE', *, *, #2461, .F. ) ;
#3100 = ORIENTED_EDGE ( 'NONE', *, *, #3395, .T. ) ;
#3101 = CARTESIAN_POINT ( 'NONE',  ( 24.76014394513150663, 180.7926290564130340, -21.05196598459079382 ) ) ;
#3102 = FACE_OUTER_BOUND ( 'NONE', #3889, .T. ) ;
#3103 = VECTOR ( 'NONE', #3900, 1000.000000000000114 ) ;
#3104 = AXIS2_PLACEMENT_3D ( 'NONE', #1988, #3858, #3545 ) ;
#3105 = VERTEX_POINT ( 'NONE', #3802 ) ;
#3106 = VERTEX_POINT ( 'NONE', #2457 ) ;
#3107 = FACE_OUTER_BOUND ( 'NONE', #4174, .T. ) ;
#3108 = CARTESIAN_POINT ( 'NONE',  ( -24.76014394513180861, 180.7926290564130340, -21.05196598459043145 ) ) ;
#3109 = APPROVAL_DATE_TIME ( #1768, #3219 ) ;
#3110 = EDGE_CURVE ( 'NONE', #567, #1044, #3757, .T. ) ;
#3111 = ORIENTED_EDGE ( 'NONE', *, *, #1379, .T. ) ;
#3112 = FACE_OUTER_BOUND ( 'NONE', #2910, .T. ) ;
#3113 = CARTESIAN_POINT ( 'NONE',  ( 0.000000000000000000, 50.00000000000000000, 0.000000000000000000 ) ) ;
#3114 = EDGE_CURVE ( 'NONE', #3931, #3235, #501, .T. ) ;
#3115 = DIRECTION ( 'NONE',  ( -0.000000000000000000, -1.000000000000000000, -0.000000000000000000 ) ) ;
#3116 = DIRECTION ( 'NONE',  ( -0.000000000000000000, -1.000000000000000000, -0.000000000000000000 ) ) ;
#3117 = AXIS2_PLACEMENT_3D ( 'NONE', #2241, #3223, #1278 ) ;
#3118 = ADVANCED_FACE ( 'NONE', ( #3058, #3102 ), #4036, .T. ) ;
#3119 = CARTESIAN_POINT ( 'NONE',  ( -4.943596005754764988, 0.000000000000000000, 11.48192273098685590 ) ) ;
#3120 = DIRECTION ( 'NONE',  ( 0.6972142673704079252, 0.000000000000000000, 0.7168627939676778249 ) ) ;
#3121 = ORIENTED_EDGE ( 'NONE', *, *, #1214, .T. ) ;
#3122 = CIRCLE ( 'NONE', #2701, 32.50000000000000000 ) ;
#3123 = ORIENTED_EDGE ( 'NONE', *, *, #3062, .T. ) ;
#3124 = EDGE_LOOP ( 'NONE', ( #2076, #699, #3193, #3574 ) ) ;
#3125 = CARTESIAN_POINT ( 'NONE',  ( -7.222792540864672262, 180.7926290564130340, -10.20318376684929085 ) ) ;
#3126 = EDGE_CURVE ( 'NONE', #3496, #2397, #2107, .T. ) ;
#3127 = DIRECTION ( 'NONE',  ( 0.000000000000000000, 1.000000000000000000, 0.000000000000000000 ) ) ;
#3128 = VECTOR ( 'NONE', #2290, 1000.000000000000000 ) ;
#3129 = EDGE_LOOP ( 'NONE', ( #3056, #451, #4214, #526 ) ) ;
#3130 = ORIENTED_EDGE ( 'NONE', *, *, #1868, .F. ) ;
#3131 = AXIS2_PLACEMENT_3D ( 'NONE', #2742, #3412, #1492 ) ;
#3132 = CARTESIAN_POINT ( 'NONE',  ( -0.9231105439641030808, 0.000000000000000000, -32.48688761521519552 ) ) ;
#3133 = LINE ( 'NONE', #3156, #4088 ) ;
#3134 = AXIS2_PLACEMENT_3D ( 'NONE', #2745, #3728, #813 ) ;
#3135 = ORIENTED_EDGE ( 'NONE', *, *, #763, .F. ) ;
#3136 = VECTOR ( 'NONE', #1515, 1000.000000000000114 ) ;
#3137 = DIRECTION ( 'NONE',  ( -0.03845633904162162192, 0.000000000000000000, -0.9992602814019556634 ) ) ;
#3138 = CARTESIAN_POINT ( 'NONE',  ( -14.05691105693383847, 180.7926290564130340, -29.30278572998565778 ) ) ;
#3139 = DIRECTION ( 'NONE',  ( 0.8461566191660713221, 0.000000000000000000, 0.5329343072475669629 ) ) ;
#3140 = VECTOR ( 'NONE', #3953, 1000.000000000000000 ) ;
#3141 = CARTESIAN_POINT ( 'NONE',  ( 23.52478090909359310, 50.00000000000000000, -22.42397563277185313 ) ) ;
#3142 = CARTESIAN_POINT ( 'NONE',  ( 0.000000000000000000, 50.00000000000000000, 0.000000000000000000 ) ) ;
#3143 = DIRECTION ( 'NONE',  ( 0.000000000000000000, 0.000000000000000000, 1.000000000000000000 ) ) ;
#3144 = DIRECTION ( 'NONE',  ( 0.000000000000000000, 0.000000000000000000, -1.000000000000000000 ) ) ;
#3145 = EDGE_CURVE ( 'NONE', #1286, #3471, #1011, .T. ) ;
#3146 = ORIENTED_EDGE ( 'NONE', *, *, #3092, .F. ) ;
#3147 = EDGE_CURVE ( 'NONE', #1244, #3429, #1910, .T. ) ;
#3148 = ORIENTED_EDGE ( 'NONE', *, *, #2805, .F. ) ;
#3149 = ORIENTED_EDGE ( 'NONE', *, *, #924, .T. ) ;
#3150 = DIRECTION ( 'NONE',  ( -0.9622366644075653896, 0.000000000000000000, -0.2722142569187040451 ) ) ;
#3151 = CARTESIAN_POINT ( 'NONE',  ( 0.3272492347489368569, 50.00001199999999812, 2.499999999999999556 ) ) ;
#3152 = ORIENTED_EDGE ( 'NONE', *, *, #2688, .T. ) ;
#3153 = ORIENTED_EDGE ( 'NONE', *, *, #3557, .T. ) ;
#3154 = ORIENTED_EDGE ( 'NONE', *, *, #2964, .F. ) ;
#3155 = CARTESIAN_POINT ( 'NONE',  ( 7.222792540864527489, 0.000000000000000000, -10.20318376684939210 ) ) ;
#3156 = CARTESIAN_POINT ( 'NONE',  ( -31.18212300637036094, 180.7926290564130340, -9.161070069352597045 ) ) ;
#3157 = ORIENTED_EDGE ( 'NONE', *, *, #1610, .F. ) ;
#3158 = DIRECTION ( 'NONE',  ( 0.9622366644075673880, -0.000000000000000000, 0.2722142569186973837 ) ) ;
#3159 = DIRECTION ( 'NONE',  ( -0.9945218953682730678, 0.000000000000000000, 0.1045284632676570791 ) ) ;
#3160 = LINE ( 'NONE', #4200, #2986 ) ;
#3161 = CYLINDRICAL_SURFACE ( 'NONE', #1680, 32.50000000000000000 ) ;
#3162 = DIRECTION ( 'NONE',  ( -0.000000000000000000, -1.000000000000000000, -0.000000000000000000 ) ) ;
#3163 = DIRECTION ( 'NONE',  ( -0.8090169943749545567, 0.000000000000000000, -0.5877852522924632561 ) ) ;
#3164 = CARTESIAN_POINT ( 'NONE',  ( 0.000000000000000000, 0.000000000000000000, 0.000000000000000000 ) ) ;
#3165 = EDGE_LOOP ( 'NONE', ( #3436, #716, #1203, #3153 ) ) ;
#3166 = EDGE_CURVE ( 'NONE', #3912, #525, #3489, .T. ) ;
#3167 = VERTEX_POINT ( 'NONE', #2583 ) ;
#3168 = CARTESIAN_POINT ( 'NONE',  ( 0.08898658541609977268, 0.000000000000000000, -0.3145542636048586638 ) ) ;
#3169 = CARTESIAN_POINT ( 'NONE',  ( 0.000000000000000000, 0.000000000000000000, 0.000000000000000000 ) ) ;
#3170 = ORIENTED_EDGE ( 'NONE', *, *, #818, .F. ) ;
#3171 = ORIENTED_EDGE ( 'NONE', *, *, #588, .F. ) ;
#3172 = VECTOR ( 'NONE', #547, 999.9999999999998863 ) ;
#3173 = DIRECTION ( 'NONE',  ( 0.2453738704398856774, -0.000000000000000000, 0.9694285242891041987 ) ) ;
#3174 = DIRECTION ( 'NONE',  ( 0.5877852522924797984, 0.000000000000000000, 0.8090169943749426773 ) ) ;
#3175 = EDGE_CURVE ( 'NONE', #3443, #3492, #1267, .T. ) ;
#3176 = EDGE_CURVE ( 'NONE', #361, #3868, #612, .T. ) ;
#3177 = EDGE_CURVE ( 'NONE', #1477, #616, #8, .T. ) ;
#3178 = ORIENTED_EDGE ( 'NONE', *, *, #1414, .T. ) ;
#3179 = DIRECTION ( 'NONE',  ( -0.2722142569187173122, 0.000000000000000000, -0.9622366644075618369 ) ) ;
#3180 = LINE ( 'NONE', #256, #3340 ) ;
#3181 = LINE ( 'NONE', #1189, #3862 ) ;
#3182 = CARTESIAN_POINT ( 'NONE',  ( 0.000000000000000000, 50.00000000000000000, 0.000000000000000000 ) ) ;
#3183 = CARTESIAN_POINT ( 'NONE',  ( 28.59602523664828411, 50.00000000000000000, -15.44400662603377050 ) ) ;
#3184 = PLANE ( 'NONE',  #2644 ) ;
#3185 = FACE_OUTER_BOUND ( 'NONE', #2359, .T. ) ;
#3186 = ORIENTED_EDGE ( 'NONE', *, *, #91, .F. ) ;
#3187 = ORIENTED_EDGE ( 'NONE', *, *, #1374, .F. ) ;
#3188 = DIRECTION ( 'NONE',  ( 0.9897664470031851680, 0.000000000000000000, -0.1426968128119579793 ) ) ;
#3189 = DIRECTION ( 'NONE',  ( -0.000000000000000000, -1.000000000000000000, -0.000000000000000000 ) ) ;
#3190 = VECTOR ( 'NONE', #642, 1000.000000000000000 ) ;
#3191 = CIRCLE ( 'NONE', #1350, 32.50000000000000000 ) ;
#3192 = ORIENTED_EDGE ( 'NONE', *, *, #147, .F. ) ;
#3193 = ORIENTED_EDGE ( 'NONE', *, *, #1028, .T. ) ;
#3194 = DIRECTION ( 'NONE',  ( -0.1426968128119514567, 0.000000000000000000, -0.9897664470031861672 ) ) ;
#3195 = DIRECTION ( 'NONE',  ( 0.3713041585673621525, 0.000000000000000000, -0.9285112933242024580 ) ) ;
#3196 = ADVANCED_FACE ( 'NONE', ( #1594 ), #268, .T. ) ;
#3197 = VECTOR ( 'NONE', #2969, 1000.000000000000000 ) ;
#3198 = ORIENTED_EDGE ( 'NONE', *, *, #4041, .T. ) ;
#3199 = EDGE_CURVE ( 'NONE', #1548, #1244, #2270, .T. ) ;
#3200 = DIRECTION ( 'NONE',  ( 0.000000000000000000, -1.000000000000000000, 0.000000000000000000 ) ) ;
#3201 = LINE ( 'NONE', #279, #1298 ) ;
#3202 = DIRECTION ( 'NONE',  ( 0.5562386247835812147, 0.000000000000000000, 0.8310226184038977948 ) ) ;
#3203 = VECTOR ( 'NONE', #3294, 1000.000000000000000 ) ;
#3204 = EDGE_CURVE ( 'NONE', #3695, #1595, #3866, .T. ) ;
#3205 = AXIS2_PLACEMENT_3D ( 'NONE', #2834, #533, #1834 ) ;
#3206 = CARTESIAN_POINT ( 'NONE',  ( 31.18212300637042489, 180.7926290564130340, 9.161070069352378553 ) ) ;
#3207 = FACE_OUTER_BOUND ( 'NONE', #459, .T. ) ;
#3208 = CARTESIAN_POINT ( 'NONE',  ( 2.749451667255840004, 50.00000000000000000, -12.19484344294305700 ) ) ;
#3209 = DIRECTION ( 'NONE',  ( -0.000000000000000000, 1.000000000000000000, -0.000000000000000000 ) ) ;
#3210 = VECTOR ( 'NONE', #142, 1000.000000000000000 ) ;
#3211 = VERTEX_POINT ( 'NONE', #633 ) ;
#3212 = AXIS2_PLACEMENT_3D ( 'NONE', #2769, #3032, #3991 ) ;
#3213 = DIRECTION ( 'NONE',  ( -0.6184622884358139672, 0.000000000000000000, -0.7858144805122492249 ) ) ;
#3214 = DIRECTION ( 'NONE',  ( 0.1701419189067300275, 0.000000000000000000, -0.9854195692347171853 ) ) ;
#3215 = ORIENTED_EDGE ( 'NONE', *, *, #4167, .T. ) ;
#3216 = EDGE_LOOP ( 'NONE', ( #3236, #2023, #1650, #3512 ) ) ;
#3217 = LINE ( 'NONE', #2256, #2019 ) ;
#3218 = ORIENTED_EDGE ( 'NONE', *, *, #1896, .T. ) ;
#3219 = APPROVAL ( #2786, 'Coincident' ) ;
#3220 = EDGE_CURVE ( 'NONE', #1104, #3580, #2843, .T. ) ;
#3221 = CARTESIAN_POINT ( 'NONE',  ( 0.3266572492947953932, 0.000000000000000000, -0.01257134118416045054 ) ) ;
#3222 = CARTESIAN_POINT ( 'NONE',  ( -7.347315653655927647, 50.00000000000000000, -10.11271242968683381 ) ) ;
#3223 = DIRECTION ( 'NONE',  ( -0.8660254037844363761, 0.000000000000000000, 0.5000000000000039968 ) ) ;
#3224 = EDGE_LOOP ( 'NONE', ( #3778, #291, #911, #388 ) ) ;
#3225 = DIRECTION ( 'NONE',  ( 0.000000000000000000, 0.000000000000000000, -1.000000000000000000 ) ) ;
#3226 = CARTESIAN_POINT ( 'NONE',  ( 2.448340603188076336, 180.7926290564130340, 12.25884657540210121 ) ) ;
#3227 = CARTESIAN_POINT ( 'NONE',  ( -2.448340603187992848, 180.7926290564130340, -12.25884657540212075 ) ) ;
#3228 = LINE ( 'NONE', #3884, #2635 ) ;
#3229 = ADVANCED_FACE ( 'NONE', ( #1226 ), #2525, .T. ) ;
#3230 = ADVANCED_FACE ( 'NONE', ( #309 ), #908, .T. ) ;
#3231 = VERTEX_POINT ( 'NONE', #3569 ) ;
#3232 = LINE ( 'NONE', #2310, #2651 ) ;
#3233 = DIRECTION ( 'NONE',  ( -0.9978060110490279966, 0.000000000000000000, -0.06620547042674784777 ) ) ;
#3234 = ORIENTED_EDGE ( 'NONE', *, *, #830, .T. ) ;
#3235 = VERTEX_POINT ( 'NONE', #652 ) ;
#3236 = ORIENTED_EDGE ( 'NONE', *, *, #4211, .F. ) ;
#3237 = DIRECTION ( 'NONE',  ( -0.000000000000000000, -1.000000000000000000, -0.000000000000000000 ) ) ;
#3238 = VECTOR ( 'NONE', #3871, 1000.000000000000000 ) ;
#3239 = ORIENTED_EDGE ( 'NONE', *, *, #2002, .F. ) ;
#3240 = LINE ( 'NONE', #1301, #1486 ) ;
#3241 = CARTESIAN_POINT ( 'NONE',  ( -5.851465369695153740, 50.00000000000000000, 31.96889665013884851 ) ) ;
#3242 = DIRECTION ( 'NONE',  ( -0.03845633904162162192, 0.000000000000000000, -0.9992602814019556634 ) ) ;
#3243 = VECTOR ( 'NONE', #2575, 1000.000000000000114 ) ;
#3244 = ADVANCED_FACE ( 'NONE', ( #2872 ), #2934, .T. ) ;
#3245 = DIRECTION ( 'NONE',  ( 0.9622366644075673880, -0.000000000000000000, 0.2722142569186973837 ) ) ;
#3246 = LINE ( 'NONE', #2, #66 ) ;
#3247 = DIRECTION ( 'NONE',  ( 0.000000000000000000, -1.000000000000000000, -0.000000000000000000 ) ) ;
#3248 = CARTESIAN_POINT ( 'NONE',  ( -5.851465369695389995, 50.00000000000000000, -31.96889665013880588 ) ) ;
#3249 = EDGE_CURVE ( 'NONE', #4032, #1044, #3508, .T. ) ;
#3250 = EDGE_LOOP ( 'NONE', ( #2455, #3289, #1111, #914 ) ) ;
#3251 = EDGE_CURVE ( 'NONE', #497, #3008, #1311, .T. ) ;
#3252 = CARTESIAN_POINT ( 'NONE',  ( 31.18212300637042489, 180.7926290564130340, 9.161070069352378553 ) ) ;
#3253 = CARTESIAN_POINT ( 'NONE',  ( 0.000000000000000000, 50.00000000000000000, 0.000000000000000000 ) ) ;
#3254 = VERTEX_POINT ( 'NONE', #2543 ) ;
#3255 = VERTEX_POINT ( 'NONE', #3844 ) ;
#3256 = FACE_OUTER_BOUND ( 'NONE', #336, .T. ) ;
#3257 = AXIS2_PLACEMENT_3D ( 'NONE', #220, #1882, #563 ) ;
#3258 = ORIENTED_EDGE ( 'NONE', *, *, #3685, .F. ) ;
#3259 = AXIS2_PLACEMENT_3D ( 'NONE', #1802, #3127, #3441 ) ;
#3260 = DIRECTION ( 'NONE',  ( 0.8846129582076956988, 0.000000000000000000, 0.4663259741543780423 ) ) ;
#3261 = DIRECTION ( 'NONE',  ( 1.000000000000000000, 0.000000000000000000, 0.000000000000000000 ) ) ;
#3262 = DIRECTION ( 'NONE',  ( -0.9978060110490279966, 0.000000000000000000, -0.06620547042674784777 ) ) ;
#3263 = VECTOR ( 'NONE', #2600, 1000.000000000000000 ) ;
#3264 = CARTESIAN_POINT ( 'NONE',  ( -0.3035294714114935011, 0.000000000000000000, 0.1213789813792755246 ) ) ;
#3265 = ORIENTED_EDGE ( 'NONE', *, *, #1028, .F. ) ;
#3266 = VECTOR ( 'NONE', #2951, 1000.000000000000000 ) ;
#3267 = LINE ( 'NONE', #2618, #685 ) ;
#3268 = LINE ( 'NONE', #2367, #1421 ) ;
#3269 = DIRECTION ( 'NONE',  ( -0.5877852522924689183, 0.000000000000000000, 0.8090169943749504489 ) ) ;
#3270 = AXIS2_PLACEMENT_3D ( 'NONE', #3009, #3347, #3722 ) ;
#3271 = ORIENTED_EDGE ( 'NONE', *, *, #3283, .F. ) ;
#3272 = DIRECTION ( 'NONE',  ( 0.7168627939676878169, 0.000000000000000000, 0.6972142673703976001 ) ) ;
#3273 = EDGE_CURVE ( 'NONE', #1299, #546, #926, .T. ) ;
#3274 = DIRECTION ( 'NONE',  ( 0.000000000000000000, 1.000000000000000000, 0.000000000000000000 ) ) ;
#3275 = CIRCLE ( 'NONE', #4157, 32.50000000000000000 ) ;
#3276 = CARTESIAN_POINT ( 'NONE',  ( 0.000000000000000000, 50.00000000000000000, 0.000000000000000000 ) ) ;
#3277 = ADVANCED_FACE ( 'NONE', ( #3632 ), #2334, .T. ) ;
#3278 = AXIS2_PLACEMENT_3D ( 'NONE', #1725, #2398, #2345 ) ;
#3279 = EDGE_LOOP ( 'NONE', ( #3537, #801, #2252, #4120 ) ) ;
#3280 = ORIENTED_EDGE ( 'NONE', *, *, #457, .T. ) ;
#3281 = DIRECTION ( 'NONE',  ( -0.8846129582076855957, 0.000000000000000000, 0.4663259741543971937 ) ) ;
#3282 = EDGE_CURVE ( 'NONE', #3043, #4125, #1008, .T. ) ;
#3283 = EDGE_CURVE ( 'NONE', #1162, #3255, #414, .T. ) ;
#3284 = ORIENTED_EDGE ( 'NONE', *, *, #15, .F. ) ;
#3285 = CARTESIAN_POINT ( 'NONE',  ( 0.000000000000000000, 0.000000000000000000, 0.000000000000000000 ) ) ;
#3286 = CARTESIAN_POINT ( 'NONE',  ( 0.02164250622223018103, 0.000000000000000000, -0.3261818496796392575 ) ) ;
#3287 = LINE ( 'NONE', #1020, #940 ) ;
#3288 = CARTESIAN_POINT ( 'NONE',  ( 0.1539190321798654115, 50.00000000000000000, -12.50000000000000000 ) ) ;
#3289 = ORIENTED_EDGE ( 'NONE', *, *, #2384, .T. ) ;
#3290 = DIRECTION ( 'NONE',  ( 0.000000000000000000, 0.000000000000000000, 1.000000000000000000 ) ) ;
#3291 = LINE ( 'NONE', #369, #3332 ) ;
#3292 = DIRECTION ( 'NONE',  ( -0.4415673862654490578, 0.000000000000000000, -0.8972280888306494173 ) ) ;
#3293 = ORIENTED_EDGE ( 'NONE', *, *, #4023, .F. ) ;
#3294 = DIRECTION ( 'NONE',  ( 0.7168627939676778249, 0.000000000000000000, -0.6972142673704079252 ) ) ;
#3295 = DIRECTION ( 'NONE',  ( 0.000000000000000000, -1.000000000000000000, 0.000000000000000000 ) ) ;
#3296 = FACE_OUTER_BOUND ( 'NONE', #884, .T. ) ;
#3297 = ORIENTED_EDGE ( 'NONE', *, *, #2054, .F. ) ;
#3298 = ORIENTED_EDGE ( 'NONE', *, *, #1317, .T. ) ;
#3299 = VERTEX_POINT ( 'NONE', #27 ) ;
#3300 = FACE_OUTER_BOUND ( 'NONE', #2569, .T. ) ;
#3301 = ORIENTED_EDGE ( 'NONE', *, *, #3923, .F. ) ;
#3302 = ADVANCED_FACE ( 'NONE', ( #4011 ), #2014, .T. ) ;
#3303 = DIRECTION ( 'NONE',  ( 0.000000000000000000, 0.000000000000000000, 1.000000000000000000 ) ) ;
#3304 = FACE_OUTER_BOUND ( 'NONE', #2327, .T. ) ;
#3305 = LINE ( 'NONE', #3006, #1070 ) ;
#3306 = DIRECTION ( 'NONE',  ( 0.7168627939676778249, 0.000000000000000000, -0.6972142673704079252 ) ) ;
#3307 = EDGE_LOOP ( 'NONE', ( #155, #3483, #2946, #294 ) ) ;
#3308 = LINE ( 'NONE', #389, #1227 ) ;
#3309 = CARTESIAN_POINT ( 'NONE',  ( -0.3266572492947958373, 50.00000000000000000, -0.01257134118416023717 ) ) ;
#3310 = AXIS2_PLACEMENT_3D ( 'NONE', #1342, #3445, #1711 ) ;
#3311 = EDGE_LOOP ( 'NONE', ( #3735, #1967, #3053, #727 ) ) ;
#3312 = LINE ( 'NONE', #392, #2043 ) ;
#3313 = CARTESIAN_POINT ( 'NONE',  ( -11.93577005039075978, 50.00000000000000000, -3.716326731150298546 ) ) ;
#3314 = CARTESIAN_POINT ( 'NONE',  ( 0.9231105439640796551, 180.8028096028521645, -32.48688761521519552 ) ) ;
#3315 = ORIENTED_EDGE ( 'NONE', *, *, #1399, .T. ) ;
#3316 = ORIENTED_EDGE ( 'NONE', *, *, #2476, .F. ) ;
#3317 = CARTESIAN_POINT ( 'NONE',  ( 9.392302253800181688, 50.00000000000000000, 8.249748447178685495 ) ) ;
#3318 = VERTEX_POINT ( 'NONE', #2372 ) ;
#3319 = AXIS2_PLACEMENT_3D ( 'NONE', #2173, #235, #3139 ) ;
#3320 = DIRECTION ( 'NONE',  ( 0.000000000000000000, 1.000000000000000000, 0.000000000000000000 ) ) ;
#3321 = DIRECTION ( 'NONE',  ( 0.000000000000000000, -1.000000000000000000, -0.000000000000000000 ) ) ;
#3322 = EDGE_CURVE ( 'NONE', #757, #127, #2703, .T. ) ;
#3323 = CIRCLE ( 'NONE', #4139, 32.50000000000000000 ) ;
#3324 = EDGE_CURVE ( 'NONE', #3741, #757, #673, .T. ) ;
#3325 = AXIS2_PLACEMENT_3D ( 'NONE', #1818, #543, #585 ) ;
#3326 = DIRECTION ( 'NONE',  ( -0.9135454576426059736, 0.000000000000000000, -0.4067366430757887730 ) ) ;
#3327 = EDGE_LOOP ( 'NONE', ( #2213, #484, #3929, #1437 ) ) ;
#3328 = CARTESIAN_POINT ( 'NONE',  ( -7.471838766447190139, 50.00000000000000000, -10.02224109252437323 ) ) ;
#3329 = PLANE ( 'NONE',  #2783 ) ;
#3330 = CIRCLE ( 'NONE', #1489, 32.50000000000000000 ) ;
#3331 = EDGE_CURVE ( 'NONE', #2348, #100, #3335, .T. ) ;
#3332 = VECTOR ( 'NONE', #3010, 1000.000000000000114 ) ;
#3333 = ORIENTED_EDGE ( 'NONE', *, *, #3486, .T. ) ;
#3334 = DIRECTION ( 'NONE',  ( 0.1701419189067438220, 0.000000000000000000, 0.9854195692347149649 ) ) ;
#3335 = LINE ( 'NONE', #1969, #3388 ) ;
#3336 = FACE_OUTER_BOUND ( 'NONE', #2739, .T. ) ;
#3337 = CIRCLE ( 'NONE', #680, 32.50000000000000000 ) ;
#3338 = ORIENTED_EDGE ( 'NONE', *, *, #2021, .T. ) ;
#3339 = ORIENTED_EDGE ( 'NONE', *, *, #3091, .T. ) ;
#3340 = VECTOR ( 'NONE', #1557, 1000.000000000000000 ) ;
#3341 = DIRECTION ( 'NONE',  ( 0.000000000000000000, 0.000000000000000000, -1.000000000000000000 ) ) ;
#3342 = AXIS2_PLACEMENT_3D ( 'NONE', #1097, #3699, #2676 ) ;
#3343 = ORIENTED_EDGE ( 'NONE', *, *, #2719, .T. ) ;
#3344 = CARTESIAN_POINT ( 'NONE',  ( -5.084208038447513012, 0.000000000000000000, -11.41931822053250656 ) ) ;
#3345 = EDGE_CURVE ( 'NONE', #1360, #1856, #46, .T. ) ;
#3346 = ORIENTED_EDGE ( 'NONE', *, *, #250, .F. ) ;
#3347 = DIRECTION ( 'NONE',  ( -0.000000000000000000, -1.000000000000000000, -0.000000000000000000 ) ) ;
#3348 = DIRECTION ( 'NONE',  ( 0.9781476007338069101, 0.000000000000000000, 0.2079116908177532086 ) ) ;
#3349 = VERTEX_POINT ( 'NONE', #3313 ) ;
#3350 = CARTESIAN_POINT ( 'NONE',  ( -28.59602523664851503, 50.00000000000000000, -15.44400662603334595 ) ) ;
#3351 = ADVANCED_FACE ( 'NONE', ( #2705 ), #3951, .T. ) ;
#3352 = EDGE_CURVE ( 'NONE', #2065, #3910, #3330, .T. ) ;
#3353 = CARTESIAN_POINT ( 'NONE',  ( -0.3035294714114936121, 50.00000000000000000, -0.1213789813792729017 ) ) ;
#3354 = CARTESIAN_POINT ( 'NONE',  ( -0.2092340361418271177, 50.00000000000000000, -0.2511655136674056932 ) ) ;
#3355 = ORIENTED_EDGE ( 'NONE', *, *, #4182, .F. ) ;
#3356 = EDGE_LOOP ( 'NONE', ( #4155, #3571, #573, #3017 ) ) ;
#3357 = DIRECTION ( 'NONE',  ( -0.7168627939676925909, 0.000000000000000000, -0.6972142673703927152 ) ) ;
#3358 = VERTEX_POINT ( 'NONE', #355 ) ;
#3359 = LINE ( 'NONE', #118, #2385 ) ;
#3360 = SECURITY_CLASSIFICATION_LEVEL ( 'unclassified' ) ;
#3361 = EDGE_LOOP ( 'NONE', ( #1328, #3905, #2120, #3983 ) ) ;
#3362 = CARTESIAN_POINT ( 'NONE',  ( 0.000000000000000000, 50.00000000000000000, 0.000000000000000000 ) ) ;
#3363 = CARTESIAN_POINT ( 'NONE',  ( 32.40541237228661231, 50.00000000000000000, -2.477750790950143944 ) ) ;
#3364 = VECTOR ( 'NONE', #3657, 1000.000000000000114 ) ;
#3365 = AXIS2_PLACEMENT_3D ( 'NONE', #3376, #2041, #2690 ) ;
#3366 = VERTEX_POINT ( 'NONE', #1032 ) ;
#3367 = PLANE ( 'NONE',  #1222 ) ;
#3368 = LINE ( 'NONE', #1817, #2374 ) ;
#3369 = DIRECTION ( 'NONE',  ( 0.000000000000000000, 0.000000000000000000, 1.000000000000000000 ) ) ;
#3370 = EDGE_CURVE ( 'NONE', #3875, #3930, #1393, .T. ) ;
#3371 = VERTEX_POINT ( 'NONE', #3926 ) ;
#3372 = VECTOR ( 'NONE', #812, 1000.000000000000114 ) ;
#3373 = EDGE_CURVE ( 'NONE', #681, #3318, #696, .T. ) ;
#3374 = ORIENTED_EDGE ( 'NONE', *, *, #4167, .F. ) ;
#3375 = EDGE_LOOP ( 'NONE', ( #3893, #2752, #292, #1782 ) ) ;
#3376 = CARTESIAN_POINT ( 'NONE',  ( 32.21242971911311770, 180.7926290564130340, -4.313858086585352858 ) ) ;
#3377 = CARTESIAN_POINT ( 'NONE',  ( -9.289310318467443039, 0.000000000000000000, -8.364132579485710650 ) ) ;
#3378 = ADVANCED_FACE ( 'NONE', ( #2057 ), #393, .T. ) ;
#3379 = EDGE_LOOP ( 'NONE', ( #1373, #1294, #3004, #1389 ) ) ;
#3380 = CARTESIAN_POINT ( 'NONE',  ( 12.44761261200483737, 50.00000000000000000, 1.153529943228766230 ) ) ;
#3381 = APPROVAL_DATE_TIME ( #1098, #3969 ) ;
#3382 = ORIENTED_EDGE ( 'NONE', *, *, #3923, .T. ) ;
#3383 = FACE_OUTER_BOUND ( 'NONE', #2248, .T. ) ;
#3384 = DIRECTION ( 'NONE',  ( 0.000000000000000000, 0.000000000000000000, 1.000000000000000000 ) ) ;
#3385 = VECTOR ( 'NONE', #1583, 1000.000000000000000 ) ;
#3386 = VECTOR ( 'NONE', #1875, 1000.000000000000114 ) ;
#3387 = LINE ( 'NONE', #3072, #2016 ) ;
#3388 = VECTOR ( 'NONE', #1330, 1000.000000000000000 ) ;
#3389 = DIRECTION ( 'NONE',  ( 0.000000000000000000, -1.000000000000000000, 0.000000000000000000 ) ) ;
#3390 = LINE ( 'NONE', #2424, #539 ) ;
#3391 = DIRECTION ( 'NONE',  ( 0.000000000000000000, -1.000000000000000000, 0.000000000000000000 ) ) ;
#3392 = ORIENTED_EDGE ( 'NONE', *, *, #2481, .T. ) ;
#3393 = CIRCLE ( 'NONE', #198, 32.50000000000000000 ) ;
#3394 = ORIENTED_EDGE ( 'NONE', *, *, #1392, .F. ) ;
#3395 = EDGE_CURVE ( 'NONE', #1689, #61, #2974, .T. ) ;
#3396 = VERTEX_POINT ( 'NONE', #106 ) ;
#3397 = LINE ( 'NONE', #2396, #3437 ) ;
#3398 = CARTESIAN_POINT ( 'NONE',  ( 1.999167105995450777, 50.00001200000000523, 1.536366799937287420 ) ) ;
#3399 = VECTOR ( 'NONE', #1128, 1000.000000000000114 ) ;
#3400 = EDGE_CURVE ( 'NONE', #1864, #3231, #2354, .T. ) ;
#3401 = CIRCLE ( 'NONE', #1977, 32.50000000000000000 ) ;
#3402 = ORIENTED_EDGE ( 'NONE', *, *, #3451, .T. ) ;
#3403 = ORIENTED_EDGE ( 'NONE', *, *, #2228, .T. ) ;
#3404 = PLANE ( 'NONE',  #725 ) ;
#3405 = DIRECTION ( 'NONE',  ( -0.9781476007338055778, 0.000000000000000000, 0.2079116908177597867 ) ) ;
#3406 = EDGE_CURVE ( 'NONE', #252, #2214, #2683, .T. ) ;
#3407 = EDGE_CURVE ( 'NONE', #2169, #4061, #1433, .T. ) ;
#3408 = AXIS2_PLACEMENT_3D ( 'NONE', #505, #1807, #2480 ) ;
#3409 = VECTOR ( 'NONE', #1154, 1000.000000000000114 ) ;
#3410 = ORIENTED_EDGE ( 'NONE', *, *, #2797, .T. ) ;
#3411 = CARTESIAN_POINT ( 'NONE',  ( -2.598896135221915316, 50.00000000000000000, 12.22684500917258710 ) ) ;
#3412 = DIRECTION ( 'NONE',  ( -0.000000000000000000, 0.000000000000000000, -1.000000000000000000 ) ) ;
#3413 = DIRECTION ( 'NONE',  ( -0.3713041585673682032, 0.000000000000000000, 0.9285112933242001265 ) ) ;
#3414 = DIRECTION ( 'NONE',  ( -0.000000000000000000, -1.000000000000000000, 0.000000000000000000 ) ) ;
#3415 = CARTESIAN_POINT ( 'NONE',  ( 0.1539190321798746819, 180.7926290564130340, 12.50000000000000000 ) ) ;
#3416 = CARTESIAN_POINT ( 'NONE',  ( 0.000000000000000000, 0.000000000000000000, 0.000000000000000000 ) ) ;
#3417 = ORIENTED_EDGE ( 'NONE', *, *, #3816, .T. ) ;
#3418 = ORIENTED_EDGE ( 'NONE', *, *, #698, .F. ) ;
#3419 = ORIENTED_EDGE ( 'NONE', *, *, #4041, .F. ) ;
#3420 = DIRECTION ( 'NONE',  ( 0.000000000000000000, 0.000000000000000000, 1.000000000000000000 ) ) ;
#3421 = CARTESIAN_POINT ( 'NONE',  ( -7.471838766447118196, 180.7926290564130340, 10.02224109252442652 ) ) ;
#3422 = EDGE_CURVE ( 'NONE', #2917, #1935, #791, .T. ) ;
#3423 = EDGE_LOOP ( 'NONE', ( #545, #2472, #857, #241 ) ) ;
#3424 = ORIENTED_EDGE ( 'NONE', *, *, #2175, .F. ) ;
#3425 = FACE_OUTER_BOUND ( 'NONE', #77, .T. ) ;
#3426 = CARTESIAN_POINT ( 'NONE',  ( -2.749451667255920828, 180.7926290564130340, 12.19484344294303924 ) ) ;
#3427 = PERSON_AND_ORGANIZATION ( #18446744073709551615, #2903 ) ;
#3428 = EDGE_CURVE ( 'NONE', #85, #3106, #2072, .T. ) ;
#3429 = VERTEX_POINT ( 'NONE', #4049 ) ;
#3430 = FACE_OUTER_BOUND ( 'NONE', #3890, .T. ) ;
#3431 = CARTESIAN_POINT ( 'NONE',  ( 28.59602523664828055, 180.7926290564130340, -15.44400662603377050 ) ) ;
#3432 = CARTESIAN_POINT ( 'NONE',  ( 0.000000000000000000, 50.00000000000000000, 0.000000000000000000 ) ) ;
#3433 = FACE_OUTER_BOUND ( 'NONE', #1273, .T. ) ;
#3434 = LINE ( 'NONE', #1106, #3874 ) ;
#3435 = PLANE ( 'NONE',  #2116 ) ;
#3436 = ORIENTED_EDGE ( 'NONE', *, *, #2462, .F. ) ;
#3437 = VECTOR ( 'NONE', #479, 1000.000000000000114 ) ;
#3438 = ORIENTED_EDGE ( 'NONE', *, *, #1738, .F. ) ;
#3439 = ORIENTED_EDGE ( 'NONE', *, *, #1785, .F. ) ;
#3440 = LINE ( 'NONE', #1266, #310 ) ;
#3441 = DIRECTION ( 'NONE',  ( 0.000000000000000000, -0.000000000000000000, 1.000000000000000000 ) ) ;
#3442 = VECTOR ( 'NONE', #4152, 1000.000000000000000 ) ;
#3443 = VERTEX_POINT ( 'NONE', #1519 ) ;
#3444 = ORIENTED_EDGE ( 'NONE', *, *, #2204, .T. ) ;
#3445 = DIRECTION ( 'NONE',  ( -0.9992602814019557744, 0.000000000000000000, -0.03845633904162091415 ) ) ;
#3446 = LINE ( 'NONE', #231, #1980 ) ;
#3447 = EDGE_CURVE ( 'NONE', #3366, #3254, #3368, .T. ) ;
#3448 = CARTESIAN_POINT ( 'NONE',  ( 0.2568820170656764268, 50.00000000000000000, -0.2021747423499783702 ) ) ;
#3449 = PLANE ( 'NONE',  #3205 ) ;
#3450 = DIRECTION ( 'NONE',  ( 0.6184622884358083050, 0.000000000000000000, -0.7858144805122535548 ) ) ;
#3451 = EDGE_CURVE ( 'NONE', #3555, #1396, #3390, .T. ) ;
#3452 = FACE_OUTER_BOUND ( 'NONE', #1249, .T. ) ;
#3453 = CARTESIAN_POINT ( 'NONE',  ( 2.448340603187820985, 0.000000000000000000, -12.25884657540215628 ) ) ;
#3454 = AXIS2_PLACEMENT_3D ( 'NONE', #1060, #3938, #3242 ) ;
#3455 = DIRECTION ( 'NONE',  ( 0.000000000000000000, 1.000000000000000000, 0.000000000000000000 ) ) ;
#3456 = FACE_OUTER_BOUND ( 'NONE', #1521, .T. ) ;
#3457 = AXIS2_PLACEMENT_3D ( 'NONE', #1857, #3179, #2790 ) ;
#3458 = EDGE_CURVE ( 'NONE', #2806, #3255, #517, .T. ) ;
#3459 = EDGE_LOOP ( 'NONE', ( #2585, #1395, #1524, #1946 ) ) ;
#3460 = VECTOR ( 'NONE', #1475, 1000.000000000000000 ) ;
#3461 = VERTEX_POINT ( 'NONE', #1153 ) ;
#3462 = ORIENTED_EDGE ( 'NONE', *, *, #2636, .T. ) ;
#3463 = DIRECTION ( 'NONE',  ( 0.000000000000000000, -1.000000000000000000, -0.000000000000000000 ) ) ;
#3464 = DIRECTION ( 'NONE',  ( 0.000000000000000000, -1.000000000000000000, 0.000000000000000000 ) ) ;
#3465 = VECTOR ( 'NONE', #3751, 1000.000000000000000 ) ;
#3466 = EDGE_LOOP ( 'NONE', ( #1780, #3635, #2255, #4127 ) ) ;
#3467 = VECTOR ( 'NONE', #3730, 1000.000000000000000 ) ;
#3468 = LINE ( 'NONE', #553, #305 ) ;
#3469 = LINE ( 'NONE', #183, #892 ) ;
#3470 = AXIS2_PLACEMENT_3D ( 'NONE', #3750, #1218, #1518 ) ;
#3471 = VERTEX_POINT ( 'NONE', #2817 ) ;
#3472 = VECTOR ( 'NONE', #509, 1000.000000000000000 ) ;
#3473 = CARTESIAN_POINT ( 'NONE',  ( 0.000000000000000000, 0.000000000000000000, 0.000000000000000000 ) ) ;
#3474 = CARTESIAN_POINT ( 'NONE',  ( 5.224820071140258371, 180.7926290564130340, 11.35671371007815544 ) ) ;
#3475 = PLANE ( 'NONE',  #3319 ) ;
#3476 = EDGE_CURVE ( 'NONE', #104, #637, #2747, .T. ) ;
#3477 = EDGE_CURVE ( 'NONE', #2521, #4089, #2728, .T. ) ;
#3478 = AXIS2_PLACEMENT_3D ( 'NONE', #1657, #1551, #734 ) ;
#3479 = DIRECTION ( 'NONE',  ( 0.000000000000000000, 1.000000000000000000, 0.000000000000000000 ) ) ;
#3480 = CARTESIAN_POINT ( 'NONE',  ( -28.59602523664850438, 180.7926290564130340, -15.44400662603334240 ) ) ;
#3481 = CARTESIAN_POINT ( 'NONE',  ( -7.222792540864672262, 180.7926290564130340, -10.20318376684929085 ) ) ;
#3482 = CARTESIAN_POINT ( 'NONE',  ( 5.851465369695609375, 50.00000000000000000, 31.96889665013876680 ) ) ;
#3483 = ORIENTED_EDGE ( 'NONE', *, *, #2337, .F. ) ;
#3484 = EDGE_CURVE ( 'NONE', #2407, #775, #125, .T. ) ;
#3485 = ORIENTED_EDGE ( 'NONE', *, *, #2204, .F. ) ;
#3486 = EDGE_CURVE ( 'NONE', #3684, #2348, #2798, .T. ) ;
#3487 = EDGE_LOOP ( 'NONE', ( #1202, #2854, #3909, #550 ) ) ;
#3488 = LINE ( 'NONE', #2159, #2087 ) ;
#3489 = LINE ( 'NONE', #2209, #2099 ) ;
#3490 = EDGE_CURVE ( 'NONE', #2526, #2506, #3434, .T. ) ;
#3491 = VERTEX_POINT ( 'NONE', #2392 ) ;
#3492 = VERTEX_POINT ( 'NONE', #1841 ) ;
#3493 = ORIENTED_EDGE ( 'NONE', *, *, #3175, .F. ) ;
#3494 = CARTESIAN_POINT ( 'NONE',  ( -0.6543697108982022836, 50.00001200000000523, 2.434931691670788823 ) ) ;
#3495 = DIRECTION ( 'NONE',  ( 0.000000000000000000, -1.000000000000000000, -0.000000000000000000 ) ) ;
#3496 = VERTEX_POINT ( 'NONE', #814 ) ;
#3497 = PLANE ( 'NONE',  #4065 ) ;
#3498 = LINE ( 'NONE', #579, #3880 ) ;
#3499 = PLANE ( 'NONE',  #52 ) ;
#3500 = CARTESIAN_POINT ( 'NONE',  ( -0.1524415238222771585, 0.000000000000000000, -0.2891791468117183017 ) ) ;
#3501 = LINE ( 'NONE', #900, #2999 ) ;
#3502 = CARTESIAN_POINT ( 'NONE',  ( 7.471838766447259417, 180.7926290564130340, 10.02224109252432172 ) ) ;
#3503 = DIRECTION ( 'NONE',  ( 0.000000000000000000, 1.000000000000000000, 0.000000000000000000 ) ) ;
#3504 = EDGE_LOOP ( 'NONE', ( #3419, #6, #266, #2123 ) ) ;
#3505 = EDGE_LOOP ( 'NONE', ( #2141, #1705, #50, #4118 ) ) ;
#3506 = LINE ( 'NONE', #590, #62 ) ;
#3507 = ADVANCED_FACE ( 'NONE', ( #2768 ), #472, .T. ) ;
#3508 = LINE ( 'NONE', #3907, #55 ) ;
#3509 = EDGE_CURVE ( 'NONE', #3105, #546, #1777, .T. ) ;
#3510 = VERTEX_POINT ( 'NONE', #3119 ) ;
#3511 = ORIENTED_EDGE ( 'NONE', *, *, #2775, .T. ) ;
#3512 = ORIENTED_EDGE ( 'NONE', *, *, #3873, .F. ) ;
#3513 = LINE ( 'NONE', #1274, #1061 ) ;
#3514 = CARTESIAN_POINT ( 'NONE',  ( 11.84064285698813634, 50.00000000000000000, 4.009098128223234525 ) ) ;
#3515 = EDGE_CURVE ( 'NONE', #2781, #599, #855, .T. ) ;
#3516 = ORIENTED_EDGE ( 'NONE', *, *, #2722, .T. ) ;
#3517 = FACE_OUTER_BOUND ( 'NONE', #2892, .T. ) ;
#3518 = CARTESIAN_POINT ( 'NONE',  ( 2.448340603188076336, 50.00000000000000000, 12.25884657540210121 ) ) ;
#3519 = DIRECTION ( 'NONE',  ( -0.5000000000000101030, 0.000000000000000000, -0.8660254037844328234 ) ) ;
#3520 = LINE ( 'NONE', #3835, #1264 ) ;
#3521 = CARTESIAN_POINT ( 'NONE',  ( -7.471838766447190139, 0.000000000000000000, -10.02224109252437323 ) ) ;
#3522 = PLANE ( 'NONE',  #1636 ) ;
#3523 = FACE_OUTER_BOUND ( 'NONE', #3279, .T. ) ;
#3524 = VERTEX_POINT ( 'NONE', #4095 ) ;
#3525 = PLANE ( 'NONE',  #3738 ) ;
#3526 = DIRECTION ( 'NONE',  ( 0.000000000000000000, 0.000000000000000000, 1.000000000000000000 ) ) ;
#3527 = VECTOR ( 'NONE', #2298, 1000.000000000000114 ) ;
#3528 = AXIS2_PLACEMENT_3D ( 'NONE', #921, #286, #1588 ) ;
#3529 = EDGE_CURVE ( 'NONE', #2545, #453, #1172, .T. ) ;
#3530 = EDGE_CURVE ( 'NONE', #969, #1599, #2994, .T. ) ;
#3531 = ORIENTED_EDGE ( 'NONE', *, *, #3846, .F. ) ;
#3532 = ORIENTED_EDGE ( 'NONE', *, *, #1891, .F. ) ;
#3533 = CARTESIAN_POINT ( 'NONE',  ( 10.74835803121561106, 180.7926290564130340, 6.383297791993578940 ) ) ;
#3534 = EDGE_CURVE ( 'NONE', #2380, #1856, #219, .T. ) ;
#3535 = VECTOR ( 'NONE', #1376, 1000.000000000000000 ) ;
#3536 = VECTOR ( 'NONE', #4140, 1000.000000000000114 ) ;
#3537 = ORIENTED_EDGE ( 'NONE', *, *, #2982, .F. ) ;
#3538 = EDGE_CURVE ( 'NONE', #4131, #3496, #171, .T. ) ;
#3539 = EDGE_CURVE ( 'NONE', #3799, #3755, #1903, .T. ) ;
#3540 = CARTESIAN_POINT ( 'NONE',  ( -4.943596005754852030, 0.000000000000000000, -11.48192273098682215 ) ) ;
#3541 = CARTESIAN_POINT ( 'NONE',  ( 2.448340603188076336, 0.000000000000000000, 12.25884657540210121 ) ) ;
#3542 = LINE ( 'NONE', #580, #4064 ) ;
#3543 = VECTOR ( 'NONE', #4121, 1000.000000000000000 ) ;
#3544 = AXIS2_PLACEMENT_3D ( 'NONE', #689, #3919, #3604 ) ;
#3545 = DIRECTION ( 'NONE',  ( 0.000000000000000000, 0.000000000000000000, -1.000000000000000000 ) ) ;
#3546 = DIRECTION ( 'NONE',  ( 0.000000000000000000, -1.000000000000000000, -0.000000000000000000 ) ) ;
#3547 = DIRECTION ( 'NONE',  ( 0.000000000000000000, 1.000000000000000000, 0.000000000000000000 ) ) ;
#3548 = DIRECTION ( 'NONE',  ( 0.8310226184038939090, 0.000000000000000000, -0.5562386247835870989 ) ) ;
#3549 = VECTOR ( 'NONE', #1665, 1000.000000000000114 ) ;
#3550 = ORIENTED_EDGE ( 'NONE', *, *, #1939, .F. ) ;
#3551 = CARTESIAN_POINT ( 'NONE',  ( -7.471838766447117308, 50.00000000000000000, 10.02224109252442652 ) ) ;
#3552 = DIRECTION ( 'NONE',  ( 0.000000000000000000, 1.000000000000000000, 0.000000000000000000 ) ) ;
#3553 = ORIENTED_EDGE ( 'NONE', *, *, #2981, .T. ) ;
#3554 = ORIENTED_EDGE ( 'NONE', *, *, #1534, .F. ) ;
#3555 = VERTEX_POINT ( 'NONE', #1881 ) ;
#3556 = DIRECTION ( 'NONE',  ( -0.9135454576426004225, 0.000000000000000000, 0.4067366430758009854 ) ) ;
#3557 = EDGE_CURVE ( 'NONE', #81, #3695, #339, .T. ) ;
#3558 = ORIENTED_EDGE ( 'NONE', *, *, #2476, .T. ) ;
#3559 = DIRECTION ( 'NONE',  ( -0.000000000000000000, -1.000000000000000000, -0.000000000000000000 ) ) ;
#3560 = DIRECTION ( 'NONE',  ( -0.06620547042676180882, 0.000000000000000000, -0.9978060110490271084 ) ) ;
#3561 = CARTESIAN_POINT ( 'NONE',  ( 0.02164250622223018103, 50.00000000000000000, -0.3261818496796392575 ) ) ;
#3562 = EDGE_CURVE ( 'NONE', #3001, #544, #2201, .T. ) ;
#3563 = LINE ( 'NONE', #3917, #1809 ) ;
#3564 = CARTESIAN_POINT ( 'NONE',  ( 0.1742157254725203441, 50.00000000000000000, -0.2766078056275621533 ) ) ;
#3565 = DIRECTION ( 'NONE',  ( 0.000000000000000000, 0.000000000000000000, 1.000000000000000000 ) ) ;
#3566 = CARTESIAN_POINT ( 'NONE',  ( -0.2933030211870767956, 50.00000000000000000, 0.1443479646498056490 ) ) ;
#3567 = ORIENTED_EDGE ( 'NONE', *, *, #4048, .T. ) ;
#3568 = CARTESIAN_POINT ( 'NONE',  ( -11.84064285698810970, 180.7926290564130340, -4.009098128223316237 ) ) ;
#3569 = CARTESIAN_POINT ( 'NONE',  ( 2.749451667256094467, 0.000000000000000000, 12.19484344294299838 ) ) ;
#3570 = ORIENTED_EDGE ( 'NONE', *, *, #2826, .T. ) ;
#3571 = ORIENTED_EDGE ( 'NONE', *, *, #3092, .T. ) ;
#3572 = CYLINDRICAL_SURFACE ( 'NONE', #1742, 32.50000000000000000 ) ;
#3573 = VECTOR ( 'NONE', #1357, 1000.000000000000000 ) ;
#3574 = ORIENTED_EDGE ( 'NONE', *, *, #4124, .F. ) ;
#3575 = FACE_OUTER_BOUND ( 'NONE', #552, .T. ) ;
#3576 = DIRECTION ( 'NONE',  ( -0.1045284632676503761, 0.000000000000000000, 0.9945218953682736229 ) ) ;
#3577 = LINE ( 'NONE', #3561, #2634 ) ;
#3578 = VECTOR ( 'NONE', #1257, 1000.000000000000114 ) ;
#3579 = CARTESIAN_POINT ( 'NONE',  ( 0.000000000000000000, 0.000000000000000000, 0.000000000000000000 ) ) ;
#3580 = VERTEX_POINT ( 'NONE', #4116 ) ;
#3581 = LINE ( 'NONE', #2968, #345 ) ;
#3582 = EDGE_CURVE ( 'NONE', #616, #1456, #2886, .T. ) ;
#3583 = EDGE_CURVE ( 'NONE', #2689, #3619, #584, .T. ) ;
#3584 = DIRECTION ( 'NONE',  ( -0.03845633904162091415, 0.000000000000000000, 0.9992602814019557744 ) ) ;
#3585 = CARTESIAN_POINT ( 'NONE',  ( 0.000000000000000000, 50.00000000000000000, 0.000000000000000000 ) ) ;
#3586 = ORIENTED_EDGE ( 'NONE', *, *, #511, .T. ) ;
#3587 = FACE_OUTER_BOUND ( 'NONE', #92, .T. ) ;
#3588 = ADVANCED_FACE ( 'NONE', ( #2557 ), #3184, .T. ) ;
#3589 = DIRECTION ( 'NONE',  ( -0.9285112933242001265, 0.000000000000000000, -0.3713041585673682032 ) ) ;
#3590 = CARTESIAN_POINT ( 'NONE',  ( 2.448340603188076336, 180.7926290564130340, 12.25884657540210121 ) ) ;
#3591 = VERTEX_POINT ( 'NONE', #1628 ) ;
#3592 = CARTESIAN_POINT ( 'NONE',  ( 0.000000000000000000, 50.00000000000000000, 0.000000000000000000 ) ) ;
#3593 = VECTOR ( 'NONE', #1471, 999.9999999999998863 ) ;
#3594 = VECTOR ( 'NONE', #2246, 1000.000000000000114 ) ;
#3595 = ORIENTED_EDGE ( 'NONE', *, *, #1075, .T. ) ;
#3596 = VECTOR ( 'NONE', #2091, 1000.000000000000000 ) ;
#3597 = CARTESIAN_POINT ( 'NONE',  ( -30.61160931482716308, 180.7926290564130340, -10.91693066554822522 ) ) ;
#3598 = CARTESIAN_POINT ( 'NONE',  ( 32.21242971911311770, 180.7926290564130340, -4.313858086585352858 ) ) ;
#3599 = DIRECTION ( 'NONE',  ( 0.4415673862654548865, -0.000000000000000000, 0.8972280888306465307 ) ) ;
#3600 = VECTOR ( 'NONE', #2906, 999.9999999999998863 ) ;
#3601 = DIRECTION ( 'NONE',  ( 0.3090169943749383474, 0.000000000000000000, -0.9510565162951566398 ) ) ;
#3602 = ORIENTED_EDGE ( 'NONE', *, *, #2981, .F. ) ;
#3603 = VECTOR ( 'NONE', #3414, 1000.000000000000000 ) ;
#3604 = DIRECTION ( 'NONE',  ( 0.5562386247835694464, 0.000000000000000000, -0.8310226184039057884 ) ) ;
#3605 = CARTESIAN_POINT ( 'NONE',  ( 0.000000000000000000, 0.000000000000000000, 0.000000000000000000 ) ) ;
#3606 = FACE_OUTER_BOUND ( 'NONE', #3356, .T. ) ;
#3607 = EDGE_CURVE ( 'NONE', #821, #3868, #2245, .T. ) ;
#3608 = VECTOR ( 'NONE', #3089, 1000.000000000000000 ) ;
#3609 = VERTEX_POINT ( 'NONE', #1194 ) ;
#3610 = DIRECTION ( 'NONE',  ( 0.9622366644075673880, 0.000000000000000000, 0.2722142569186973837 ) ) ;
#3611 = CARTESIAN_POINT ( 'NONE',  ( -2.598896135221915316, 0.000000000000000000, 12.22684500917258710 ) ) ;
#3612 = VECTOR ( 'NONE', #3261, 1000.000000000000000 ) ;
#3613 = DIRECTION ( 'NONE',  ( -0.000000000000000000, -1.000000000000000000, 0.000000000000000000 ) ) ;
#3614 = ORIENTED_EDGE ( 'NONE', *, *, #898, .F. ) ;
#3615 = EDGE_CURVE ( 'NONE', #104, #2689, #261, .T. ) ;
#3616 = EDGE_CURVE ( 'NONE', #1093, #1162, #2838, .T. ) ;
#3617 = AXIS2_PLACEMENT_3D ( 'NONE', #3416, #2406, #3096 ) ;
#3618 = ORIENTED_EDGE ( 'NONE', *, *, #1474, .T. ) ;
#3619 = VERTEX_POINT ( 'NONE', #562 ) ;
#3620 = DIRECTION ( 'NONE',  ( 0.9978060110490274415, 0.000000000000000000, -0.06620547042675527238 ) ) ;
#3621 = ORIENTED_EDGE ( 'NONE', *, *, #3664, .T. ) ;
#3622 = DIRECTION ( 'NONE',  ( 0.000000000000000000, 0.000000000000000000, 1.000000000000000000 ) ) ;
#3623 = DIRECTION ( 'NONE',  ( 0.000000000000000000, 0.000000000000000000, 1.000000000000000000 ) ) ;
#3624 = LINE ( 'NONE', #1341, #1693 ) ;
#3625 = DIRECTION ( 'NONE',  ( 0.000000000000000000, -1.000000000000000000, 0.000000000000000000 ) ) ;
#3626 = ORIENTED_EDGE ( 'NONE', *, *, #978, .F. ) ;
#3627 = CARTESIAN_POINT ( 'NONE',  ( -5.851465369695389107, 180.7926290564130340, -31.96889665013880233 ) ) ;
#3628 = CARTESIAN_POINT ( 'NONE',  ( 10.74835803121561106, 0.000000000000000000, 6.383297791993578940 ) ) ;
#3629 = LINE ( 'NONE', #2949, #3594 ) ;
#3630 = ORIENTED_EDGE ( 'NONE', *, *, #2259, .T. ) ;
#3631 = LINE ( 'NONE', #712, #2441 ) ;
#3632 = FACE_OUTER_BOUND ( 'NONE', #1482, .T. ) ;
#3633 = CARTESIAN_POINT ( 'NONE',  ( -19.84212555085999696, 50.00000000000000000, 25.73985341108043912 ) ) ;
#3634 = ORIENTED_EDGE ( 'NONE', *, *, #2287, .F. ) ;
#3635 = ORIENTED_EDGE ( 'NONE', *, *, #448, .T. ) ;
#3636 = EDGE_CURVE ( 'NONE', #4201, #2544, #645, .T. ) ;
#3637 = ORIENTED_EDGE ( 'NONE', *, *, #909, .F. ) ;
#3638 = CARTESIAN_POINT ( 'NONE',  ( -0.1128986973196322574, 50.00000000000000000, -0.3067847474688737974 ) ) ;
#3639 = EDGE_CURVE ( 'NONE', #736, #446, #2180, .T. ) ;
#3640 = VERTEX_POINT ( 'NONE', #3208 ) ;
#3641 = DIRECTION ( 'NONE',  ( -0.9897664470031880546, 0.000000000000000000, -0.1426968128119373846 ) ) ;
#3642 = ADVANCED_FACE ( 'NONE', ( #1943 ), #3522, .T. ) ;
#3643 = DIRECTION ( 'NONE',  ( -0.000000000000000000, -1.000000000000000000, -0.000000000000000000 ) ) ;
#3644 = AXIS2_PLACEMENT_3D ( 'NONE', #3125, #2187, #843 ) ;
#3645 = CARTESIAN_POINT ( 'NONE',  ( -5.084208038447433964, 0.000000000000000000, 11.41931822053254031 ) ) ;
#3646 = ORIENTED_EDGE ( 'NONE', *, *, #2722, .F. ) ;
#3647 = CARTESIAN_POINT ( 'NONE',  ( -18.34850131535268858, 50.00000000000000000, 26.82503493903598368 ) ) ;
#3648 = DIRECTION ( 'NONE',  ( 0.000000000000000000, 1.000000000000000000, 0.000000000000000000 ) ) ;
#3649 = VECTOR ( 'NONE', #182, 1000.000000000000000 ) ;
#3650 = EDGE_LOOP ( 'NONE', ( #154, #3954, #1135, #4178 ) ) ;
#3651 = LINE ( 'NONE', #4010, #4080 ) ;
#3652 = CARTESIAN_POINT ( 'NONE',  ( 2.598896135222080517, 0.000000000000000000, 12.22684500917254979 ) ) ;
#3653 = FACE_OUTER_BOUND ( 'NONE', #3311, .T. ) ;
#3654 = ORIENTED_EDGE ( 'NONE', *, *, #2426, .F. ) ;
#3655 = EDGE_LOOP ( 'NONE', ( #1114, #577, #2119, #3439 ) ) ;
#3656 = ORIENTED_EDGE ( 'NONE', *, *, #845, .F. ) ;
#3657 = DIRECTION ( 'NONE',  ( -0.03845633904162162192, 0.000000000000000000, -0.9992602814019556634 ) ) ;
#3658 = PRODUCT_RELATED_PRODUCT_CATEGORY ( 'detail', '', ( #1591 ) ) ;
#3659 = ORIENTED_EDGE ( 'NONE', *, *, #1709, .F. ) ;
#3660 = VECTOR ( 'NONE', #2924, 1000.000000000000000 ) ;
#3661 = CARTESIAN_POINT ( 'NONE',  ( -0.02164250622222797446, 50.00000000000000000, 0.3261818496796393685 ) ) ;
#3662 = DATE_TIME_ROLE ( 'classification_date' ) ;
#3663 = VECTOR ( 'NONE', #870, 1000.000000000000000 ) ;
#3664 = EDGE_CURVE ( 'NONE', #3299, #2978, #238, .T. ) ;
#3665 = EDGE_CURVE ( 'NONE', #688, #637, #2578, .T. ) ;
#3666 = ORIENTED_EDGE ( 'NONE', *, *, #2002, .T. ) ;
#3667 = CARTESIAN_POINT ( 'NONE',  ( -5.084208038447513012, 50.00000000000000000, -11.41931822053250656 ) ) ;
#3668 = FACE_OUTER_BOUND ( 'NONE', #379, .T. ) ;
#3669 = VECTOR ( 'NONE', #1752, 999.9999999999998863 ) ;
#3670 = AXIS2_PLACEMENT_3D ( 'NONE', #920, #1219, #901 ) ;
#3671 = ORIENTED_EDGE ( 'NONE', *, *, #1321, .T. ) ;
#3672 = CARTESIAN_POINT ( 'NONE',  ( -9.186318383134763010, 0.000000000000000000, -8.478516711792666527 ) ) ;
#3673 = CARTESIAN_POINT ( 'NONE',  ( 0.000000000000000000, 50.00000000000000000, 0.000000000000000000 ) ) ;
#3674 = CARTESIAN_POINT ( 'NONE',  ( 7.657342097276714554, 0.000000000000000000, 31.58504570212419793 ) ) ;
#3675 = ORIENTED_EDGE ( 'NONE', *, *, #3999, .T. ) ;
#3676 = ORIENTED_EDGE ( 'NONE', *, *, #3406, .F. ) ;
#3677 = CIRCLE ( 'NONE', #2443, 32.50000000000000000 ) ;
#3678 = CARTESIAN_POINT ( 'NONE',  ( 30.61160931482701741, 50.00000000000000000, -10.91693066554865332 ) ) ;
#3679 = CIRCLE ( 'NONE', #1430, 32.50000000000000000 ) ;
#3680 = VERTEX_POINT ( 'NONE', #1542 ) ;
#3681 = ADVANCED_FACE ( 'NONE', ( #964 ), #1242, .T. ) ;
#3682 = PLANE ( 'NONE',  #622 ) ;
#3683 = PERSON_AND_ORGANIZATION_ROLE ( 'creator' ) ;
#3684 = VERTEX_POINT ( 'NONE', #2538 ) ;
#3685 = EDGE_CURVE ( 'NONE', #1416, #221, #59, .T. ) ;
#3686 = CARTESIAN_POINT ( 'NONE',  ( -7.222792540864673150, 50.00000000000000000, -10.20318376684929085 ) ) ;
#3687 = CARTESIAN_POINT ( 'NONE',  ( 5.224820071140023003, 180.7926290564130340, -11.35671371007826380 ) ) ;
#3688 = ADVANCED_FACE ( 'NONE', ( #2929 ), #390, .T. ) ;
#3689 = DIRECTION ( 'NONE',  ( 0.000000000000000000, -1.000000000000000000, 0.000000000000000000 ) ) ;
#3690 = CARTESIAN_POINT ( 'NONE',  ( 12.43152369210343089, 50.00000000000000000, 1.306605790845545956 ) ) ;
#3691 = CARTESIAN_POINT ( 'NONE',  ( -0.2092340361418212336, 0.000000000000000000, 0.2511655136674094679 ) ) ;
#3692 = DIRECTION ( 'NONE',  ( 0.000000000000000000, -1.000000000000000000, -0.000000000000000000 ) ) ;
#3693 = EDGE_CURVE ( 'NONE', #207, #229, #3, .T. ) ;
#3694 = ORIENTED_EDGE ( 'NONE', *, *, #1790, .F. ) ;
#3695 = VERTEX_POINT ( 'NONE', #2031 ) ;
#3696 = CARTESIAN_POINT ( 'NONE',  ( -18.34850131535268858, 0.000000000000000000, 26.82503493903598368 ) ) ;
#3697 = DIRECTION ( 'NONE',  ( 0.000000000000000000, 0.000000000000000000, 1.000000000000000000 ) ) ;
#3698 = VERTEX_POINT ( 'NONE', #1307 ) ;
#3699 = DIRECTION ( 'NONE',  ( 0.5877852522924632561, 0.000000000000000000, -0.8090169943749545567 ) ) ;
#3700 = EDGE_LOOP ( 'NONE', ( #96, #1917, #1821, #3077 ) ) ;
#3701 = FACE_BOUND ( 'NONE', #4103, .T. ) ;
#3702 = DIRECTION ( 'NONE',  ( 0.4067366430757888285, 0.000000000000000000, -0.9135454576426060846 ) ) ;
#3703 = VECTOR ( 'NONE', #2524, 1000.000000000000114 ) ;
#3704 = DIRECTION ( 'NONE',  ( 0.9135454576425978690, 0.000000000000000000, -0.4067366430758070917 ) ) ;
#3705 = EDGE_CURVE ( 'NONE', #2169, #252, #982, .T. ) ;
#3706 = DIRECTION ( 'NONE',  ( 0.000000000000000000, -1.000000000000000000, 0.000000000000000000 ) ) ;
#3707 = DIRECTION ( 'NONE',  ( 0.000000000000000000, 1.000000000000000000, 0.000000000000000000 ) ) ;
#3708 = CARTESIAN_POINT ( 'NONE',  ( 9.392302253800012934, 180.7926290564130340, -8.249748447178886224 ) ) ;
#3709 = ORIENTED_EDGE ( 'NONE', *, *, #511, .F. ) ;
#3710 = VECTOR ( 'NONE', #1150, 1000.000000000000000 ) ;
#3711 = EDGE_CURVE ( 'NONE', #1176, #3746, #1025, .T. ) ;
#3712 = ORIENTED_EDGE ( 'NONE', *, *, #668, .T. ) ;
#3713 = EDGE_CURVE ( 'NONE', #3609, #3167, #83, .T. ) ;
#3714 = ORIENTED_EDGE ( 'NONE', *, *, #1501, .F. ) ;
#3715 = CARTESIAN_POINT ( 'NONE',  ( 0.1524415238222716629, 0.000000000000000000, -0.2891791468117181352 ) ) ;
#3716 = CARTESIAN_POINT ( 'NONE',  ( 0.6543697108982007293, 50.00001199999999812, 2.434931691670789711 ) ) ;
#3717 = ORIENTED_EDGE ( 'NONE', *, *, #2090, .F. ) ;
#3718 = DIRECTION ( 'NONE',  ( -0.7431448254773954654, 0.000000000000000000, -0.6691306063588569053 ) ) ;
#3719 = DIRECTION ( 'NONE',  ( 0.000000000000000000, 1.000000000000000000, 0.000000000000000000 ) ) ;
#3720 = CALENDAR_DATE ( 2026, 9, 1 ) ;
#3721 = ORIENTED_EDGE ( 'NONE', *, *, #977, .F. ) ;
#3722 = DIRECTION ( 'NONE',  ( 0.000000000000000000, 0.000000000000000000, -1.000000000000000000 ) ) ;
#3723 = CARTESIAN_POINT ( 'NONE',  ( 0.2568820170656785917, 50.00000000000000000, 0.2021747423499770380 ) ) ;
#3724 = AXIS2_PLACEMENT_3D ( 'NONE', #2596, #3898, #3085 ) ;
#3725 = VECTOR ( 'NONE', #1253, 1000.000000000000000 ) ;
#3726 = CARTESIAN_POINT ( 'NONE',  ( 0.000000000000000000, 50.00000000000000000, 0.000000000000000000 ) ) ;
#3727 = AXIS2_PLACEMENT_3D ( 'NONE', #2912, #3189, #4210 ) ;
#3728 = DIRECTION ( 'NONE',  ( 0.4663259741543910319, 0.000000000000000000, 0.8846129582076889264 ) ) ;
#3729 = EDGE_CURVE ( 'NONE', #3849, #497, #2438, .T. ) ;
#3730 = DIRECTION ( 'NONE',  ( 0.000000000000000000, -1.000000000000000000, 0.000000000000000000 ) ) ;
#3731 = LINE ( 'NONE', #1455, #481 ) ;
#3732 = ORIENTED_EDGE ( 'NONE', *, *, #1610, .T. ) ;
#3733 = VECTOR ( 'NONE', #772, 1000.000000000000000 ) ;
#3734 = ORIENTED_EDGE ( 'NONE', *, *, #2859, .T. ) ;
#3735 = ORIENTED_EDGE ( 'NONE', *, *, #3324, .F. ) ;
#3736 = CARTESIAN_POINT ( 'NONE',  ( 9.186318383134819854, 180.7926290564130340, 8.478516711792604355 ) ) ;
#3737 = CARTESIAN_POINT ( 'NONE',  ( 1.536366799937287642, 50.00001200000000523, -1.999167105995450333 ) ) ;
#3738 = AXIS2_PLACEMENT_3D ( 'NONE', #611, #1909, #3213 ) ;
#3739 = ADVANCED_FACE ( 'NONE', ( #3966 ), #729, .T. ) ;
#3740 = VECTOR ( 'NONE', #1258, 1000.000000000000114 ) ;
#3741 = VERTEX_POINT ( 'NONE', #666 ) ;
#3742 = ORIENTED_EDGE ( 'NONE', *, *, #1868, .T. ) ;
#3743 = LINE ( 'NONE', #1688, #2360 ) ;
#3744 = CYLINDRICAL_SURFACE ( 'NONE', #3408, 32.50000000000000000 ) ;
#3745 = VECTOR ( 'NONE', #4106, 1000.000000000000114 ) ;
#3746 = VERTEX_POINT ( 'NONE', #3628 ) ;
#3747 = CARTESIAN_POINT ( 'NONE',  ( 5.224820071140258371, 50.00000000000000000, 11.35671371007815367 ) ) ;
#3748 = DIRECTION ( 'NONE',  ( -0.7168627939676925909, 0.000000000000000000, -0.6972142673703927152 ) ) ;
#3749 = DIRECTION ( 'NONE',  ( 0.000000000000000000, 0.000000000000000000, -1.000000000000000000 ) ) ;
#3750 = CARTESIAN_POINT ( 'NONE',  ( 0.000000000000000000, 0.000000000000000000, 0.000000000000000000 ) ) ;
#3751 = DIRECTION ( 'NONE',  ( 0.000000000000000000, -1.000000000000000000, 0.000000000000000000 ) ) ;
#3752 = PLANE ( 'NONE',  #3067 ) ;
#3753 = EDGE_LOOP ( 'NONE', ( #3192, #1175, #2841, #2375 ) ) ;
#3754 = ORIENTED_EDGE ( 'NONE', *, *, #3220, .F. ) ;
#3755 = VERTEX_POINT ( 'NONE', #1962 ) ;
#3756 = LINE ( 'NONE', #3168, #1259 ) ;
#3757 = LINE ( 'NONE', #844, #1630 ) ;
#3758 = EDGE_CURVE ( 'NONE', #775, #1822, #3268, .T. ) ;
#3759 = ORIENTED_EDGE ( 'NONE', *, *, #2621, .F. ) ;
#3760 = CARTESIAN_POINT ( 'NONE',  ( -2.184465970885644648, 50.00001200000000523, 1.259047450927249345 ) ) ;
#3761 = EDGE_CURVE ( 'NONE', #2692, #228, #2641, .T. ) ;
#3762 = PLANE ( 'NONE',  #1365 ) ;
#3763 = EDGE_CURVE ( 'NONE', #3167, #25, #2010, .T. ) ;
#3764 = LINE ( 'NONE', #3221, #1005 ) ;
#3765 = FACE_OUTER_BOUND ( 'NONE', #4215, .T. ) ;
#3766 = LINE ( 'NONE', #2466, #1825 ) ;
#3767 = CARTESIAN_POINT ( 'NONE',  ( 9.186318383134821630, 50.00000000000000000, 8.478516711792604355 ) ) ;
#3768 = PLANE ( 'NONE',  #2176 ) ;
#3769 = VECTOR ( 'NONE', #2547, 1000.000000000000000 ) ;
#3770 = DIRECTION ( 'NONE',  ( -0.4415673862654364012, 0.000000000000000000, 0.8972280888306557456 ) ) ;
#3771 = CARTESIAN_POINT ( 'NONE',  ( -12.44761261200482849, 180.7926290564130340, -1.153529943228850829 ) ) ;
#3772 = ORIENTED_EDGE ( 'NONE', *, *, #3177, .T. ) ;
#3773 = ORIENTED_EDGE ( 'NONE', *, *, #670, .F. ) ;
#3774 = ORIENTED_EDGE ( 'NONE', *, *, #327, .T. ) ;
#3775 = DIRECTION ( 'NONE',  ( 0.2453738704398856774, 0.000000000000000000, 0.9694285242891041987 ) ) ;
#3776 = DIRECTION ( 'NONE',  ( -0.1701419189067364945, 0.000000000000000000, 0.9854195692347160751 ) ) ;
#3777 = VECTOR ( 'NONE', #2177, 1000.000000000000000 ) ;
#3778 = ORIENTED_EDGE ( 'NONE', *, *, #19, .F. ) ;
#3779 = ORIENTED_EDGE ( 'NONE', *, *, #2665, .T. ) ;
#3780 = CARTESIAN_POINT ( 'NONE',  ( -0.3272492347489374120, 50.00001200000001234, 2.500000000000000444 ) ) ;
#3781 = DIRECTION ( 'NONE',  ( 0.000000000000000000, 0.000000000000000000, 1.000000000000000000 ) ) ;
#3782 = ADVANCED_FACE ( 'NONE', ( #41 ), #65, .T. ) ;
#3783 = EDGE_CURVE ( 'NONE', #232, #2458, #1217, .T. ) ;
#3784 = ORIENTED_EDGE ( 'NONE', *, *, #2809, .F. ) ;
#3785 = PLANE ( 'NONE',  #536 ) ;
#3786 = LINE ( 'NONE', #3411, #474 ) ;
#3787 = CARTESIAN_POINT ( 'NONE',  ( 10.90227706339534386, 50.00000000000000000, -6.116702208006449482 ) ) ;
#3788 = EDGE_CURVE ( 'NONE', #3995, #768, #3920, .T. ) ;
#3789 = EDGE_CURVE ( 'NONE', #115, #910, #1765, .T. ) ;
#3790 = ADVANCED_FACE ( 'NONE', ( #3668 ), #3329, .T. ) ;
#3791 = DIRECTION ( 'NONE',  ( 0.1701419189067300275, 0.000000000000000000, -0.9854195692347171853 ) ) ;
#3792 = DIRECTION ( 'NONE',  ( 0.3453625605954768751, 0.000000000000000000, -0.9384693397969565698 ) ) ;
#3793 = AXIS2_PLACEMENT_3D ( 'NONE', #1789, #1808, #463 ) ;
#3794 = DIRECTION ( 'NONE',  ( 0.000000000000000000, -1.000000000000000000, 0.000000000000000000 ) ) ;
#3795 = LINE ( 'NONE', #3771, #117 ) ;
#3796 = VECTOR ( 'NONE', #3158, 1000.000000000000114 ) ;
#3797 = ORIENTED_EDGE ( 'NONE', *, *, #3114, .T. ) ;
#3798 = VECTOR ( 'NONE', #1200, 1000.000000000000000 ) ;
#3799 = VERTEX_POINT ( 'NONE', #409 ) ;
#3800 = ORIENTED_EDGE ( 'NONE', *, *, #64, .F. ) ;
#3801 = LINE ( 'NONE', #2803, #3703 ) ;
#3802 = CARTESIAN_POINT ( 'NONE',  ( -9.392302253800069778, 0.000000000000000000, 8.249748447178816946 ) ) ;
#3803 = VECTOR ( 'NONE', #2991, 1000.000000000000000 ) ;
#3804 = ORIENTED_EDGE ( 'NONE', *, *, #820, .T. ) ;
#3805 = ORIENTED_EDGE ( 'NONE', *, *, #1761, .T. ) ;
#3806 = AXIS2_PLACEMENT_3D ( 'NONE', #3925, #1310, #2996 ) ;
#3807 = CARTESIAN_POINT ( 'NONE',  ( 0.000000000000000000, 0.000000000000000000, -12.50000000000000000 ) ) ;
#3808 = LINE ( 'NONE', #891, #3745 ) ;
#3809 = VECTOR ( 'NONE', #999, 1000.000000000000114 ) ;
#3810 = ORIENTED_EDGE ( 'NONE', *, *, #2454, .F. ) ;
#3811 = VECTOR ( 'NONE', #1873, 1000.000000000000000 ) ;
#3812 = CARTESIAN_POINT ( 'NONE',  ( -10.74835803121556665, 50.00000000000000000, -6.383297791993653547 ) ) ;
#3813 = CARTESIAN_POINT ( 'NONE',  ( 11.93577005039078287, 50.00000000000000000, 3.716326731150215501 ) ) ;
#3814 = CARTESIAN_POINT ( 'NONE',  ( -5.224820071140182876, 50.00000000000000000, -11.35671371007818742 ) ) ;
#3815 = VECTOR ( 'NONE', #3861, 1000.000000000000000 ) ;
#3816 = EDGE_CURVE ( 'NONE', #1822, #3854, #3291, .T. ) ;
#3817 = LINE ( 'NONE', #1794, #2622 ) ;
#3818 = DIRECTION ( 'NONE',  ( 0.000000000000000000, -1.000000000000000000, -0.000000000000000000 ) ) ;
#3819 = EDGE_CURVE ( 'NONE', #3040, #48, #1064, .T. ) ;
#3820 = DIRECTION ( 'NONE',  ( 0.03845633904162090722, 0.000000000000000000, -0.9992602814019557744 ) ) ;
#3821 = DIRECTION ( 'NONE',  ( -0.7168627939676827099, 0.000000000000000000, 0.6972142673704029292 ) ) ;
#3822 = ORIENTED_EDGE ( 'NONE', *, *, #1508, .F. ) ;
#3823 = VERTEX_POINT ( 'NONE', #1449 ) ;
#3824 = CARTESIAN_POINT ( 'NONE',  ( -24.76014394513181571, 50.00000000000000000, -21.05196598459043855 ) ) ;
#3825 = EDGE_CURVE ( 'NONE', #1355, #3048, #467, .T. ) ;
#3826 = CARTESIAN_POINT ( 'NONE',  ( 3.061616997868383141E-16, 50.00000599999999906, -2.500000000000000000 ) ) ;
#3827 = ORIENTED_EDGE ( 'NONE', *, *, #3665, .F. ) ;
#3828 = ORIENTED_EDGE ( 'NONE', *, *, #2259, .F. ) ;
#3829 = CARTESIAN_POINT ( 'NONE',  ( -11.93577005039072780, 50.00000000000000000, 3.716326731150388252 ) ) ;
#3830 = DIRECTION ( 'NONE',  ( -0.8660254037844398178, 0.000000000000000000, -0.4999999999999980016 ) ) ;
#3831 = ORIENTED_EDGE ( 'NONE', *, *, #3490, .T. ) ;
#3832 = DIRECTION ( 'NONE',  ( -0.1426968128119441293, -0.000000000000000000, 0.9897664470031872774 ) ) ;
#3833 = CARTESIAN_POINT ( 'NONE',  ( 0.3169052758585629292, 50.00000000000000000, -0.08021248823605198197 ) ) ;
#3834 = DIRECTION ( 'NONE',  ( -0.9622366644075653896, 0.000000000000000000, -0.2722142569187040451 ) ) ;
#3835 = CARTESIAN_POINT ( 'NONE',  ( -4.943596005754764988, 180.7926290564130340, 11.48192273098685767 ) ) ;
#3836 = DIRECTION ( 'NONE',  ( 0.2453738704398719106, 0.000000000000000000, -0.9694285242891077514 ) ) ;
#3837 = DIRECTION ( 'NONE',  ( 0.000000000000000000, 1.000000000000000000, 0.000000000000000000 ) ) ;
#3838 = LINE ( 'NONE', #518, #2987 ) ;
#3839 = ADVANCED_FACE ( 'NONE', ( #188 ), #124, .T. ) ;
#3840 = EDGE_CURVE ( 'NONE', #1456, #2314, #3393, .T. ) ;
#3841 = AXIS2_PLACEMENT_3D ( 'NONE', #377, #1038, #3281 ) ;
#3842 = EDGE_LOOP ( 'NONE', ( #3374, #3410, #1036, #3550 ) ) ;
#3843 = DIRECTION ( 'NONE',  ( 0.000000000000000000, 0.000000000000000000, 1.000000000000000000 ) ) ;
#3844 = CARTESIAN_POINT ( 'NONE',  ( -2.749451667256011422, 0.000000000000000000, -12.19484344294301792 ) ) ;
#3845 = AXIS2_PLACEMENT_3D ( 'NONE', #94, #2097, #1723 ) ;
#3846 = EDGE_CURVE ( 'NONE', #2231, #980, #2149, .T. ) ;
#3847 = ORIENTED_EDGE ( 'NONE', *, *, #2411, .T. ) ;
#3848 = EDGE_CURVE ( 'NONE', #3930, #32, #1729, .T. ) ;
#3849 = VERTEX_POINT ( 'NONE', #3045 ) ;
#3850 = ORIENTED_EDGE ( 'NONE', *, *, #1738, .T. ) ;
#3851 = AXIS2_PLACEMENT_3D ( 'NONE', #1940, #979, #4183 ) ;
#3852 = CARTESIAN_POINT ( 'NONE',  ( -9.186318383134699062, 0.000000000000000000, 8.478516711792735805 ) ) ;
#3853 = VECTOR ( 'NONE', #405, 1000.000000000000000 ) ;
#3854 = VERTEX_POINT ( 'NONE', #3026 ) ;
#3855 = DIRECTION ( 'NONE',  ( 0.8972280888306494173, 0.000000000000000000, -0.4415673862654490578 ) ) ;
#3856 = CARTESIAN_POINT ( 'NONE',  ( -12.43152369210342378, 0.000000000000000000, -1.306605790845630111 ) ) ;
#3857 = DIRECTION ( 'NONE',  ( 0.3090169943749513926, -0.000000000000000000, 0.9510565162951523099 ) ) ;
#3858 = DIRECTION ( 'NONE',  ( -0.000000000000000000, -1.000000000000000000, -0.000000000000000000 ) ) ;
#3859 = DIRECTION ( 'NONE',  ( -0.9384693397969565698, 0.000000000000000000, -0.3453625605954768751 ) ) ;
#3860 = DIRECTION ( 'NONE',  ( 0.000000000000000000, 0.000000000000000000, 1.000000000000000000 ) ) ;
#3861 = DIRECTION ( 'NONE',  ( -0.000000000000000000, -1.000000000000000000, 0.000000000000000000 ) ) ;
#3862 = VECTOR ( 'NONE', #917, 1000.000000000000000 ) ;
#3863 = ORIENTED_EDGE ( 'NONE', *, *, #512, .T. ) ;
#3864 = ADVANCED_FACE ( 'NONE', ( #2792 ), #2131, .T. ) ;
#3865 = DIRECTION ( 'NONE',  ( -0.8846129582076855957, 0.000000000000000000, 0.4663259741543971937 ) ) ;
#3866 = LINE ( 'NONE', #1614, #4003 ) ;
#3867 = AXIS2_PLACEMENT_3D ( 'NONE', #318, #1664, #3260 ) ;
#3868 = VERTEX_POINT ( 'NONE', #2765 ) ;
#3869 = ORIENTED_EDGE ( 'NONE', *, *, #3788, .F. ) ;
#3870 = EDGE_CURVE ( 'NONE', #757, #3979, #2699, .T. ) ;
#3871 = DIRECTION ( 'NONE',  ( -0.5562386247835753306, 0.000000000000000000, 0.8310226184039017916 ) ) ;
#3872 = VECTOR ( 'NONE', #1867, 1000.000000000000114 ) ;
#3873 = EDGE_CURVE ( 'NONE', #786, #1458, #2724, .T. ) ;
#3874 = VECTOR ( 'NONE', #838, 1000.000000000000000 ) ;
#3875 = VERTEX_POINT ( 'NONE', #1408 ) ;
#3876 = PLANE ( 'NONE',  #1762 ) ;
#3877 = DIRECTION ( 'NONE',  ( 0.000000000000000000, -1.000000000000000000, 0.000000000000000000 ) ) ;
#3878 = DIRECTION ( 'NONE',  ( 0.2722142569187041006, 0.000000000000000000, -0.9622366644075655007 ) ) ;
#3879 = AXIS2_PLACEMENT_3D ( 'NONE', #3252, #632, #3610 ) ;
#3880 = VECTOR ( 'NONE', #1876, 1000.000000000000114 ) ;
#3881 = DIRECTION ( 'NONE',  ( 0.8090169943749426773, 0.000000000000000000, -0.5877852522924797984 ) ) ;
#3882 = CARTESIAN_POINT ( 'NONE',  ( 10.90227706339547709, 0.000000000000000000, 6.116702208006213226 ) ) ;
#3883 = CARTESIAN_POINT ( 'NONE',  ( 0.000000000000000000, 0.000000000000000000, 2.500000000000000000 ) ) ;
#3884 = CARTESIAN_POINT ( 'NONE',  ( 30.61160931482700320, 180.7926290564130340, -10.91693066554864799 ) ) ;
#3885 = AXIS2_PLACEMENT_3D ( 'NONE', #3937, #3320, #3623 ) ;
#3886 = ORIENTED_EDGE ( 'NONE', *, *, #3400, .F. ) ;
#3887 = LINE ( 'NONE', #2646, #811 ) ;
#3888 = DIRECTION ( 'NONE',  ( 0.3090169943749383474, 0.000000000000000000, -0.9510565162951566398 ) ) ;
#3889 = EDGE_LOOP ( 'NONE', ( #3215, #3772, #2602, #2774, #1462, #3948, #1039, #437, #2549, #3850, #2419, #3298, #427, #1087, #212, #1928, #3742, #317, #4098, #992, #2920, #3055, #2029, #966, #3097, #2088, #418, #2157, #3035, #737, #162, #3100, #2164, #1894, #367, #443, #4193, #3198, #3338, #595, #2894, #1820, #29, #720, #1468, #2776, #1438, #1513, #3671, #3586, #10, #931, #3805, #1747, #3732, #1620, #2869, #1436, #1397, #4170, #146, #2800, #247, #3847, #1951, #2598, #1231, #1291, #3941, #3280, #4173, #502, #615, #3343, #740, #39, #1500, #1056, #2847, #508, #1800, #265, #4019, #2338, #223, #2697, #2453, #3178, #846, #3734, #2820, #2588, #3121, #1334, #1638, #2138, #2008, #337, #2051, #306, #287, #2093, #3149, #2726, #3797, #1312, #2931, #3558, #1567, #141, #3779, #2972, #2846, #934, #1679, #2873, #2898, #565, #1889, #807 ) ) ;
#3890 = EDGE_LOOP ( 'NONE', ( #3659, #2528, #1131, #3721 ) ) ;
#3891 = DIRECTION ( 'NONE',  ( 0.000000000000000000, 1.000000000000000000, 0.000000000000000000 ) ) ;
#3892 = ADVANCED_FACE ( 'NONE', ( #492 ), #4026, .T. ) ;
#3893 = ORIENTED_EDGE ( 'NONE', *, *, #1761, .F. ) ;
#3894 = EDGE_CURVE ( 'NONE', #1504, #420, #103, .T. ) ;
#3895 = ORIENTED_EDGE ( 'NONE', *, *, #378, .F. ) ;
#3896 = CYLINDRICAL_SURFACE ( 'NONE', #943, 32.50000000000000000 ) ;
#3897 = LINE ( 'NONE', #2277, #346 ) ;
#3898 = DIRECTION ( 'NONE',  ( -0.000000000000000000, -1.000000000000000000, -0.000000000000000000 ) ) ;
#3899 = ADVANCED_FACE ( 'NONE', ( #4063 ), #1102, .T. ) ;
#3900 = DIRECTION ( 'NONE',  ( -0.4415673862654364012, 0.000000000000000000, 0.8972280888306557456 ) ) ;
#3901 = EDGE_LOOP ( 'NONE', ( #2451, #4077, #904, #2436 ) ) ;
#3902 = CARTESIAN_POINT ( 'NONE',  ( 0.000000000000000000, 50.00000000000000000, 0.000000000000000000 ) ) ;
#3903 = DIRECTION ( 'NONE',  ( -0.000000000000000000, -1.000000000000000000, -0.000000000000000000 ) ) ;
#3904 = LINE ( 'NONE', #3566, #531 ) ;
#3905 = ORIENTED_EDGE ( 'NONE', *, *, #2695, .F. ) ;
#3906 = CARTESIAN_POINT ( 'NONE',  ( -23.52478090909375297, 50.00000000000000000, 22.42397563277168970 ) ) ;
#3907 = CARTESIAN_POINT ( 'NONE',  ( 0.1742157254725244520, 0.000000000000000000, 0.2766078056275554364 ) ) ;
#3908 = PLANE ( 'NONE',  #72 ) ;
#3909 = ORIENTED_EDGE ( 'NONE', *, *, #1059, .T. ) ;
#3910 = VERTEX_POINT ( 'NONE', #3363 ) ;
#3911 = LINE ( 'NONE', #2777, #2217 ) ;
#3912 = VERTEX_POINT ( 'NONE', #165 ) ;
#3913 = ADVANCED_FACE ( 'NONE', ( #1169 ), #788, .T. ) ;
#3914 = PLANE ( 'NONE',  #189 ) ;
#3915 = DIRECTION ( 'NONE',  ( -0.9781476007338083534, 0.000000000000000000, -0.2079116908177468803 ) ) ;
#3916 = CYLINDRICAL_SURFACE ( 'NONE', #2368, 32.50000000000000000 ) ;
#3917 = CARTESIAN_POINT ( 'NONE',  ( -0.08898658541609759387, 0.000000000000000000, 0.3145542636048592744 ) ) ;
#3918 = ORIENTED_EDGE ( 'NONE', *, *, #4072, .T. ) ;
#3919 = DIRECTION ( 'NONE',  ( 0.8310226184039057884, 0.000000000000000000, 0.5562386247835694464 ) ) ;
#3920 = LINE ( 'NONE', #2304, #3803 ) ;
#3921 = CARTESIAN_POINT ( 'NONE',  ( 7.222792540864742428, 180.7926290564130340, 10.20318376684923756 ) ) ;
#3922 = EDGE_CURVE ( 'NONE', #3619, #1163, #3323, .T. ) ;
#3923 = EDGE_CURVE ( 'NONE', #108, #688, #3766, .T. ) ;
#3924 = ORIENTED_EDGE ( 'NONE', *, *, #3949, .F. ) ;
#3925 = CARTESIAN_POINT ( 'NONE',  ( 0.000000000000000000, 0.000000000000000000, 0.000000000000000000 ) ) ;
#3926 = CARTESIAN_POINT ( 'NONE',  ( 4.943596005754927525, 0.000000000000000000, 11.48192273098678839 ) ) ;
#3927 = LINE ( 'NONE', #2291, #352 ) ;
#3928 = EDGE_CURVE ( 'NONE', #1604, #3875, #1147, .T. ) ;
#3929 = ORIENTED_EDGE ( 'NONE', *, *, #69, .T. ) ;
#3930 = VERTEX_POINT ( 'NONE', #2445 ) ;
#3931 = VERTEX_POINT ( 'NONE', #3787 ) ;
#3932 = CARTESIAN_POINT ( 'NONE',  ( 7.471838766447048030, 0.000000000000000000, -10.02224109252447803 ) ) ;
#3933 = VECTOR ( 'NONE', #56, 1000.000000000000000 ) ;
#3934 = VERTEX_POINT ( 'NONE', #872 ) ;
#3935 = VECTOR ( 'NONE', #225, 1000.000000000000000 ) ;
#3936 = CARTESIAN_POINT ( 'NONE',  ( -11.84064285698807950, 0.000000000000000000, 4.009098128223405944 ) ) ;
#3937 = CARTESIAN_POINT ( 'NONE',  ( 0.000000000000000000, 50.00000000000000000, 0.000000000000000000 ) ) ;
#3938 = DIRECTION ( 'NONE',  ( 0.9992602814019557744, 0.000000000000000000, -0.03845633904162162886 ) ) ;
#3939 = VECTOR ( 'NONE', #767, 1000.000000000000000 ) ;
#3940 = CARTESIAN_POINT ( 'NONE',  ( -2.499999999999999556, 50.00001200000000523, -0.3272492347489373565 ) ) ;
#3941 = ORIENTED_EDGE ( 'NONE', *, *, #873, .T. ) ;
#3942 = AXIS2_PLACEMENT_3D ( 'NONE', #2864, #4138, #3836 ) ;
#3943 = DIRECTION ( 'NONE',  ( -0.8461566191660750968, 0.000000000000000000, -0.5329343072475610787 ) ) ;
#3944 = CARTESIAN_POINT ( 'NONE',  ( -5.084208038447433964, 50.00000000000000000, 11.41931822053254031 ) ) ;
#3945 = CARTESIAN_POINT ( 'NONE',  ( 0.000000000000000000, 50.00000000000000000, 0.000000000000000000 ) ) ;
#3946 = VECTOR ( 'NONE', #2990, 1000.000000000000114 ) ;
#3947 = ORIENTED_EDGE ( 'NONE', *, *, #4182, .T. ) ;
#3948 = ORIENTED_EDGE ( 'NONE', *, *, #647, .T. ) ;
#3949 = EDGE_CURVE ( 'NONE', #229, #330, #3542, .T. ) ;
#3950 = LINE ( 'NONE', #1031, #1907 ) ;
#3951 = PLANE ( 'NONE',  #874 ) ;
#3952 = VECTOR ( 'NONE', #4153, 1000.000000000000000 ) ;
#3953 = DIRECTION ( 'NONE',  ( 0.000000000000000000, -1.000000000000000000, 0.000000000000000000 ) ) ;
#3954 = ORIENTED_EDGE ( 'NONE', *, *, #3477, .T. ) ;
#3955 = VECTOR ( 'NONE', #1797, 1000.000000000000114 ) ;
#3956 = ORIENTED_EDGE ( 'NONE', *, *, #2964, .T. ) ;
#3957 = ORIENTED_EDGE ( 'NONE', *, *, #957, .F. ) ;
#3958 = FACE_OUTER_BOUND ( 'NONE', #3327, .T. ) ;
#3959 = ORIENTED_EDGE ( 'NONE', *, *, #2647, .T. ) ;
#3960 = FACE_OUTER_BOUND ( 'NONE', #2832, .T. ) ;
#3961 = PLANE ( 'NONE',  #958 ) ;
#3962 = DIRECTION ( 'NONE',  ( 0.9135454576425978690, 0.000000000000000000, -0.4067366430758070917 ) ) ;
#3963 = LINE ( 'NONE', #2007, #520 ) ;
#3964 = EDGE_LOOP ( 'NONE', ( #2118, #2782, #3804, #1166 ) ) ;
#3965 = DIRECTION ( 'NONE',  ( 0.9510565162951566398, 0.000000000000000000, 0.3090169943749383474 ) ) ;
#3966 = FACE_OUTER_BOUND ( 'NONE', #1810, .T. ) ;
#3967 = CARTESIAN_POINT ( 'NONE',  ( 23.52478090909406916, 180.7926290564130340, 22.42397563277135575 ) ) ;
#3968 = LINE ( 'NONE', #413, #1425 ) ;
#3969 = APPROVAL ( #120, 'Coincident' ) ;
#3970 = ADVANCED_FACE ( 'NONE', ( #2835 ), #3499, .T. ) ;
#3971 = DIRECTION ( 'NONE',  ( 0.03845633904162162192, 0.000000000000000000, 0.9992602814019556634 ) ) ;
#3972 = CARTESIAN_POINT ( 'NONE',  ( -27.67291469268442228, 0.000000000000000000, -17.04288098918170391 ) ) ;
#3973 = ORIENTED_EDGE ( 'NONE', *, *, #3529, .T. ) ;
#3974 = ORIENTED_EDGE ( 'NONE', *, *, #3038, .T. ) ;
#3975 = EDGE_LOOP ( 'NONE', ( #4126, #1490, #3666, #2980 ) ) ;
#3976 = LINE ( 'NONE', #991, #3364 ) ;
#3977 = ADVANCED_FACE ( 'NONE', ( #1835 ), #3475, .T. ) ;
#3978 = EDGE_CURVE ( 'NONE', #3591, #2483, #2510, .T. ) ;
#3979 = VERTEX_POINT ( 'NONE', #4160 ) ;
#3980 = VECTOR ( 'NONE', #3173, 1000.000000000000000 ) ;
#3981 = FACE_OUTER_BOUND ( 'NONE', #2195, .T. ) ;
#3982 = LINE ( 'NONE', #1648, #2567 ) ;
#3983 = ORIENTED_EDGE ( 'NONE', *, *, #3789, .T. ) ;
#3984 = CARTESIAN_POINT ( 'NONE',  ( 5.224820071140023003, 0.000000000000000000, -11.35671371007826380 ) ) ;
#3985 = AXIS2_PLACEMENT_3D ( 'NONE', #3726, #2447, #3749 ) ;
#3986 = CARTESIAN_POINT ( 'NONE',  ( 0.000000000000000000, 50.00000000000000000, 0.000000000000000000 ) ) ;
#3987 = AXIS2_PLACEMENT_3D ( 'NONE', #2416, #1366, #160 ) ;
#3988 = ORIENTED_EDGE ( 'NONE', *, *, #770, .F. ) ;
#3989 = LINE ( 'NONE', #2114, #3603 ) ;
#3990 = CARTESIAN_POINT ( 'NONE',  ( 4.943596005754927525, 180.7926290564130340, 11.48192273098678839 ) ) ;
#3991 = DIRECTION ( 'NONE',  ( 0.000000000000000000, 0.000000000000000000, 1.000000000000000000 ) ) ;
#3992 = ORIENTED_EDGE ( 'NONE', *, *, #670, .T. ) ;
#3993 = EDGE_CURVE ( 'NONE', #232, #2674, #4135, .T. ) ;
#3994 = ORIENTED_EDGE ( 'NONE', *, *, #113, .T. ) ;
#3995 = VERTEX_POINT ( 'NONE', #3814 ) ;
#3996 = DIRECTION ( 'NONE',  ( 0.000000000000000000, -1.000000000000000000, 0.000000000000000000 ) ) ;
#3997 = ADVANCED_FACE ( 'NONE', ( #534 ), #602, .T. ) ;
#3998 = ORIENTED_EDGE ( 'NONE', *, *, #795, .F. ) ;
#3999 = EDGE_CURVE ( 'NONE', #3106, #3746, #1603, .T. ) ;
#4000 = AXIS2_PLACEMENT_3D ( 'NONE', #4133, #1210, #935 ) ;
#4001 = FACE_OUTER_BOUND ( 'NONE', #177, .T. ) ;
#4002 = PERSON_AND_ORGANIZATION ( #18446744073709551615, #2903 ) ;
#4003 = VECTOR ( 'NONE', #570, 1000.000000000000114 ) ;
#4004 = EDGE_LOOP ( 'NONE', ( #2376, #4034, #11, #817 ) ) ;
#4005 = CARTESIAN_POINT ( 'NONE',  ( 0.2933030211870827353, 50.00000000000000000, 0.1443479646498034286 ) ) ;
#4006 = DIRECTION ( 'NONE',  ( 0.000000000000000000, 1.000000000000000000, 0.000000000000000000 ) ) ;
#4007 = AXIS2_PLACEMENT_3D ( 'NONE', #23, #2619, #1325 ) ;
#4008 = AXIS2_PLACEMENT_3D ( 'NONE', #1388, #1001, #3348 ) ;
#4009 = CARTESIAN_POINT ( 'NONE',  ( 5.084208038447588507, 0.000000000000000000, 11.41931822053247458 ) ) ;
#4010 = CARTESIAN_POINT ( 'NONE',  ( 0.1128986973196336174, 0.000000000000000000, 0.3067847474688715215 ) ) ;
#4011 = FACE_OUTER_BOUND ( 'NONE', #3650, .T. ) ;
#4012 = FACE_OUTER_BOUND ( 'NONE', #1549, .T. ) ;
#4013 = VECTOR ( 'NONE', #939, 1000.000000000000000 ) ;
#4014 = EDGE_LOOP ( 'NONE', ( #1092, #3630, #1235, #1701 ) ) ;
#4015 = ORIENTED_EDGE ( 'NONE', *, *, #1891, .T. ) ;
#4016 = VECTOR ( 'NONE', #1277, 1000.000000000000000 ) ;
#4017 = DIRECTION ( 'NONE',  ( -0.000000000000000000, -1.000000000000000000, -0.000000000000000000 ) ) ;
#4018 = VECTOR ( 'NONE', #2047, 1000.000000000000227 ) ;
#4019 = ORIENTED_EDGE ( 'NONE', *, *, #2337, .T. ) ;
#4020 = PLANE ( 'NONE',  #3342 ) ;
#4021 = CALENDAR_DATE ( 2026, 9, 1 ) ;
#4022 = EDGE_CURVE ( 'NONE', #90, #4061, #3181, .T. ) ;
#4023 = EDGE_CURVE ( 'NONE', #1689, #3471, #2814, .T. ) ;
#4024 = ORIENTED_EDGE ( 'NONE', *, *, #1612, .F. ) ;
#4025 = DIRECTION ( 'NONE',  ( 0.000000000000000000, 0.000000000000000000, 1.000000000000000000 ) ) ;
#4026 = PLANE ( 'NONE',  #4206 ) ;
#4027 = EDGE_CURVE ( 'NONE', #221, #1104, #257, .T. ) ;
#4028 = ORIENTED_EDGE ( 'NONE', *, *, #167, .T. ) ;
#4029 = LINE ( 'NONE', #753, #4224 ) ;
#4030 = DIRECTION ( 'NONE',  ( 0.000000000000000000, 0.000000000000000000, 1.000000000000000000 ) ) ;
#4031 = DIRECTION ( 'NONE',  ( 0.03845633904162090722, 0.000000000000000000, -0.9992602814019557744 ) ) ;
#4032 = VERTEX_POINT ( 'NONE', #2221 ) ;
#4033 = ORIENTED_EDGE ( 'NONE', *, *, #621, .T. ) ;
#4034 = ORIENTED_EDGE ( 'NONE', *, *, #4124, .T. ) ;
#4035 = FACE_OUTER_BOUND ( 'NONE', #2819, .T. ) ;
#4036 = PLANE ( 'NONE',  #3259 ) ;
#4037 = ORIENTED_EDGE ( 'NONE', *, *, #448, .F. ) ;
#4038 = DIRECTION ( 'NONE',  ( -0.8090169943749466741, 0.000000000000000000, 0.5877852522924741363 ) ) ;
#4039 = DIRECTION ( 'NONE',  ( 0.000000000000000000, -1.000000000000000000, -0.000000000000000000 ) ) ;
#4040 = VECTOR ( 'NONE', #2939, 999.9999999999998863 ) ;
#4041 = EDGE_CURVE ( 'NONE', #2623, #1654, #297, .T. ) ;
#4042 = EDGE_CURVE ( 'NONE', #4051, #1544, #1920, .T. ) ;
#4043 = ORIENTED_EDGE ( 'NONE', *, *, #250, .T. ) ;
#4044 = DIRECTION ( 'NONE',  ( 0.000000000000000000, 0.000000000000000000, 1.000000000000000000 ) ) ;
#4045 = CARTESIAN_POINT ( 'NONE',  ( 0.3169052758585642615, 0.000000000000000000, 0.08021248823604984479 ) ) ;
#4046 = LINE ( 'NONE', #1126, #3777 ) ;
#4047 = DIRECTION ( 'NONE',  ( 0.000000000000000000, -1.000000000000000000, 0.000000000000000000 ) ) ;
#4048 = EDGE_CURVE ( 'NONE', #525, #3105, #3160, .T. ) ;
#4049 = CARTESIAN_POINT ( 'NONE',  ( -19.84212555086018526, 0.000000000000000000, -25.73985341108030056 ) ) ;
#4050 = DIRECTION ( 'NONE',  ( -0.7683274208902022284, 0.000000000000000000, 0.6400570086392383118 ) ) ;
#4051 = VERTEX_POINT ( 'NONE', #896 ) ;
#4052 = CIRCLE ( 'NONE', #2971, 32.50000000000000000 ) ;
#4053 = ORIENTED_EDGE ( 'NONE', *, *, #3530, .F. ) ;
#4054 = VERTEX_POINT ( 'NONE', #2881 ) ;
#4055 = DIRECTION ( 'NONE',  ( 0.9384693397969493533, 0.000000000000000000, -0.3453625605954963040 ) ) ;
#4056 = DIRECTION ( 'NONE',  ( 0.000000000000000000, 0.000000000000000000, 1.000000000000000000 ) ) ;
#4057 = VERTEX_POINT ( 'NONE', #4181 ) ;
#4058 = CARTESIAN_POINT ( 'NONE',  ( -4.943596005754852030, 180.7926290564130340, -11.48192273098682215 ) ) ;
#4059 = LINE ( 'NONE', #1142, #2867 ) ;
#4060 = CALENDAR_DATE ( 2026, 9, 1 ) ;
#4061 = VERTEX_POINT ( 'NONE', #1255 ) ;
#4062 = DIRECTION ( 'NONE',  ( 0.1045284632676570791, 0.000000000000000000, 0.9945218953682730678 ) ) ;
#4063 = FACE_OUTER_BOUND ( 'NONE', #3459, .T. ) ;
#4064 = VECTOR ( 'NONE', #2857, 1000.000000000000000 ) ;
#4065 = AXIS2_PLACEMENT_3D ( 'NONE', #2508, #3855, #2879 ) ;
#4066 = CC_DESIGN_SECURITY_CLASSIFICATION ( #1485, ( #398 ) ) ;
#4067 = DIRECTION ( 'NONE',  ( 0.9854195692347172963, 0.000000000000000000, 0.1701419189067300552 ) ) ;
#4068 = VECTOR ( 'NONE', #3214, 1000.000000000000114 ) ;
#4069 = DIRECTION ( 'NONE',  ( -0.9384693397969565698, 0.000000000000000000, -0.3453625605954768751 ) ) ;
#4070 = DIRECTION ( 'NONE',  ( -0.8972280888306557456, 0.000000000000000000, -0.4415673862654364012 ) ) ;
#4071 = CARTESIAN_POINT ( 'NONE',  ( -27.67291469268442228, 50.00000000000000000, -17.04288098918170391 ) ) ;
#4072 = EDGE_CURVE ( 'NONE', #2232, #2917, #2552, .T. ) ;
#4073 = ORIENTED_EDGE ( 'NONE', *, *, #119, .F. ) ;
#4074 = AXIS2_PLACEMENT_3D ( 'NONE', #3986, #3903, #2053 ) ;
#4075 = ADVANCED_FACE ( 'NONE', ( #937 ), #4112, .T. ) ;
#4076 = EDGE_LOOP ( 'NONE', ( #1125, #4024, #1596, #2077 ) ) ;
#4077 = ORIENTED_EDGE ( 'NONE', *, *, #2740, .F. ) ;
#4078 = DIRECTION ( 'NONE',  ( 0.000000000000000000, -1.000000000000000000, 0.000000000000000000 ) ) ;
#4079 = DIRECTION ( 'NONE',  ( 0.000000000000000000, -1.000000000000000000, 0.000000000000000000 ) ) ;
#4080 = VECTOR ( 'NONE', #2071, 1000.000000000000227 ) ;
#4081 = EDGE_CURVE ( 'NONE', #2628, #3048, #867, .T. ) ;
#4082 = AXIS2_PLACEMENT_3D ( 'NONE', #3044, #2679, #2723 ) ;
#4083 = ORIENTED_EDGE ( 'NONE', *, *, #3091, .F. ) ;
#4084 = ORIENTED_EDGE ( 'NONE', *, *, #2175, .T. ) ;
#4085 = CARTESIAN_POINT ( 'NONE',  ( 0.2279186904424655991, 0.000000000000000000, 0.2343417753688022409 ) ) ;
#4086 = LINE ( 'NONE', #2167, #1710 ) ;
#4087 = PERSON_AND_ORGANIZATION_ROLE ( 'classification_officer' ) ;
#4088 = VECTOR ( 'NONE', #4039, 1000.000000000000000 ) ;
#4089 = VERTEX_POINT ( 'NONE', #2944 ) ;
#4090 = CARTESIAN_POINT ( 'NONE',  ( 0.2568820170656785917, 0.000000000000000000, 0.2021747423499770380 ) ) ;
#4091 = CARTESIAN_POINT ( 'NONE',  ( -12.43152369210341313, 50.00000000000000000, 1.306605790845713599 ) ) ;
#4092 = DIRECTION ( 'NONE',  ( 0.000000000000000000, 0.000000000000000000, -1.000000000000000000 ) ) ;
#4093 = LINE ( 'NONE', #258, #1878 ) ;
#4094 = DIRECTION ( 'NONE',  ( -0.8846129582076923681, 0.000000000000000000, -0.4663259741543841486 ) ) ;
#4095 = CARTESIAN_POINT ( 'NONE',  ( -10.74835803121556665, 0.000000000000000000, -6.383297791993653547 ) ) ;
#4096 = DIRECTION ( 'NONE',  ( 0.7168627939676778249, 0.000000000000000000, -0.6972142673704079252 ) ) ;
#4097 = EDGE_LOOP ( 'NONE', ( #3614, #3634, #412, #2343 ) ) ;
#4098 = ORIENTED_EDGE ( 'NONE', *, *, #2740, .T. ) ;
#4099 = EDGE_CURVE ( 'NONE', #497, #465, #3287, .T. ) ;
#4100 = ORIENTED_EDGE ( 'NONE', *, *, #2357, .T. ) ;
#4101 = FACE_OUTER_BOUND ( 'NONE', #521, .T. ) ;
#4102 = LINE ( 'NONE', #2122, #2925 ) ;
#4103 = EDGE_LOOP ( 'NONE', ( #2495, #2308 ) ) ;
#4104 = ORIENTED_EDGE ( 'NONE', *, *, #3030, .T. ) ;
#4105 = LINE ( 'NONE', #2192, #2279 ) ;
#4106 = DIRECTION ( 'NONE',  ( -0.1701419189067364945, 0.000000000000000000, 0.9854195692347160751 ) ) ;
#4107 = EDGE_CURVE ( 'NONE', #2478, #3680, #706, .T. ) ;
#4108 = EDGE_CURVE ( 'NONE', #4054, #1378, #3982, .T. ) ;
#4109 = ORIENTED_EDGE ( 'NONE', *, *, #1978, .F. ) ;
#4110 = CARTESIAN_POINT ( 'NONE',  ( -12.41543477220201730, 180.7926290564130340, -1.459681638462400066 ) ) ;
#4111 = DIRECTION ( 'NONE',  ( 0.9781476007338069101, -0.000000000000000000, 0.2079116908177532086 ) ) ;
#4112 = PLANE ( 'NONE',  #3117 ) ;
#4113 = EDGE_LOOP ( 'NONE', ( #1597, #765, #3553, #3171 ) ) ;
#4114 = CARTESIAN_POINT ( 'NONE',  ( 7.471838766447048030, 50.00000000000000000, -10.02224109252447803 ) ) ;
#4115 = DIRECTION ( 'NONE',  ( 0.000000000000000000, 0.000000000000000000, -1.000000000000000000 ) ) ;
#4116 = CARTESIAN_POINT ( 'NONE',  ( 11.93577005039078287, 0.000000000000000000, 3.716326731150215501 ) ) ;
#4117 = LINE ( 'NONE', #2155, #4213 ) ;
#4118 = ORIENTED_EDGE ( 'NONE', *, *, #3562, .F. ) ;
#4119 = EDGE_LOOP ( 'NONE', ( #3709, #1275, #298, #1574 ) ) ;
#4120 = ORIENTED_EDGE ( 'NONE', *, *, #3538, .F. ) ;
#4121 = DIRECTION ( 'NONE',  ( -0.000000000000000000, -1.000000000000000000, 0.000000000000000000 ) ) ;
#4122 = DIRECTION ( 'NONE',  ( -0.5562386247835753306, 0.000000000000000000, 0.8310226184039017916 ) ) ;
#4123 = VECTOR ( 'NONE', #3689, 1000.000000000000000 ) ;
#4124 = EDGE_CURVE ( 'NONE', #2781, #3524, #724, .T. ) ;
#4125 = VERTEX_POINT ( 'NONE', #2025 ) ;
#4126 = ORIENTED_EDGE ( 'NONE', *, *, #1605, .F. ) ;
#4127 = ORIENTED_EDGE ( 'NONE', *, *, #2797, .F. ) ;
#4128 = CARTESIAN_POINT ( 'NONE',  ( 32.21242971911322428, 0.000000000000000000, 4.313858086584685836 ) ) ;
#4129 = FACE_OUTER_BOUND ( 'NONE', #435, .T. ) ;
#4130 = ADVANCED_FACE ( 'NONE', ( #383 ), #365, .T. ) ;
#4131 = VERTEX_POINT ( 'NONE', #995 ) ;
#4132 = EDGE_CURVE ( 'NONE', #693, #1360, #2660, .T. ) ;
#4133 = CARTESIAN_POINT ( 'NONE',  ( 0.000000000000000000, 0.000000000000000000, 0.000000000000000000 ) ) ;
#4134 = CARTESIAN_POINT ( 'NONE',  ( 11.84064285698813634, 180.7926290564130340, 4.009098128223234525 ) ) ;
#4135 = LINE ( 'NONE', #1516, #1207 ) ;
#4136 = EDGE_CURVE ( 'NONE', #3934, #2348, #976, .T. ) ;
#4137 = CARTESIAN_POINT ( 'NONE',  ( -12.37030416825284007, 180.7926290564130340, 30.05371149766541095 ) ) ;
#4138 = DIRECTION ( 'NONE',  ( 0.9694285242891077514, 0.000000000000000000, 0.2453738704398719106 ) ) ;
#4139 = AXIS2_PLACEMENT_3D ( 'NONE', #3113, #4006, #3384 ) ;
#4140 = DIRECTION ( 'NONE',  ( -0.6184622884358027539, 0.000000000000000000, 0.7858144805122578846 ) ) ;
#4141 = LINE ( 'NONE', #1906, #1625 ) ;
#4142 = VECTOR ( 'NONE', #3292, 1000.000000000000000 ) ;
#4143 = AXIS2_PLACEMENT_3D ( 'NONE', #137, #824, #799 ) ;
#4144 = ORIENTED_EDGE ( 'NONE', *, *, #2518, .F. ) ;
#4145 = ORIENTED_EDGE ( 'NONE', *, *, #1811, .T. ) ;
#4146 = CARTESIAN_POINT ( 'NONE',  ( 2.598896135222080517, 50.00000000000000000, 12.22684500917254979 ) ) ;
#4147 = DIRECTION ( 'NONE',  ( -0.6184622884358139672, 0.000000000000000000, -0.7858144805122491139 ) ) ;
#4148 = AXIS2_PLACEMENT_3D ( 'NONE', #1671, #2350, #1714 ) ;
#4149 = ORIENTED_EDGE ( 'NONE', *, *, #2384, .F. ) ;
#4150 = ORIENTED_EDGE ( 'NONE', *, *, #1293, .T. ) ;
#4151 = VECTOR ( 'NONE', #2603, 1000.000000000000000 ) ;
#4152 = DIRECTION ( 'NONE',  ( -0.2453738704398654991, 0.000000000000000000, 0.9694285242891093057 ) ) ;
#4153 = DIRECTION ( 'NONE',  ( 0.000000000000000000, -1.000000000000000000, 0.000000000000000000 ) ) ;
#4154 = AXIS2_PLACEMENT_3D ( 'NONE', #1491, #3159, #4062 ) ;
#4155 = ORIENTED_EDGE ( 'NONE', *, *, #2001, .F. ) ;
#4156 = EDGE_CURVE ( 'NONE', #2821, #1712, #3624, .T. ) ;
#4157 = AXIS2_PLACEMENT_3D ( 'NONE', #1041, #421, #2694 ) ;
#4158 = LINE ( 'NONE', #1898, #1755 ) ;
#4159 = LINE ( 'NONE', #2172, #3472 ) ;
#4160 = CARTESIAN_POINT ( 'NONE',  ( 12.37030416825264645, 0.000000000000000000, -30.05371149766549976 ) ) ;
#4161 = ADVANCED_FACE ( 'NONE', ( #1956 ), #3916, .T. ) ;
#4162 = AXIS2_PLACEMENT_3D ( 'NONE', #172, #1130, #473 ) ;
#4163 = CYLINDRICAL_SURFACE ( 'NONE', #3985, 32.50000000000000000 ) ;
#4164 = DIRECTION ( 'NONE',  ( 0.7431448254774000173, 0.000000000000000000, 0.6691306063588519093 ) ) ;
#4165 = DIRECTION ( 'NONE',  ( -0.5877852522924741363, 0.000000000000000000, -0.8090169943749466741 ) ) ;
#4166 = FACE_OUTER_BOUND ( 'NONE', #984, .T. ) ;
#4167 = EDGE_CURVE ( 'NONE', #3640, #1477, #2962, .T. ) ;
#4168 = EDGE_CURVE ( 'NONE', #889, #232, #3577, .T. ) ;
#4169 = EDGE_LOOP ( 'NONE', ( #2731, #3570, #2500, #3081 ) ) ;
#4170 = ORIENTED_EDGE ( 'NONE', *, *, #2621, .T. ) ;
#4171 = CARTESIAN_POINT ( 'NONE',  ( 0.000000000000000000, 50.00000000000000000, 0.000000000000000000 ) ) ;
#4172 = CARTESIAN_POINT ( 'NONE',  ( 1.259047450927248901, 50.00001200000001234, -2.184465970885645092 ) ) ;
#4173 = ORIENTED_EDGE ( 'NONE', *, *, #1508, .T. ) ;
#4174 = EDGE_LOOP ( 'NONE', ( #1010, #3402, #2477, #1386 ) ) ;
#4175 = ORIENTED_EDGE ( 'NONE', *, *, #1446, .F. ) ;
#4176 = DIRECTION ( 'NONE',  ( -0.000000000000000000, -1.000000000000000000, 0.000000000000000000 ) ) ;
#4177 = DIRECTION ( 'NONE',  ( -0.9978060110490271084, 0.000000000000000000, 0.06620547042676180882 ) ) ;
#4178 = ORIENTED_EDGE ( 'NONE', *, *, #3761, .F. ) ;
#4179 = CARTESIAN_POINT ( 'NONE',  ( -24.76014394513165229, 180.7926290564130340, 21.05196598459061974 ) ) ;
#4180 = FACE_OUTER_BOUND ( 'NONE', #2414, .T. ) ;
#4181 = CARTESIAN_POINT ( 'NONE',  ( -0.1539190321798654115, 50.00000000000000000, 12.50000000000000000 ) ) ;
#4182 = EDGE_CURVE ( 'NONE', #2506, #2101, #3305, .T. ) ;
#4183 = DIRECTION ( 'NONE',  ( 0.9384693397969541273, 0.000000000000000000, 0.3453625605954834255 ) ) ;
#4184 = CARTESIAN_POINT ( 'NONE',  ( 0.1128986973196282884, 50.00000000000000000, -0.3067847474688766285 ) ) ;
#4185 = DIRECTION ( 'NONE',  ( -0.000000000000000000, 1.000000000000000000, -0.000000000000000000 ) ) ;
#4186 = DIRECTION ( 'NONE',  ( -0.9978060110490271084, 0.000000000000000000, 0.06620547042676180882 ) ) ;
#4187 = EDGE_LOOP ( 'NONE', ( #2958, #3315, #3444, #1156 ) ) ;
#4188 = EDGE_CURVE ( 'NONE', #2483, #864, #1938, .T. ) ;
#4189 = FACE_OUTER_BOUND ( 'NONE', #955, .T. ) ;
#4190 = DIRECTION ( 'NONE',  ( 0.000000000000000000, -1.000000000000000000, -0.000000000000000000 ) ) ;
#4191 = ORIENTED_EDGE ( 'NONE', *, *, #3848, .T. ) ;
#4192 = EDGE_LOOP ( 'NONE', ( #1998, #3988, #186, #760 ) ) ;
#4193 = ORIENTED_EDGE ( 'NONE', *, *, #1709, .T. ) ;
#4194 = VECTOR ( 'NONE', #2402, 1000.000000000000000 ) ;
#4195 = CARTESIAN_POINT ( 'NONE',  ( 10.90227706339534386, 0.000000000000000000, -6.116702208006449482 ) ) ;
#4196 = VECTOR ( 'NONE', #1022, 1000.000000000000114 ) ;
#4197 = VERTEX_POINT ( 'NONE', #18 ) ;
#4198 = CARTESIAN_POINT ( 'NONE',  ( -0.1539190321798654393, 0.000000000000000000, 12.50000000000000000 ) ) ;
#4199 = CARTESIAN_POINT ( 'NONE',  ( 18.34850131535306517, 0.000000000000000000, 26.82503493903572078 ) ) ;
#4200 = CARTESIAN_POINT ( 'NONE',  ( -9.392302253800069778, 180.7926290564130340, 8.249748447178816946 ) ) ;
#4201 = VERTEX_POINT ( 'NONE', #2633 ) ;
#4202 = DIRECTION ( 'NONE',  ( 0.000000000000000000, 1.000000000000000000, 0.000000000000000000 ) ) ;
#4203 = DIRECTION ( 'NONE',  ( 0.9781476007338042455, 0.000000000000000000, -0.2079116908177664758 ) ) ;
#4204 = CARTESIAN_POINT ( 'NONE',  ( -0.2568820170656799795, 0.000000000000000000, -0.2021747423499752616 ) ) ;
#4205 = CARTESIAN_POINT ( 'NONE',  ( 7.657342097276711002, 180.7926290564130340, 31.58504570212418372 ) ) ;
#4206 = AXIS2_PLACEMENT_3D ( 'NONE', #149, #2421, #1793 ) ;
#4207 = ORIENTED_EDGE ( 'NONE', *, *, #3322, .F. ) ;
#4208 = LINE ( 'NONE', #2624, #3059 ) ;
#4209 = ADVANCED_FACE ( 'NONE', ( #2677 ), #1320, .T. ) ;
#4210 = DIRECTION ( 'NONE',  ( 0.000000000000000000, 0.000000000000000000, -1.000000000000000000 ) ) ;
#4211 = EDGE_CURVE ( 'NONE', #229, #786, #4223, .T. ) ;
#4212 = EDGE_CURVE ( 'NONE', #3254, #2662, #2985, .T. ) ;
#4213 = VECTOR ( 'NONE', #1243, 1000.000000000000114 ) ;
#4214 = ORIENTED_EDGE ( 'NONE', *, *, #3283, .T. ) ;
#4215 = EDGE_LOOP ( 'NONE', ( #3148, #3831, #3947, #3828 ) ) ;
#4216 = DIRECTION ( 'NONE',  ( 0.000000000000000000, 0.000000000000000000, 1.000000000000000000 ) ) ;
#4217 = VECTOR ( 'NONE', #2115, 1000.000000000000000 ) ;
#4218 = ADVANCED_FACE ( 'NONE', ( #1363 ), #1303, .T. ) ;
#4219 = VECTOR ( 'NONE', #3450, 1000.000000000000000 ) ;
#4220 = ORIENTED_EDGE ( 'NONE', *, *, #3166, .F. ) ;
#4221 = CARTESIAN_POINT ( 'NONE',  ( 0.000000000000000000, 0.000000000000000000, 0.000000000000000000 ) ) ;
#4222 = DIRECTION ( 'NONE',  ( 0.000000000000000000, 1.000000000000000000, 0.000000000000000000 ) ) ;
#4223 = LINE ( 'NONE', #2612, #735 ) ;
#4224 = VECTOR ( 'NONE', #3706, 1000.000000000000000 ) ;
#4225 = AXIS2_PLACEMENT_3D ( 'NONE', #34, #4222, #1582 ) ;
ENDSEC;
END-ISO-10303-21;
